race_id,series,team_key,team_quality
F1_2020_1031_austrian_grand_prix,F1,Alfa Romeo,0.35760548198370923
F1_2020_1031_austrian_grand_prix,F1,AlphaTauri,0.16345990952571818
F1_2020_1031_austrian_grand_prix,F1,Ferrari,-0.5148983074150713
F1_2020_1031_austrian_grand_prix,F1,Haas F1 Team,0.5028866088905222
F1_2020_1031_austrian_grand_prix,F1,McLaren,-0.3960113428025865
F1_2020_1031_austrian_grand_prix,F1,Mercedes,-0.6169876609941729
F1_2020_1031_austrian_grand_prix,F1,Racing Point,-0.18006562183370212
F1_2020_1031_austrian_grand_prix,F1,Red Bull,-0.6517441592302482
F1_2020_1031_austrian_grand_prix,F1,Renault,-0.08175767922849916
F1_2020_1031_austrian_grand_prix,F1,Williams,0.40449215015085616
F1_2020_1032_styrian_grand_prix,F1,Alfa Romeo,0.3581110045045124
F1_2020_1032_styrian_grand_prix,F1,AlphaTauri,0.16124872145738636
F1_2020_1032_styrian_grand_prix,F1,Ferrari,-0.5148015338021044
F1_2020_1032_styrian_grand_prix,F1,Haas F1 Team,0.5065365753198355
F1_2020_1032_styrian_grand_prix,F1,McLaren,-0.3980800073720561
F1_2020_1032_styrian_grand_prix,F1,Mercedes,-0.619703611212385
F1_2020_1032_styrian_grand_prix,F1,Racing Point,-0.1886148853941645
F1_2020_1032_styrian_grand_prix,F1,Red Bull,-0.6548012901469238
F1_2020_1032_styrian_grand_prix,F1,Renault,-0.059679842690996715
F1_2020_1032_styrian_grand_prix,F1,Williams,0.4042609517377417
F1_2020_1033_hungarian_grand_prix,F1,Alfa Romeo,0.3609360770911389
F1_2020_1033_hungarian_grand_prix,F1,AlphaTauri,0.16002217836042407
F1_2020_1033_hungarian_grand_prix,F1,Ferrari,-0.5164451051408898
F1_2020_1033_hungarian_grand_prix,F1,Haas F1 Team,0.50685918893867965
F1_2020_1033_hungarian_grand_prix,F1,McLaren,-0.4001890131117698
F1_2020_1033_hungarian_grand_prix,F1,Mercedes,-0.6189783054796699
F1_2020_1033_hungarian_grand_prix,F1,Racing Point,-0.19313501685781334
F1_2020_1033_hungarian_grand_prix,F1,Red Bull,-0.6563038086057901
F1_2020_1033_hungarian_grand_prix,F1,Renault,-0.07138687839315083
F1_2020_1033_hungarian_grand_prix,F1,Williams,0.40668643810385063
F1_2020_1034_british_grand_prix,F1,Alfa Romeo,0.35581557940293085
F1_2020_1034_british_grand_prix,F1,AlphaTauri,0.16311822258740832
F1_2020_1034_british_grand_prix,F1,Ferrari,-0.5159616732835519
F1_2020_1034_british_grand_prix,F1,Haas F1 Team,0.5086332317315835
F1_2020_1034_british_grand_prix,F1,McLaren,-0.3978290799339087
F1_2020_1034_british_grand_prix,F1,Mercedes,-0.6140528386364411
F1_2020_1034_british_grand_prix,F1,Racing Point,-0.20809087410674604
F1_2020_1034_british_grand_prix,F1,Red Bull,-0.6506584626831652
F1_2020_1034_british_grand_prix,F1,Renault,-0.07031605971863379
F1_2020_1034_british_grand_prix,F1,Williams,0.4062271829933639
F1_2020_1035_70th_anniversary_grand_prix,F1,Alfa Romeo,0.3498313631189227
F1_2020_1035_70th_anniversary_grand_prix,F1,AlphaTauri,0.16485265061111504
F1_2020_1035_70th_anniversary_grand_prix,F1,Ferrari,-0.5148440441091375
F1_2020_1035_70th_anniversary_grand_prix,F1,Haas F1 Team,0.5025283196926151
F1_2020_1035_70th_anniversary_grand_prix,F1,McLaren,-0.3993047576075954
F1_2020_1035_70th_anniversary_grand_prix,F1,Mercedes,-0.62062466062025
F1_2020_1035_70th_anniversary_grand_prix,F1,Racing Point,-0.1833072089209289
F1_2020_1035_70th_anniversary_grand_prix,F1,Red Bull,-0.6517458286535901
F1_2020_1035_70th_anniversary_grand_prix,F1,Renault,-0.0813601625896177
F1_2020_1035_70th_anniversary_grand_prix,F1,Williams,0.4063338953205
F1_2020_1036_spanish_grand_prix,F1,Alfa Romeo,0.3583121659237754
F1_2020_1036_spanish_grand_prix,F1,AlphaTauri,0.1652515247222475
F1_2020_1036_spanish_grand_prix,F1,Ferrari,-0.5160440513276828
F1_2020_1036_spanish_grand_prix,F1,Haas F1 Team,0.5046581693369089
F1_2020_1036_spanish_grand_prix,F1,McLaren,-0.39875079902957167
F1_2020_1036_spanish_grand_prix,F1,Mercedes,-0.6168926777509723
F1_2020_1036_spanish_grand_prix,F1,Racing Point,-0.20128855296584594
F1_2020_1036_spanish_grand_prix,F1,Red Bull,-0.65436335517951
F1_2020_1036_spanish_grand_prix,F1,Renault,-0.08812742915699662
F1_2020_1036_spanish_grand_prix,F1,Williams,0.40685679844948974
F1_2020_1037_belgian_grand_prix,F1,Alfa Romeo,0.356614602436296
F1_2020_1037_belgian_grand_prix,F1,AlphaTauri,0.164579303626746
F1_2020_1037_belgian_grand_prix,F1,Ferrari,-0.5188791551922463
F1_2020_1037_belgian_grand_prix,F1,Haas F1 Team,0.5033755206098514
F1_2020_1037_belgian_grand_prix,F1,McLaren,-0.3993157611056981
F1_2020_1037_belgian_grand_prix,F1,Mercedes,-0.6182672808378623
F1_2020_1037_belgian_grand_prix,F1,Racing Point,-0.20775927016267504
F1_2020_1037_belgian_grand_prix,F1,Red Bull,-0.6569504858118012
F1_2020_1037_belgian_grand_prix,F1,Renault,-0.047112242225451184
F1_2020_1037_belgian_grand_prix,F1,Williams,0.40632990088450754
F1_2020_1038_italian_grand_prix,F1,Alfa Romeo,0.35653511291271073
F1_2020_1038_italian_grand_prix,F1,AlphaTauri,0.16485265061111504
F1_2020_1038_italian_grand_prix,F1,Ferrari,-0.5210058096274827
F1_2020_1038_italian_grand_prix,F1,Haas F1 Team,0.5040409977595877
F1_2020_1038_italian_grand_prix,F1,McLaren,-0.3948293979578124
F1_2020_1038_italian_grand_prix,F1,Mercedes,-0.6215413976749729
F1_2020_1038_italian_grand_prix,F1,Racing Point,-0.19243653716637632
F1_2020_1038_italian_grand_prix,F1,Red Bull,-0.661359355885225
F1_2020_1038_italian_grand_prix,F1,Renault,-0.06367575797543758
F1_2020_1038_italian_grand_prix,F1,Williams,0.4063089489227296
F1_2020_1039_tuscan_grand_prix,F1,Alfa Romeo,0.3570867550019927
F1_2020_1039_tuscan_grand_prix,F1,AlphaTauri,0.1634519690913698
F1_2020_1039_tuscan_grand_prix,F1,Ferrari,-0.5192856396011089
F1_2020_1039_tuscan_grand_prix,F1,Haas F1 Team,0.4990720230084647
F1_2020_1039_tuscan_grand_prix,F1,McLaren,-0.3993157611056981
F1_2020_1039_tuscan_grand_prix,F1,Mercedes,-0.6194016877500859
F1_2020_1039_tuscan_grand_prix,F1,Racing Point,-0.1973640752565996
F1_2020_1039_tuscan_grand_prix,F1,Red Bull,-0.6551438798884994
F1_2020_1039_tuscan_grand_prix,F1,Renault,-0.05347965154965181
F1_2020_1039_tuscan_grand_prix,F1,Williams,0.40694417390864335
F1_2020_1040_russian_grand_prix,F1,Alfa Romeo,0.3582588268744401
F1_2020_1040_russian_grand_prix,F1,AlphaTauri,0.16674299367324463
F1_2020_1040_russian_grand_prix,F1,Ferrari,-0.5159616732835519
F1_2020_1040_russian_grand_prix,F1,Haas F1 Team,0.5064326014297996
F1_2020_1040_russian_grand_prix,F1,McLaren,-0.40231879218092825
F1_2020_1040_russian_grand_prix,F1,Mercedes,-0.6198396766186883
F1_2020_1040_russian_grand_prix,F1,Racing Point,-0.1701214595230955
F1_2020_1040_russian_grand_prix,F1,Red Bull,-0.6546930155825337
F1_2020_1040_russian_grand_prix,F1,Renault,-0.05477924079730283
F1_2020_1040_russian_grand_prix,F1,Williams,0.4052213584451958
F1_2020_1041_eifel_grand_prix,F1,Alfa Romeo,0.36003772641942383
F1_2020_1041_eifel_grand_prix,F1,AlphaTauri,0.16261887787409965
F1_2020_1041_eifel_grand_prix,F1,Ferrari,-0.5159616732835519
F1_2020_1041_eifel_grand_prix,F1,Haas F1 Team,0.5064267084060092
F1_2020_1041_eifel_grand_prix,F1,McLaren,-0.3985393115004379
F1_2020_1041_eifel_grand_prix,F1,Mercedes,-0.6154473824796151
F1_2020_1041_eifel_grand_prix,F1,Racing Point,-0.20775927016267504
F1_2020_1041_eifel_grand_prix,F1,Red Bull,-0.6520852590018761
F1_2020_1041_eifel_grand_prix,F1,Renault,-0.04911845222265292
F1_2020_1041_eifel_grand_prix,F1,Williams,0.407995231224641
F1_2020_1042_portuguese_grand_prix,F1,Alfa Romeo,0.3588087339212513
F1_2020_1042_portuguese_grand_prix,F1,AlphaTauri,0.16411128877862716
F1_2020_1042_portuguese_grand_prix,F1,Ferrari,-0.5138779974063902
F1_2020_1042_portuguese_grand_prix,F1,Haas F1 Team,0.5045673667540909
F1_2020_1042_portuguese_grand_prix,F1,McLaren,-0.39912519787972783
F1_2020_1042_portuguese_grand_prix,F1,Mercedes,-0.6176628105726295
F1_2020_1042_portuguese_grand_prix,F1,Racing Point,-0.1975883777211625
F1_2020_1042_portuguese_grand_prix,F1,Red Bull,-0.654696401142177
F1_2020_1042_portuguese_grand_prix,F1,Renault,-0.06929421205993504
F1_2020_1042_portuguese_grand_prix,F1,Williams,0.40732637261854904
F1_2020_1043_emilia_romagna_grand_prix,F1,Alfa Romeo,0.35737001886044717
F1_2020_1043_emilia_romagna_grand_prix,F1,AlphaTauri,0.16735179354741841
F1_2020_1043_emilia_romagna_grand_prix,F1,Ferrari,-0.5157889757957829
F1_2020_1043_emilia_romagna_grand_prix,F1,Haas F1 Team,0.5042495807492766
F1_2020_1043_emilia_romagna_grand_prix,F1,McLaren,-0.3991388948554587
F1_2020_1043_emilia_romagna_grand_prix,F1,Mercedes,-0.6168727229684253
F1_2020_1043_emilia_romagna_grand_prix,F1,Racing Point,-0.2004771951487648
F1_2020_1043_emilia_romagna_grand_prix,F1,Red Bull,-0.657091342726164
F1_2020_1043_emilia_romagna_grand_prix,F1,Renault,-0.07790366281650564
F1_2020_1043_emilia_romagna_grand_prix,F1,Williams,0.4084085367781282
F1_2020_1044_turkish_grand_prix,F1,Alfa Romeo,0.3595119442777551
F1_2020_1044_turkish_grand_prix,F1,AlphaTauri,0.1635878726560011
F1_2020_1044_turkish_grand_prix,F1,Ferrari,-0.5127434402083921
F1_2020_1044_turkish_grand_prix,F1,Haas F1 Team,0.5061429133541873
F1_2020_1044_turkish_grand_prix,F1,McLaren,-0.3971343556299366
F1_2020_1044_turkish_grand_prix,F1,Mercedes,-0.6251958055748379
F1_2020_1044_turkish_grand_prix,F1,Racing Point,-0.20745431425257216
F1_2020_1044_turkish_grand_prix,F1,Red Bull,-0.6569175347866636
F1_2020_1044_turkish_grand_prix,F1,Renault,-0.07211392060974493
F1_2020_1044_turkish_grand_prix,F1,Williams,0.4045372825045782
F1_2020_1045_bahrain_grand_prix,F1,Alfa Romeo,0.35576513429567347
F1_2020_1045_bahrain_grand_prix,F1,AlphaTauri,0.16409631454346635
F1_2020_1045_bahrain_grand_prix,F1,Ferrari,-0.5171484291261398
F1_2020_1045_bahrain_grand_prix,F1,Haas F1 Team,0.501264301716839
F1_2020_1045_bahrain_grand_prix,F1,McLaren,-0.3970133733313997
F1_2020_1045_bahrain_grand_prix,F1,Mercedes,-0.6235416881825089
F1_2020_1045_bahrain_grand_prix,F1,Racing Point,-0.18483679384512808
F1_2020_1045_bahrain_grand_prix,F1,Red Bull,-0.65568436415939
F1_2020_1045_bahrain_grand_prix,F1,Renault,-0.06731808959134378
F1_2020_1045_bahrain_grand_prix,F1,Williams,0.4075507959639419
F1_2020_1046_sakhir_grand_prix,F1,Alfa Romeo,0.3559820513783463
F1_2020_1046_sakhir_grand_prix,F1,AlphaTauri,0.1668232496100765
F1_2020_1046_sakhir_grand_prix,F1,Ferrari,-0.516965092068237
F1_2020_1046_sakhir_grand_prix,F1,Haas F1 Team,0.5016894758125683
F1_2020_1046_sakhir_grand_prix,F1,McLaren,-0.3983723996404884
F1_2020_1046_sakhir_grand_prix,F1,Mercedes,-0.6204857563453634
F1_2020_1046_sakhir_grand_prix,F1,Racing Point,-0.19534564286504597
F1_2020_1046_sakhir_grand_prix,F1,Red Bull,-0.6590808072539122
F1_2020_1046_sakhir_grand_prix,F1,Renault,-0.06255201317205177
F1_2020_1046_sakhir_grand_prix,F1,Williams,0.40691186708624183
F1_2020_1047_abu_dhabi_grand_prix,F1,Alfa Romeo,0.35771629458260723
F1_2020_1047_abu_dhabi_grand_prix,F1,AlphaTauri,0.16457462821113125
F1_2020_1047_abu_dhabi_grand_prix,F1,Ferrari,-0.5172071552417672
F1_2020_1047_abu_dhabi_grand_prix,F1,Haas F1 Team,0.5007415077811088
F1_2020_1047_abu_dhabi_grand_prix,F1,McLaren,-0.39734815688888764
F1_2020_1047_abu_dhabi_grand_prix,F1,Mercedes,-0.6183599768553156
F1_2020_1047_abu_dhabi_grand_prix,F1,Racing Point,-0.2085032264195048
F1_2020_1047_abu_dhabi_grand_prix,F1,Red Bull,-0.6506384364767674
F1_2020_1047_abu_dhabi_grand_prix,F1,Renault,-0.072214759492441
F1_2020_1047_abu_dhabi_grand_prix,F1,Williams,0.4055966628899443
F1_2021_1051_qatar_grand_prix,F1,Alfa Romeo,0.3599591801142273
F1_2021_1051_qatar_grand_prix,F1,AlphaTauri,0.16510818660274104
F1_2021_1051_qatar_grand_prix,F1,Alpine F1 Team,0.21079465495174268
F1_2021_1051_qatar_grand_prix,F1,Aston Martin,0.19152845105084967
F1_2021_1051_qatar_grand_prix,F1,Ferrari,-0.515862574825247
F1_2021_1051_qatar_grand_prix,F1,Haas F1 Team,0.5020758024230143
F1_2021_1051_qatar_grand_prix,F1,McLaren,-0.399259823960242
F1_2021_1051_qatar_grand_prix,F1,Mercedes,-0.6210799421153372
F1_2021_1051_qatar_grand_prix,F1,Red Bull,-0.6523685035554921
F1_2021_1051_qatar_grand_prix,F1,Williams,0.40616549391555357
F1_2021_1052_bahrain_grand_prix,F1,Alfa Romeo,0.3611121516549695
F1_2021_1052_bahrain_grand_prix,F1,AlphaTauri,0.16525626915015723
F1_2021_1052_bahrain_grand_prix,F1,Alpine F1 Team,0.20623473759217079
F1_2021_1052_bahrain_grand_prix,F1,Aston Martin,0.1876563190882431
F1_2021_1052_bahrain_grand_prix,F1,Ferrari,-0.5149099800839071
F1_2021_1052_bahrain_grand_prix,F1,Haas F1 Team,0.5015324360473693
F1_2021_1052_bahrain_grand_prix,F1,McLaren,-0.39751555496966495
F1_2021_1052_bahrain_grand_prix,F1,Mercedes,-0.6203575722675273
F1_2021_1052_bahrain_grand_prix,F1,Red Bull,-0.6539302289990685
F1_2021_1052_bahrain_grand_prix,F1,Williams,0.40696080125387635
F1_2021_1053_emilia_romagna_grand_prix,F1,Alfa Romeo,0.3601879285012774
F1_2021_1053_emilia_romagna_grand_prix,F1,AlphaTauri,0.16485265061111504
F1_2021_1053_emilia_romagna_grand_prix,F1,Alpine F1 Team,0.20765254641324868
F1_2021_1053_emilia_romagna_grand_prix,F1,Aston Martin,0.19046888219701436
F1_2021_1053_emilia_romagna_grand_prix,F1,Ferrari,-0.5111862511848648
F1_2021_1053_emilia_romagna_grand_prix,F1,Haas F1 Team,0.5012859344733003
F1_2021_1053_emilia_romagna_grand_prix,F1,McLaren,-0.39664286854346203
F1_2021_1053_emilia_romagna_grand_prix,F1,Mercedes,-0.6243482231281754
F1_2021_1053_emilia_romagna_grand_prix,F1,Red Bull,-0.6533316497889844
F1_2021_1053_emilia_romagna_grand_prix,F1,Williams,0.41089071982916087
F1_2021_1054_portuguese_grand_prix,F1,Alfa Romeo,0.361977293688939
F1_2021_1054_portuguese_grand_prix,F1,AlphaTauri,0.1639402239746293
F1_2021_1054_portuguese_grand_prix,F1,Alpine F1 Team,0.2107963795218898
F1_2021_1054_portuguese_grand_prix,F1,Aston Martin,0.19020415321798076
F1_2021_1054_portuguese_grand_prix,F1,Ferrari,-0.5154513578659075
F1_2021_1054_portuguese_grand_prix,F1,Haas F1 Team,0.49781478264770007
F1_2021_1054_portuguese_grand_prix,F1,McLaren,-0.3986290774849475
F1_2021_1054_portuguese_grand_prix,F1,Mercedes,-0.6195031489723534
F1_2021_1054_portuguese_grand_prix,F1,Red Bull,-0.6535415462728792
F1_2021_1054_portuguese_grand_prix,F1,Williams,0.4022410829956038
F1_2021_1055_spanish_grand_prix,F1,Alfa Romeo,0.3602787509007245
F1_2021_1055_spanish_grand_prix,F1,AlphaTauri,0.1640757686245312
F1_2021_1055_spanish_grand_prix,F1,Alpine F1 Team,0.2086303180607996
F1_2021_1055_spanish_grand_prix,F1,Aston Martin,0.19049349817339165
F1_2021_1055_spanish_grand_prix,F1,Ferrari,-0.512695889480427
F1_2021_1055_spanish_grand_prix,F1,Haas F1 Team,0.5026767369088532
F1_2021_1055_spanish_grand_prix,F1,McLaren,-0.39789502643080116
F1_2021_1055_spanish_grand_prix,F1,Mercedes,-0.6187248034233853
F1_2021_1055_spanish_grand_prix,F1,Red Bull,-0.6541894170072187
F1_2021_1055_spanish_grand_prix,F1,Williams,0.4078470864306595
F1_2021_1056_monaco_grand_prix,F1,Alfa Romeo,0.3602431393917218
F1_2021_1056_monaco_grand_prix,F1,AlphaTauri,0.16464159783275845
F1_2021_1056_monaco_grand_prix,F1,Alpine F1 Team,0.20763961284203533
F1_2021_1056_monaco_grand_prix,F1,Aston Martin,0.19228285237071013
F1_2021_1056_monaco_grand_prix,F1,Ferrari,-0.5109695454365274
F1_2021_1056_monaco_grand_prix,F1,Haas F1 Team,0.49949450069717555
F1_2021_1056_monaco_grand_prix,F1,McLaren,-0.3979779281865406
F1_2021_1056_monaco_grand_prix,F1,Mercedes,-0.6234689254166302
F1_2021_1056_monaco_grand_prix,F1,Red Bull,-0.6542999862339738
F1_2021_1056_monaco_grand_prix,F1,Williams,0.40780176673528545
F1_2021_1057_azerbaijan_grand_prix,F1,Alfa Romeo,0.3595980881199281
F1_2021_1057_azerbaijan_grand_prix,F1,AlphaTauri,0.166874510331088
F1_2021_1057_azerbaijan_grand_prix,F1,Alpine F1 Team,0.20738123622503246
F1_2021_1057_azerbaijan_grand_prix,F1,Aston Martin,0.19353010002973778
F1_2021_1057_azerbaijan_grand_prix,F1,Ferrari,-0.5153279559224845
F1_2021_1057_azerbaijan_grand_prix,F1,Haas F1 Team,0.4989361275740547
F1_2021_1057_azerbaijan_grand_prix,F1,McLaren,-0.39925308789059466
F1_2021_1057_azerbaijan_grand_prix,F1,Mercedes,-0.6249782974879424
F1_2021_1057_azerbaijan_grand_prix,F1,Red Bull,-0.6518766413591596
F1_2021_1057_azerbaijan_grand_prix,F1,Williams,0.40577643740799946
F1_2021_1058_styrian_grand_prix,F1,Alfa Romeo,0.36180226695358014
F1_2021_1058_styrian_grand_prix,F1,AlphaTauri,0.1639811255861077
F1_2021_1058_styrian_grand_prix,F1,Alpine F1 Team,0.2087476761278081
F1_2021_1058_styrian_grand_prix,F1,Aston Martin,0.19034953281362368
F1_2021_1058_styrian_grand_prix,F1,Ferrari,-0.512990134512189
F1_2021_1058_styrian_grand_prix,F1,Haas F1 Team,0.500430306686928
F1_2021_1058_styrian_grand_prix,F1,McLaren,-0.3985173914681775
F1_2021_1058_styrian_grand_prix,F1,Mercedes,-0.6203775687806253
F1_2021_1058_styrian_grand_prix,F1,Red Bull,-0.650841035527387
F1_2021_1058_styrian_grand_prix,F1,Williams,0.40880451545431357
F1_2021_1059_french_grand_prix,F1,Alfa Romeo,0.3584321374527372
F1_2021_1059_french_grand_prix,F1,AlphaTauri,0.1642149431538066
F1_2021_1059_french_grand_prix,F1,Alpine F1 Team,0.20917525127771447
F1_2021_1059_french_grand_prix,F1,Aston Martin,0.1913592725749974
F1_2021_1059_french_grand_prix,F1,Ferrari,-0.5169190243518118
F1_2021_1059_french_grand_prix,F1,Haas F1 Team,0.501723446604564
F1_2021_1059_french_grand_prix,F1,McLaren,-0.39808345500490955
F1_2021_1059_french_grand_prix,F1,Mercedes,-0.6181489321225013
F1_2021_1059_french_grand_prix,F1,Red Bull,-0.648573252304164
F1_2021_1059_french_grand_prix,F1,Williams,0.4082965954154927
F1_2021_1060_austrian_grand_prix,F1,Alfa Romeo,0.3587427014877223
F1_2021_1060_austrian_grand_prix,F1,AlphaTauri,0.16682595475394635
F1_2021_1060_austrian_grand_prix,F1,Alpine F1 Team,0.20841772424225
F1_2021_1060_austrian_grand_prix,F1,Aston Martin,0.19116142711375564
F1_2021_1060_austrian_grand_prix,F1,Ferrari,-0.5153097550237263
F1_2021_1060_austrian_grand_prix,F1,Haas F1 Team,0.4994360413064731
F1_2021_1060_austrian_grand_prix,F1,McLaren,-0.3971721694084572
F1_2021_1060_austrian_grand_prix,F1,Mercedes,-0.62182314018242
F1_2021_1060_austrian_grand_prix,F1,Red Bull,-0.6540104476030969
F1_2021_1060_austrian_grand_prix,F1,Williams,0.40839921140531016
F1_2021_1061_british_grand_prix,F1,Alfa Romeo,0.3597229554730868
F1_2021_1061_british_grand_prix,F1,AlphaTauri,0.1645435660436522
F1_2021_1061_british_grand_prix,F1,Alpine F1 Team,0.20962830534256754
F1_2021_1061_british_grand_prix,F1,Aston Martin,0.19071362209411144
F1_2021_1061_british_grand_prix,F1,Ferrari,-0.508869389923133
F1_2021_1061_british_grand_prix,F1,Haas F1 Team,0.49740912546433336
F1_2021_1061_british_grand_prix,F1,McLaren,-0.39378745931567366
F1_2021_1061_british_grand_prix,F1,Mercedes,-0.6170498515112655
F1_2021_1061_british_grand_prix,F1,Red Bull,-0.6588794903718926
F1_2021_1061_british_grand_prix,F1,Williams,0.40851681910108123
F1_2021_1062_hungarian_grand_prix,F1,Alfa Romeo,0.35983208380491327
F1_2021_1062_hungarian_grand_prix,F1,AlphaTauri,0.1653501632072453
F1_2021_1062_hungarian_grand_prix,F1,Alpine F1 Team,0.21450168833602953
F1_2021_1062_hungarian_grand_prix,F1,Aston Martin,0.1966739986061488
F1_2021_1062_hungarian_grand_prix,F1,Ferrari,-0.5118868651651574
F1_2021_1062_hungarian_grand_prix,F1,Haas F1 Team,0.5034655574991937
F1_2021_1062_hungarian_grand_prix,F1,McLaren,-0.4034678231440684
F1_2021_1062_hungarian_grand_prix,F1,Mercedes,-0.6190262876575449
F1_2021_1062_hungarian_grand_prix,F1,Red Bull,-0.6599291323007925
F1_2021_1062_hungarian_grand_prix,F1,Williams,0.4087275124007515
F1_2021_1063_belgian_grand_prix,F1,Alfa Romeo,0.3511012943831239
F1_2021_1063_belgian_grand_prix,F1,AlphaTauri,0.16397613215315887
F1_2021_1063_belgian_grand_prix,F1,Alpine F1 Team,0.21114760669586197
F1_2021_1063_belgian_grand_prix,F1,Aston Martin,0.1895613083350843
F1_2021_1063_belgian_grand_prix,F1,Ferrari,-0.5136366383608556
F1_2021_1063_belgian_grand_prix,F1,Haas F1 Team,0.5015888141114905
F1_2021_1063_belgian_grand_prix,F1,McLaren,-0.3978049294942904
F1_2021_1063_belgian_grand_prix,F1,Mercedes,-0.6233437200801388
F1_2021_1063_belgian_grand_prix,F1,Red Bull,-0.6595496347001167
F1_2021_1063_belgian_grand_prix,F1,Williams,0.41682213551382047
F1_2021_1064_dutch_grand_prix,F1,Alfa Romeo,0.3588361037847322
F1_2021_1064_dutch_grand_prix,F1,AlphaTauri,0.1653495607769512
F1_2021_1064_dutch_grand_prix,F1,Alpine F1 Team,0.21025653701604932
F1_2021_1064_dutch_grand_prix,F1,Aston Martin,0.18941901780693646
F1_2021_1064_dutch_grand_prix,F1,Ferrari,-0.5133748647187841
F1_2021_1064_dutch_grand_prix,F1,Haas F1 Team,0.5023088491300014
F1_2021_1064_dutch_grand_prix,F1,McLaren,-0.3993886949825771
F1_2021_1064_dutch_grand_prix,F1,Mercedes,-0.6169628617779264
F1_2021_1064_dutch_grand_prix,F1,Red Bull,-0.6518643481454832
F1_2021_1064_dutch_grand_prix,F1,Williams,0.40836064310568193
F1_2021_1065_italian_grand_prix,F1,Alfa Romeo,0.35803975064895466
F1_2021_1065_italian_grand_prix,F1,AlphaTauri,0.1545251154154195
F1_2021_1065_italian_grand_prix,F1,Alpine F1 Team,0.20849594302690577
F1_2021_1065_italian_grand_prix,F1,Aston Martin,0.18971759097774527
F1_2021_1065_italian_grand_prix,F1,Ferrari,-0.5127720300045318
F1_2021_1065_italian_grand_prix,F1,Haas F1 Team,0.49617500076374516
F1_2021_1065_italian_grand_prix,F1,McLaren,-0.3931275969332704
F1_2021_1065_italian_grand_prix,F1,Mercedes,-0.6227273899311166
F1_2021_1065_italian_grand_prix,F1,Red Bull,-0.654709103715421
F1_2021_1065_italian_grand_prix,F1,Williams,0.4090431166043488
F1_2021_1066_russian_grand_prix,F1,Alfa Romeo,0.36112365175153205
F1_2021_1066_russian_grand_prix,F1,AlphaTauri,0.16180795413728377
F1_2021_1066_russian_grand_prix,F1,Alpine F1 Team,0.20985250990000515
F1_2021_1066_russian_grand_prix,F1,Aston Martin,0.19103891876950524
F1_2021_1066_russian_grand_prix,F1,Ferrari,-0.5139700775896305
F1_2021_1066_russian_grand_prix,F1,Haas F1 Team,0.49753075177329487
F1_2021_1066_russian_grand_prix,F1,McLaren,-0.39576549433490765
F1_2021_1066_russian_grand_prix,F1,Mercedes,-0.6262842628587908
F1_2021_1066_russian_grand_prix,F1,Red Bull,-0.6574353634933419
F1_2021_1066_russian_grand_prix,F1,Williams,0.41069773366494816
F1_2021_1067_turkish_grand_prix,F1,Alfa Romeo,0.35975447848172704
F1_2021_1067_turkish_grand_prix,F1,AlphaTauri,0.16654360686268485
F1_2021_1067_turkish_grand_prix,F1,Alpine F1 Team,0.2070275395376218
F1_2021_1067_turkish_grand_prix,F1,Aston Martin,0.19166783155407396
F1_2021_1067_turkish_grand_prix,F1,Ferrari,-0.5120536574023449
F1_2021_1067_turkish_grand_prix,F1,Haas F1 Team,0.49730430408812093
F1_2021_1067_turkish_grand_prix,F1,McLaren,-0.3985388059712944
F1_2021_1067_turkish_grand_prix,F1,Mercedes,-0.621723133633611
F1_2021_1067_turkish_grand_prix,F1,Red Bull,-0.6544900581035481
F1_2021_1067_turkish_grand_prix,F1,Williams,0.40890925421008456
F1_2021_1069_united_states_grand_prix,F1,Alfa Romeo,0.3602043732926833
F1_2021_1069_united_states_grand_prix,F1,AlphaTauri,0.16374487255966774
F1_2021_1069_united_states_grand_prix,F1,Alpine F1 Team,0.20867204209864681
F1_2021_1069_united_states_grand_prix,F1,Aston Martin,0.18950528788734
F1_2021_1069_united_states_grand_prix,F1,Ferrari,-0.5125745139430384
F1_2021_1069_united_states_grand_prix,F1,Haas F1 Team,0.5002585344263771
F1_2021_1069_united_states_grand_prix,F1,McLaren,-0.3964623448187355
F1_2021_1069_united_states_grand_prix,F1,Mercedes,-0.6214677349780582
F1_2021_1069_united_states_grand_prix,F1,Red Bull,-0.651937510867699
F1_2021_1069_united_states_grand_prix,F1,Williams,0.4071027712868132
F1_2021_1070_mexico_city_grand_prix,F1,Alfa Romeo,0.362381049569134
F1_2021_1070_mexico_city_grand_prix,F1,AlphaTauri,0.16894618282849713
F1_2021_1070_mexico_city_grand_prix,F1,Alpine F1 Team,0.20858545506509332
F1_2021_1070_mexico_city_grand_prix,F1,Aston Martin,0.191125884525179
F1_2021_1070_mexico_city_grand_prix,F1,Ferrari,-0.5137857056721234
F1_2021_1070_mexico_city_grand_prix,F1,Haas F1 Team,0.4964256284349637
F1_2021_1070_mexico_city_grand_prix,F1,McLaren,-0.40054872902187516
F1_2021_1070_mexico_city_grand_prix,F1,Mercedes,-0.6234045370595053
F1_2021_1070_mexico_city_grand_prix,F1,Red Bull,-0.6519745130472607
F1_2021_1070_mexico_city_grand_prix,F1,Williams,0.4058145416726
F1_2021_1071_s_o_paulo_grand_prix,F1,Alfa Romeo,0.3601274150890763
F1_2021_1071_s_o_paulo_grand_prix,F1,AlphaTauri,0.1645003283407712
F1_2021_1071_s_o_paulo_grand_prix,F1,Alpine F1 Team,0.20942564535958433
F1_2021_1071_s_o_paulo_grand_prix,F1,Aston Martin,0.19037180336040802
F1_2021_1071_s_o_paulo_grand_prix,F1,Ferrari,-0.512520207625109
F1_2021_1071_s_o_paulo_grand_prix,F1,Haas F1 Team,0.5030537833515363
F1_2021_1071_s_o_paulo_grand_prix,F1,McLaren,-0.399074721667622
F1_2021_1071_s_o_paulo_grand_prix,F1,Mercedes,-0.6202990918761973
F1_2021_1071_s_o_paulo_grand_prix,F1,Red Bull,-0.6529334089051805
F1_2021_1071_s_o_paulo_grand_prix,F1,Williams,0.40826656198268796
F1_2021_1072_saudi_arabian_grand_prix,F1,Alfa Romeo,0.3609627342615728
F1_2021_1072_saudi_arabian_grand_prix,F1,AlphaTauri,0.164939475706263
F1_2021_1072_saudi_arabian_grand_prix,F1,Alpine F1 Team,0.21009164931311688
F1_2021_1072_saudi_arabian_grand_prix,F1,Aston Martin,0.18841814745319738
F1_2021_1072_saudi_arabian_grand_prix,F1,Ferrari,-0.5146747585365505
F1_2021_1072_saudi_arabian_grand_prix,F1,Haas F1 Team,0.5002777770060745
F1_2021_1072_saudi_arabian_grand_prix,F1,McLaren,-0.39840176860672893
F1_2021_1072_saudi_arabian_grand_prix,F1,Mercedes,-0.6216636108173156
F1_2021_1072_saudi_arabian_grand_prix,F1,Red Bull,-0.6542574585778167
F1_2021_1072_saudi_arabian_grand_prix,F1,Williams,0.4072340747151385
F1_2021_1073_abu_dhabi_grand_prix,F1,Alfa Romeo,0.3571274119696094
F1_2021_1073_abu_dhabi_grand_prix,F1,AlphaTauri,0.16619222628832744
F1_2021_1073_abu_dhabi_grand_prix,F1,Alpine F1 Team,0.20877145357576996
F1_2021_1073_abu_dhabi_grand_prix,F1,Aston Martin,0.18873505926376988
F1_2021_1073_abu_dhabi_grand_prix,F1,Ferrari,-0.5147558018235264
F1_2021_1073_abu_dhabi_grand_prix,F1,Haas F1 Team,0.5012960195638557
F1_2021_1073_abu_dhabi_grand_prix,F1,McLaren,-0.3987511297815296
F1_2021_1073_abu_dhabi_grand_prix,F1,Mercedes,-0.6220836772953157
F1_2021_1073_abu_dhabi_grand_prix,F1,Red Bull,-0.6484607367746321
F1_2021_1073_abu_dhabi_grand_prix,F1,Williams,0.40426736300067
F1_2022_1074_bahrain_grand_prix,F1,Alfa Romeo,0.3628521512643295
F1_2022_1074_bahrain_grand_prix,F1,AlphaTauri,0.16492803938444395
F1_2022_1074_bahrain_grand_prix,F1,Alpine F1 Team,0.20962830534256754
F1_2022_1074_bahrain_grand_prix,F1,Aston Martin,0.18704941580041737
F1_2022_1074_bahrain_grand_prix,F1,Ferrari,-0.5098536960656201
F1_2022_1074_bahrain_grand_prix,F1,Haas F1 Team,0.5088478466149221
F1_2022_1074_bahrain_grand_prix,F1,McLaren,-0.40392298644522234
F1_2022_1074_bahrain_grand_prix,F1,Mercedes,-0.6237928540563823
F1_2022_1074_bahrain_grand_prix,F1,Red Bull,-0.6535708480656703
F1_2022_1074_bahrain_grand_prix,F1,Williams,0.40425510585995417
F1_2022_1075_saudi_arabian_grand_prix,F1,Alfa Romeo,0.36046089740640735
F1_2022_1075_saudi_arabian_grand_prix,F1,AlphaTauri,0.1620966416136893
F1_2022_1075_saudi_arabian_grand_prix,F1,Alpine F1 Team,0.2097791008066077
F1_2022_1075_saudi_arabian_grand_prix,F1,Aston Martin,0.1854250222717007
F1_2022_1075_saudi_arabian_grand_prix,F1,Ferrari,-0.506215995556922
F1_2022_1075_saudi_arabian_grand_prix,F1,Haas F1 Team,0.5092694421000391
F1_2022_1075_saudi_arabian_grand_prix,F1,McLaren,-0.40041667971115485
F1_2022_1075_saudi_arabian_grand_prix,F1,Mercedes,-0.6237131519399345
F1_2022_1075_saudi_arabian_grand_prix,F1,Red Bull,-0.64921540260686
F1_2022_1075_saudi_arabian_grand_prix,F1,Williams,0.4045323336771945
F1_2022_1076_australian_grand_prix,F1,Alfa Romeo,0.36058296802675954
F1_2022_1076_australian_grand_prix,F1,AlphaTauri,0.16103380106561613
F1_2022_1076_australian_grand_prix,F1,Alpine F1 Team,0.20962830534256754
F1_2022_1076_australian_grand_prix,F1,Aston Martin,0.1877673379348617
F1_2022_1076_australian_grand_prix,F1,Ferrari,-0.5018598998632561
F1_2022_1076_australian_grand_prix,F1,Haas F1 Team,0.507251244694056
F1_2022_1076_australian_grand_prix,F1,McLaren,-0.39778796920009984
F1_2022_1076_australian_grand_prix,F1,Mercedes,-0.62104773852697015
F1_2022_1076_australian_grand_prix,F1,Red Bull,-0.6507561490575764
F1_2022_1076_australian_grand_prix,F1,Williams,0.40893092778999923
F1_2022_1077_emilia_romagna_grand_prix,F1,Alfa Romeo,0.3642785543869972
F1_2022_1077_emilia_romagna_grand_prix,F1,AlphaTauri,0.1639068176926
F1_2022_1077_emilia_romagna_grand_prix,F1,Alpine F1 Team,0.2073140068371591
F1_2022_1077_emilia_romagna_grand_prix,F1,Aston Martin,0.1902983644470201
F1_2022_1077_emilia_romagna_grand_prix,F1,Ferrari,-0.5047788991738543
F1_2022_1077_emilia_romagna_grand_prix,F1,Haas F1 Team,0.5087906051020693
F1_2022_1077_emilia_romagna_grand_prix,F1,McLaren,-0.39941751152682253
F1_2022_1077_emilia_romagna_grand_prix,F1,Mercedes,-0.6264338609210154
F1_2022_1077_emilia_romagna_grand_prix,F1,Red Bull,-0.6481191272446315
F1_2022_1077_emilia_romagna_grand_prix,F1,Williams,0.40809878825636137
F1_2022_1078_miami_grand_prix,F1,Alfa Romeo,0.36742805752535146
F1_2022_1078_miami_grand_prix,F1,AlphaTauri,0.1624686403716716
F1_2022_1078_miami_grand_prix,F1,Alpine F1 Team,0.20874968903618354
F1_2022_1078_miami_grand_prix,F1,Aston Martin,0.1890417732379194
F1_2022_1078_miami_grand_prix,F1,Ferrari,-0.5077680043622069
F1_2022_1078_miami_grand_prix,F1,Haas F1 Team,0.5086673392219605
F1_2022_1078_miami_grand_prix,F1,McLaren,-0.4005168641206613
F1_2022_1078_miami_grand_prix,F1,Mercedes,-0.6243438400050784
F1_2022_1078_miami_grand_prix,F1,Red Bull,-0.6509538094885945
F1_2022_1078_miami_grand_prix,F1,Williams,0.4075726958106312
F1_2022_1079_spanish_grand_prix,F1,Alfa Romeo,0.3628137666481896
F1_2022_1079_spanish_grand_prix,F1,AlphaTauri,0.16397968111500613
F1_2022_1079_spanish_grand_prix,F1,Alpine F1 Team,0.21029269090053213
F1_2022_1079_spanish_grand_prix,F1,Aston Martin,0.1888507014767672
F1_2022_1079_spanish_grand_prix,F1,Ferrari,-0.5106331337859948
F1_2022_1079_spanish_grand_prix,F1,Haas F1 Team,0.5055573448372818
F1_2022_1079_spanish_grand_prix,F1,McLaren,-0.3996274805947312
F1_2022_1079_spanish_grand_prix,F1,Mercedes,-0.6222815548217009
F1_2022_1079_spanish_grand_prix,F1,Red Bull,-0.6531409965722951
F1_2022_1079_spanish_grand_prix,F1,Williams,0.4053827673822057
F1_2022_1080_monaco_grand_prix,F1,Alfa Romeo,0.3598849356839538
F1_2022_1080_monaco_grand_prix,F1,AlphaTauri,0.16317709434485003
F1_2022_1080_monaco_grand_prix,F1,Alpine F1 Team,0.20962830534256754
F1_2022_1080_monaco_grand_prix,F1,Aston Martin,0.19038108251732846
F1_2022_1080_monaco_grand_prix,F1,Ferrari,-0.5110893154080893
F1_2022_1080_monaco_grand_prix,F1,Haas F1 Team,0.5061557178436018
F1_2022_1080_monaco_grand_prix,F1,McLaren,-0.3984378630124539
F1_2022_1080_monaco_grand_prix,F1,Mercedes,-0.6264192995757207
F1_2022_1080_monaco_grand_prix,F1,Red Bull,-0.6551891456309118
F1_2022_1080_monaco_grand_prix,F1,Williams,0.4096355808546794
F1_2022_1081_azerbaijan_grand_prix,F1,Alfa Romeo,0.35899444172112904
F1_2022_1081_azerbaijan_grand_prix,F1,AlphaTauri,0.16603738783983035
F1_2022_1081_azerbaijan_grand_prix,F1,Alpine F1 Team,0.20863116167332685
F1_2022_1081_azerbaijan_grand_prix,F1,Aston Martin,0.19022086001744984
F1_2022_1081_azerbaijan_grand_prix,F1,Ferrari,-0.5047756526471349
F1_2022_1081_azerbaijan_grand_prix,F1,Haas F1 Team,0.5066476080178486
F1_2022_1081_azerbaijan_grand_prix,F1,McLaren,-0.39945939960444
F1_2022_1081_azerbaijan_grand_prix,F1,Mercedes,-0.6231933251580574
F1_2022_1081_azerbaijan_grand_prix,F1,Red Bull,-0.6483671091343995
F1_2022_1081_azerbaijan_grand_prix,F1,Williams,0.4064712394499786
F1_2022_1082_canadian_grand_prix,F1,Alfa Romeo,0.3628521512643295
F1_2022_1082_canadian_grand_prix,F1,AlphaTauri,0.16090243275835014
F1_2022_1082_canadian_grand_prix,F1,Alpine F1 Team,0.2114117165467652
F1_2022_1082_canadian_grand_prix,F1,Aston Martin,0.18928481430507016
F1_2022_1082_canadian_grand_prix,F1,Ferrari,-0.5098516405960399
F1_2022_1082_canadian_grand_prix,F1,Haas F1 Team,0.5068467241792964
F1_2022_1082_canadian_grand_prix,F1,McLaren,-0.40149619986960516
F1_2022_1082_canadian_grand_prix,F1,Mercedes,-0.6194392716578883
F1_2022_1082_canadian_grand_prix,F1,Red Bull,-0.6491036477850943
F1_2022_1082_canadian_grand_prix,F1,Williams,0.4063982211046536
F1_2022_1083_british_grand_prix,F1,Alfa Romeo,0.3594633701765746
F1_2022_1083_british_grand_prix,F1,AlphaTauri,0.15425955533053387
F1_2022_1083_british_grand_prix,F1,Alpine F1 Team,0.21075717848431483
F1_2022_1083_british_grand_prix,F1,Aston Martin,0.18973016352802038
F1_2022_1083_british_grand_prix,F1,Ferrari,-0.505246333078297
F1_2022_1083_british_grand_prix,F1,Haas F1 Team,0.5077426514977754
F1_2022_1083_british_grand_prix,F1,McLaren,-0.3986716865582569
F1_2022_1083_british_grand_prix,F1,Mercedes,-0.615827637244472
F1_2022_1083_british_grand_prix,F1,Red Bull,-0.6553288474044521
F1_2022_1083_british_grand_prix,F1,Williams,0.4085188528917635
F1_2022_1084_austrian_grand_prix,F1,Alfa Romeo,0.360856529562212
F1_2022_1084_austrian_grand_prix,F1,AlphaTauri,0.15953630786516526
F1_2022_1084_austrian_grand_prix,F1,Alpine F1 Team,0.2100623869814861
F1_2022_1084_austrian_grand_prix,F1,Aston Martin,0.18945543869987563
F1_2022_1084_austrian_grand_prix,F1,Ferrari,-0.5068839775581117
F1_2022_1084_austrian_grand_prix,F1,Haas F1 Team,0.5089306094149462
F1_2022_1084_austrian_grand_prix,F1,McLaren,-0.3993157611056981
F1_2022_1084_austrian_grand_prix,F1,Mercedes,-0.6238001878865237
F1_2022_1084_austrian_grand_prix,F1,Red Bull,-0.6536035335619514
F1_2022_1084_austrian_grand_prix,F1,Williams,0.40811663673219545
F1_2022_1085_french_grand_prix,F1,Alfa Romeo,0.35910465639639916
F1_2022_1085_french_grand_prix,F1,AlphaTauri,0.16061620295720783
F1_2022_1085_french_grand_prix,F1,Alpine F1 Team,0.21045054235145047
F1_2022_1085_french_grand_prix,F1,Aston Martin,0.1904799413000456
F1_2022_1085_french_grand_prix,F1,Ferrari,-0.5051388986391487
F1_2022_1085_french_grand_prix,F1,Haas F1 Team,0.5076314000496073
F1_2022_1085_french_grand_prix,F1,McLaren,-0.39933736925935
F1_2022_1085_french_grand_prix,F1,Mercedes,-0.6191833309863699
F1_2022_1085_french_grand_prix,F1,Red Bull,-0.6500730352421064
F1_2022_1085_french_grand_prix,F1,Williams,0.40868738359363316
F1_2022_1086_hungarian_grand_prix,F1,Alfa Romeo,0.3588153664088436
F1_2022_1086_hungarian_grand_prix,F1,AlphaTauri,0.16200385011806037
F1_2022_1086_hungarian_grand_prix,F1,Alpine F1 Team,0.20670666877407304
F1_2022_1086_hungarian_grand_prix,F1,Aston Martin,0.19088194952843013
F1_2022_1086_hungarian_grand_prix,F1,Ferrari,-0.5091742548958375
F1_2022_1086_hungarian_grand_prix,F1,Haas F1 Team,0.50577564844613
F1_2022_1086_hungarian_grand_prix,F1,McLaren,-0.39942636919658536
F1_2022_1086_hungarian_grand_prix,F1,Mercedes,-0.6207010015037769
F1_2022_1086_hungarian_grand_prix,F1,Red Bull,-0.65319405727855
F1_2022_1086_hungarian_grand_prix,F1,Williams,0.4085898978099691
F1_2022_1087_belgian_grand_prix,F1,Alfa Romeo,0.3599870606436397
F1_2022_1087_belgian_grand_prix,F1,AlphaTauri,0.1629250579134536
F1_2022_1087_belgian_grand_prix,F1,Alpine F1 Team,0.21004119859222595
F1_2022_1087_belgian_grand_prix,F1,Aston Martin,0.19125529627542712
F1_2022_1087_belgian_grand_prix,F1,Ferrari,-0.513384787756627
F1_2022_1087_belgian_grand_prix,F1,Haas F1 Team,0.5059876373123748
F1_2022_1087_belgian_grand_prix,F1,McLaren,-0.40112365313358833
F1_2022_1087_belgian_grand_prix,F1,Mercedes,-0.6208546354037736
F1_2022_1087_belgian_grand_prix,F1,Red Bull,-0.6521881033497281
F1_2022_1087_belgian_grand_prix,F1,Williams,0.40895934461509187
F1_2022_1088_dutch_grand_prix,F1,Alfa Romeo,0.3569558612472388
F1_2022_1088_dutch_grand_prix,F1,AlphaTauri,0.16212056906291894
F1_2022_1088_dutch_grand_prix,F1,Alpine F1 Team,0.21005045048509097
F1_2022_1088_dutch_grand_prix,F1,Aston Martin,0.19109990700250476
F1_2022_1088_dutch_grand_prix,F1,Ferrari,-0.5123963294940671
F1_2022_1088_dutch_grand_prix,F1,Haas F1 Team,0.5053821036435474
F1_2022_1088_dutch_grand_prix,F1,McLaren,-0.3998241448413712
F1_2022_1088_dutch_grand_prix,F1,Mercedes,-0.6209865714337273
F1_2022_1088_dutch_grand_prix,F1,Red Bull,-0.653334195607035
F1_2022_1088_dutch_grand_prix,F1,Williams,0.4064923647355728
F1_2022_1089_italian_grand_prix,F1,Alfa Romeo,0.36105722375249955
F1_2022_1089_italian_grand_prix,F1,AlphaTauri,0.16387507419658484
F1_2022_1089_italian_grand_prix,F1,Alpine F1 Team,0.20917506142408065
F1_2022_1089_italian_grand_prix,F1,Aston Martin,0.1862500857010004
F1_2022_1089_italian_grand_prix,F1,Ferrari,-0.507701693894863
F1_2022_1089_italian_grand_prix,F1,Haas F1 Team,0.5055542173674311
F1_2022_1089_italian_grand_prix,F1,McLaren,-0.39911459820519973
F1_2022_1089_italian_grand_prix,F1,Mercedes,-0.6224766453632017
F1_2022_1089_italian_grand_prix,F1,Red Bull,-0.651312323538191
F1_2022_1089_italian_grand_prix,F1,Williams,0.4101666190234148
F1_2022_1091_singapore_grand_prix,F1,Alfa Romeo,0.35618984777409546
F1_2022_1091_singapore_grand_prix,F1,AlphaTauri,0.1646446193320962
F1_2022_1091_singapore_grand_prix,F1,Alpine F1 Team,0.2091981038747915
F1_2022_1091_singapore_grand_prix,F1,Aston Martin,0.191019882948136
F1_2022_1091_singapore_grand_prix,F1,Ferrari,-0.5079130401631802
F1_2022_1091_singapore_grand_prix,F1,Haas F1 Team,0.5068269907827527
F1_2022_1091_singapore_grand_prix,F1,McLaren,-0.39897159947268507
F1_2022_1091_singapore_grand_prix,F1,Mercedes,-0.6268142162302636
F1_2022_1091_singapore_grand_prix,F1,Red Bull,-0.6539523238582583
F1_2022_1091_singapore_grand_prix,F1,Williams,0.4043070818912263
F1_2022_1092_japanese_grand_prix,F1,Alfa Romeo,0.3569923483152405
F1_2022_1092_japanese_grand_prix,F1,AlphaTauri,0.1632835895996503
F1_2022_1092_japanese_grand_prix,F1,Alpine F1 Team,0.21228513109410377
F1_2022_1092_japanese_grand_prix,F1,Aston Martin,0.1919052610093527
F1_2022_1092_japanese_grand_prix,F1,Ferrari,-0.5133523126412899
F1_2022_1092_japanese_grand_prix,F1,Haas F1 Team,0.5055362997709394
F1_2022_1092_japanese_grand_prix,F1,McLaren,-0.4016832180721088
F1_2022_1092_japanese_grand_prix,F1,Mercedes,-0.6246829873394536
F1_2022_1092_japanese_grand_prix,F1,Red Bull,-0.6525905011963073
F1_2022_1092_japanese_grand_prix,F1,Williams,0.40779782905947765
F1_2022_1093_united_states_grand_prix,F1,Alfa Romeo,0.3601932243805436
F1_2022_1093_united_states_grand_prix,F1,AlphaTauri,0.16485265061111504
F1_2022_1093_united_states_grand_prix,F1,Alpine F1 Team,0.20770866555500564
F1_2022_1093_united_states_grand_prix,F1,Aston Martin,0.19364299071919303
F1_2022_1093_united_states_grand_prix,F1,Ferrari,-0.5081142432543033
F1_2022_1093_united_states_grand_prix,F1,Haas F1 Team,0.5060125213915136
F1_2022_1093_united_states_grand_prix,F1,McLaren,-0.39996869353542824
F1_2022_1093_united_states_grand_prix,F1,Mercedes,-0.6175696799714028
F1_2022_1093_united_states_grand_prix,F1,Red Bull,-0.6481459047459979
F1_2022_1093_united_states_grand_prix,F1,Williams,0.4056269680325937
F1_2022_1094_mexico_city_grand_prix,F1,Alfa Romeo,0.36029301909255035
F1_2022_1094_mexico_city_grand_prix,F1,AlphaTauri,0.16308222282975304
F1_2022_1094_mexico_city_grand_prix,F1,Alpine F1 Team,0.20971555860723412
F1_2022_1094_mexico_city_grand_prix,F1,Aston Martin,0.1893361991984103
F1_2022_1094_mexico_city_grand_prix,F1,Ferrari,-0.5124824798237397
F1_2022_1094_mexico_city_grand_prix,F1,Haas F1 Team,0.5041457177830427
F1_2022_1094_mexico_city_grand_prix,F1,McLaren,-0.3996858472025638
F1_2022_1094_mexico_city_grand_prix,F1,Mercedes,-0.6189190104990794
F1_2022_1094_mexico_city_grand_prix,F1,Red Bull,-0.6508268329971176
F1_2022_1094_mexico_city_grand_prix,F1,Williams,0.40689903205164557
F1_2022_1095_s_o_paulo_grand_prix,F1,Alfa Romeo,0.36173144583525757
F1_2022_1095_s_o_paulo_grand_prix,F1,AlphaTauri,0.16095990278448177
F1_2022_1095_s_o_paulo_grand_prix,F1,Alpine F1 Team,0.2097317176853835
F1_2022_1095_s_o_paulo_grand_prix,F1,Aston Martin,0.19037410572379093
F1_2022_1095_s_o_paulo_grand_prix,F1,Ferrari,-0.5112843049698843
F1_2022_1095_s_o_paulo_grand_prix,F1,Haas F1 Team,0.5065366432166799
F1_2022_1095_s_o_paulo_grand_prix,F1,McLaren,-0.4008504976953489
F1_2022_1095_s_o_paulo_grand_prix,F1,Mercedes,-0.6199549007294695
F1_2022_1095_s_o_paulo_grand_prix,F1,Red Bull,-0.6551085247803252
F1_2022_1095_s_o_paulo_grand_prix,F1,Williams,0.40567790941166954
F1_2022_1096_abu_dhabi_grand_prix,F1,Alfa Romeo,0.35631553045197806
F1_2022_1096_abu_dhabi_grand_prix,F1,AlphaTauri,0.16076363749951977
F1_2022_1096_abu_dhabi_grand_prix,F1,Alpine F1 Team,0.21063129672540193
F1_2022_1096_abu_dhabi_grand_prix,F1,Aston Martin,0.19107539233538054
F1_2022_1096_abu_dhabi_grand_prix,F1,Ferrari,-0.510257415351206
F1_2022_1096_abu_dhabi_grand_prix,F1,Haas F1 Team,0.5025153987842575
F1_2022_1096_abu_dhabi_grand_prix,F1,McLaren,-0.3993157611056981
F1_2022_1096_abu_dhabi_grand_prix,F1,Mercedes,-0.6215051999324369
F1_2022_1096_abu_dhabi_grand_prix,F1,Red Bull,-0.6523504805228759
F1_2022_1096_abu_dhabi_grand_prix,F1,Williams,0.4066390766768693
F1_2023_1098_bahrain_grand_prix,F1,Alfa Romeo,0.3588171747432783
F1_2023_1098_bahrain_grand_prix,F1,AlphaTauri,0.15901535561712432
F1_2023_1098_bahrain_grand_prix,F1,Alpine F1 Team,0.20936287474797755
F1_2023_1098_bahrain_grand_prix,F1,Aston Martin,0.19482520401552814
F1_2023_1098_bahrain_grand_prix,F1,Ferrari,-0.5117844550246278
F1_2023_1098_bahrain_grand_prix,F1,Haas F1 Team,0.5061786869472072
F1_2023_1098_bahrain_grand_prix,F1,McLaren,-0.3996561844612685
F1_2023_1098_bahrain_grand_prix,F1,Mercedes,-0.6246685971260846
F1_2023_1098_bahrain_grand_prix,F1,Red Bull,-0.651848468839487
F1_2023_1098_bahrain_grand_prix,F1,Williams,0.40956180414193094
F1_2023_1099_saudi_arabian_grand_prix,F1,Alfa Romeo,0.3552467942369982
F1_2023_1099_saudi_arabian_grand_prix,F1,AlphaTauri,0.1610232593837122
F1_2023_1099_saudi_arabian_grand_prix,F1,Alpine F1 Team,0.21035031284831643
F1_2023_1099_saudi_arabian_grand_prix,F1,Aston Martin,0.19963116662396996
F1_2023_1099_saudi_arabian_grand_prix,F1,Ferrari,-0.5117033141511682
F1_2023_1099_saudi_arabian_grand_prix,F1,Haas F1 Team,0.5075483709223169
F1_2023_1099_saudi_arabian_grand_prix,F1,McLaren,-0.4032742920626071
F1_2023_1099_saudi_arabian_grand_prix,F1,Mercedes,-0.6211697220900936
F1_2023_1099_saudi_arabian_grand_prix,F1,Red Bull,-0.6481546885364503
F1_2023_1099_saudi_arabian_grand_prix,F1,Williams,0.4062765928945573
F1_2023_1100_australian_grand_prix,F1,Alfa Romeo,0.35102781970624247
F1_2023_1100_australian_grand_prix,F1,AlphaTauri,0.15230744850655054
F1_2023_1100_australian_grand_prix,F1,Alpine F1 Team,0.21067747431467537
F1_2023_1100_australian_grand_prix,F1,Aston Martin,0.19384482009010645
F1_2023_1100_australian_grand_prix,F1,Ferrari,-0.5130888220299495
F1_2023_1100_australian_grand_prix,F1,Haas F1 Team,0.5073634060933147
F1_2023_1100_australian_grand_prix,F1,McLaren,-0.4000225277978817
F1_2023_1100_australian_grand_prix,F1,Mercedes,-0.6231512396267346
F1_2023_1100_australian_grand_prix,F1,Red Bull,-0.6553436056059061
F1_2023_1100_australian_grand_prix,F1,Williams,0.4040200786945198
F1_2023_1101_azerbaijan_grand_prix,F1,Alfa Romeo,0.3544703019885012
F1_2023_1101_azerbaijan_grand_prix,F1,AlphaTauri,0.1622195319337661
F1_2023_1101_azerbaijan_grand_prix,F1,Alpine F1 Team,0.20814001661399484
F1_2023_1101_azerbaijan_grand_prix,F1,Aston Martin,0.19751312916974137
F1_2023_1101_azerbaijan_grand_prix,F1,Ferrari,-0.5103737479162412
F1_2023_1101_azerbaijan_grand_prix,F1,Haas F1 Team,0.5067578509152779
F1_2023_1101_azerbaijan_grand_prix,F1,McLaren,-0.4009579997973429
F1_2023_1101_azerbaijan_grand_prix,F1,Mercedes,-0.6233024418078545
F1_2023_1101_azerbaijan_grand_prix,F1,Red Bull,-0.6470144363967825
F1_2023_1101_azerbaijan_grand_prix,F1,Williams,0.4074392912088612
F1_2023_1102_miami_grand_prix,F1,Alfa Romeo,0.36102366080860687
F1_2023_1102_miami_grand_prix,F1,AlphaTauri,0.16232443079490264
F1_2023_1102_miami_grand_prix,F1,Alpine F1 Team,0.21022861257939607
F1_2023_1102_miami_grand_prix,F1,Aston Martin,0.1938088746674074
F1_2023_1102_miami_grand_prix,F1,Ferrari,-0.5137409587052889
F1_2023_1102_miami_grand_prix,F1,Haas F1 Team,0.5080293647690353
F1_2023_1102_miami_grand_prix,F1,McLaren,-0.4040276429605507
F1_2023_1102_miami_grand_prix,F1,Mercedes,-0.6236473596418952
F1_2023_1102_miami_grand_prix,F1,Red Bull,-0.6491704795406964
F1_2023_1102_miami_grand_prix,F1,Williams,0.4077101371407816
F1_2023_1104_monaco_grand_prix,F1,Alfa Romeo,0.3581541367337547
F1_2023_1104_monaco_grand_prix,F1,AlphaTauri,0.162569555714532
F1_2023_1104_monaco_grand_prix,F1,Alpine F1 Team,0.21224949407256444
F1_2023_1104_monaco_grand_prix,F1,Aston Martin,0.19222152620749902
F1_2023_1104_monaco_grand_prix,F1,Ferrari,-0.514110669146442
F1_2023_1104_monaco_grand_prix,F1,Haas F1 Team,0.5048370070397971
F1_2023_1104_monaco_grand_prix,F1,McLaren,-0.3995382990953537
F1_2023_1104_monaco_grand_prix,F1,Mercedes,-0.6250353447855109
F1_2023_1104_monaco_grand_prix,F1,Red Bull,-0.6555747362600821
F1_2023_1104_monaco_grand_prix,F1,Williams,0.40833028127252835
F1_2023_1105_spanish_grand_prix,F1,Alfa Romeo,0.3593973407457473
F1_2023_1105_spanish_grand_prix,F1,AlphaTauri,0.1638947418130603
F1_2023_1105_spanish_grand_prix,F1,Alpine F1 Team,0.2096257875616431
F1_2023_1105_spanish_grand_prix,F1,Aston Martin,0.19144168051555485
F1_2023_1105_spanish_grand_prix,F1,Ferrari,-0.5142628830704102
F1_2023_1105_spanish_grand_prix,F1,Haas F1 Team,0.5080008942025659
F1_2023_1105_spanish_grand_prix,F1,McLaren,-0.40010697659701966
F1_2023_1105_spanish_grand_prix,F1,Mercedes,-0.6234899499129839
F1_2023_1105_spanish_grand_prix,F1,Red Bull,-0.6543327396001901
F1_2023_1105_spanish_grand_prix,F1,Williams,0.40704032568608073
F1_2023_1106_canadian_grand_prix,F1,Alfa Romeo,0.3585476356825347
F1_2023_1106_canadian_grand_prix,F1,AlphaTauri,0.16107064074772964
F1_2023_1106_canadian_grand_prix,F1,Alpine F1 Team,0.20969460507479257
F1_2023_1106_canadian_grand_prix,F1,Aston Martin,0.1937749232984267
F1_2023_1106_canadian_grand_prix,F1,Ferrari,-0.5097557532276378
F1_2023_1106_canadian_grand_prix,F1,Haas F1 Team,0.5053239410909409
F1_2023_1106_canadian_grand_prix,F1,McLaren,-0.3994392274051955
F1_2023_1106_canadian_grand_prix,F1,Mercedes,-0.6227023612488358
F1_2023_1106_canadian_grand_prix,F1,Red Bull,-0.6523515711689747
F1_2023_1106_canadian_grand_prix,F1,Williams,0.4080830457255269
F1_2023_1107_austrian_grand_prix,F1,Alfa Romeo,0.3564430492905924
F1_2023_1107_austrian_grand_prix,F1,AlphaTauri,0.1568240088347273
F1_2023_1107_austrian_grand_prix,F1,Alpine F1 Team,0.208820226510693
F1_2023_1107_austrian_grand_prix,F1,Aston Martin,0.19391413308374175
F1_2023_1107_austrian_grand_prix,F1,Ferrari,-0.5111118397061682
F1_2023_1107_austrian_grand_prix,F1,Haas F1 Team,0.5008924094451003
F1_2023_1107_austrian_grand_prix,F1,McLaren,-0.3992842490762172
F1_2023_1107_austrian_grand_prix,F1,Mercedes,-0.6257952613329179
F1_2023_1107_austrian_grand_prix,F1,Red Bull,-0.6521993795320031
F1_2023_1107_austrian_grand_prix,F1,Williams,0.4096217739086383
F1_2023_1108_british_grand_prix,F1,Alfa Romeo,0.3511139244588487
F1_2023_1108_british_grand_prix,F1,AlphaTauri,0.15530942583642668
F1_2023_1108_british_grand_prix,F1,Alpine F1 Team,0.20954122431558272
F1_2023_1108_british_grand_prix,F1,Aston Martin,0.1908558488903227
F1_2023_1108_british_grand_prix,F1,Ferrari,-0.513536860385755
F1_2023_1108_british_grand_prix,F1,Haas F1 Team,0.5023967876891166
F1_2023_1108_british_grand_prix,F1,McLaren,-0.3925194472291631
F1_2023_1108_british_grand_prix,F1,Mercedes,-0.6216804361795321
F1_2023_1108_british_grand_prix,F1,Red Bull,-0.6523640802303313
F1_2023_1108_british_grand_prix,F1,Williams,0.4096270179635677
F1_2023_1109_hungarian_grand_prix,F1,Alfa Romeo,0.3578099781532316
F1_2023_1109_hungarian_grand_prix,F1,AlphaTauri,0.1609798101340733
F1_2023_1109_hungarian_grand_prix,F1,Alpine F1 Team,0.18802089218220855
F1_2023_1109_hungarian_grand_prix,F1,Aston Martin,0.19156196974927453
F1_2023_1109_hungarian_grand_prix,F1,Ferrari,-0.5133557798271685
F1_2023_1109_hungarian_grand_prix,F1,Haas F1 Team,0.50399181180197306
F1_2023_1109_hungarian_grand_prix,F1,McLaren,-0.3961576850800339
F1_2023_1109_hungarian_grand_prix,F1,Mercedes,-0.6223284312595608
F1_2023_1109_hungarian_grand_prix,F1,Red Bull,-0.6516783542312489
F1_2023_1109_hungarian_grand_prix,F1,Williams,0.40869921355758915
F1_2023_1110_belgian_grand_prix,F1,Alfa Romeo,0.3615435643957176
F1_2023_1110_belgian_grand_prix,F1,AlphaTauri,0.1636743381993429
F1_2023_1110_belgian_grand_prix,F1,Alpine F1 Team,0.20957479204124088
F1_2023_1110_belgian_grand_prix,F1,Aston Martin,0.19145159969048747
F1_2023_1110_belgian_grand_prix,F1,Ferrari,-0.515135989241601
F1_2023_1110_belgian_grand_prix,F1,Haas F1 Team,0.5064509824111147
F1_2023_1110_belgian_grand_prix,F1,McLaren,-0.4001424765600935
F1_2023_1110_belgian_grand_prix,F1,Mercedes,-0.625560833647779
F1_2023_1110_belgian_grand_prix,F1,Red Bull,-0.6527066683158624
F1_2023_1110_belgian_grand_prix,F1,Williams,0.41070494784775985
F1_2023_1111_dutch_grand_prix,F1,Alfa Romeo,0.3575012089512933
F1_2023_1111_dutch_grand_prix,F1,AlphaTauri,0.15946917348792286
F1_2023_1111_dutch_grand_prix,F1,Alpine F1 Team,0.21115187352293385
F1_2023_1111_dutch_grand_prix,F1,Aston Martin,0.19276447120984372
F1_2023_1111_dutch_grand_prix,F1,Ferrari,-0.5160099036981226
F1_2023_1111_dutch_grand_prix,F1,Haas F1 Team,0.5058744958849607
F1_2023_1111_dutch_grand_prix,F1,McLaren,-0.3987502399212192
F1_2023_1111_dutch_grand_prix,F1,Mercedes,-0.6264692853401723
F1_2023_1111_dutch_grand_prix,F1,Red Bull,-0.6537138486646078
F1_2023_1111_dutch_grand_prix,F1,Williams,0.41182291229016493
F1_2023_1112_italian_grand_prix,F1,Alfa Romeo,0.3599108804235947
F1_2023_1112_italian_grand_prix,F1,AlphaTauri,0.16477283137127763
F1_2023_1112_italian_grand_prix,F1,Alpine F1 Team,0.2061004260255171
F1_2023_1112_italian_grand_prix,F1,Aston Martin,0.18950958229519785
F1_2023_1112_italian_grand_prix,F1,Ferrari,-0.5113454692211042
F1_2023_1112_italian_grand_prix,F1,Haas F1 Team,0.5063900399383136
F1_2023_1112_italian_grand_prix,F1,McLaren,-0.39924585634978904
F1_2023_1112_italian_grand_prix,F1,Mercedes,-0.6245785170006211
F1_2023_1112_italian_grand_prix,F1,Red Bull,-0.6521199047930037
F1_2023_1112_italian_grand_prix,F1,Williams,0.4095171360002928
F1_2023_1113_singapore_grand_prix,F1,Alfa Romeo,0.35495392242719453
F1_2023_1113_singapore_grand_prix,F1,AlphaTauri,0.1584489316085898
F1_2023_1113_singapore_grand_prix,F1,Alpine F1 Team,0.20930487475276774
F1_2023_1113_singapore_grand_prix,F1,Aston Martin,0.1919862333720366
F1_2023_1113_singapore_grand_prix,F1,Ferrari,-0.5116789271757392
F1_2023_1113_singapore_grand_prix,F1,Haas F1 Team,0.5068865876102806
F1_2023_1113_singapore_grand_prix,F1,McLaren,-0.3986727776118864
F1_2023_1113_singapore_grand_prix,F1,Mercedes,-0.6203975219053487
F1_2023_1113_singapore_grand_prix,F1,Red Bull,-0.6581751640374458
F1_2023_1113_singapore_grand_prix,F1,Williams,0.4097355662243407
F1_2023_1114_japanese_grand_prix,F1,Alfa Romeo,0.3579767667227599
F1_2023_1114_japanese_grand_prix,F1,AlphaTauri,0.16105935748369282
F1_2023_1114_japanese_grand_prix,F1,Alpine F1 Team,0.20866525039512834
F1_2023_1114_japanese_grand_prix,F1,Aston Martin,0.19049127617696912
F1_2023_1114_japanese_grand_prix,F1,Ferrari,-0.5130959472391244
F1_2023_1114_japanese_grand_prix,F1,Haas F1 Team,0.5072093874547478
F1_2023_1114_japanese_grand_prix,F1,McLaren,-0.3938645682645245
F1_2023_1114_japanese_grand_prix,F1,Mercedes,-0.6255961180138488
F1_2023_1114_japanese_grand_prix,F1,Red Bull,-0.6515490843771934
F1_2023_1114_japanese_grand_prix,F1,Williams,0.4069006766860228
F1_2023_1115_qatar_grand_prix,F1,Alfa Romeo,0.3613859341617588
F1_2023_1115_qatar_grand_prix,F1,AlphaTauri,0.15600833000583267
F1_2023_1115_qatar_grand_prix,F1,Alpine F1 Team,0.20993380546368481
F1_2023_1115_qatar_grand_prix,F1,Aston Martin,0.19131555652652835
F1_2023_1115_qatar_grand_prix,F1,Ferrari,-0.5122382554950223
F1_2023_1115_qatar_grand_prix,F1,Haas F1 Team,0.5060179585979622
F1_2023_1115_qatar_grand_prix,F1,McLaren,-0.3927205143211974
F1_2023_1115_qatar_grand_prix,F1,Mercedes,-0.62328197745181535
F1_2023_1115_qatar_grand_prix,F1,Red Bull,-0.6567274015273915
F1_2023_1115_qatar_grand_prix,F1,Williams,0.40994035440329196
F1_2023_1116_united_states_grand_prix,F1,Alfa Romeo,0.35241022323187415
F1_2023_1116_united_states_grand_prix,F1,AlphaTauri,0.15978744453509894
F1_2023_1116_united_states_grand_prix,F1,Alpine F1 Team,0.20962830534256754
F1_2023_1116_united_states_grand_prix,F1,Aston Martin,0.19241747101875162
F1_2023_1116_united_states_grand_prix,F1,Ferrari,-0.5127643148844052
F1_2023_1116_united_states_grand_prix,F1,Haas F1 Team,0.5028357518635538
F1_2023_1116_united_states_grand_prix,F1,McLaren,-0.3940372026350224
F1_2023_1116_united_states_grand_prix,F1,Mercedes,-0.6210581158632368
F1_2023_1116_united_states_grand_prix,F1,Red Bull,-0.6541776951899343
F1_2023_1116_united_states_grand_prix,F1,Williams,0.4078522062317546
F1_2023_1117_mexico_city_grand_prix,F1,Alfa Romeo,0.3552275273166565
F1_2023_1117_mexico_city_grand_prix,F1,AlphaTauri,0.16747415149351857
F1_2023_1117_mexico_city_grand_prix,F1,Alpine F1 Team,0.20623633627815294
F1_2023_1117_mexico_city_grand_prix,F1,Aston Martin,0.1862645980434858
F1_2023_1117_mexico_city_grand_prix,F1,Ferrari,-0.5100437807986596
F1_2023_1117_mexico_city_grand_prix,F1,Haas F1 Team,0.5068614210071127
F1_2023_1117_mexico_city_grand_prix,F1,McLaren,-0.3967250257135588
F1_2023_1117_mexico_city_grand_prix,F1,Mercedes,-0.6218684516043304
F1_2023_1117_mexico_city_grand_prix,F1,Red Bull,-0.647901740469546
F1_2023_1117_mexico_city_grand_prix,F1,Williams,0.40916817936823563
F1_2023_1118_s_o_paulo_grand_prix,F1,Alfa Romeo,0.35492456272251804
F1_2023_1118_s_o_paulo_grand_prix,F1,AlphaTauri,0.16485265061111504
F1_2023_1118_s_o_paulo_grand_prix,F1,Alpine F1 Team,0.20898036306485857
F1_2023_1118_s_o_paulo_grand_prix,F1,Aston Martin,0.19252009200413986
F1_2023_1118_s_o_paulo_grand_prix,F1,Ferrari,-0.5157923369443529
F1_2023_1118_s_o_paulo_grand_prix,F1,Haas F1 Team,0.5028808111475631
F1_2023_1118_s_o_paulo_grand_prix,F1,McLaren,-0.39736802212572037
F1_2023_1118_s_o_paulo_grand_prix,F1,Mercedes,-0.6278493040365246
F1_2023_1118_s_o_paulo_grand_prix,F1,Red Bull,-0.65523440990856
F1_2023_1118_s_o_paulo_grand_prix,F1,Williams,0.4035434801074431
F1_2023_1119_las_vegas_grand_prix,F1,Alfa Romeo,0.35046019051895755
F1_2023_1119_las_vegas_grand_prix,F1,AlphaTauri,0.15798545075450926
F1_2023_1119_las_vegas_grand_prix,F1,Alpine F1 Team,0.21089069368383592
F1_2023_1119_las_vegas_grand_prix,F1,Aston Martin,0.19116142711375564
F1_2023_1119_las_vegas_grand_prix,F1,Ferrari,-0.5126086769358776
F1_2023_1119_las_vegas_grand_prix,F1,Haas F1 Team,0.5071952035083492
F1_2023_1119_las_vegas_grand_prix,F1,McLaren,-0.3962340811573683
F1_2023_1119_las_vegas_grand_prix,F1,Mercedes,-0.6244870431026537
F1_2023_1119_las_vegas_grand_prix,F1,Red Bull,-0.6539561492640015
F1_2023_1119_las_vegas_grand_prix,F1,Williams,0.4097441399977115
F1_2023_1120_abu_dhabi_grand_prix,F1,Alfa Romeo,0.3515805845279308
F1_2023_1120_abu_dhabi_grand_prix,F1,AlphaTauri,0.16445814052892965
F1_2023_1120_abu_dhabi_grand_prix,F1,Alpine F1 Team,0.2071740090453019
F1_2023_1120_abu_dhabi_grand_prix,F1,Aston Martin,0.1914576743722135
F1_2023_1120_abu_dhabi_grand_prix,F1,Ferrari,-0.513600196991331
F1_2023_1120_abu_dhabi_grand_prix,F1,Haas F1 Team,0.5030510501599806
F1_2023_1120_abu_dhabi_grand_prix,F1,McLaren,-0.395911564435246
F1_2023_1120_abu_dhabi_grand_prix,F1,Mercedes,-0.6238080269566277
F1_2023_1120_abu_dhabi_grand_prix,F1,Red Bull,-0.651723949923467
F1_2023_1120_abu_dhabi_grand_prix,F1,Williams,0.4081493969700271
F1_2024_1121_bahrain_grand_prix,F1,Alpine F1 Team,0.2047237615486333
F1_2024_1121_bahrain_grand_prix,F1,Aston Martin,0.19049301810663302
F1_2024_1121_bahrain_grand_prix,F1,Ferrari,-0.5118677745126533
F1_2024_1121_bahrain_grand_prix,F1,Haas F1 Team,0.5067354532853081
F1_2024_1121_bahrain_grand_prix,F1,McLaren,-0.39704150719333164
F1_2024_1121_bahrain_grand_prix,F1,Mercedes,-0.624272489892288
F1_2024_1121_bahrain_grand_prix,F1,RB F1 Team,0.2107513211907765
F1_2024_1121_bahrain_grand_prix,F1,Red Bull,-0.6519312204044592
F1_2024_1121_bahrain_grand_prix,F1,Sauber,0.4794648707670591
F1_2024_1121_bahrain_grand_prix,F1,Williams,0.40770088436074775
F1_2024_1122_saudi_arabian_grand_prix,F1,Alpine F1 Team,0.20100279161453213
F1_2024_1122_saudi_arabian_grand_prix,F1,Aston Martin,0.19393719691563993
F1_2024_1122_saudi_arabian_grand_prix,F1,Ferrari,-0.5127284239350606
F1_2024_1122_saudi_arabian_grand_prix,F1,Haas F1 Team,0.50735138916864575
F1_2024_1122_saudi_arabian_grand_prix,F1,McLaren,-0.3954579768758307
F1_2024_1122_saudi_arabian_grand_prix,F1,Mercedes,-0.6236339811708498
F1_2024_1122_saudi_arabian_grand_prix,F1,RB F1 Team,0.20166453648166652
F1_2024_1122_saudi_arabian_grand_prix,F1,Red Bull,-0.6505053028757845
F1_2024_1122_saudi_arabian_grand_prix,F1,Sauber,0.4796878161912051
F1_2024_1122_saudi_arabian_grand_prix,F1,Williams,0.40463851907534165
F1_2024_1123_australian_grand_prix,F1,Alpine F1 Team,0.20649553053621825
F1_2024_1123_australian_grand_prix,F1,Aston Martin,0.19116142711375564
F1_2024_1123_australian_grand_prix,F1,Ferrari,-0.5079506944168137
F1_2024_1123_australian_grand_prix,F1,Haas F1 Team,0.5066307301619547
F1_2024_1123_australian_grand_prix,F1,McLaren,-0.3917073613789061
F1_2024_1123_australian_grand_prix,F1,Mercedes,-0.626097336711696
F1_2024_1123_australian_grand_prix,F1,RB F1 Team,0.21616809829404773
F1_2024_1123_australian_grand_prix,F1,Red Bull,-0.6563200336149542
F1_2024_1123_australian_grand_prix,F1,Sauber,0.4879204810596793
F1_2024_1123_australian_grand_prix,F1,Williams,0.4092000722804433
F1_2024_1124_japanese_grand_prix,F1,Alpine F1 Team,0.2008351544619584
F1_2024_1124_japanese_grand_prix,F1,Aston Martin,0.19116142711375564
F1_2024_1124_japanese_grand_prix,F1,Ferrari,-0.513389003223957
F1_2024_1124_japanese_grand_prix,F1,Haas F1 Team,0.5036653254621012
F1_2024_1124_japanese_grand_prix,F1,McLaren,-0.3984344503408049
F1_2024_1124_japanese_grand_prix,F1,Mercedes,-0.6256515169652073
F1_2024_1124_japanese_grand_prix,F1,RB F1 Team,0.20950895051116297
F1_2024_1124_japanese_grand_prix,F1,Red Bull,-0.6542023309511608
F1_2024_1124_japanese_grand_prix,F1,Sauber,0.47995831734157945
F1_2024_1124_japanese_grand_prix,F1,Williams,0.41054157409740283
F1_2024_1125_chinese_grand_prix,F1,Alpine F1 Team,0.20873589973418255
F1_2024_1125_chinese_grand_prix,F1,Aston Martin,0.1928088471408425
F1_2024_1125_chinese_grand_prix,F1,Ferrari,-0.5138341255904232
F1_2024_1125_chinese_grand_prix,F1,Haas F1 Team,0.5057880670113664
F1_2024_1125_chinese_grand_prix,F1,McLaren,-0.3976344953874311
F1_2024_1125_chinese_grand_prix,F1,Mercedes,-0.6267636944007824
F1_2024_1125_chinese_grand_prix,F1,RB F1 Team,0.21389194893151023
F1_2024_1125_chinese_grand_prix,F1,Red Bull,-0.6513027922461664
F1_2024_1125_chinese_grand_prix,F1,Sauber,0.4920119416549687
F1_2024_1125_chinese_grand_prix,F1,Williams,0.40796846868727166
F1_2024_1126_miami_grand_prix,F1,Alpine F1 Team,0.20740219206090796
F1_2024_1126_miami_grand_prix,F1,Aston Martin,0.1894321644452203
F1_2024_1126_miami_grand_prix,F1,Ferrari,-0.5089136934656564
F1_2024_1126_miami_grand_prix,F1,Haas F1 Team,0.5071345410180806
F1_2024_1126_miami_grand_prix,F1,McLaren,-0.3912406189914502
F1_2024_1126_miami_grand_prix,F1,Mercedes,-0.625613470715353
F1_2024_1126_miami_grand_prix,F1,RB F1 Team,0.2143262341939781
F1_2024_1126_miami_grand_prix,F1,Red Bull,-0.6520763354718958
F1_2024_1126_miami_grand_prix,F1,Sauber,0.47661750710073203
F1_2024_1126_miami_grand_prix,F1,Williams,0.40870340175843783
F1_2024_1127_emilia_romagna_grand_prix,F1,Alpine F1 Team,0.20535430250896838
F1_2024_1127_emilia_romagna_grand_prix,F1,Aston Martin,0.18940663019333634
F1_2024_1127_emilia_romagna_grand_prix,F1,Ferrari,-0.5115271584400812
F1_2024_1127_emilia_romagna_grand_prix,F1,Haas F1 Team,0.5061585207323585
F1_2024_1127_emilia_romagna_grand_prix,F1,McLaren,-0.39438394351426903
F1_2024_1127_emilia_romagna_grand_prix,F1,Mercedes,-0.6233169388794655
F1_2024_1127_emilia_romagna_grand_prix,F1,RB F1 Team,0.21277418811859394
F1_2024_1127_emilia_romagna_grand_prix,F1,Red Bull,-0.6552642697547271
F1_2024_1127_emilia_romagna_grand_prix,F1,Sauber,0.4770785389791154
F1_2024_1127_emilia_romagna_grand_prix,F1,Williams,0.4081568120357804
F1_2024_1128_monaco_grand_prix,F1,Alpine F1 Team,0.20696022102816902
F1_2024_1128_monaco_grand_prix,F1,Aston Martin,0.18747721146967083
F1_2024_1128_monaco_grand_prix,F1,Ferrari,-0.5106239036042813
F1_2024_1128_monaco_grand_prix,F1,McLaren,-0.3935368373414843
F1_2024_1128_monaco_grand_prix,F1,Mercedes,-0.6217843307405706
F1_2024_1128_monaco_grand_prix,F1,RB F1 Team,0.21142861350577596
F1_2024_1128_monaco_grand_prix,F1,Red Bull,-0.6536760543820347
F1_2024_1128_monaco_grand_prix,F1,Sauber,0.4759409852898381
F1_2024_1128_monaco_grand_prix,F1,Williams,0.40809221633027354
F1_2024_1129_canadian_grand_prix,F1,Alpine F1 Team,0.20840597919880394
F1_2024_1129_canadian_grand_prix,F1,Aston Martin,0.19144580251374824
F1_2024_1129_canadian_grand_prix,F1,Ferrari,-0.5176091025040764
F1_2024_1129_canadian_grand_prix,F1,Haas F1 Team,0.5083493276765987
F1_2024_1129_canadian_grand_prix,F1,McLaren,-0.39158002213509274
F1_2024_1129_canadian_grand_prix,F1,Mercedes,-0.6202323065569152
F1_2024_1129_canadian_grand_prix,F1,RB F1 Team,0.21661062138695772
F1_2024_1129_canadian_grand_prix,F1,Red Bull,-0.65676661624206
F1_2024_1129_canadian_grand_prix,F1,Sauber,0.4809554041418085
F1_2024_1129_canadian_grand_prix,F1,Williams,0.41055996026933617
F1_2024_1130_spanish_grand_prix,F1,Alpine F1 Team,0.20996823389123215
F1_2024_1130_spanish_grand_prix,F1,Aston Martin,0.18913347957385512
F1_2024_1130_spanish_grand_prix,F1,Ferrari,-0.5125357932325174
F1_2024_1130_spanish_grand_prix,F1,Haas F1 Team,0.5072861099192362
F1_2024_1130_spanish_grand_prix,F1,McLaren,-0.39512921103207077
F1_2024_1130_spanish_grand_prix,F1,Mercedes,-0.6231193472881948
F1_2024_1130_spanish_grand_prix,F1,RB F1 Team,0.20967259927252202
F1_2024_1130_spanish_grand_prix,F1,Red Bull,-0.6554813724977879
F1_2024_1130_spanish_grand_prix,F1,Sauber,0.4831985837141837
F1_2024_1130_spanish_grand_prix,F1,Williams,0.40469813921933295
F1_2024_1131_austrian_grand_prix,F1,Alpine F1 Team,0.20904341116987366
F1_2024_1131_austrian_grand_prix,F1,Aston Martin,0.18938267377034843
F1_2024_1131_austrian_grand_prix,F1,Ferrari,-0.5112252144512487
F1_2024_1131_austrian_grand_prix,F1,Haas F1 Team,0.5085682922887962
F1_2024_1131_austrian_grand_prix,F1,McLaren,-0.3937581693374333
F1_2024_1131_austrian_grand_prix,F1,Mercedes,-0.622159639379162
F1_2024_1131_austrian_grand_prix,F1,RB F1 Team,0.2159709360292838
F1_2024_1131_austrian_grand_prix,F1,Red Bull,-0.6557910736620121
F1_2024_1131_austrian_grand_prix,F1,Sauber,0.48420255824897507
F1_2024_1131_austrian_grand_prix,F1,Williams,0.40825462190449885
F1_2024_1132_british_grand_prix,F1,Alpine F1 Team,0.2018257584128463
F1_2024_1132_british_grand_prix,F1,Aston Martin,0.1913466875953168
F1_2024_1132_british_grand_prix,F1,Ferrari,-0.5139000842016082
F1_2024_1132_british_grand_prix,F1,Haas F1 Team,0.5079549236991255
F1_2024_1132_british_grand_prix,F1,McLaren,-0.3935854485555083
F1_2024_1132_british_grand_prix,F1,Mercedes,-0.6194250939776174
F1_2024_1132_british_grand_prix,F1,RB F1 Team,0.2113006016598866
F1_2024_1132_british_grand_prix,F1,Red Bull,-0.6553728936123162
F1_2024_1132_british_grand_prix,F1,Sauber,0.47129988833268777
F1_2024_1132_british_grand_prix,F1,Williams,0.40962743208235264
F1_2024_1133_hungarian_grand_prix,F1,Alpine F1 Team,0.20650212785601607
F1_2024_1133_hungarian_grand_prix,F1,Aston Martin,0.19117346104591001
F1_2024_1133_hungarian_grand_prix,F1,Ferrari,-0.5112220616361387
F1_2024_1133_hungarian_grand_prix,F1,Haas F1 Team,0.506700824969938
F1_2024_1133_hungarian_grand_prix,F1,McLaren,-0.3934559527672333
F1_2024_1133_hungarian_grand_prix,F1,Mercedes,-0.6226340534432866
F1_2024_1133_hungarian_grand_prix,F1,RB F1 Team,0.21552899602035538
F1_2024_1133_hungarian_grand_prix,F1,Red Bull,-0.6552832693794018
F1_2024_1133_hungarian_grand_prix,F1,Sauber,0.48430024792389653
F1_2024_1133_hungarian_grand_prix,F1,Williams,0.4088600832408684
F1_2024_1134_belgian_grand_prix,F1,Alpine F1 Team,0.2090017536011077
F1_2024_1134_belgian_grand_prix,F1,Aston Martin,0.1878064377667992
F1_2024_1134_belgian_grand_prix,F1,Ferrari,-0.5123344614543728
F1_2024_1134_belgian_grand_prix,F1,Haas F1 Team,0.5046053748863474
F1_2024_1134_belgian_grand_prix,F1,McLaren,-0.39444867282554047
F1_2024_1134_belgian_grand_prix,F1,Mercedes,-0.6229267722517149
F1_2024_1134_belgian_grand_prix,F1,RB F1 Team,0.21280969943581887
F1_2024_1134_belgian_grand_prix,F1,Red Bull,-0.6552894457424429
F1_2024_1134_belgian_grand_prix,F1,Sauber,0.4873276905516279
F1_2024_1134_belgian_grand_prix,F1,Williams,0.4085924582249993
F1_2024_1135_dutch_grand_prix,F1,Alpine F1 Team,0.20765617054894747
F1_2024_1135_dutch_grand_prix,F1,Aston Martin,0.18956011394165645
F1_2024_1135_dutch_grand_prix,F1,Ferrari,-0.5121525790140027
F1_2024_1135_dutch_grand_prix,F1,Haas F1 Team,0.5056828124198339
F1_2024_1135_dutch_grand_prix,F1,McLaren,-0.39378913611497623
F1_2024_1135_dutch_grand_prix,F1,Mercedes,-0.6227732738657363
F1_2024_1135_dutch_grand_prix,F1,RB F1 Team,0.21147288177715826
F1_2024_1135_dutch_grand_prix,F1,Red Bull,-0.6557163827408974
F1_2024_1135_dutch_grand_prix,F1,Sauber,0.47487778332240477
F1_2024_1135_dutch_grand_prix,F1,Williams,0.4055149235627408
F1_2024_1136_italian_grand_prix,F1,Alpine F1 Team,0.20596086366626926
F1_2024_1136_italian_grand_prix,F1,Aston Martin,0.19088599846968693
F1_2024_1136_italian_grand_prix,F1,Ferrari,-0.511847518256762
F1_2024_1136_italian_grand_prix,F1,Haas F1 Team,0.5082545064320378
F1_2024_1136_italian_grand_prix,F1,McLaren,-0.3916193023083778
F1_2024_1136_italian_grand_prix,F1,Mercedes,-0.6210339542848113
F1_2024_1136_italian_grand_prix,F1,RB F1 Team,0.21138026615846014
F1_2024_1136_italian_grand_prix,F1,Red Bull,-0.6555768165190714
F1_2024_1136_italian_grand_prix,F1,Sauber,0.47506699097875876
F1_2024_1136_italian_grand_prix,F1,Williams,0.4088888771961835
F1_2024_1137_azerbaijan_grand_prix,F1,Alpine F1 Team,0.20358061126968288
F1_2024_1137_azerbaijan_grand_prix,F1,Aston Martin,0.19090796024079185
F1_2024_1137_azerbaijan_grand_prix,F1,Ferrari,-0.509869891477042
F1_2024_1137_azerbaijan_grand_prix,F1,Haas F1 Team,0.5086534415552719
F1_2024_1137_azerbaijan_grand_prix,F1,McLaren,-0.3954376116694736
F1_2024_1137_azerbaijan_grand_prix,F1,Mercedes,-0.6242075771727267
F1_2024_1137_azerbaijan_grand_prix,F1,RB F1 Team,0.20232923057981908
F1_2024_1137_azerbaijan_grand_prix,F1,Red Bull,-0.6553667386382683
F1_2024_1137_azerbaijan_grand_prix,F1,Sauber,0.4776609873044524
F1_2024_1137_azerbaijan_grand_prix,F1,Williams,0.41123931265634905
F1_2024_1138_singapore_grand_prix,F1,Alpine F1 Team,0.20574188349383
F1_2024_1138_singapore_grand_prix,F1,Aston Martin,0.18927821481035428
F1_2024_1138_singapore_grand_prix,F1,Ferrari,-0.5151792680217195
F1_2024_1138_singapore_grand_prix,F1,Haas F1 Team,0.5081091966760278
F1_2024_1138_singapore_grand_prix,F1,McLaren,-0.390792555710014
F1_2024_1138_singapore_grand_prix,F1,Mercedes,-0.6238447297643902
F1_2024_1138_singapore_grand_prix,F1,RB F1 Team,0.2172044246324709
F1_2024_1138_singapore_grand_prix,F1,Red Bull,-0.656539594512202
F1_2024_1138_singapore_grand_prix,F1,Sauber,0.4799240407953268
F1_2024_1138_singapore_grand_prix,F1,Williams,0.41153136153555325
F1_2024_1139_united_states_grand_prix,F1,Alpine F1 Team,0.20646938254812414
F1_2024_1139_united_states_grand_prix,F1,Aston Martin,0.18704054099466094
F1_2024_1139_united_states_grand_prix,F1,Ferrari,-0.5065322511081086
F1_2024_1139_united_states_grand_prix,F1,Haas F1 Team,0.5099380728543211
F1_2024_1139_united_states_grand_prix,F1,McLaren,-0.39199972793721855
F1_2024_1139_united_states_grand_prix,F1,Mercedes,-0.6235762088416047
F1_2024_1139_united_states_grand_prix,F1,RB F1 Team,0.2166396748685845
F1_2024_1139_united_states_grand_prix,F1,Red Bull,-0.6562464907455181
F1_2024_1139_united_states_grand_prix,F1,Sauber,0.47718377962160885
F1_2024_1139_united_states_grand_prix,F1,Williams,0.4084254363806247
F1_2024_1140_mexico_city_grand_prix,F1,Alpine F1 Team,0.20667496825697534
F1_2024_1140_mexico_city_grand_prix,F1,Aston Martin,0.18829213754980098
F1_2024_1140_mexico_city_grand_prix,F1,Ferrari,-0.5082198414550453
F1_2024_1140_mexico_city_grand_prix,F1,Haas F1 Team,0.5089975056774415
F1_2024_1140_mexico_city_grand_prix,F1,McLaren,-0.39311364396430704
F1_2024_1140_mexico_city_grand_prix,F1,Mercedes,-0.6237279034210493
F1_2024_1140_mexico_city_grand_prix,F1,RB F1 Team,0.21105651340072432
F1_2024_1140_mexico_city_grand_prix,F1,Red Bull,-0.6583365237845964
F1_2024_1140_mexico_city_grand_prix,F1,Sauber,0.47820547917993167
F1_2024_1140_mexico_city_grand_prix,F1,Williams,0.4092474344774411
F1_2024_1141_s_o_paulo_grand_prix,F1,Alpine F1 Team,0.2126676859850446
F1_2024_1141_s_o_paulo_grand_prix,F1,Aston Martin,0.19101750451364968
F1_2024_1141_s_o_paulo_grand_prix,F1,Ferrari,-0.5147408197517099
F1_2024_1141_s_o_paulo_grand_prix,F1,Haas F1 Team,0.5059260566172459
F1_2024_1141_s_o_paulo_grand_prix,F1,McLaren,-0.3977088574114139
F1_2024_1141_s_o_paulo_grand_prix,F1,Mercedes,-0.6259903992755813
F1_2024_1141_s_o_paulo_grand_prix,F1,RB F1 Team,0.21822818916925396
F1_2024_1141_s_o_paulo_grand_prix,F1,Red Bull,-0.6584098284467316
F1_2024_1141_s_o_paulo_grand_prix,F1,Sauber,0.47034380612810306
F1_2024_1141_s_o_paulo_grand_prix,F1,Williams,0.4058689562282446
F1_2024_1142_las_vegas_grand_prix,F1,Alpine F1 Team,0.2065391028267463
F1_2024_1142_las_vegas_grand_prix,F1,Aston Martin,0.1892353243268505
F1_2024_1142_las_vegas_grand_prix,F1,Ferrari,-0.511514023240735
F1_2024_1142_las_vegas_grand_prix,F1,Haas F1 Team,0.5081128078841805
F1_2024_1142_las_vegas_grand_prix,F1,McLaren,-0.3989411260028776
F1_2024_1142_las_vegas_grand_prix,F1,Mercedes,-0.622165434294286
F1_2024_1142_las_vegas_grand_prix,F1,RB F1 Team,0.21239073771122574
F1_2024_1142_las_vegas_grand_prix,F1,Red Bull,-0.6572867943995909
F1_2024_1142_las_vegas_grand_prix,F1,Sauber,0.4862412466866749
F1_2024_1142_las_vegas_grand_prix,F1,Williams,0.4096000804430152
F1_2024_1143_qatar_grand_prix,F1,Alpine F1 Team,0.20962830534256754
F1_2024_1143_qatar_grand_prix,F1,Aston Martin,0.19058805748189464
F1_2024_1143_qatar_grand_prix,F1,Ferrari,-0.5112524511562405
F1_2024_1143_qatar_grand_prix,F1,Haas F1 Team,0.5071553545236763
F1_2024_1143_qatar_grand_prix,F1,McLaren,-0.3931537975612709
F1_2024_1143_qatar_grand_prix,F1,Mercedes,-0.6247039556703005
F1_2024_1143_qatar_grand_prix,F1,RB F1 Team,0.20237868428037153
F1_2024_1143_qatar_grand_prix,F1,Red Bull,-0.6549948781912774
F1_2024_1143_qatar_grand_prix,F1,Sauber,0.4850147301888869
F1_2024_1143_qatar_grand_prix,F1,Williams,0.40551140450957285
F1_2024_1144_abu_dhabi_grand_prix,F1,Alpine F1 Team,0.20454329794631598
F1_2024_1144_abu_dhabi_grand_prix,F1,Aston Martin,0.19033862411536498
F1_2024_1144_abu_dhabi_grand_prix,F1,Ferrari,-0.5108316549816618
F1_2024_1144_abu_dhabi_grand_prix,F1,Haas F1 Team,0.5069823474963671
F1_2024_1144_abu_dhabi_grand_prix,F1,McLaren,-0.3936029615973528
F1_2024_1144_abu_dhabi_grand_prix,F1,Mercedes,-0.6246120655953308
F1_2024_1144_abu_dhabi_grand_prix,F1,RB F1 Team,0.2075762557805608
F1_2024_1144_abu_dhabi_grand_prix,F1,Red Bull,-0.6564265704059702
F1_2024_1144_abu_dhabi_grand_prix,F1,Sauber,0.491643276081827
F1_2024_1144_abu_dhabi_grand_prix,F1,Williams,0.4071356055257543
F1_2025_1145_australian_grand_prix,F1,Alpine F1 Team,0.20962830534256754
F1_2025_1145_australian_grand_prix,F1,Aston Martin,0.19084497437809186
F1_2025_1145_australian_grand_prix,F1,Ferrari,-0.5153090196119926
F1_2025_1145_australian_grand_prix,F1,Haas F1 Team,0.501825188336511
F1_2025_1145_australian_grand_prix,F1,McLaren,-0.38996743030294023
F1_2025_1145_australian_grand_prix,F1,Mercedes,-0.6245381149524705
F1_2025_1145_australian_grand_prix,F1,RB F1 Team,0.21822818916925396
F1_2025_1145_australian_grand_prix,F1,Red Bull,-0.6588863542085655
F1_2025_1145_australian_grand_prix,F1,Sauber,0.48735613719510007
F1_2025_1145_australian_grand_prix,F1,Williams,0.41133146770872275
F1_2025_1146_chinese_grand_prix,F1,Alpine F1 Team,0.20599848014974603
F1_2025_1146_chinese_grand_prix,F1,Aston Martin,0.18812851158471514
F1_2025_1146_chinese_grand_prix,F1,Ferrari,-0.5103550210916701
F1_2025_1146_chinese_grand_prix,F1,Haas F1 Team,0.5080317542565665
F1_2025_1146_chinese_grand_prix,F1,McLaren,-0.3925914866873339
F1_2025_1146_chinese_grand_prix,F1,Mercedes,-0.6251054961504099
F1_2025_1146_chinese_grand_prix,F1,RB F1 Team,0.2182172293022924
F1_2025_1146_chinese_grand_prix,F1,Red Bull,-0.6571981767470109
F1_2025_1146_chinese_grand_prix,F1,Sauber,0.4757755407546966
F1_2025_1146_chinese_grand_prix,F1,Williams,0.40979168701679936
F1_2025_1147_japanese_grand_prix,F1,Alpine F1 Team,0.20661113376598234
F1_2025_1147_japanese_grand_prix,F1,Aston Martin,0.18757659938702048
F1_2025_1147_japanese_grand_prix,F1,Ferrari,-0.5114847753884257
F1_2025_1147_japanese_grand_prix,F1,Haas F1 Team,0.5057717126300143
F1_2025_1147_japanese_grand_prix,F1,McLaren,-0.39165861969956367
F1_2025_1147_japanese_grand_prix,F1,Mercedes,-0.6213601775440587
F1_2025_1147_japanese_grand_prix,F1,RB F1 Team,0.2153033741753301
F1_2025_1147_japanese_grand_prix,F1,Red Bull,-0.6579021403476462
F1_2025_1147_japanese_grand_prix,F1,Sauber,0.4738509550759658
F1_2025_1147_japanese_grand_prix,F1,Williams,0.411028573798635
F1_2025_1148_bahrain_grand_prix,F1,Alpine F1 Team,0.20993668741116422
F1_2025_1148_bahrain_grand_prix,F1,Aston Martin,0.18600958534335366
F1_2025_1148_bahrain_grand_prix,F1,Ferrari,-0.5109606207573575
F1_2025_1148_bahrain_grand_prix,F1,Haas F1 Team,0.508401435839282
F1_2025_1148_bahrain_grand_prix,F1,McLaren,-0.3917253484501979
F1_2025_1148_bahrain_grand_prix,F1,Mercedes,-0.6244247507646309
F1_2025_1148_bahrain_grand_prix,F1,RB F1 Team,0.21212909328957005
F1_2025_1148_bahrain_grand_prix,F1,Red Bull,-0.6589473644440009
F1_2025_1148_bahrain_grand_prix,F1,Sauber,0.47725045592636933
F1_2025_1148_bahrain_grand_prix,F1,Williams,0.4109262037023948
F1_2025_1149_saudi_arabian_grand_prix,F1,Alpine F1 Team,0.20312362353746835
F1_2025_1149_saudi_arabian_grand_prix,F1,Aston Martin,0.1874054654537424
F1_2025_1149_saudi_arabian_grand_prix,F1,Ferrari,-0.5104826042568866
F1_2025_1149_saudi_arabian_grand_prix,F1,Haas F1 Team,0.5046397245731234
F1_2025_1149_saudi_arabian_grand_prix,F1,McLaren,-0.39187617083176024
F1_2025_1149_saudi_arabian_grand_prix,F1,Mercedes,-0.6227849298678177
F1_2025_1149_saudi_arabian_grand_prix,F1,RB F1 Team,0.21735754614193964
F1_2025_1149_saudi_arabian_grand_prix,F1,Red Bull,-0.6505264509472592
F1_2025_1149_saudi_arabian_grand_prix,F1,Sauber,0.47717162097379406
F1_2025_1149_saudi_arabian_grand_prix,F1,Williams,0.410980079566293
F1_2025_1150_miami_grand_prix,F1,Alpine F1 Team,0.20566004900739918
F1_2025_1150_miami_grand_prix,F1,Aston Martin,0.18235058863737674
F1_2025_1150_miami_grand_prix,F1,Ferrari,-0.5150920417443203
F1_2025_1150_miami_grand_prix,F1,Haas F1 Team,0.5053869122320195
F1_2025_1150_miami_grand_prix,F1,McLaren,-0.38991296727993136
F1_2025_1150_miami_grand_prix,F1,Mercedes,-0.6250725129910184
F1_2025_1150_miami_grand_prix,F1,RB F1 Team,0.21184386317049703
F1_2025_1150_miami_grand_prix,F1,Red Bull,-0.6586382867982898
F1_2025_1150_miami_grand_prix,F1,Sauber,0.4863837448989301
F1_2025_1150_miami_grand_prix,F1,Williams,0.4122632923812266
F1_2025_1151_emilia_romagna_grand_prix,F1,Alpine F1 Team,0.20698655652019157
F1_2025_1151_emilia_romagna_grand_prix,F1,Aston Martin,0.19032562558946034
F1_2025_1151_emilia_romagna_grand_prix,F1,Ferrari,-0.5137919996244212
F1_2025_1151_emilia_romagna_grand_prix,F1,Haas F1 Team,0.5065766127754333
F1_2025_1151_emilia_romagna_grand_prix,F1,McLaren,-0.39136961581346463
F1_2025_1151_emilia_romagna_grand_prix,F1,Mercedes,-0.6266975318812356
F1_2025_1151_emilia_romagna_grand_prix,F1,RB F1 Team,0.2170788066918296
F1_2025_1151_emilia_romagna_grand_prix,F1,Red Bull,-0.6577543954884649
F1_2025_1151_emilia_romagna_grand_prix,F1,Sauber,0.4867880575934543
F1_2025_1151_emilia_romagna_grand_prix,F1,Williams,0.4124576305468289
F1_2025_1152_monaco_grand_prix,F1,Alpine F1 Team,0.20770514262581324
F1_2025_1152_monaco_grand_prix,F1,Aston Martin,0.19043162853015816
F1_2025_1152_monaco_grand_prix,F1,Ferrari,-0.5105839855121714
F1_2025_1152_monaco_grand_prix,F1,Haas F1 Team,0.5082169460309515
F1_2025_1152_monaco_grand_prix,F1,McLaren,-0.39245874334641784
F1_2025_1152_monaco_grand_prix,F1,Mercedes,-0.6287774778291146
F1_2025_1152_monaco_grand_prix,F1,RB F1 Team,0.2189580481437693
F1_2025_1152_monaco_grand_prix,F1,Red Bull,-0.65814894080623
F1_2025_1152_monaco_grand_prix,F1,Sauber,0.48675425271608136
F1_2025_1152_monaco_grand_prix,F1,Williams,0.41102521402248193
F1_2025_1153_spanish_grand_prix,F1,Alpine F1 Team,0.20716427076820884
F1_2025_1153_spanish_grand_prix,F1,Aston Martin,0.18905160740126678
F1_2025_1153_spanish_grand_prix,F1,Ferrari,-0.5128345272632941
F1_2025_1153_spanish_grand_prix,F1,Haas F1 Team,0.5051535972073388
F1_2025_1153_spanish_grand_prix,F1,McLaren,-0.39323100816984913
F1_2025_1153_spanish_grand_prix,F1,Mercedes,-0.6247055038293816
F1_2025_1153_spanish_grand_prix,F1,RB F1 Team,0.21704383675708055
F1_2025_1153_spanish_grand_prix,F1,Red Bull,-0.6571662320866353
F1_2025_1153_spanish_grand_prix,F1,Sauber,0.4896614559541011
F1_2025_1153_spanish_grand_prix,F1,Williams,0.40893510888498663
F1_2025_1154_canadian_grand_prix,F1,Alpine F1 Team,0.20582827200820336
F1_2025_1154_canadian_grand_prix,F1,Aston Martin,0.19116142711375564
F1_2025_1154_canadian_grand_prix,F1,Ferrari,-0.5107502038082121
F1_2025_1154_canadian_grand_prix,F1,Haas F1 Team,0.5071225393804095
F1_2025_1154_canadian_grand_prix,F1,McLaren,-0.39106022238963123
F1_2025_1154_canadian_grand_prix,F1,Mercedes,-0.6177036942284646
F1_2025_1154_canadian_grand_prix,F1,RB F1 Team,0.20874068152812816
F1_2025_1154_canadian_grand_prix,F1,Red Bull,-0.6591362902773876
F1_2025_1154_canadian_grand_prix,F1,Sauber,0.4869501994333297
F1_2025_1154_canadian_grand_prix,F1,Williams,0.40983346965327094
F1_2025_1155_austrian_grand_prix,F1,Alpine F1 Team,0.20642291128488996
F1_2025_1155_austrian_grand_prix,F1,Aston Martin,0.1891973761148591
F1_2025_1155_austrian_grand_prix,F1,Ferrari,-0.5106862004520505
F1_2025_1155_austrian_grand_prix,F1,Haas F1 Team,0.5080112052872712
F1_2025_1155_austrian_grand_prix,F1,McLaren,-0.39134748806694103
F1_2025_1155_austrian_grand_prix,F1,Mercedes,-0.6262786955596574
F1_2025_1155_austrian_grand_prix,F1,RB F1 Team,0.21482460340615658
F1_2025_1155_austrian_grand_prix,F1,Red Bull,-0.6607327178431903
F1_2025_1155_austrian_grand_prix,F1,Sauber,0.49410312671339773
F1_2025_1155_austrian_grand_prix,F1,Williams,0.4116757762513356
F1_2025_1156_british_grand_prix,F1,Alpine F1 Team,0.20932092656820867
F1_2025_1156_british_grand_prix,F1,Aston Martin,0.19116142711375564
F1_2025_1156_british_grand_prix,F1,Ferrari,-0.5155150092597957
F1_2025_1156_british_grand_prix,F1,Haas F1 Team,0.5078380035066479
F1_2025_1156_british_grand_prix,F1,McLaren,-0.39166663561329257
F1_2025_1156_british_grand_prix,F1,Mercedes,-0.6266047549126305
F1_2025_1156_british_grand_prix,F1,RB F1 Team,0.22383623627038268
F1_2025_1156_british_grand_prix,F1,Red Bull,-0.6602962654555049
F1_2025_1156_british_grand_prix,F1,Sauber,0.49636236886153823
F1_2025_1156_british_grand_prix,F1,Williams,0.41021665633230764
F1_2025_1157_belgian_grand_prix,F1,Alpine F1 Team,0.20545426723432594
F1_2025_1157_belgian_grand_prix,F1,Aston Martin,0.18830572971427934
F1_2025_1157_belgian_grand_prix,F1,Ferrari,-0.5117626389968305
F1_2025_1157_belgian_grand_prix,F1,Haas F1 Team,0.506970331834408
F1_2025_1157_belgian_grand_prix,F1,McLaren,-0.3892850642311217
F1_2025_1157_belgian_grand_prix,F1,Mercedes,-0.6258543142913109
F1_2025_1157_belgian_grand_prix,F1,RB F1 Team,0.21822818916925396
F1_2025_1157_belgian_grand_prix,F1,Red Bull,-0.6561493585340641
F1_2025_1157_belgian_grand_prix,F1,Sauber,0.49410312671339773
F1_2025_1157_belgian_grand_prix,F1,Williams,0.41215775836500346
F1_2025_1158_hungarian_grand_prix,F1,Alpine F1 Team,0.20532356467684823
F1_2025_1158_hungarian_grand_prix,F1,Aston Martin,0.19205620700033788
F1_2025_1158_hungarian_grand_prix,F1,Ferrari,-0.515695157079216
F1_2025_1158_hungarian_grand_prix,F1,Haas F1 Team,0.5049919294102485
F1_2025_1158_hungarian_grand_prix,F1,McLaren,-0.39194809787667334
F1_2025_1158_hungarian_grand_prix,F1,Mercedes,-0.6256182984469274
F1_2025_1158_hungarian_grand_prix,F1,RB F1 Team,0.218166177906585
F1_2025_1158_hungarian_grand_prix,F1,Red Bull,-0.6592177494907079
F1_2025_1158_hungarian_grand_prix,F1,Sauber,0.4943895177850199
F1_2025_1158_hungarian_grand_prix,F1,Williams,0.40940249891316
F1_2025_1159_dutch_grand_prix,F1,Alpine F1 Team,0.20559484853405188
F1_2025_1159_dutch_grand_prix,F1,Aston Martin,0.18933847578947946
F1_2025_1159_dutch_grand_prix,F1,Ferrari,-0.5112036204292989
F1_2025_1159_dutch_grand_prix,F1,Haas F1 Team,0.5044486719939933
F1_2025_1159_dutch_grand_prix,F1,McLaren,-0.3879227299254802
F1_2025_1159_dutch_grand_prix,F1,Mercedes,-0.6242875692605152
F1_2025_1159_dutch_grand_prix,F1,RB F1 Team,0.2243762059508794
F1_2025_1159_dutch_grand_prix,F1,Red Bull,-0.6591275630886175
F1_2025_1159_dutch_grand_prix,F1,Sauber,0.4808935782541865
F1_2025_1159_dutch_grand_prix,F1,Williams,0.4115412637297855
F1_2025_1160_italian_grand_prix,F1,Alpine F1 Team,0.20477822121182443
F1_2025_1160_italian_grand_prix,F1,Aston Martin,0.18897678112825048
F1_2025_1160_italian_grand_prix,F1,Ferrari,-0.5114152279151227
F1_2025_1160_italian_grand_prix,F1,Haas F1 Team,0.5077672431335342
F1_2025_1160_italian_grand_prix,F1,McLaren,-0.393004183450523
F1_2025_1160_italian_grand_prix,F1,Mercedes,-0.624644068619684
F1_2025_1160_italian_grand_prix,F1,RB F1 Team,0.21398116309965348
F1_2025_1160_italian_grand_prix,F1,Red Bull,-0.658022567813686
F1_2025_1160_italian_grand_prix,F1,Sauber,0.4936235961645319
F1_2025_1160_italian_grand_prix,F1,Williams,0.411214285868283
F1_2025_1161_azerbaijan_grand_prix,F1,Alpine F1 Team,0.19987278159024313
F1_2025_1161_azerbaijan_grand_prix,F1,Aston Martin,0.18540718001726952
F1_2025_1161_azerbaijan_grand_prix,F1,Ferrari,-0.5143303794529425
F1_2025_1161_azerbaijan_grand_prix,F1,Haas F1 Team,0.5029581438248357
F1_2025_1161_azerbaijan_grand_prix,F1,McLaren,-0.3975254233318849
F1_2025_1161_azerbaijan_grand_prix,F1,Mercedes,-0.62261670424665
F1_2025_1161_azerbaijan_grand_prix,F1,RB F1 Team,0.2218158042470023
F1_2025_1161_azerbaijan_grand_prix,F1,Red Bull,-0.6543496748728117
F1_2025_1161_azerbaijan_grand_prix,F1,Sauber,0.48797976139545357
F1_2025_1161_azerbaijan_grand_prix,F1,Williams,0.4133308801657688
F1_2025_1162_singapore_grand_prix,F1,Alpine F1 Team,0.20632412005861311
F1_2025_1162_singapore_grand_prix,F1,Aston Martin,0.19080739465926488
F1_2025_1162_singapore_grand_prix,F1,Ferrari,-0.5101327555611826
F1_2025_1162_singapore_grand_prix,F1,Haas F1 Team,0.5068473539073224
F1_2025_1162_singapore_grand_prix,F1,McLaren,-0.392952833135
F1_2025_1162_singapore_grand_prix,F1,Mercedes,-0.6209933871607521
F1_2025_1162_singapore_grand_prix,F1,RB F1 Team,0.21459150190851198
F1_2025_1162_singapore_grand_prix,F1,Red Bull,-0.6572374177385459
F1_2025_1162_singapore_grand_prix,F1,Sauber,0.48651192655464937
F1_2025_1162_singapore_grand_prix,F1,Williams,0.4086843738222882
F1_2025_1163_united_states_grand_prix,F1,Alpine F1 Team,0.20220117173818533
F1_2025_1163_united_states_grand_prix,F1,Aston Martin,0.18957532425477336
F1_2025_1163_united_states_grand_prix,F1,Ferrari,-0.5095396255870664
F1_2025_1163_united_states_grand_prix,F1,Haas F1 Team,0.5073098272053315
F1_2025_1163_united_states_grand_prix,F1,McLaren,-0.3930219874485156
F1_2025_1163_united_states_grand_prix,F1,Mercedes,-0.6239971058493871
F1_2025_1163_united_states_grand_prix,F1,RB F1 Team,0.21043631185349376
F1_2025_1163_united_states_grand_prix,F1,Red Bull,-0.6561001531139231
F1_2025_1163_united_states_grand_prix,F1,Sauber,0.4926407534301725
F1_2025_1163_united_states_grand_prix,F1,Williams,0.4112022440444789
F1_2025_1164_mexico_city_grand_prix,F1,Alpine F1 Team,0.20182451479504268
F1_2025_1164_mexico_city_grand_prix,F1,Aston Martin,0.18996671312520197
F1_2025_1164_mexico_city_grand_prix,F1,Ferrari,-0.5139028008837793
F1_2025_1164_mexico_city_grand_prix,F1,Haas F1 Team,0.5089085646541521
F1_2025_1164_mexico_city_grand_prix,F1,McLaren,-0.3956961345920144
F1_2025_1164_mexico_city_grand_prix,F1,Mercedes,-0.6240040007130147
F1_2025_1164_mexico_city_grand_prix,F1,RB F1 Team,0.21202946560791366
F1_2025_1164_mexico_city_grand_prix,F1,Red Bull,-0.6580424746020556
F1_2025_1164_mexico_city_grand_prix,F1,Sauber,0.48583004281070363
F1_2025_1164_mexico_city_grand_prix,F1,Williams,0.40995994557330095
F1_2025_1165_s_o_paulo_grand_prix,F1,Alpine F1 Team,0.2082318758569083
F1_2025_1165_s_o_paulo_grand_prix,F1,Aston Martin,0.19027841104650461
F1_2025_1165_s_o_paulo_grand_prix,F1,Ferrari,-0.519515255038766
F1_2025_1165_s_o_paulo_grand_prix,F1,Haas F1 Team,0.5088478466149221
F1_2025_1165_s_o_paulo_grand_prix,F1,McLaren,-0.3946157709044866
F1_2025_1165_s_o_paulo_grand_prix,F1,Mercedes,-0.6240715430864919
F1_2025_1165_s_o_paulo_grand_prix,F1,RB F1 Team,0.21320234645411382
F1_2025_1165_s_o_paulo_grand_prix,F1,Red Bull,-0.6574257298012925
F1_2025_1165_s_o_paulo_grand_prix,F1,Sauber,0.4847758159715834
F1_2025_1165_s_o_paulo_grand_prix,F1,Williams,0.4092242063939595
F1_2025_1166_las_vegas_grand_prix,F1,Alpine F1 Team,0.2010011538515743
F1_2025_1166_las_vegas_grand_prix,F1,Aston Martin,0.18578600376363502
F1_2025_1166_las_vegas_grand_prix,F1,Ferrari,-0.5151169478685461
F1_2025_1166_las_vegas_grand_prix,F1,Haas F1 Team,0.5071023284529969
F1_2025_1166_las_vegas_grand_prix,F1,McLaren,-0.3952825176495549
F1_2025_1166_las_vegas_grand_prix,F1,Mercedes,-0.6245549218207184
F1_2025_1166_las_vegas_grand_prix,F1,RB F1 Team,0.2179003408001767
F1_2025_1166_las_vegas_grand_prix,F1,Red Bull,-0.656431589635115
F1_2025_1166_las_vegas_grand_prix,F1,Sauber,0.49410312671339773
F1_2025_1166_las_vegas_grand_prix,F1,Williams,0.4125201245637842
F1_2025_1167_qatar_grand_prix,F1,Alpine F1 Team,0.20551530530416534
F1_2025_1167_qatar_grand_prix,F1,Aston Martin,0.19116142711375564
F1_2025_1167_qatar_grand_prix,F1,Ferrari,-0.5170194854423616
F1_2025_1167_qatar_grand_prix,F1,Haas F1 Team,0.507119767492917
F1_2025_1167_qatar_grand_prix,F1,McLaren,-0.38586099706245364
F1_2025_1167_qatar_grand_prix,F1,Mercedes,-0.6227832004480053
F1_2025_1167_qatar_grand_prix,F1,RB F1 Team,0.21892067732084725
F1_2025_1167_qatar_grand_prix,F1,Red Bull,-0.6580156349598465
F1_2025_1167_qatar_grand_prix,F1,Sauber,0.4837857248568585
F1_2025_1167_qatar_grand_prix,F1,Williams,0.4115016284947958
F1_2025_1168_abu_dhabi_grand_prix,F1,Alpine F1 Team,0.20902003202614464
F1_2025_1168_abu_dhabi_grand_prix,F1,Aston Martin,0.1903255463955622
F1_2025_1168_abu_dhabi_grand_prix,F1,Ferrari,-0.5102823799031004
F1_2025_1168_abu_dhabi_grand_prix,F1,Haas F1 Team,0.5075356911367911
F1_2025_1168_abu_dhabi_grand_prix,F1,McLaren,-0.39064669694773846
F1_2025_1168_abu_dhabi_grand_prix,F1,Mercedes,-0.626510237711407
F1_2025_1168_abu_dhabi_grand_prix,F1,RB F1 Team,0.212034870504248
F1_2025_1168_abu_dhabi_grand_prix,F1,Red Bull,-0.6563841739580656
F1_2025_1168_abu_dhabi_grand_prix,F1,Sauber,0.48967511719764856
F1_2025_1168_abu_dhabi_grand_prix,F1,Williams,0.4102626225468819
F1_2026_1169_australian_grand_prix,F1,Alpine F1 Team,0.20717921160263167
F1_2026_1169_australian_grand_prix,F1,Aston Martin,0.1820586977780024
F1_2026_1169_australian_grand_prix,F1,Audi,0.0847156172035618
F1_2026_1169_australian_grand_prix,F1,Cadillac,1.0624212023208797
F1_2026_1169_australian_grand_prix,F1,Ferrari,-0.5101074227776726
F1_2026_1169_australian_grand_prix,F1,Haas F1 Team,0.5088200274520207
F1_2026_1169_australian_grand_prix,F1,McLaren,-0.3953621736970387
F1_2026_1169_australian_grand_prix,F1,Mercedes,-0.620083409037898
F1_2026_1169_australian_grand_prix,F1,RB F1 Team,0.2165089575412871
F1_2026_1169_australian_grand_prix,F1,Red Bull,-0.6549820007723426
F1_2026_1169_australian_grand_prix,F1,Williams,0.4086459457766999
F1_2026_1170_chinese_grand_prix,F1,Alpine F1 Team,0.2105799419527247
F1_2026_1170_chinese_grand_prix,F1,Aston Martin,0.18054862121082874
F1_2026_1170_chinese_grand_prix,F1,Audi,0.0684705636035606
F1_2026_1170_chinese_grand_prix,F1,Cadillac,1.0826492703809092
F1_2026_1170_chinese_grand_prix,F1,Ferrari,-0.5110243251034614
F1_2026_1170_chinese_grand_prix,F1,Haas F1 Team,0.5090416249316831
F1_2026_1170_chinese_grand_prix,F1,Mercedes,-0.6181789243570269
F1_2026_1170_chinese_grand_prix,F1,RB F1 Team,0.2158133960929172
F1_2026_1170_chinese_grand_prix,F1,Red Bull,-0.6591275630886175
F1_2026_1170_chinese_grand_prix,F1,Williams,0.4075990784508007
F1_2026_1171_japanese_grand_prix,F1,Alpine F1 Team,0.21006639872568159
F1_2026_1171_japanese_grand_prix,F1,Aston Martin,0.17854231622779074
F1_2026_1171_japanese_grand_prix,F1,Audi,0.06993652858130536
F1_2026_1171_japanese_grand_prix,F1,Cadillac,1.0746867025059403
F1_2026_1171_japanese_grand_prix,F1,Ferrari,-0.5097658312547501
F1_2026_1171_japanese_grand_prix,F1,Haas F1 Team,0.5088478466149221
F1_2026_1171_japanese_grand_prix,F1,McLaren,-0.39240553419758184
F1_2026_1171_japanese_grand_prix,F1,Mercedes,-0.6191410071258578
F1_2026_1171_japanese_grand_prix,F1,RB F1 Team,0.21708882210566208
F1_2026_1171_japanese_grand_prix,F1,Red Bull,-0.6577194319819466
F1_2026_1171_japanese_grand_prix,F1,Williams,0.4085310204033121
F1_2026_1172_miami_grand_prix,F1,Alpine F1 Team,0.2118339183504754
F1_2026_1172_miami_grand_prix,F1,Aston Martin,0.18525140442903482
F1_2026_1172_miami_grand_prix,F1,Audi,0.07488597614141028
F1_2026_1172_miami_grand_prix,F1,Cadillac,1.0806682424239307
F1_2026_1172_miami_grand_prix,F1,Ferrari,-0.5122193545406271
F1_2026_1172_miami_grand_prix,F1,Haas F1 Team,0.5076422091282058
F1_2026_1172_miami_grand_prix,F1,McLaren,-0.39320462244379817
F1_2026_1172_miami_grand_prix,F1,Mercedes,-0.621623450655949
F1_2026_1172_miami_grand_prix,F1,RB F1 Team,0.21109078986601137
F1_2026_1172_miami_grand_prix,F1,Red Bull,-0.6566755752878509
F1_2026_1172_miami_grand_prix,F1,Williams,0.41116934503755986
F1_2026_1173_canadian_grand_prix,F1,Alpine F1 Team,0.20954909815559242
F1_2026_1173_canadian_grand_prix,F1,Aston Martin,0.17983836877422535
F1_2026_1173_canadian_grand_prix,F1,Audi,0.06539703084232293
F1_2026_1173_canadian_grand_prix,F1,Cadillac,1.1112021523278777
F1_2026_1173_canadian_grand_prix,F1,Ferrari,-0.5111761910080858
F1_2026_1173_canadian_grand_prix,F1,Haas F1 Team,0.5062651398876852
F1_2026_1173_canadian_grand_prix,F1,McLaren,-0.39859815357117806
F1_2026_1173_canadian_grand_prix,F1,Mercedes,-0.6208351882445046
F1_2026_1173_canadian_grand_prix,F1,RB F1 Team,0.21614389417067234
F1_2026_1173_canadian_grand_prix,F1,Red Bull,-0.6544640458899234
F1_2026_1173_canadian_grand_prix,F1,Williams,0.41107267887305077
F1_2026_1174_monaco_grand_prix,F1,Alpine F1 Team,0.20962830534256754
F1_2026_1174_monaco_grand_prix,F1,Aston Martin,0.18829473359744606
F1_2026_1174_monaco_grand_prix,F1,Audi,0.059437925270608205
F1_2026_1174_monaco_grand_prix,F1,Cadillac,1.1574612305626095
F1_2026_1174_monaco_grand_prix,F1,Ferrari,-0.5082435408479397
F1_2026_1174_monaco_grand_prix,F1,Haas F1 Team,0.5068774266604521
F1_2026_1174_monaco_grand_prix,F1,McLaren,-0.3969938105517593
F1_2026_1174_monaco_grand_prix,F1,Mercedes,-0.6207657828747077
F1_2026_1174_monaco_grand_prix,F1,RB F1 Team,0.21784392273354528
F1_2026_1174_monaco_grand_prix,F1,Red Bull,-0.6572948021769459
F1_2026_1174_monaco_grand_prix,F1,Williams,0.4104091453375228
F1_2026_1175_barcelona_catalunya_grand_prix,F1,Alpine F1 Team,0.2087879444294932
F1_2026_1175_barcelona_catalunya_grand_prix,F1,Aston Martin,0.18376220770079302
F1_2026_1175_barcelona_catalunya_grand_prix,F1,Audi,0.0694613288579783
F1_2026_1175_barcelona_catalunya_grand_prix,F1,Cadillac,1.1260199818754288
F1_2026_1175_barcelona_catalunya_grand_prix,F1,Ferrari,-0.5104220203636908
F1_2026_1175_barcelona_catalunya_grand_prix,F1,Haas F1 Team,0.5052357999312221
F1_2026_1175_barcelona_catalunya_grand_prix,F1,McLaren,-0.39489689226158514
F1_2026_1175_barcelona_catalunya_grand_prix,F1,Mercedes,-0.6211311405218115
F1_2026_1175_barcelona_catalunya_grand_prix,F1,RB F1 Team,0.21577836478730011
F1_2026_1175_barcelona_catalunya_grand_prix,F1,Red Bull,-0.65601409257549
F1_2026_1175_barcelona_catalunya_grand_prix,F1,Williams,0.4087082687523658
F1_2026_1176_austrian_grand_prix,F1,Alpine F1 Team,0.2072926999869104
F1_2026_1176_austrian_grand_prix,F1,Aston Martin,0.1802676617877547
F1_2026_1176_austrian_grand_prix,F1,Audi,0.06934717329267223
F1_2026_1176_austrian_grand_prix,F1,Cadillac,1.1189603119670752
F1_2026_1176_austrian_grand_prix,F1,Ferrari,-0.5119606660968564
F1_2026_1176_austrian_grand_prix,F1,Haas F1 Team,0.5048709176771332
F1_2026_1176_austrian_grand_prix,F1,McLaren,-0.39539389915312284
F1_2026_1176_austrian_grand_prix,F1,Mercedes,-0.6211154354387651
F1_2026_1176_austrian_grand_prix,F1,RB F1 Team,0.21822818916925396
F1_2026_1176_austrian_grand_prix,F1,Red Bull,-0.6552459825558491
F1_2026_1176_austrian_grand_prix,F1,Williams,0.4057731031544012
F1_2026_1177_british_grand_prix,F1,Alpine F1 Team,0.20927445117302798
F1_2026_1177_british_grand_prix,F1,Aston Martin,0.17652046185299713
F1_2026_1177_british_grand_prix,F1,Audi,0.08017443314216342
F1_2026_1177_british_grand_prix,F1,Cadillac,1.1212757703871579
F1_2026_1177_british_grand_prix,F1,Ferrari,-0.5102947194425442
F1_2026_1177_british_grand_prix,F1,Haas F1 Team,0.5050032491777633
F1_2026_1177_british_grand_prix,F1,McLaren,-0.3961665599880508
F1_2026_1177_british_grand_prix,F1,Mercedes,-0.6210770795675018
F1_2026_1177_british_grand_prix,F1,RB F1 Team,0.21996420573543682
F1_2026_1177_british_grand_prix,F1,Red Bull,-0.6553487475364508
F1_2026_1177_british_grand_prix,F1,Williams,0.40812438395664574
F1_2026_1178_belgian_grand_prix,F1,Alpine F1 Team,0.2091191510300399
F1_2026_1178_belgian_grand_prix,F1,Aston Martin,0.17517429168015283
F1_2026_1178_belgian_grand_prix,F1,Audi,0.08028904295474494
F1_2026_1178_belgian_grand_prix,F1,Cadillac,1.1163624582730625
F1_2026_1178_belgian_grand_prix,F1,Ferrari,-0.510497527015413
F1_2026_1178_belgian_grand_prix,F1,Haas F1 Team,0.5067083198215452
F1_2026_1178_belgian_grand_prix,F1,McLaren,-0.39535840334721534
F1_2026_1178_belgian_grand_prix,F1,Mercedes,-0.6202105642845692
F1_2026_1178_belgian_grand_prix,F1,RB F1 Team,0.21823747418551417
F1_2026_1178_belgian_grand_prix,F1,Red Bull,-0.6539436431655262
F1_2026_1178_belgian_grand_prix,F1,Williams,0.40888122367982704
F1_2026_1179_hungarian_grand_prix,F1,Alpine F1 Team,0.20749513093080826
F1_2026_1179_hungarian_grand_prix,F1,Aston Martin,0.18927504182436952
F1_2026_1179_hungarian_grand_prix,F1,Audi,0.07962871153130617
F1_2026_1179_hungarian_grand_prix,F1,Cadillac,1.0874902852804555
F1_2026_1179_hungarian_grand_prix,F1,Ferrari,-0.5097083323082091
F1_2026_1179_hungarian_grand_prix,F1,Haas F1 Team,0.504670365826173
F1_2026_1179_hungarian_grand_prix,F1,McLaren,-0.39193364694430266
F1_2026_1179_hungarian_grand_prix,F1,Mercedes,-0.6226935666275093
F1_2026_1179_hungarian_grand_prix,F1,RB F1 Team,0.21822818916925396
F1_2026_1179_hungarian_grand_prix,F1,Red Bull,-0.6543844672329397
F1_2026_1179_hungarian_grand_prix,F1,Williams,0.40511438548786177
IndyCar_2020_5285_gmr_grand_prix,IndyCar,NA,0
IndyCar_2020_5286_104th_running_of_the_indianapolis_500,IndyCar,NA,0
IndyCar_2020_5290_genesys_300,IndyCar,NA,0
IndyCar_2020_5293_iowa_indycar_250s_race_1,IndyCar,NA,0
IndyCar_2020_5294_honda_indy_200_at_mid_ohio_race_1,IndyCar,NA,0
IndyCar_2020_5295_bommarito_automotive_group_race_1,IndyCar,NA,0
IndyCar_2020_5297_rev_group_grand_prix_race_1,IndyCar,NA,0
IndyCar_2020_5298_firestone_grand_prix_of_st_petersburg,IndyCar,NA,0
IndyCar_2020_5353_iowa_indycar_250s_race_2,IndyCar,NA,0
IndyCar_2020_5355_indycar_harvest_gp_race_1,IndyCar,NA,0
IndyCar_2020_5356_rev_group_grand_prix_race_2,IndyCar,NA,0
IndyCar_2020_5357_honda_indy_200_at_mid_ohio_race_2,IndyCar,NA,0
IndyCar_2020_5358_bommarito_automotive_group_race_2,IndyCar,NA,0
IndyCar_2020_5359_indycar_harvest_gp_race_2,IndyCar,NA,0
IndyCar_2021_5283_acura_grand_prix_of_long_beach,IndyCar,NA,0
IndyCar_2021_5287_chevrolet_detroit_grand_prix_race_1,IndyCar,NA,0
IndyCar_2021_5288_chevrolet_detroit_grand_prix_race_2,IndyCar,NA,0
IndyCar_2021_5289_honda_indy_grand_prix_of_alabama,IndyCar,NA,0
IndyCar_2021_5296_grand_prix_of_portland,IndyCar,NA,0
IndyCar_2021_5354_firestone_grand_prix_of_monterey,IndyCar,NA,0
IndyCar_2021_5360_firestone_grand_prix_of_st_petersburg,IndyCar,NA,0
IndyCar_2021_5361_bommarito_automotive_group_500,IndyCar,NA,0
IndyCar_2021_5362_big_machine_music_city_grand_prix,IndyCar,NA,0
IndyCar_2021_5363_honda_indy_200_at_mid_ohio,IndyCar,NA,0
IndyCar_2021_5364_big_machine_spiked_coolers_grand_prix,IndyCar,NA,0
IndyCar_2021_5365_105th_running_of_the_indianapolis_500,IndyCar,NA,0
IndyCar_2021_5366_gmr_grand_prix,IndyCar,NA,0
IndyCar_2021_5367_xpel_375,IndyCar,NA,0
IndyCar_2021_5368_genesys_300,IndyCar,NA,0
IndyCar_2021_5369_rev_group_grand_prix,IndyCar,NA,0
IndyCar_2022_5370_firestone_grand_prix_of_monterey,IndyCar,NA,0
IndyCar_2022_5371_acura_grand_prix_of_long_beach,IndyCar,NA,0
IndyCar_2022_5372_honda_indy_grand_prix_of_alabama,IndyCar,NA,0
IndyCar_2022_5373_gmr_grand_prix,IndyCar,NA,0
IndyCar_2022_5374_106th_running_of_the_indianapolis_500,IndyCar,NA,0
IndyCar_2022_5375_chevrolet_detroit_grand_prix,IndyCar,NA,0
IndyCar_2022_5376_sonsio_grand_prix_at_road_america,IndyCar,NA,0
IndyCar_2022_5377_xpel_375,IndyCar,NA,0
IndyCar_2022_5378_honda_indy_200_at_mid_ohio,IndyCar,NA,0
IndyCar_2022_5379_hy_veedeals_com_250,IndyCar,NA,0
IndyCar_2022_5380_hy_vee_salute_to_farmers_300,IndyCar,NA,0
IndyCar_2022_5381_gallagher_grand_prix,IndyCar,NA,0
IndyCar_2022_5382_big_machine_music_city_grand_prix,IndyCar,NA,0
IndyCar_2022_5383_bommarito_automotive_group_500,IndyCar,NA,0
IndyCar_2022_5384_grand_prix_of_portland,IndyCar,NA,0
IndyCar_2022_5385_honda_indy_toronto,IndyCar,NA,0
IndyCar_2022_5386_firestone_grand_prix_of_st_petersburg,IndyCar,NA,0
IndyCar_2023_5421_firestone_grand_prix_of_st_petersburg,IndyCar,NA,0
IndyCar_2023_5422_bommarito_automotive_group_500,IndyCar,NA,0
IndyCar_2023_5423_big_machine_music_city_grand_prix,IndyCar,NA,0
IndyCar_2023_5424_gallagher_grand_prix,IndyCar,NA,0
IndyCar_2023_5425_hy_vee_one_step_250,IndyCar,NA,0
IndyCar_2023_5426_hy_vee_homefront_250,IndyCar,NA,0
IndyCar_2023_5427_honda_indy_toronto,IndyCar,NA,0
IndyCar_2023_5428_bitnile_com_grand_prix_of_portland,IndyCar,NA,0
IndyCar_2023_5429_honda_indy_200_at_mid_ohio,IndyCar,NA,0
IndyCar_2023_5430_chevrolet_detroit_grand_prix,IndyCar,NA,0
IndyCar_2023_5431_107th_running_of_the_indianapolis_500,IndyCar,NA,0
IndyCar_2023_5432_gmr_grand_prix,IndyCar,NA,0
IndyCar_2023_5433_children_s_of_alabama_indy_grand_prix,IndyCar,NA,0
IndyCar_2023_5434_acura_grand_prix_of_long_beach,IndyCar,NA,0
IndyCar_2023_5435_ppg_375,IndyCar,NA,0
IndyCar_2023_5436_sonsio_grand_prix_at_road_america,IndyCar,NA,0
IndyCar_2023_5437_firestone_grand_prix_of_monterey,IndyCar,NA,0
IndyCar_2024_5452_chevrolet_detroit_grand_prix,IndyCar,NA,0
IndyCar_2024_5453_acura_grand_prix_of_long_beach,IndyCar,NA,0
IndyCar_2024_5454_firestone_grand_prix_of_st_petersburg,IndyCar,NA,0
IndyCar_2024_5455_hy_vee_milwaukee_mile_250_race_1,IndyCar,NA,0
IndyCar_2024_5457_sonsio_grand_prix,IndyCar,NA,0
IndyCar_2024_5458_bommarito_automotive_group_500,IndyCar,NA,0
IndyCar_2024_5459_honda_indy_200_at_mid_ohio,IndyCar,NA,0
IndyCar_2024_5460_big_machine_music_city_grand_prix,IndyCar,NA,0
IndyCar_2024_5461_bitnile_com_grand_prix_of_portland,IndyCar,NA,0
IndyCar_2024_5462_ontario_honda_dealers_indy_toronto,IndyCar,NA,0
IndyCar_2024_5463_hy_vee_one_step_250,IndyCar,NA,0
IndyCar_2024_5464_xpel_grand_prix_at_road_america,IndyCar,NA,0
IndyCar_2024_5465_108th_running_of_the_indianapolis_500,IndyCar,NA,0
IndyCar_2024_5466_hy_vee_homefront_250,IndyCar,NA,0
IndyCar_2024_5467_firestone_grand_prix_of_monterey,IndyCar,NA,0
IndyCar_2024_5468_children_s_of_alabama_indy_grand_prix,IndyCar,NA,0
IndyCar_2024_5469_hy_vee_milwaukee_mile_250_race_2,IndyCar,NA,0
IndyCar_2025_5498_borchetta_bourbon_music_city_grand_prix,IndyCar,NA,0
IndyCar_2025_5499_acura_grand_prix_of_long_beach,IndyCar,NA,0
IndyCar_2025_5500_children_s_of_alabama_indy_grand_prix,IndyCar,NA,0
IndyCar_2025_5501_sonsio_grand_prix,IndyCar,NA,0
IndyCar_2025_5502_109th_running_of_the_indianapolis_500,IndyCar,NA,0
IndyCar_2025_5503_chevrolet_detroit_grand_prix,IndyCar,NA,0
IndyCar_2025_5504_bommarito_automotive_group_500,IndyCar,NA,0
IndyCar_2025_5505_the_thermal_club_indycar_grand_prix,IndyCar,NA,0
IndyCar_2025_5506_xpel_grand_prix_at_road_america,IndyCar,NA,0
IndyCar_2025_5507_synk_275,IndyCar,NA,0
IndyCar_2025_5508_farm_to_finish_275,IndyCar,NA,0
IndyCar_2025_5509_ontario_honda_dealers_indy_toronto,IndyCar,NA,0
IndyCar_2025_5510_java_house_grand_prix_of_monterey,IndyCar,NA,0
IndyCar_2025_5511_bitnile_com_grand_prix_of_portland,IndyCar,NA,0
IndyCar_2025_5512_snap_on_milwaukee_mile_250,IndyCar,NA,0
IndyCar_2025_5513_honda_indy_200_at_mid_ohio,IndyCar,NA,0
IndyCar_2025_5514_firestone_grand_prix_of_st_petersburg,IndyCar,NA,0
IndyCar_2026_5515_firestone_grand_prix_of_st_petersburg,IndyCar,NA,0
IndyCar_2026_5517_java_house_grand_prix_of_arlington,IndyCar,NA,0
IndyCar_2026_5518_good_ranchers_250,IndyCar,NA,0
IndyCar_2026_5523_honda_indy_200_at_mid_ohio,IndyCar,NA,0
IndyCar_2026_5524_bommarito_automotive_group_500,IndyCar,NA,0
IndyCar_2026_5525_chevrolet_detroit_grand_prix,IndyCar,NA,0
IndyCar_2026_5526_110th_running_of_the_indianapolis_500,IndyCar,NA,0
IndyCar_2026_5527_sonsio_grand_prix,IndyCar,NA,0
IndyCar_2026_5528_children_s_of_alabama_indy_grand_prix,IndyCar,NA,0
IndyCar_2026_5529_acura_grand_prix_of_long_beach,IndyCar,NA,0
IndyCar_2026_5530_xpel_grand_prix_at_road_america,IndyCar,NA,0
IndyCar_2026_5531_borchetta_bourbon_music_city_grand_prix,IndyCar,NA,0
NASCAR_2020_4868_busch_clash_at_daytona,NASCAR,Chip Ganassi Racing,-0.08831498168048915
NASCAR_2020_4868_busch_clash_at_daytona,NASCAR,Hendrick Motorsports,-0.2185754349152542
NASCAR_2020_4868_busch_clash_at_daytona,NASCAR,Joe Gibbs Racing,-0.2589340340206076
NASCAR_2020_4868_busch_clash_at_daytona,NASCAR,Richard Childress Racing,-0.015450429209030912
NASCAR_2020_4868_busch_clash_at_daytona,NASCAR,Roush Fenway Racing,0.03889764285000384
NASCAR_2020_4868_busch_clash_at_daytona,NASCAR,Stewart-Haas Racing,-0.01931388875648294
NASCAR_2020_4868_busch_clash_at_daytona,NASCAR,Team Penske,-0.16474254848028905
NASCAR_2020_4869_bluegreen_vacations_duel_1_at_daytona,NASCAR,Front Row Motorsports,0.15639965054548866
NASCAR_2020_4869_bluegreen_vacations_duel_1_at_daytona,NASCAR,Gaunt Brothers Racing,0.46281772914255653
NASCAR_2020_4869_bluegreen_vacations_duel_1_at_daytona,NASCAR,Hendrick Motorsports,-0.21690972725603538
NASCAR_2020_4869_bluegreen_vacations_duel_1_at_daytona,NASCAR,JTG Daugherty Racing,0.12673117895525304
NASCAR_2020_4869_bluegreen_vacations_duel_1_at_daytona,NASCAR,Joe Gibbs Racing,-0.259432389502542
NASCAR_2020_4869_bluegreen_vacations_duel_1_at_daytona,NASCAR,Kaulig Racing,0.1732257048634097
NASCAR_2020_4869_bluegreen_vacations_duel_1_at_daytona,NASCAR,Leavine Family Racing,-0.07453547387202517
NASCAR_2020_4869_bluegreen_vacations_duel_1_at_daytona,NASCAR,Motorsports Business Management,1.8542789654006577
NASCAR_2020_4869_bluegreen_vacations_duel_1_at_daytona,NASCAR,Petty Ware Racing,1.4154597851895911
NASCAR_2020_4869_bluegreen_vacations_duel_1_at_daytona,NASCAR,Premium Motorsports,0.7978330965183174
NASCAR_2020_4869_bluegreen_vacations_duel_1_at_daytona,NASCAR,Richard Childress Racing,-0.01454852713454556
NASCAR_2020_4869_bluegreen_vacations_duel_1_at_daytona,NASCAR,Richard Petty Motorsports,0.05276885363335483
NASCAR_2020_4869_bluegreen_vacations_duel_1_at_daytona,NASCAR,Roush Fenway Racing,0.03912854455390373
NASCAR_2020_4869_bluegreen_vacations_duel_1_at_daytona,NASCAR,StarCom Racing,1.5318214471120133
NASCAR_2020_4869_bluegreen_vacations_duel_1_at_daytona,NASCAR,Stewart-Haas Racing,-0.019870699393937524
NASCAR_2020_4869_bluegreen_vacations_duel_1_at_daytona,NASCAR,Team Penske,-0.16504154027128878
NASCAR_2020_4870_bluegreen_vacations_duel_2_at_daytona,NASCAR,Beard Motorsports,0.4343598632131087
NASCAR_2020_4870_bluegreen_vacations_duel_2_at_daytona,NASCAR,Chip Ganassi Racing,-0.08358819268840542
NASCAR_2020_4870_bluegreen_vacations_duel_2_at_daytona,NASCAR,Front Row Motorsports,0.15610599747868734
NASCAR_2020_4870_bluegreen_vacations_duel_2_at_daytona,NASCAR,GO FAS Racing,0.25993996342786985
NASCAR_2020_4870_bluegreen_vacations_duel_2_at_daytona,NASCAR,Germain Racing,0.1768762775670268
NASCAR_2020_4870_bluegreen_vacations_duel_2_at_daytona,NASCAR,Hendrick Motorsports,-0.21689342351987168
NASCAR_2020_4870_bluegreen_vacations_duel_2_at_daytona,NASCAR,Joe Gibbs Racing,-0.2592685611885157
NASCAR_2020_4870_bluegreen_vacations_duel_2_at_daytona,NASCAR,Motorsports Business Management,1.8643172086316513
NASCAR_2020_4870_bluegreen_vacations_duel_2_at_daytona,NASCAR,Premium Motorsports,0.8065102084172238
NASCAR_2020_4870_bluegreen_vacations_duel_2_at_daytona,NASCAR,Richard Childress Racing,-0.014305030191375426
NASCAR_2020_4870_bluegreen_vacations_duel_2_at_daytona,NASCAR,Rick Ware Racing,0.8971801338072302
NASCAR_2020_4870_bluegreen_vacations_duel_2_at_daytona,NASCAR,Spire Motorsports,0.4138402362235211
NASCAR_2020_4870_bluegreen_vacations_duel_2_at_daytona,NASCAR,Stewart-Haas Racing,-0.01970807948148323
NASCAR_2020_4870_bluegreen_vacations_duel_2_at_daytona,NASCAR,Wood Brothers Racing,0.11974924329381252
NASCAR_2020_4871_daytona_500,NASCAR,Beard Motorsports,0.45099529136907646
NASCAR_2020_4871_daytona_500,NASCAR,Chip Ganassi Racing,-0.08355887148921685
NASCAR_2020_4871_daytona_500,NASCAR,Front Row Motorsports,0.15591283105397694
NASCAR_2020_4871_daytona_500,NASCAR,GO FAS Racing,0.2691558955092135
NASCAR_2020_4871_daytona_500,NASCAR,Germain Racing,0.17991782991183455
NASCAR_2020_4871_daytona_500,NASCAR,Hendrick Motorsports,-0.21628330109215452
NASCAR_2020_4871_daytona_500,NASCAR,JTG Daugherty Racing,0.1268837511161268
NASCAR_2020_4871_daytona_500,NASCAR,Joe Gibbs Racing,-0.25949773212328403
NASCAR_2020_4871_daytona_500,NASCAR,Kaulig Racing,0.17284816811276277
NASCAR_2020_4871_daytona_500,NASCAR,Leavine Family Racing,-0.07563244462448492
NASCAR_2020_4871_daytona_500,NASCAR,Motorsports Business Management,1.8762076572542754
NASCAR_2020_4871_daytona_500,NASCAR,Petty Ware Racing,1.4351511101506607
NASCAR_2020_4871_daytona_500,NASCAR,Premium Motorsports,0.8001346746283498
NASCAR_2020_4871_daytona_500,NASCAR,Richard Childress Racing,-0.014596997558312157
NASCAR_2020_4871_daytona_500,NASCAR,Richard Petty Motorsports,0.0510891038735796
NASCAR_2020_4871_daytona_500,NASCAR,Rick Ware Racing,0.897515684487014
NASCAR_2020_4871_daytona_500,NASCAR,Roush Fenway Racing,0.03899939880251048
NASCAR_2020_4871_daytona_500,NASCAR,Spire Motorsports,0.4138442081116483
NASCAR_2020_4871_daytona_500,NASCAR,StarCom Racing,1.5386646610900763
NASCAR_2020_4871_daytona_500,NASCAR,Stewart-Haas Racing,-0.02023403894370238
NASCAR_2020_4871_daytona_500,NASCAR,Team Penske,-0.16490819773441215
NASCAR_2020_4871_daytona_500,NASCAR,Wood Brothers Racing,0.11990033172333746
NASCAR_2020_4873_pennzoil_400,NASCAR,Chip Ganassi Racing,-0.08109574673727
NASCAR_2020_4873_pennzoil_400,NASCAR,Front Row Motorsports,0.1552964753525712
NASCAR_2020_4873_pennzoil_400,NASCAR,GO FAS Racing,0.26405786324741387
NASCAR_2020_4873_pennzoil_400,NASCAR,Gaunt Brothers Racing,0.45368305546232607
NASCAR_2020_4873_pennzoil_400,NASCAR,Germain Racing,0.1737333778498154
NASCAR_2020_4873_pennzoil_400,NASCAR,Hendrick Motorsports,-0.21552591723795972
NASCAR_2020_4873_pennzoil_400,NASCAR,JTG Daugherty Racing,0.12675953270555249
NASCAR_2020_4873_pennzoil_400,NASCAR,Joe Gibbs Racing,-0.2592998860808182
NASCAR_2020_4873_pennzoil_400,NASCAR,Leavine Family Racing,-0.07905428668499487
NASCAR_2020_4873_pennzoil_400,NASCAR,Motorsports Business Management,1.8312830723519673
NASCAR_2020_4873_pennzoil_400,NASCAR,Petty Ware Racing,1.4169477792683556
NASCAR_2020_4873_pennzoil_400,NASCAR,Premium Motorsports,0.7860324850300371
NASCAR_2020_4873_pennzoil_400,NASCAR,Richard Childress Racing,-0.01456997335601407
NASCAR_2020_4873_pennzoil_400,NASCAR,Richard Petty Motorsports,0.052001554551283725
NASCAR_2020_4873_pennzoil_400,NASCAR,Rick Ware Racing,0.8927772080082358
NASCAR_2020_4873_pennzoil_400,NASCAR,Roush Fenway Racing,0.03910605999903653
NASCAR_2020_4873_pennzoil_400,NASCAR,Spire Motorsports,0.4044032753344024
NASCAR_2020_4873_pennzoil_400,NASCAR,StarCom Racing,1.516554256522823
NASCAR_2020_4873_pennzoil_400,NASCAR,Stewart-Haas Racing,-0.01978616749263941
NASCAR_2020_4873_pennzoil_400,NASCAR,Team Penske,-0.16361997733503947
NASCAR_2020_4873_pennzoil_400,NASCAR,Wood Brothers Racing,0.12027841691708076
NASCAR_2020_4874_fanshield_500,NASCAR,Chip Ganassi Racing,-0.0817039678392223
NASCAR_2020_4874_fanshield_500,NASCAR,Front Row Motorsports,0.1551547788161747
NASCAR_2020_4874_fanshield_500,NASCAR,GO FAS Racing,0.2724239514374299
NASCAR_2020_4874_fanshield_500,NASCAR,Gaunt Brothers Racing,0.4443516389280814
NASCAR_2020_4874_fanshield_500,NASCAR,Germain Racing,0.17537217070798256
NASCAR_2020_4874_fanshield_500,NASCAR,Hendrick Motorsports,-0.21633224602393702
NASCAR_2020_4874_fanshield_500,NASCAR,JTG Daugherty Racing,0.125897595852451
NASCAR_2020_4874_fanshield_500,NASCAR,Joe Gibbs Racing,-0.2586068540282915
NASCAR_2020_4874_fanshield_500,NASCAR,Leavine Family Racing,-0.07608339053222503
NASCAR_2020_4874_fanshield_500,NASCAR,Motorsports Business Management,1.838887233959462
NASCAR_2020_4874_fanshield_500,NASCAR,Petty Ware Racing,1.41580205545188
NASCAR_2020_4874_fanshield_500,NASCAR,Premium Motorsports,0.7819842675090406
NASCAR_2020_4874_fanshield_500,NASCAR,Richard Childress Racing,-0.013625086640772083
NASCAR_2020_4874_fanshield_500,NASCAR,Richard Petty Motorsports,0.04618263619944527
NASCAR_2020_4874_fanshield_500,NASCAR,Rick Ware Racing,0.8931518576352504
NASCAR_2020_4874_fanshield_500,NASCAR,Roush Fenway Racing,0.03828698061457177
NASCAR_2020_4874_fanshield_500,NASCAR,Spire Motorsports,0.405195450996568
NASCAR_2020_4874_fanshield_500,NASCAR,StarCom Racing,1.5157876282456497
NASCAR_2020_4874_fanshield_500,NASCAR,Stewart-Haas Racing,-0.0186522287203371
NASCAR_2020_4874_fanshield_500,NASCAR,Team Penske,-0.16320794577460881
NASCAR_2020_4874_fanshield_500,NASCAR,Wood Brothers Racing,0.12011552629874077
NASCAR_2020_4875_auto_club_400,NASCAR,Chip Ganassi Racing,-0.0819199973028206
NASCAR_2020_4875_auto_club_400,NASCAR,Front Row Motorsports,0.1553052199527941
NASCAR_2020_4875_auto_club_400,NASCAR,GO FAS Racing,0.26158153436082093
NASCAR_2020_4875_auto_club_400,NASCAR,Gaunt Brothers Racing,0.449203495429181
NASCAR_2020_4875_auto_club_400,NASCAR,Germain Racing,0.16748461914534038
NASCAR_2020_4875_auto_club_400,NASCAR,Hendrick Motorsports,-0.21566558805210487
NASCAR_2020_4875_auto_club_400,NASCAR,JTG Daugherty Racing,0.12558778146561853
NASCAR_2020_4875_auto_club_400,NASCAR,Joe Gibbs Racing,-0.25840492837980017
NASCAR_2020_4875_auto_club_400,NASCAR,Leavine Family Racing,-0.07698064729317093
NASCAR_2020_4875_auto_club_400,NASCAR,Motorsports Business Management,1.8128918997368526
NASCAR_2020_4875_auto_club_400,NASCAR,Petty Ware Racing,1.4256937263050815
NASCAR_2020_4875_auto_club_400,NASCAR,Premium Motorsports,0.787568737396673
NASCAR_2020_4875_auto_club_400,NASCAR,Richard Childress Racing,-0.01434891953158206
NASCAR_2020_4875_auto_club_400,NASCAR,Richard Petty Motorsports,0.05080600022896666
NASCAR_2020_4875_auto_club_400,NASCAR,Rick Ware Racing,0.8924342806864671
NASCAR_2020_4875_auto_club_400,NASCAR,Roush Fenway Racing,0.039215126441305634
NASCAR_2020_4875_auto_club_400,NASCAR,Spire Motorsports,0.4045712162794519
NASCAR_2020_4875_auto_club_400,NASCAR,StarCom Racing,1.5146459924467501
NASCAR_2020_4875_auto_club_400,NASCAR,Stewart-Haas Racing,-0.019676895658993346
NASCAR_2020_4875_auto_club_400,NASCAR,Team Penske,-0.16370550729742728
NASCAR_2020_4875_auto_club_400,NASCAR,Wood Brothers Racing,0.12049720641165403
NASCAR_2020_4885_coca_cola_600,NASCAR,B.J. McLeod Motorsports,1.8032027953426697
NASCAR_2020_4885_coca_cola_600,NASCAR,Chip Ganassi Racing,-0.08270135376329167
NASCAR_2020_4885_coca_cola_600,NASCAR,Front Row Motorsports,0.15545294371041027
NASCAR_2020_4885_coca_cola_600,NASCAR,GO FAS Racing,0.2667962802697868
NASCAR_2020_4885_coca_cola_600,NASCAR,Gaunt Brothers Racing,0.4483513041766762
NASCAR_2020_4885_coca_cola_600,NASCAR,Germain Racing,0.17058881264456321
NASCAR_2020_4885_coca_cola_600,NASCAR,Hendrick Motorsports,-0.2154391373566058
NASCAR_2020_4885_coca_cola_600,NASCAR,JTG Daugherty Racing,0.12621492195137468
NASCAR_2020_4885_coca_cola_600,NASCAR,Joe Gibbs Racing,-0.2582863193747883
NASCAR_2020_4885_coca_cola_600,NASCAR,Leavine Family Racing,-0.07108665711968284
NASCAR_2020_4885_coca_cola_600,NASCAR,Motorsports Business Management,1.8446610296169943
NASCAR_2020_4885_coca_cola_600,NASCAR,Petty Ware Racing,1.4219828856855323
NASCAR_2020_4885_coca_cola_600,NASCAR,Premium Motorsports,0.7739059977016411
NASCAR_2020_4885_coca_cola_600,NASCAR,Richard Childress Racing,-0.014004870016544779
NASCAR_2020_4885_coca_cola_600,NASCAR,Richard Petty Motorsports,0.0530024769374863
NASCAR_2020_4885_coca_cola_600,NASCAR,Rick Ware Racing,0.891764261587192
NASCAR_2020_4885_coca_cola_600,NASCAR,Roush Fenway Racing,0.03969179506969462
NASCAR_2020_4885_coca_cola_600,NASCAR,Spire Motorsports,0.413501479819523
NASCAR_2020_4885_coca_cola_600,NASCAR,StarCom Racing,1.5173068430448002
NASCAR_2020_4885_coca_cola_600,NASCAR,Stewart-Haas Racing,-0.0196357767150117
NASCAR_2020_4885_coca_cola_600,NASCAR,Team Penske,-0.16403731712913266
NASCAR_2020_4885_coca_cola_600,NASCAR,Tommy Baldwin Racing,1.9195452985255481
NASCAR_2020_4885_coca_cola_600,NASCAR,Wood Brothers Racing,0.11972720109180095
NASCAR_2020_4886_pocono_organics_325_in_partnership_with_rodale_institute,NASCAR,B.J. McLeod Motorsports,1.7854912316845541
NASCAR_2020_4886_pocono_organics_325_in_partnership_with_rodale_institute,NASCAR,Chip Ganassi Racing,-0.08235819360619205
NASCAR_2020_4886_pocono_organics_325_in_partnership_with_rodale_institute,NASCAR,Front Row Motorsports,0.15600246151734154
NASCAR_2020_4886_pocono_organics_325_in_partnership_with_rodale_institute,NASCAR,GO FAS Racing,0.27161904250996455
NASCAR_2020_4886_pocono_organics_325_in_partnership_with_rodale_institute,NASCAR,Gaunt Brothers Racing,0.4434196803283072
NASCAR_2020_4886_pocono_organics_325_in_partnership_with_rodale_institute,NASCAR,Germain Racing,0.16698160320078484
NASCAR_2020_4886_pocono_organics_325_in_partnership_with_rodale_institute,NASCAR,Hendrick Motorsports,-0.21650125322443037
NASCAR_2020_4886_pocono_organics_325_in_partnership_with_rodale_institute,NASCAR,JTG Daugherty Racing,0.12673117895525304
NASCAR_2020_4886_pocono_organics_325_in_partnership_with_rodale_institute,NASCAR,Joe Gibbs Racing,-0.25834787544539806
NASCAR_2020_4886_pocono_organics_325_in_partnership_with_rodale_institute,NASCAR,Leavine Family Racing,-0.07082606221820259
NASCAR_2020_4886_pocono_organics_325_in_partnership_with_rodale_institute,NASCAR,Motorsports Business Management,1.8441226092504694
NASCAR_2020_4886_pocono_organics_325_in_partnership_with_rodale_institute,NASCAR,Petty Ware Racing,1.416843642520383
NASCAR_2020_4886_pocono_organics_325_in_partnership_with_rodale_institute,NASCAR,Premium Motorsports,0.7810503997385072
NASCAR_2020_4886_pocono_organics_325_in_partnership_with_rodale_institute,NASCAR,Richard Childress Racing,-0.014834396972780477
NASCAR_2020_4886_pocono_organics_325_in_partnership_with_rodale_institute,NASCAR,Richard Petty Motorsports,0.05168647753086139
NASCAR_2020_4886_pocono_organics_325_in_partnership_with_rodale_institute,NASCAR,Rick Ware Racing,0.8906495045686442
NASCAR_2020_4886_pocono_organics_325_in_partnership_with_rodale_institute,NASCAR,Roush Fenway Racing,0.03962102330022784
NASCAR_2020_4886_pocono_organics_325_in_partnership_with_rodale_institute,NASCAR,Spire Motorsports,0.4058529323477746
NASCAR_2020_4886_pocono_organics_325_in_partnership_with_rodale_institute,NASCAR,StarCom Racing,1.5272479394596188
NASCAR_2020_4886_pocono_organics_325_in_partnership_with_rodale_institute,NASCAR,Stewart-Haas Racing,-0.019145554377932573
NASCAR_2020_4886_pocono_organics_325_in_partnership_with_rodale_institute,NASCAR,Team Penske,-0.16406059367481818
NASCAR_2020_4886_pocono_organics_325_in_partnership_with_rodale_institute,NASCAR,Tommy Baldwin Racing,1.911141525895996
NASCAR_2020_4886_pocono_organics_325_in_partnership_with_rodale_institute,NASCAR,Wood Brothers Racing,0.12066758584404647
NASCAR_2020_4890_coke_zero_sugar_400,NASCAR,Beard Motorsports,0.44549904092360215
NASCAR_2020_4890_coke_zero_sugar_400,NASCAR,Chip Ganassi Racing,-0.08151879072658447
NASCAR_2020_4890_coke_zero_sugar_400,NASCAR,Front Row Motorsports,0.15611100654275262
NASCAR_2020_4890_coke_zero_sugar_400,NASCAR,GO FAS Racing,0.27674073608201805
NASCAR_2020_4890_coke_zero_sugar_400,NASCAR,Gaunt Brothers Racing,0.46456220204506365
NASCAR_2020_4890_coke_zero_sugar_400,NASCAR,Germain Racing,0.1773208686661281
NASCAR_2020_4890_coke_zero_sugar_400,NASCAR,Hendrick Motorsports,-0.21649469738691465
NASCAR_2020_4890_coke_zero_sugar_400,NASCAR,JTG Daugherty Racing,0.126354672443287
NASCAR_2020_4890_coke_zero_sugar_400,NASCAR,Joe Gibbs Racing,-0.2594229078781275
NASCAR_2020_4890_coke_zero_sugar_400,NASCAR,Leavine Family Racing,-0.07108562548408368
NASCAR_2020_4890_coke_zero_sugar_400,NASCAR,Motorsports Business Management,1.8517410375804624
NASCAR_2020_4890_coke_zero_sugar_400,NASCAR,Petty Ware Racing,1.436609161736804
NASCAR_2020_4890_coke_zero_sugar_400,NASCAR,Premium Motorsports,0.805718759378382
NASCAR_2020_4890_coke_zero_sugar_400,NASCAR,Richard Childress Racing,-0.01434988255321786
NASCAR_2020_4890_coke_zero_sugar_400,NASCAR,Richard Petty Motorsports,0.053185649195763
NASCAR_2020_4890_coke_zero_sugar_400,NASCAR,Rick Ware Racing,0.8908161377667957
NASCAR_2020_4890_coke_zero_sugar_400,NASCAR,Roush Fenway Racing,0.03833892739371155
NASCAR_2020_4890_coke_zero_sugar_400,NASCAR,Spire Motorsports,0.4116741070675527
NASCAR_2020_4890_coke_zero_sugar_400,NASCAR,StarCom Racing,1.5356226468011094
NASCAR_2020_4890_coke_zero_sugar_400,NASCAR,Stewart-Haas Racing,-0.02027015488736933
NASCAR_2020_4890_coke_zero_sugar_400,NASCAR,Team Penske,-0.1650396776136272
NASCAR_2020_4890_coke_zero_sugar_400,NASCAR,Tommy Baldwin Racing,1.8783479604694162
NASCAR_2020_4890_coke_zero_sugar_400,NASCAR,Wood Brothers Racing,0.11970147393712482
NASCAR_2020_4891_quaker_state_400,NASCAR,Chip Ganassi Racing,-0.08160830764847551
NASCAR_2020_4891_quaker_state_400,NASCAR,Front Row Motorsports,0.15567143466560135
NASCAR_2020_4891_quaker_state_400,NASCAR,GO FAS Racing,0.2627103578935911
NASCAR_2020_4891_quaker_state_400,NASCAR,Gaunt Brothers Racing,0.4517863273867834
NASCAR_2020_4891_quaker_state_400,NASCAR,Germain Racing,0.17638716936635404
NASCAR_2020_4891_quaker_state_400,NASCAR,Hendrick Motorsports,-0.2161153909343396
NASCAR_2020_4891_quaker_state_400,NASCAR,JTG Daugherty Racing,0.12596291073760812
NASCAR_2020_4891_quaker_state_400,NASCAR,Joe Gibbs Racing,-0.25893690498535676
NASCAR_2020_4891_quaker_state_400,NASCAR,Leavine Family Racing,-0.07475212363636763
NASCAR_2020_4891_quaker_state_400,NASCAR,Motorsports Business Management,1.8324903847706004
NASCAR_2020_4891_quaker_state_400,NASCAR,Petty Ware Racing,1.4213672453160489
NASCAR_2020_4891_quaker_state_400,NASCAR,Premium Motorsports,0.7813645764573286
NASCAR_2020_4891_quaker_state_400,NASCAR,Richard Childress Racing,-0.014449420153101767
NASCAR_2020_4891_quaker_state_400,NASCAR,Richard Petty Motorsports,0.049672401596516494
NASCAR_2020_4891_quaker_state_400,NASCAR,Rick Ware Racing,0.8913343551647043
NASCAR_2020_4891_quaker_state_400,NASCAR,Roush Fenway Racing,0.03869191371303727
NASCAR_2020_4891_quaker_state_400,NASCAR,Spire Motorsports,0.4064974206080003
NASCAR_2020_4891_quaker_state_400,NASCAR,StarCom Racing,1.5139011154448248
NASCAR_2020_4891_quaker_state_400,NASCAR,Stewart-Haas Racing,-0.01896415775573115
NASCAR_2020_4891_quaker_state_400,NASCAR,Team Penske,-0.16389082313521872
NASCAR_2020_4891_quaker_state_400,NASCAR,Wood Brothers Racing,0.12079494467595825
NASCAR_2020_4892_foxwoods_resort_casino_301,NASCAR,Chip Ganassi Racing,-0.08251543610622815
NASCAR_2020_4892_foxwoods_resort_casino_301,NASCAR,Front Row Motorsports,0.15574203596629563
NASCAR_2020_4892_foxwoods_resort_casino_301,NASCAR,GO FAS Racing,0.26434795207959
NASCAR_2020_4892_foxwoods_resort_casino_301,NASCAR,Gaunt Brothers Racing,0.4488797592600865
NASCAR_2020_4892_foxwoods_resort_casino_301,NASCAR,Germain Racing,0.17062840036883012
NASCAR_2020_4892_foxwoods_resort_casino_301,NASCAR,Hendrick Motorsports,-0.2161848528699329
NASCAR_2020_4892_foxwoods_resort_casino_301,NASCAR,JTG Daugherty Racing,0.127023577866828
NASCAR_2020_4892_foxwoods_resort_casino_301,NASCAR,Joe Gibbs Racing,-0.25823833183077566
NASCAR_2020_4892_foxwoods_resort_casino_301,NASCAR,Leavine Family Racing,-0.06778095704529674
NASCAR_2020_4892_foxwoods_resort_casino_301,NASCAR,Motorsports Business Management,1.851952085997779
NASCAR_2020_4892_foxwoods_resort_casino_301,NASCAR,Petty Ware Racing,1.419048353862066
NASCAR_2020_4892_foxwoods_resort_casino_301,NASCAR,Premium Motorsports,0.7864245511215077
NASCAR_2020_4892_foxwoods_resort_casino_301,NASCAR,Richard Childress Racing,-0.0143118187200033
NASCAR_2020_4892_foxwoods_resort_casino_301,NASCAR,Richard Petty Motorsports,0.0492037237171051
NASCAR_2020_4892_foxwoods_resort_casino_301,NASCAR,Rick Ware Racing,0.8925002503528114
NASCAR_2020_4892_foxwoods_resort_casino_301,NASCAR,Roush Fenway Racing,0.03658729346750137
NASCAR_2020_4892_foxwoods_resort_casino_301,NASCAR,Spire Motorsports,0.40633268679254875
NASCAR_2020_4892_foxwoods_resort_casino_301,NASCAR,StarCom Racing,1.5139333727628623
NASCAR_2020_4892_foxwoods_resort_casino_301,NASCAR,Stewart-Haas Racing,-0.01846248833940008
NASCAR_2020_4892_foxwoods_resort_casino_301,NASCAR,Team Penske,-0.16343508918746735
NASCAR_2020_4892_foxwoods_resort_casino_301,NASCAR,Wood Brothers Racing,0.12083903109762487
NASCAR_2020_4893_pocono_350,NASCAR,B.J. McLeod Motorsports,1.7699672616956446
NASCAR_2020_4893_pocono_350,NASCAR,Chip Ganassi Racing,-0.08139011540416342
NASCAR_2020_4893_pocono_350,NASCAR,Front Row Motorsports,0.15595061619719303
NASCAR_2020_4893_pocono_350,NASCAR,GO FAS Racing,0.274445986951209
NASCAR_2020_4893_pocono_350,NASCAR,Gaunt Brothers Racing,0.4499205875122245
NASCAR_2020_4893_pocono_350,NASCAR,Germain Racing,0.1728490429647256
NASCAR_2020_4893_pocono_350,NASCAR,Hendrick Motorsports,-0.21649906228746987
NASCAR_2020_4893_pocono_350,NASCAR,JTG Daugherty Racing,0.12649523154401782
NASCAR_2020_4893_pocono_350,NASCAR,Joe Gibbs Racing,-0.25827607584953477
NASCAR_2020_4893_pocono_350,NASCAR,Leavine Family Racing,-0.0664913262482396
NASCAR_2020_4893_pocono_350,NASCAR,Motorsports Business Management,1.8472616939966577
NASCAR_2020_4893_pocono_350,NASCAR,Petty Ware Racing,1.4254693798227809
NASCAR_2020_4893_pocono_350,NASCAR,Premium Motorsports,0.7898139525560853
NASCAR_2020_4893_pocono_350,NASCAR,Richard Childress Racing,-0.01452967923315195
NASCAR_2020_4893_pocono_350,NASCAR,Richard Petty Motorsports,0.05259094673114471
NASCAR_2020_4893_pocono_350,NASCAR,Rick Ware Racing,0.8935045693756576
NASCAR_2020_4893_pocono_350,NASCAR,Roush Fenway Racing,0.03739619296687858
NASCAR_2020_4893_pocono_350,NASCAR,Spire Motorsports,0.40906993776195016
NASCAR_2020_4893_pocono_350,NASCAR,StarCom Racing,1.5211102385735378
NASCAR_2020_4893_pocono_350,NASCAR,Stewart-Haas Racing,-0.019205213615936353
NASCAR_2020_4893_pocono_350,NASCAR,Team Penske,-0.16409574015922893
NASCAR_2020_4893_pocono_350,NASCAR,Tommy Baldwin Racing,1.92661805673749
NASCAR_2020_4893_pocono_350,NASCAR,Wood Brothers Racing,0.12062737188862589
NASCAR_2020_4894_go_bowling_235_at_the_daytona_road_course,NASCAR,Beard Motorsports,0.4363530655433851
NASCAR_2020_4894_go_bowling_235_at_the_daytona_road_course,NASCAR,Chip Ganassi Racing,-0.08358819268840542
NASCAR_2020_4894_go_bowling_235_at_the_daytona_road_course,NASCAR,Front Row Motorsports,0.1558321628776094
NASCAR_2020_4894_go_bowling_235_at_the_daytona_road_course,NASCAR,GO FAS Racing,0.26086291725708227
NASCAR_2020_4894_go_bowling_235_at_the_daytona_road_course,NASCAR,Gaunt Brothers Racing,0.45479408003029026
NASCAR_2020_4894_go_bowling_235_at_the_daytona_road_course,NASCAR,Germain Racing,0.17257944226267885
NASCAR_2020_4894_go_bowling_235_at_the_daytona_road_course,NASCAR,Hendrick Motorsports,-0.2154717163168027
NASCAR_2020_4894_go_bowling_235_at_the_daytona_road_course,NASCAR,JTG Daugherty Racing,0.12673117895525304
NASCAR_2020_4894_go_bowling_235_at_the_daytona_road_course,NASCAR,Joe Gibbs Racing,-0.257608828521376
NASCAR_2020_4894_go_bowling_235_at_the_daytona_road_course,NASCAR,Leavine Family Racing,-0.06359606005570015
NASCAR_2020_4894_go_bowling_235_at_the_daytona_road_course,NASCAR,Motorsports Business Management,1.865049548735837
NASCAR_2020_4894_go_bowling_235_at_the_daytona_road_course,NASCAR,Petty Ware Racing,1.4412489429411415
NASCAR_2020_4894_go_bowling_235_at_the_daytona_road_course,NASCAR,Premium Motorsports,0.7819128470799711
NASCAR_2020_4894_go_bowling_235_at_the_daytona_road_course,NASCAR,Richard Childress Racing,-0.015200621812578282
NASCAR_2020_4894_go_bowling_235_at_the_daytona_road_course,NASCAR,Richard Petty Motorsports,0.051846045992159515
NASCAR_2020_4894_go_bowling_235_at_the_daytona_road_course,NASCAR,Rick Ware Racing,0.8938110700811837
NASCAR_2020_4894_go_bowling_235_at_the_daytona_road_course,NASCAR,Roush Fenway Racing,0.037205529871654965
NASCAR_2020_4894_go_bowling_235_at_the_daytona_road_course,NASCAR,Spire Motorsports,0.4095650926914321
NASCAR_2020_4894_go_bowling_235_at_the_daytona_road_course,NASCAR,StarCom Racing,1.5160749531276347
NASCAR_2020_4894_go_bowling_235_at_the_daytona_road_course,NASCAR,Stewart-Haas Racing,-0.018800228749324657
NASCAR_2020_4894_go_bowling_235_at_the_daytona_road_course,NASCAR,Team Penske,-0.16412417507903557
NASCAR_2020_4894_go_bowling_235_at_the_daytona_road_course,NASCAR,Wood Brothers Racing,0.12008524999226025
NASCAR_2020_4895_consumers_energy_400,NASCAR,Chip Ganassi Racing,-0.08248602419462721
NASCAR_2020_4895_consumers_energy_400,NASCAR,Front Row Motorsports,0.1542499493344571
NASCAR_2020_4895_consumers_energy_400,NASCAR,GO FAS Racing,0.2739544408486111
NASCAR_2020_4895_consumers_energy_400,NASCAR,Gaunt Brothers Racing,0.4501495922388076
NASCAR_2020_4895_consumers_energy_400,NASCAR,Germain Racing,0.17177558198898096
NASCAR_2020_4895_consumers_energy_400,NASCAR,Hendrick Motorsports,-0.21622994404111573
NASCAR_2020_4895_consumers_energy_400,NASCAR,JTG Daugherty Racing,0.12639557684034547
NASCAR_2020_4895_consumers_energy_400,NASCAR,Joe Gibbs Racing,-0.257981848437656
NASCAR_2020_4895_consumers_energy_400,NASCAR,Leavine Family Racing,-0.0639536941825524
NASCAR_2020_4895_consumers_energy_400,NASCAR,Motorsports Business Management,1.8312912452756913
NASCAR_2020_4895_consumers_energy_400,NASCAR,Petty Ware Racing,1.423558231906014
NASCAR_2020_4895_consumers_energy_400,NASCAR,Premium Motorsports,0.7698634171215809
NASCAR_2020_4895_consumers_energy_400,NASCAR,Richard Childress Racing,-0.01424003726364635
NASCAR_2020_4895_consumers_energy_400,NASCAR,Richard Petty Motorsports,0.0520881904050673
NASCAR_2020_4895_consumers_energy_400,NASCAR,Rick Ware Racing,0.8928859285052412
NASCAR_2020_4895_consumers_energy_400,NASCAR,Roush Fenway Racing,0.03848412062166458
NASCAR_2020_4895_consumers_energy_400,NASCAR,Spire Motorsports,0.4070651916822978
NASCAR_2020_4895_consumers_energy_400,NASCAR,StarCom Racing,1.5171157040160486
NASCAR_2020_4895_consumers_energy_400,NASCAR,Stewart-Haas Racing,-0.018441921475670323
NASCAR_2020_4895_consumers_energy_400,NASCAR,Team Penske,-0.16382011421447978
NASCAR_2020_4895_consumers_energy_400,NASCAR,Tommy Baldwin Racing,1.918284762788724
NASCAR_2020_4895_consumers_energy_400,NASCAR,Wood Brothers Racing,0.12085025613567832
NASCAR_2020_4896_bass_pro_shops_nra_night_race,NASCAR,B.J. McLeod Motorsports,1.760517587373038
NASCAR_2020_4896_bass_pro_shops_nra_night_race,NASCAR,Chip Ganassi Racing,-0.08265064008695917
NASCAR_2020_4896_bass_pro_shops_nra_night_race,NASCAR,Front Row Motorsports,0.15579432349316719
NASCAR_2020_4896_bass_pro_shops_nra_night_race,NASCAR,GO FAS Racing,0.26534975756977863
NASCAR_2020_4896_bass_pro_shops_nra_night_race,NASCAR,Gaunt Brothers Racing,0.45896431782938607
NASCAR_2020_4896_bass_pro_shops_nra_night_race,NASCAR,Germain Racing,0.17383416645362276
NASCAR_2020_4896_bass_pro_shops_nra_night_race,NASCAR,Hendrick Motorsports,-0.2160726234168817
NASCAR_2020_4896_bass_pro_shops_nra_night_race,NASCAR,JTG Daugherty Racing,0.126856469047939
NASCAR_2020_4896_bass_pro_shops_nra_night_race,NASCAR,Joe Gibbs Racing,-0.2588559352852174
NASCAR_2020_4896_bass_pro_shops_nra_night_race,NASCAR,Leavine Family Racing,-0.07069814786095205
NASCAR_2020_4896_bass_pro_shops_nra_night_race,NASCAR,Motorsports Business Management,1.8508827584880532
NASCAR_2020_4896_bass_pro_shops_nra_night_race,NASCAR,Petty Ware Racing,1.4123374999966025
NASCAR_2020_4896_bass_pro_shops_nra_night_race,NASCAR,Premium Motorsports,0.774536250408255
NASCAR_2020_4896_bass_pro_shops_nra_night_race,NASCAR,Richard Childress Racing,-0.014231337505314095
NASCAR_2020_4896_bass_pro_shops_nra_night_race,NASCAR,Richard Petty Motorsports,0.05319548556873184
NASCAR_2020_4896_bass_pro_shops_nra_night_race,NASCAR,Rick Ware Racing,0.8926227964845345
NASCAR_2020_4896_bass_pro_shops_nra_night_race,NASCAR,Roush Fenway Racing,0.038253913945716346
NASCAR_2020_4896_bass_pro_shops_nra_night_race,NASCAR,Spire Motorsports,0.40726347181576494
NASCAR_2020_4896_bass_pro_shops_nra_night_race,NASCAR,StarCom Racing,1.5190925980318213
NASCAR_2020_4896_bass_pro_shops_nra_night_race,NASCAR,Stewart-Haas Racing,-0.01905688393761436
NASCAR_2020_4896_bass_pro_shops_nra_night_race,NASCAR,Team Penske,-0.16447238190212182
NASCAR_2020_4896_bass_pro_shops_nra_night_race,NASCAR,Tommy Baldwin Racing,1.9314910567601624
NASCAR_2020_4896_bass_pro_shops_nra_night_race,NASCAR,Wood Brothers Racing,0.12028441885931083
NASCAR_2020_4897_cook_out_southern_500,NASCAR,Chip Ganassi Racing,-0.08177217204000262
NASCAR_2020_4897_cook_out_southern_500,NASCAR,Front Row Motorsports,0.1555115668038251
NASCAR_2020_4897_cook_out_southern_500,NASCAR,GO FAS Racing,0.2662714854970368
NASCAR_2020_4897_cook_out_southern_500,NASCAR,Gaunt Brothers Racing,0.4497564699177987
NASCAR_2020_4897_cook_out_southern_500,NASCAR,Germain Racing,0.16789264687173863
NASCAR_2020_4897_cook_out_southern_500,NASCAR,Hendrick Motorsports,-0.2157159149392085
NASCAR_2020_4897_cook_out_southern_500,NASCAR,JTG Daugherty Racing,0.12673117895525304
NASCAR_2020_4897_cook_out_southern_500,NASCAR,Joe Gibbs Racing,-0.2577701583897121
NASCAR_2020_4897_cook_out_southern_500,NASCAR,Leavine Family Racing,-0.0751482293809867
NASCAR_2020_4897_cook_out_southern_500,NASCAR,Motorsports Business Management,1.840509639315443
NASCAR_2020_4897_cook_out_southern_500,NASCAR,Petty Ware Racing,1.417414874006511
NASCAR_2020_4897_cook_out_southern_500,NASCAR,Premium Motorsports,0.785152223160504
NASCAR_2020_4897_cook_out_southern_500,NASCAR,Richard Childress Racing,-0.014355571483273509
NASCAR_2020_4897_cook_out_southern_500,NASCAR,Richard Petty Motorsports,0.052540243294704914
NASCAR_2020_4897_cook_out_southern_500,NASCAR,Rick Ware Racing,0.8926726323583527
NASCAR_2020_4897_cook_out_southern_500,NASCAR,Roush Fenway Racing,0.03848412062166458
NASCAR_2020_4897_cook_out_southern_500,NASCAR,Spire Motorsports,0.40905547378891033
NASCAR_2020_4897_cook_out_southern_500,NASCAR,StarCom Racing,1.520255038117737
NASCAR_2020_4897_cook_out_southern_500,NASCAR,Stewart-Haas Racing,-0.01889008196144358
NASCAR_2020_4897_cook_out_southern_500,NASCAR,Team Penske,-0.1646566673716128
NASCAR_2020_4897_cook_out_southern_500,NASCAR,Tommy Baldwin Racing,1.9351568988546852
NASCAR_2020_4897_cook_out_southern_500,NASCAR,Wood Brothers Racing,0.11884033046144762
NASCAR_2020_4898_big_machine_hand_sanitizer_400,NASCAR,B.J. McLeod Motorsports,1.8136552019016274
NASCAR_2020_4898_big_machine_hand_sanitizer_400,NASCAR,Chip Ganassi Racing,-0.08273207804440552
NASCAR_2020_4898_big_machine_hand_sanitizer_400,NASCAR,Front Row Motorsports,0.15601586183131685
NASCAR_2020_4898_big_machine_hand_sanitizer_400,NASCAR,GO FAS Racing,0.2690648906863409
NASCAR_2020_4898_big_machine_hand_sanitizer_400,NASCAR,Gaunt Brothers Racing,0.4522368261041907
NASCAR_2020_4898_big_machine_hand_sanitizer_400,NASCAR,Germain Racing,0.1767853588491037
NASCAR_2020_4898_big_machine_hand_sanitizer_400,NASCAR,Hendrick Motorsports,-0.21634726595162226
NASCAR_2020_4898_big_machine_hand_sanitizer_400,NASCAR,JTG Daugherty Racing,0.1259888142460049
NASCAR_2020_4898_big_machine_hand_sanitizer_400,NASCAR,Joe Gibbs Racing,-0.2587479505985769
NASCAR_2020_4898_big_machine_hand_sanitizer_400,NASCAR,Leavine Family Racing,-0.07304193191916647
NASCAR_2020_4898_big_machine_hand_sanitizer_400,NASCAR,Motorsports Business Management,1.8472698902637334
NASCAR_2020_4898_big_machine_hand_sanitizer_400,NASCAR,Premium Motorsports,0.7923943915765661
NASCAR_2020_4898_big_machine_hand_sanitizer_400,NASCAR,Richard Childress Racing,-0.014572477712411401
NASCAR_2020_4898_big_machine_hand_sanitizer_400,NASCAR,Richard Petty Motorsports,0.053037825941088614
NASCAR_2020_4898_big_machine_hand_sanitizer_400,NASCAR,Rick Ware Racing,0.8927682121290448
NASCAR_2020_4898_big_machine_hand_sanitizer_400,NASCAR,Roush Fenway Racing,0.038483715196806004
NASCAR_2020_4898_big_machine_hand_sanitizer_400,NASCAR,Spire Motorsports,0.4115642648286885
NASCAR_2020_4898_big_machine_hand_sanitizer_400,NASCAR,StarCom Racing,1.51863039608088
NASCAR_2020_4898_big_machine_hand_sanitizer_400,NASCAR,Stewart-Haas Racing,-0.01947643017070458
NASCAR_2020_4898_big_machine_hand_sanitizer_400,NASCAR,Team Penske,-0.16479067720277224
NASCAR_2020_4898_big_machine_hand_sanitizer_400,NASCAR,Tommy Baldwin Racing,1.9130604901635773
NASCAR_2020_4898_big_machine_hand_sanitizer_400,NASCAR,Wood Brothers Racing,0.1200415551496799
NASCAR_2020_4899_south_point_400,NASCAR,Chip Ganassi Racing,-0.08371367665243948
NASCAR_2020_4899_south_point_400,NASCAR,Front Row Motorsports,0.1559880116505069
NASCAR_2020_4899_south_point_400,NASCAR,GO FAS Racing,0.2649307346881043
NASCAR_2020_4899_south_point_400,NASCAR,Gaunt Brothers Racing,0.4447856892083175
NASCAR_2020_4899_south_point_400,NASCAR,Germain Racing,0.16581450570552786
NASCAR_2020_4899_south_point_400,NASCAR,Hendrick Motorsports,-0.21599730149132068
NASCAR_2020_4899_south_point_400,NASCAR,JTG Daugherty Racing,0.1258739343875253
NASCAR_2020_4899_south_point_400,NASCAR,Joe Gibbs Racing,-0.25838529174981656
NASCAR_2020_4899_south_point_400,NASCAR,Leavine Family Racing,-0.07278633557707649
NASCAR_2020_4899_south_point_400,NASCAR,Motorsports Business Management,1.842777766878337
NASCAR_2020_4899_south_point_400,NASCAR,Petty Ware Racing,1.4149975686614702
NASCAR_2020_4899_south_point_400,NASCAR,Premium Motorsports,0.7795888907341493
NASCAR_2020_4899_south_point_400,NASCAR,Richard Childress Racing,-0.01403390493206363
NASCAR_2020_4899_south_point_400,NASCAR,Richard Petty Motorsports,0.04690325194217058
NASCAR_2020_4899_south_point_400,NASCAR,Rick Ware Racing,0.8903039302433519
NASCAR_2020_4899_south_point_400,NASCAR,Roush Fenway Racing,0.036654342635954816
NASCAR_2020_4899_south_point_400,NASCAR,Spire Motorsports,0.4077662958845652
NASCAR_2020_4899_south_point_400,NASCAR,StarCom Racing,1.512793679703242
NASCAR_2020_4899_south_point_400,NASCAR,Stewart-Haas Racing,-0.019274499056933556
NASCAR_2020_4899_south_point_400,NASCAR,Team Penske,-0.16421483684988883
NASCAR_2020_4899_south_point_400,NASCAR,Wood Brothers Racing,0.12073151696258691
NASCAR_2020_4900_federated_auto_parts_400,NASCAR,Chip Ganassi Racing,-0.08240510787415803
NASCAR_2020_4900_federated_auto_parts_400,NASCAR,Front Row Motorsports,0.15491846263779324
NASCAR_2020_4900_federated_auto_parts_400,NASCAR,GO FAS Racing,0.26963958819892303
NASCAR_2020_4900_federated_auto_parts_400,NASCAR,Gaunt Brothers Racing,0.45534313147397565
NASCAR_2020_4900_federated_auto_parts_400,NASCAR,Germain Racing,0.16815384373226505
NASCAR_2020_4900_federated_auto_parts_400,NASCAR,Hendrick Motorsports,-0.21621353232797302
NASCAR_2020_4900_federated_auto_parts_400,NASCAR,JTG Daugherty Racing,0.12740854291366516
NASCAR_2020_4900_federated_auto_parts_400,NASCAR,Joe Gibbs Racing,-0.2584878665442102
NASCAR_2020_4900_federated_auto_parts_400,NASCAR,Leavine Family Racing,-0.07230062210292308
NASCAR_2020_4900_federated_auto_parts_400,NASCAR,Motorsports Business Management,1.8482924645370449
NASCAR_2020_4900_federated_auto_parts_400,NASCAR,Petty Ware Racing,1.424975128066748
NASCAR_2020_4900_federated_auto_parts_400,NASCAR,Premium Motorsports,0.7730437745076132
NASCAR_2020_4900_federated_auto_parts_400,NASCAR,Richard Childress Racing,-0.013550457369330412
NASCAR_2020_4900_federated_auto_parts_400,NASCAR,Richard Petty Motorsports,0.049088572750367446
NASCAR_2020_4900_federated_auto_parts_400,NASCAR,Rick Ware Racing,0.8907496068665987
NASCAR_2020_4900_federated_auto_parts_400,NASCAR,Roush Fenway Racing,0.036833634543418516
NASCAR_2020_4900_federated_auto_parts_400,NASCAR,Spire Motorsports,0.4071709655761196
NASCAR_2020_4900_federated_auto_parts_400,NASCAR,StarCom Racing,1.5256758438499094
NASCAR_2020_4900_federated_auto_parts_400,NASCAR,Stewart-Haas Racing,-0.01866398628727234
NASCAR_2020_4900_federated_auto_parts_400,NASCAR,Team Penske,-0.16404352864926317
NASCAR_2020_4900_federated_auto_parts_400,NASCAR,Wood Brothers Racing,0.12036739754600684
NASCAR_2020_4901_bank_of_america_roval_400,NASCAR,Chip Ganassi Racing,-0.08263141247636639
NASCAR_2020_4901_bank_of_america_roval_400,NASCAR,Front Row Motorsports,0.15598676835046674
NASCAR_2020_4901_bank_of_america_roval_400,NASCAR,GO FAS Racing,0.2691177524828069
NASCAR_2020_4901_bank_of_america_roval_400,NASCAR,Gaunt Brothers Racing,0.45197437908419713
NASCAR_2020_4901_bank_of_america_roval_400,NASCAR,Germain Racing,0.17586012368400358
NASCAR_2020_4901_bank_of_america_roval_400,NASCAR,Hendrick Motorsports,-0.215586661516304
NASCAR_2020_4901_bank_of_america_roval_400,NASCAR,JTG Daugherty Racing,0.12690480184167685
NASCAR_2020_4901_bank_of_america_roval_400,NASCAR,Joe Gibbs Racing,-0.25837820236069126
NASCAR_2020_4901_bank_of_america_roval_400,NASCAR,Leavine Family Racing,-0.06232720920577487
NASCAR_2020_4901_bank_of_america_roval_400,NASCAR,Motorsports Business Management,1.8602978013514415
NASCAR_2020_4901_bank_of_america_roval_400,NASCAR,Petty Ware Racing,1.4404801111287442
NASCAR_2020_4901_bank_of_america_roval_400,NASCAR,Premium Motorsports,0.7856626179499759
NASCAR_2020_4901_bank_of_america_roval_400,NASCAR,Richard Childress Racing,-0.014789291959871118
NASCAR_2020_4901_bank_of_america_roval_400,NASCAR,Richard Petty Motorsports,0.05286090857721544
NASCAR_2020_4901_bank_of_america_roval_400,NASCAR,Rick Ware Racing,0.8952923095211542
NASCAR_2020_4901_bank_of_america_roval_400,NASCAR,Roush Fenway Racing,0.03580160517029031
NASCAR_2020_4901_bank_of_america_roval_400,NASCAR,Spire Motorsports,0.4100842166703878
NASCAR_2020_4901_bank_of_america_roval_400,NASCAR,StarCom Racing,1.5305345597291211
NASCAR_2020_4901_bank_of_america_roval_400,NASCAR,Stewart-Haas Racing,-0.019435775829282777
NASCAR_2020_4901_bank_of_america_roval_400,NASCAR,Team Penske,-0.163605019480046
NASCAR_2020_4901_bank_of_america_roval_400,NASCAR,Wood Brothers Racing,0.11958249830338084
NASCAR_2020_4902_drydene_311_2,NASCAR,B.J. McLeod Motorsports,1.8210442110703797
NASCAR_2020_4902_drydene_311_2,NASCAR,Chip Ganassi Racing,-0.0823413575605155
NASCAR_2020_4902_drydene_311_2,NASCAR,Front Row Motorsports,0.155185218079002
NASCAR_2020_4902_drydene_311_2,NASCAR,GO FAS Racing,0.2671558326543487
NASCAR_2020_4902_drydene_311_2,NASCAR,Gaunt Brothers Racing,0.45409264948102596
NASCAR_2020_4902_drydene_311_2,NASCAR,Germain Racing,0.1639997935021876
NASCAR_2020_4902_drydene_311_2,NASCAR,Hendrick Motorsports,-0.2152867656180818
NASCAR_2020_4902_drydene_311_2,NASCAR,JTG Daugherty Racing,0.12587407601771716
NASCAR_2020_4902_drydene_311_2,NASCAR,Joe Gibbs Racing,-0.2587126204892796
NASCAR_2020_4902_drydene_311_2,NASCAR,Leavine Family Racing,-0.08110077200418611
NASCAR_2020_4902_drydene_311_2,NASCAR,Motorsports Business Management,1.8412887497716641
NASCAR_2020_4902_drydene_311_2,NASCAR,Petty Ware Racing,1.432588002672406
NASCAR_2020_4902_drydene_311_2,NASCAR,Premium Motorsports,0.7816312496917974
NASCAR_2020_4902_drydene_311_2,NASCAR,Richard Childress Racing,-0.014039153579569443
NASCAR_2020_4902_drydene_311_2,NASCAR,Richard Petty Motorsports,0.0501724774623352
NASCAR_2020_4902_drydene_311_2,NASCAR,Rick Ware Racing,0.8931998517709606
NASCAR_2020_4902_drydene_311_2,NASCAR,Roush Fenway Racing,0.038444478465123694
NASCAR_2020_4902_drydene_311_2,NASCAR,Spire Motorsports,0.40726823035072734
NASCAR_2020_4902_drydene_311_2,NASCAR,StarCom Racing,1.5177622180749792
NASCAR_2020_4902_drydene_311_2,NASCAR,Stewart-Haas Racing,-0.01790238275443518
NASCAR_2020_4902_drydene_311_2,NASCAR,Team Penske,-0.16349433737093103
NASCAR_2020_4902_drydene_311_2,NASCAR,Tommy Baldwin Racing,1.9040041518919661
NASCAR_2020_4902_drydene_311_2,NASCAR,Wood Brothers Racing,0.1200390170856094
NASCAR_2020_4903_yellawood_500,NASCAR,Beard Motorsports,0.43083918080093125
NASCAR_2020_4903_yellawood_500,NASCAR,Chip Ganassi Racing,-0.08361921998532462
NASCAR_2020_4903_yellawood_500,NASCAR,Front Row Motorsports,0.15609980421856443
NASCAR_2020_4903_yellawood_500,NASCAR,GO FAS Racing,0.2763576760402421
NASCAR_2020_4903_yellawood_500,NASCAR,Gaunt Brothers Racing,0.46559161221685
NASCAR_2020_4903_yellawood_500,NASCAR,Germain Racing,0.17809897293353694
NASCAR_2020_4903_yellawood_500,NASCAR,Hendrick Motorsports,-0.2168344809466958
NASCAR_2020_4903_yellawood_500,NASCAR,JTG Daugherty Racing,0.12700972682163628
NASCAR_2020_4903_yellawood_500,NASCAR,Joe Gibbs Racing,-0.25944375481315873
NASCAR_2020_4903_yellawood_500,NASCAR,Motorsports Business Management,1.8724661813330874
NASCAR_2020_4903_yellawood_500,NASCAR,Petty Ware Racing,1.4446418319394694
NASCAR_2020_4903_yellawood_500,NASCAR,Premium Motorsports,0.8054677866841639
NASCAR_2020_4903_yellawood_500,NASCAR,Richard Childress Racing,-0.01465397855499141
NASCAR_2020_4903_yellawood_500,NASCAR,Richard Petty Motorsports,0.054020972084355204
NASCAR_2020_4903_yellawood_500,NASCAR,Rick Ware Racing,0.8960553300669206
NASCAR_2020_4903_yellawood_500,NASCAR,Roush Fenway Racing,0.03848412062166458
NASCAR_2020_4903_yellawood_500,NASCAR,Spire Motorsports,0.4121551863082376
NASCAR_2020_4903_yellawood_500,NASCAR,StarCom Racing,1.5401680641917863
NASCAR_2020_4903_yellawood_500,NASCAR,Stewart-Haas Racing,-0.019876544572730966
NASCAR_2020_4903_yellawood_500,NASCAR,Team Penske,-0.16473766214512736
NASCAR_2020_4903_yellawood_500,NASCAR,Wood Brothers Racing,0.11969211203240611
NASCAR_2020_4904_hollywood_casino_400,NASCAR,Chip Ganassi Racing,-0.08317836032568056
NASCAR_2020_4904_hollywood_casino_400,NASCAR,Front Row Motorsports,0.1557922248438667
NASCAR_2020_4904_hollywood_casino_400,NASCAR,GO FAS Racing,0.26775240032315484
NASCAR_2020_4904_hollywood_casino_400,NASCAR,Gaunt Brothers Racing,0.45040844054438844
NASCAR_2020_4904_hollywood_casino_400,NASCAR,Germain Racing,0.16615827619375667
NASCAR_2020_4904_hollywood_casino_400,NASCAR,Hendrick Motorsports,-0.21606629319817056
NASCAR_2020_4904_hollywood_casino_400,NASCAR,JTG Daugherty Racing,0.12658489995071312
NASCAR_2020_4904_hollywood_casino_400,NASCAR,Joe Gibbs Racing,-0.25858081539562405
NASCAR_2020_4904_hollywood_casino_400,NASCAR,Leavine Family Racing,-0.0681935479476294
NASCAR_2020_4904_hollywood_casino_400,NASCAR,Motorsports Business Management,1.8398854810864278
NASCAR_2020_4904_hollywood_casino_400,NASCAR,Petty Ware Racing,1.4137724867324404
NASCAR_2020_4904_hollywood_casino_400,NASCAR,Premium Motorsports,0.7855773312262376
NASCAR_2020_4904_hollywood_casino_400,NASCAR,Richard Childress Racing,-0.014352152152897688
NASCAR_2020_4904_hollywood_casino_400,NASCAR,Richard Petty Motorsports,0.05274309914209867
NASCAR_2020_4904_hollywood_casino_400,NASCAR,Rick Ware Racing,0.8916236389200948
NASCAR_2020_4904_hollywood_casino_400,NASCAR,Roush Fenway Racing,0.03635964610639184
NASCAR_2020_4904_hollywood_casino_400,NASCAR,Spire Motorsports,0.40458278093556793
NASCAR_2020_4904_hollywood_casino_400,NASCAR,StarCom Racing,1.5149915834208791
NASCAR_2020_4904_hollywood_casino_400,NASCAR,Stewart-Haas Racing,-0.019063504016161723
NASCAR_2020_4904_hollywood_casino_400,NASCAR,Team Penske,-0.1636623493174832
NASCAR_2020_4904_hollywood_casino_400,NASCAR,Tommy Baldwin Racing,1.9278159621161466
NASCAR_2020_4904_hollywood_casino_400,NASCAR,Wood Brothers Racing,0.11968990884482297
NASCAR_2020_4905_xfinity_500,NASCAR,Chip Ganassi Racing,-0.08109499605994785
NASCAR_2020_4905_xfinity_500,NASCAR,Front Row Motorsports,0.15436001509286634
NASCAR_2020_4905_xfinity_500,NASCAR,GO FAS Racing,0.274414367099552
NASCAR_2020_4905_xfinity_500,NASCAR,Gaunt Brothers Racing,0.4532199720706696
NASCAR_2020_4905_xfinity_500,NASCAR,Germain Racing,0.17485325598461102
NASCAR_2020_4905_xfinity_500,NASCAR,Hendrick Motorsports,-0.21568842975043354
NASCAR_2020_4905_xfinity_500,NASCAR,JTG Daugherty Racing,0.12580283558213534
NASCAR_2020_4905_xfinity_500,NASCAR,Joe Gibbs Racing,-0.25808203378591793
NASCAR_2020_4905_xfinity_500,NASCAR,Leavine Family Racing,-0.07475212363636763
NASCAR_2020_4905_xfinity_500,NASCAR,Motorsports Business Management,1.858484980921603
NASCAR_2020_4905_xfinity_500,NASCAR,Petty Ware Racing,1.4247239080496248
NASCAR_2020_4905_xfinity_500,NASCAR,Premium Motorsports,0.7852127718446772
NASCAR_2020_4905_xfinity_500,NASCAR,Richard Childress Racing,-0.015564486641387994
NASCAR_2020_4905_xfinity_500,NASCAR,Richard Petty Motorsports,0.0510124977533182
NASCAR_2020_4905_xfinity_500,NASCAR,Rick Ware Racing,0.8929862003626208
NASCAR_2020_4905_xfinity_500,NASCAR,Roush Fenway Racing,0.03844959270914351
NASCAR_2020_4905_xfinity_500,NASCAR,Spire Motorsports,0.40749620451439483
NASCAR_2020_4905_xfinity_500,NASCAR,StarCom Racing,1.5139727967113097
NASCAR_2020_4905_xfinity_500,NASCAR,Stewart-Haas Racing,-0.018942653368229773
NASCAR_2020_4905_xfinity_500,NASCAR,Team Penske,-0.16296094360641297
NASCAR_2020_4905_xfinity_500,NASCAR,Tommy Baldwin Racing,1.923616275935198
NASCAR_2020_4905_xfinity_500,NASCAR,Wood Brothers Racing,0.11987236007158945
NASCAR_2020_4906_autotrader_echopark_automotive_500,NASCAR,Chip Ganassi Racing,-0.08206397843866159
NASCAR_2020_4906_autotrader_echopark_automotive_500,NASCAR,Front Row Motorsports,0.15602059512025596
NASCAR_2020_4906_autotrader_echopark_automotive_500,NASCAR,GO FAS Racing,0.2718221822467186
NASCAR_2020_4906_autotrader_echopark_automotive_500,NASCAR,Gaunt Brothers Racing,0.4448403565335502
NASCAR_2020_4906_autotrader_echopark_automotive_500,NASCAR,Germain Racing,0.16974551733036325
NASCAR_2020_4906_autotrader_echopark_automotive_500,NASCAR,Hendrick Motorsports,-0.21594168808202666
NASCAR_2020_4906_autotrader_echopark_automotive_500,NASCAR,JTG Daugherty Racing,0.12657647969318286
NASCAR_2020_4906_autotrader_echopark_automotive_500,NASCAR,Joe Gibbs Racing,-0.25847166228997187
NASCAR_2020_4906_autotrader_echopark_automotive_500,NASCAR,Leavine Family Racing,-0.06833525630127789
NASCAR_2020_4906_autotrader_echopark_automotive_500,NASCAR,Motorsports Business Management,1.8453397797541988
NASCAR_2020_4906_autotrader_echopark_automotive_500,NASCAR,Petty Ware Racing,1.4223735563985727
NASCAR_2020_4906_autotrader_echopark_automotive_500,NASCAR,Premium Motorsports,0.7810231145794537
NASCAR_2020_4906_autotrader_echopark_automotive_500,NASCAR,Richard Childress Racing,-0.014322920933731904
NASCAR_2020_4906_autotrader_echopark_automotive_500,NASCAR,Richard Petty Motorsports,0.05309010385403439
NASCAR_2020_4906_autotrader_echopark_automotive_500,NASCAR,Rick Ware Racing,0.8920145353391554
NASCAR_2020_4906_autotrader_echopark_automotive_500,NASCAR,Roush Fenway Racing,0.03386533869307894
NASCAR_2020_4906_autotrader_echopark_automotive_500,NASCAR,Spire Motorsports,0.4080491618308235
NASCAR_2020_4906_autotrader_echopark_automotive_500,NASCAR,StarCom Racing,1.5242617597582602
NASCAR_2020_4906_autotrader_echopark_automotive_500,NASCAR,Stewart-Haas Racing,-0.018965997145113253
NASCAR_2020_4906_autotrader_echopark_automotive_500,NASCAR,Team Penske,-0.16410069984129444
NASCAR_2020_4906_autotrader_echopark_automotive_500,NASCAR,Tommy Baldwin Racing,1.9466106271493893
NASCAR_2020_4906_autotrader_echopark_automotive_500,NASCAR,Wood Brothers Racing,0.12029479872106306
NASCAR_2020_4907_season_finale_500,NASCAR,Chip Ganassi Racing,-0.08263907585015416
NASCAR_2020_4907_season_finale_500,NASCAR,Front Row Motorsports,0.15537610420050657
NASCAR_2020_4907_season_finale_500,NASCAR,GO FAS Racing,0.2749285332505783
NASCAR_2020_4907_season_finale_500,NASCAR,Gaunt Brothers Racing,0.4501379884382225
NASCAR_2020_4907_season_finale_500,NASCAR,Germain Racing,0.1712788353196385
NASCAR_2020_4907_season_finale_500,NASCAR,Hendrick Motorsports,-0.21586380537866784
NASCAR_2020_4907_season_finale_500,NASCAR,JTG Daugherty Racing,0.12595745292020322
NASCAR_2020_4907_season_finale_500,NASCAR,Joe Gibbs Racing,-0.25856289774135205
NASCAR_2020_4907_season_finale_500,NASCAR,Leavine Family Racing,-0.07510889498107033
NASCAR_2020_4907_season_finale_500,NASCAR,Motorsports Business Management,1.831924254228538
NASCAR_2020_4907_season_finale_500,NASCAR,Petty Ware Racing,1.4260947858620374
NASCAR_2020_4907_season_finale_500,NASCAR,Premium Motorsports,0.7891284743015686
NASCAR_2020_4907_season_finale_500,NASCAR,Richard Childress Racing,-0.014694578476850838
NASCAR_2020_4907_season_finale_500,NASCAR,Richard Petty Motorsports,0.05326028000732221
NASCAR_2020_4907_season_finale_500,NASCAR,Rick Ware Racing,0.8930089835194492
NASCAR_2020_4907_season_finale_500,NASCAR,Roush Fenway Racing,0.03637525455777592
NASCAR_2020_4907_season_finale_500,NASCAR,Spire Motorsports,0.4043054259624856
NASCAR_2020_4907_season_finale_500,NASCAR,StarCom Racing,1.5152193004021177
NASCAR_2020_4907_season_finale_500,NASCAR,Stewart-Haas Racing,-0.019006648664002927
NASCAR_2020_4907_season_finale_500,NASCAR,Team Penske,-0.16293525307452858
NASCAR_2020_4907_season_finale_500,NASCAR,Tommy Baldwin Racing,1.9101694993030345
NASCAR_2020_4907_season_finale_500,NASCAR,Wood Brothers Racing,0.12098957209644118
NASCAR_2020_4967_the_real_heroes_400,NASCAR,B.J. McLeod Motorsports,1.799498693789051
NASCAR_2020_4967_the_real_heroes_400,NASCAR,Chip Ganassi Racing,-0.08127130957919523
NASCAR_2020_4967_the_real_heroes_400,NASCAR,Front Row Motorsports,0.1557952489335113
NASCAR_2020_4967_the_real_heroes_400,NASCAR,GO FAS Racing,0.2687461891651638
NASCAR_2020_4967_the_real_heroes_400,NASCAR,Gaunt Brothers Racing,0.44929952929634
NASCAR_2020_4967_the_real_heroes_400,NASCAR,Germain Racing,0.17234703907579343
NASCAR_2020_4967_the_real_heroes_400,NASCAR,Hendrick Motorsports,-0.21533418929361717
NASCAR_2020_4967_the_real_heroes_400,NASCAR,JTG Daugherty Racing,0.1267698071427878
NASCAR_2020_4967_the_real_heroes_400,NASCAR,Joe Gibbs Racing,-0.2584118589305673
NASCAR_2020_4967_the_real_heroes_400,NASCAR,Leavine Family Racing,-0.0757808483715424
NASCAR_2020_4967_the_real_heroes_400,NASCAR,Motorsports Business Management,1.8426907500697614
NASCAR_2020_4967_the_real_heroes_400,NASCAR,Petty Ware Racing,1.4238257123970972
NASCAR_2020_4967_the_real_heroes_400,NASCAR,Premium Motorsports,0.7882470269566239
NASCAR_2020_4967_the_real_heroes_400,NASCAR,Richard Childress Racing,-0.014245985954597608
NASCAR_2020_4967_the_real_heroes_400,NASCAR,Richard Petty Motorsports,0.051648117029046474
NASCAR_2020_4967_the_real_heroes_400,NASCAR,Rick Ware Racing,0.8944067688163774
NASCAR_2020_4967_the_real_heroes_400,NASCAR,Roush Fenway Racing,0.0377549798180812
NASCAR_2020_4967_the_real_heroes_400,NASCAR,Spire Motorsports,0.40746300164877763
NASCAR_2020_4967_the_real_heroes_400,NASCAR,StarCom Racing,1.5258893160988474
NASCAR_2020_4967_the_real_heroes_400,NASCAR,Stewart-Haas Racing,-0.019160749816083292
NASCAR_2020_4967_the_real_heroes_400,NASCAR,Team Penske,-0.16459746485651355
NASCAR_2020_4967_the_real_heroes_400,NASCAR,Tommy Baldwin Racing,1.9038391707433806
NASCAR_2020_4967_the_real_heroes_400,NASCAR,Wood Brothers Racing,0.11982613670548596
NASCAR_2020_4968_toyota_500,NASCAR,B.J. McLeod Motorsports,1.7572630074618862
NASCAR_2020_4968_toyota_500,NASCAR,Chip Ganassi Racing,-0.08259795964901026
NASCAR_2020_4968_toyota_500,NASCAR,Front Row Motorsports,0.15519782227103263
NASCAR_2020_4968_toyota_500,NASCAR,GO FAS Racing,0.2716374923055021
NASCAR_2020_4968_toyota_500,NASCAR,Gaunt Brothers Racing,0.45527921570433927
NASCAR_2020_4968_toyota_500,NASCAR,Germain Racing,0.17678816873955117
NASCAR_2020_4968_toyota_500,NASCAR,Hendrick Motorsports,-0.21611011387724327
NASCAR_2020_4968_toyota_500,NASCAR,JTG Daugherty Racing,0.12634534383043122
NASCAR_2020_4968_toyota_500,NASCAR,Joe Gibbs Racing,-0.25837050340894296
NASCAR_2020_4968_toyota_500,NASCAR,Leavine Family Racing,-0.07404532173630017
NASCAR_2020_4968_toyota_500,NASCAR,Motorsports Business Management,1.8537714141707848
NASCAR_2020_4968_toyota_500,NASCAR,Petty Ware Racing,1.436222089236414
NASCAR_2020_4968_toyota_500,NASCAR,Premium Motorsports,0.7976513167005748
NASCAR_2020_4968_toyota_500,NASCAR,Richard Childress Racing,-0.01473751384822251
NASCAR_2020_4968_toyota_500,NASCAR,Richard Petty Motorsports,0.0530606252143828
NASCAR_2020_4968_toyota_500,NASCAR,Rick Ware Racing,0.8936652948374088
NASCAR_2020_4968_toyota_500,NASCAR,Roush Fenway Racing,0.03798777063036217
NASCAR_2020_4968_toyota_500,NASCAR,Spire Motorsports,0.4108421924769108
NASCAR_2020_4968_toyota_500,NASCAR,StarCom Racing,1.5277690929098113
NASCAR_2020_4968_toyota_500,NASCAR,Stewart-Haas Racing,-0.018717622886603575
NASCAR_2020_4968_toyota_500,NASCAR,Team Penske,-0.16418826054501656
NASCAR_2020_4968_toyota_500,NASCAR,Wood Brothers Racing,0.120327914362403
NASCAR_2020_4969_alsco_uniforms_500,NASCAR,B.J. McLeod Motorsports,1.7828658607053967
NASCAR_2020_4969_alsco_uniforms_500,NASCAR,Chip Ganassi Racing,-0.0819760562972445
NASCAR_2020_4969_alsco_uniforms_500,NASCAR,Front Row Motorsports,0.15607091388376415
NASCAR_2020_4969_alsco_uniforms_500,NASCAR,GO FAS Racing,0.27162180039359396
NASCAR_2020_4969_alsco_uniforms_500,NASCAR,Gaunt Brothers Racing,0.4492724636067322
NASCAR_2020_4969_alsco_uniforms_500,NASCAR,Germain Racing,0.16101997772912258
NASCAR_2020_4969_alsco_uniforms_500,NASCAR,Hendrick Motorsports,-0.21581326881849086
NASCAR_2020_4969_alsco_uniforms_500,NASCAR,JTG Daugherty Racing,0.1272512815681108
NASCAR_2020_4969_alsco_uniforms_500,NASCAR,Joe Gibbs Racing,-0.25889564541435595
NASCAR_2020_4969_alsco_uniforms_500,NASCAR,Leavine Family Racing,-0.07316906912374706
NASCAR_2020_4969_alsco_uniforms_500,NASCAR,Motorsports Business Management,1.8438762485122573
NASCAR_2020_4969_alsco_uniforms_500,NASCAR,Petty Ware Racing,1.446728210324976
NASCAR_2020_4969_alsco_uniforms_500,NASCAR,Premium Motorsports,0.7816153170957707
NASCAR_2020_4969_alsco_uniforms_500,NASCAR,Richard Childress Racing,-0.013801069631071448
NASCAR_2020_4969_alsco_uniforms_500,NASCAR,Richard Petty Motorsports,0.054601506244654235
NASCAR_2020_4969_alsco_uniforms_500,NASCAR,Rick Ware Racing,0.8930276532374827
NASCAR_2020_4969_alsco_uniforms_500,NASCAR,Roush Fenway Racing,0.03800122756305761
NASCAR_2020_4969_alsco_uniforms_500,NASCAR,Spire Motorsports,0.407579818228553
NASCAR_2020_4969_alsco_uniforms_500,NASCAR,StarCom Racing,1.5258625950511693
NASCAR_2020_4969_alsco_uniforms_500,NASCAR,Stewart-Haas Racing,-0.01982871692183177
NASCAR_2020_4969_alsco_uniforms_500,NASCAR,Team Penske,-0.16342923636909526
NASCAR_2020_4969_alsco_uniforms_500,NASCAR,Tommy Baldwin Racing,1.8905661822723696
NASCAR_2020_4969_alsco_uniforms_500,NASCAR,Wood Brothers Racing,0.120456380323712
NASCAR_2020_4971_food_city_presents_the_supermarket_heroes_500,NASCAR,B.J. McLeod Motorsports,1.837345839886321
NASCAR_2020_4971_food_city_presents_the_supermarket_heroes_500,NASCAR,Chip Ganassi Racing,-0.08358819268840542
NASCAR_2020_4971_food_city_presents_the_supermarket_heroes_500,NASCAR,Front Row Motorsports,0.1559880058230792
NASCAR_2020_4971_food_city_presents_the_supermarket_heroes_500,NASCAR,GO FAS Racing,0.27151811165073975
NASCAR_2020_4971_food_city_presents_the_supermarket_heroes_500,NASCAR,Gaunt Brothers Racing,0.45747368934319205
NASCAR_2020_4971_food_city_presents_the_supermarket_heroes_500,NASCAR,Germain Racing,0.17558835947251097
NASCAR_2020_4971_food_city_presents_the_supermarket_heroes_500,NASCAR,Hendrick Motorsports,-0.21593390214370464
NASCAR_2020_4971_food_city_presents_the_supermarket_heroes_500,NASCAR,JTG Daugherty Racing,0.12672107241860336
NASCAR_2020_4971_food_city_presents_the_supermarket_heroes_500,NASCAR,Joe Gibbs Racing,-0.2582861056299841
NASCAR_2020_4971_food_city_presents_the_supermarket_heroes_500,NASCAR,Leavine Family Racing,-0.07375989897838085
NASCAR_2020_4971_food_city_presents_the_supermarket_heroes_500,NASCAR,Motorsports Business Management,1.8654581616991126
NASCAR_2020_4971_food_city_presents_the_supermarket_heroes_500,NASCAR,Petty Ware Racing,1.415808666767381
NASCAR_2020_4971_food_city_presents_the_supermarket_heroes_500,NASCAR,Premium Motorsports,0.7780670832743034
NASCAR_2020_4971_food_city_presents_the_supermarket_heroes_500,NASCAR,Richard Childress Racing,-0.014660689882595262
NASCAR_2020_4971_food_city_presents_the_supermarket_heroes_500,NASCAR,Richard Petty Motorsports,0.053012326995865465
NASCAR_2020_4971_food_city_presents_the_supermarket_heroes_500,NASCAR,Rick Ware Racing,0.8957514155370695
NASCAR_2020_4971_food_city_presents_the_supermarket_heroes_500,NASCAR,Roush Fenway Racing,0.037432163482827956
NASCAR_2020_4971_food_city_presents_the_supermarket_heroes_500,NASCAR,Spire Motorsports,0.4071574992811394
NASCAR_2020_4971_food_city_presents_the_supermarket_heroes_500,NASCAR,StarCom Racing,1.5093973508270786
NASCAR_2020_4971_food_city_presents_the_supermarket_heroes_500,NASCAR,Stewart-Haas Racing,-0.018961194201269082
NASCAR_2020_4971_food_city_presents_the_supermarket_heroes_500,NASCAR,Team Penske,-0.16399534042429434
NASCAR_2020_4971_food_city_presents_the_supermarket_heroes_500,NASCAR,Tommy Baldwin Racing,1.949773655177737
NASCAR_2020_4971_food_city_presents_the_supermarket_heroes_500,NASCAR,Wood Brothers Racing,0.1197223510604939
NASCAR_2020_4972_folds_of_honor_quiktrip_500,NASCAR,B.J. McLeod Motorsports,1.7935360521233603
NASCAR_2020_4972_folds_of_honor_quiktrip_500,NASCAR,Chip Ganassi Racing,-0.08143789671389894
NASCAR_2020_4972_folds_of_honor_quiktrip_500,NASCAR,Front Row Motorsports,0.15532671882893426
NASCAR_2020_4972_folds_of_honor_quiktrip_500,NASCAR,GO FAS Racing,0.2668560082697755
NASCAR_2020_4972_folds_of_honor_quiktrip_500,NASCAR,Gaunt Brothers Racing,0.44032064888129846
NASCAR_2020_4972_folds_of_honor_quiktrip_500,NASCAR,Germain Racing,0.16791160033712393
NASCAR_2020_4972_folds_of_honor_quiktrip_500,NASCAR,Hendrick Motorsports,-0.21627956543043958
NASCAR_2020_4972_folds_of_honor_quiktrip_500,NASCAR,JTG Daugherty Racing,0.12673117895525304
NASCAR_2020_4972_folds_of_honor_quiktrip_500,NASCAR,Joe Gibbs Racing,-0.25793064876614136
NASCAR_2020_4972_folds_of_honor_quiktrip_500,NASCAR,Leavine Family Racing,-0.07293414409599765
NASCAR_2020_4972_folds_of_honor_quiktrip_500,NASCAR,Motorsports Business Management,1.833220022631565
NASCAR_2020_4972_folds_of_honor_quiktrip_500,NASCAR,Petty Ware Racing,1.4181307876743052
NASCAR_2020_4972_folds_of_honor_quiktrip_500,NASCAR,Premium Motorsports,0.789370264866666
NASCAR_2020_4972_folds_of_honor_quiktrip_500,NASCAR,Richard Childress Racing,-0.014643849698506128
NASCAR_2020_4972_folds_of_honor_quiktrip_500,NASCAR,Richard Petty Motorsports,0.05231447274273029
NASCAR_2020_4972_folds_of_honor_quiktrip_500,NASCAR,Rick Ware Racing,0.8911173457811897
NASCAR_2020_4972_folds_of_honor_quiktrip_500,NASCAR,Roush Fenway Racing,0.03825127993888638
NASCAR_2020_4972_folds_of_honor_quiktrip_500,NASCAR,Spire Motorsports,0.40613930060991255
NASCAR_2020_4972_folds_of_honor_quiktrip_500,NASCAR,StarCom Racing,1.5154719193748254
NASCAR_2020_4972_folds_of_honor_quiktrip_500,NASCAR,Stewart-Haas Racing,-0.019114112546220467
NASCAR_2020_4972_folds_of_honor_quiktrip_500,NASCAR,Team Penske,-0.16394181134254257
NASCAR_2020_4972_folds_of_honor_quiktrip_500,NASCAR,Tommy Baldwin Racing,1.9061540704857
NASCAR_2020_4972_folds_of_honor_quiktrip_500,NASCAR,Wood Brothers Racing,0.12033853927017746
NASCAR_2020_4973_blue_emu_maximum_pain_relief_500,NASCAR,Chip Ganassi Racing,-0.08358819268840542
NASCAR_2020_4973_blue_emu_maximum_pain_relief_500,NASCAR,Front Row Motorsports,0.1560620561213141
NASCAR_2020_4973_blue_emu_maximum_pain_relief_500,NASCAR,GO FAS Racing,0.2733042464782466
NASCAR_2020_4973_blue_emu_maximum_pain_relief_500,NASCAR,Gaunt Brothers Racing,0.45240886865967567
NASCAR_2020_4973_blue_emu_maximum_pain_relief_500,NASCAR,Germain Racing,0.17238936630685214
NASCAR_2020_4973_blue_emu_maximum_pain_relief_500,NASCAR,Hendrick Motorsports,-0.21564645199577057
NASCAR_2020_4973_blue_emu_maximum_pain_relief_500,NASCAR,JTG Daugherty Racing,0.12644101911197245
NASCAR_2020_4973_blue_emu_maximum_pain_relief_500,NASCAR,Joe Gibbs Racing,-0.25933078854225444
NASCAR_2020_4973_blue_emu_maximum_pain_relief_500,NASCAR,Leavine Family Racing,-0.0844068016200177
NASCAR_2020_4973_blue_emu_maximum_pain_relief_500,NASCAR,Motorsports Business Management,1.8680703764110345
NASCAR_2020_4973_blue_emu_maximum_pain_relief_500,NASCAR,Petty Ware Racing,1.427699580790007
NASCAR_2020_4973_blue_emu_maximum_pain_relief_500,NASCAR,Premium Motorsports,0.7971332257370312
NASCAR_2020_4973_blue_emu_maximum_pain_relief_500,NASCAR,Richard Childress Racing,-0.014474699854742257
NASCAR_2020_4973_blue_emu_maximum_pain_relief_500,NASCAR,Richard Petty Motorsports,0.05622485758849647
NASCAR_2020_4973_blue_emu_maximum_pain_relief_500,NASCAR,Rick Ware Racing,0.8938557056364881
NASCAR_2020_4973_blue_emu_maximum_pain_relief_500,NASCAR,Roush Fenway Racing,0.04043593897922161
NASCAR_2020_4973_blue_emu_maximum_pain_relief_500,NASCAR,Spire Motorsports,0.4107461395624124
NASCAR_2020_4973_blue_emu_maximum_pain_relief_500,NASCAR,StarCom Racing,1.497573214253658
NASCAR_2020_4973_blue_emu_maximum_pain_relief_500,NASCAR,Stewart-Haas Racing,-0.019877147337379022
NASCAR_2020_4973_blue_emu_maximum_pain_relief_500,NASCAR,Team Penske,-0.16333523406141126
NASCAR_2020_4973_blue_emu_maximum_pain_relief_500,NASCAR,Tommy Baldwin Racing,1.9709654076307863
NASCAR_2020_4973_blue_emu_maximum_pain_relief_500,NASCAR,Wood Brothers Racing,0.12043218101340175
NASCAR_2020_4974_dixie_vodka_400,NASCAR,Chip Ganassi Racing,-0.0841008501869218
NASCAR_2020_4974_dixie_vodka_400,NASCAR,Front Row Motorsports,0.15603615294465642
NASCAR_2020_4974_dixie_vodka_400,NASCAR,GO FAS Racing,0.26431948496696656
NASCAR_2020_4974_dixie_vodka_400,NASCAR,Gaunt Brothers Racing,0.4459806155149064
NASCAR_2020_4974_dixie_vodka_400,NASCAR,Germain Racing,0.16759962754759605
NASCAR_2020_4974_dixie_vodka_400,NASCAR,Hendrick Motorsports,-0.2161764812063445
NASCAR_2020_4974_dixie_vodka_400,NASCAR,JTG Daugherty Racing,0.12628925221608484
NASCAR_2020_4974_dixie_vodka_400,NASCAR,Joe Gibbs Racing,-0.2581824247326802
NASCAR_2020_4974_dixie_vodka_400,NASCAR,Leavine Family Racing,-0.07062719470169886
NASCAR_2020_4974_dixie_vodka_400,NASCAR,Motorsports Business Management,1.8409147502551104
NASCAR_2020_4974_dixie_vodka_400,NASCAR,Petty Ware Racing,1.4121744566211571
NASCAR_2020_4974_dixie_vodka_400,NASCAR,Premium Motorsports,0.7709904127252366
NASCAR_2020_4974_dixie_vodka_400,NASCAR,Richard Childress Racing,-0.013326624829925663
NASCAR_2020_4974_dixie_vodka_400,NASCAR,Richard Petty Motorsports,0.054035605931011844
NASCAR_2020_4974_dixie_vodka_400,NASCAR,Rick Ware Racing,0.891959184382472
NASCAR_2020_4974_dixie_vodka_400,NASCAR,Roush Fenway Racing,0.03748525516962305
NASCAR_2020_4974_dixie_vodka_400,NASCAR,Spire Motorsports,0.40426797416435656
NASCAR_2020_4974_dixie_vodka_400,NASCAR,StarCom Racing,1.5196387455849933
NASCAR_2020_4974_dixie_vodka_400,NASCAR,Stewart-Haas Racing,-0.019270838244131415
NASCAR_2020_4974_dixie_vodka_400,NASCAR,Team Penske,-0.1645197953134445
NASCAR_2020_4974_dixie_vodka_400,NASCAR,Wood Brothers Racing,0.12054493351811633
NASCAR_2020_4975_geico_500,NASCAR,B.J. McLeod Motorsports,1.8045565529590266
NASCAR_2020_4975_geico_500,NASCAR,Beard Motorsports,0.4318735227769051
NASCAR_2020_4975_geico_500,NASCAR,Chip Ganassi Racing,-0.08358819268840542
NASCAR_2020_4975_geico_500,NASCAR,Front Row Motorsports,0.1561931624060068
NASCAR_2020_4975_geico_500,NASCAR,GO FAS Racing,0.2727642343455308
NASCAR_2020_4975_geico_500,NASCAR,Gaunt Brothers Racing,0.45523631923433666
NASCAR_2020_4975_geico_500,NASCAR,Germain Racing,0.17797597341434418
NASCAR_2020_4975_geico_500,NASCAR,Hendrick Motorsports,-0.21678451215252306
NASCAR_2020_4975_geico_500,NASCAR,JTG Daugherty Racing,0.12701414100373054
NASCAR_2020_4975_geico_500,NASCAR,Joe Gibbs Racing,-0.25946812254003443
NASCAR_2020_4975_geico_500,NASCAR,Leavine Family Racing,-0.0742911732986822
NASCAR_2020_4975_geico_500,NASCAR,Motorsports Business Management,1.8686779471561137
NASCAR_2020_4975_geico_500,NASCAR,Petty Ware Racing,1.4418924992291753
NASCAR_2020_4975_geico_500,NASCAR,Premium Motorsports,0.7953665664483692
NASCAR_2020_4975_geico_500,NASCAR,Richard Childress Racing,-0.014604017699514402
NASCAR_2020_4975_geico_500,NASCAR,Richard Petty Motorsports,0.05381085404042699
NASCAR_2020_4975_geico_500,NASCAR,Rick Ware Racing,0.8944077772063194
NASCAR_2020_4975_geico_500,NASCAR,Roush Fenway Racing,0.03896688031555076
NASCAR_2020_4975_geico_500,NASCAR,Spire Motorsports,0.4080106895929774
NASCAR_2020_4975_geico_500,NASCAR,StarCom Racing,1.52437126120265
NASCAR_2020_4975_geico_500,NASCAR,Stewart-Haas Racing,-0.01995927247765747
NASCAR_2020_4975_geico_500,NASCAR,Team Penske,-0.1648553045217737
NASCAR_2020_4975_geico_500,NASCAR,Wood Brothers Racing,0.11982427799720874
NASCAR_2020_4983_nascar_all_star_open,NASCAR,Front Row Motorsports,0.15644570837612584
NASCAR_2020_4983_nascar_all_star_open,NASCAR,GO FAS Racing,0.27571372558799423
NASCAR_2020_4983_nascar_all_star_open,NASCAR,Gaunt Brothers Racing,0.46037400426550534
NASCAR_2020_4983_nascar_all_star_open,NASCAR,Germain Racing,0.17758579732186766
NASCAR_2020_4983_nascar_all_star_open,NASCAR,Hendrick Motorsports,-0.2149256257822382
NASCAR_2020_4983_nascar_all_star_open,NASCAR,JTG Daugherty Racing,0.1271705171636072
NASCAR_2020_4983_nascar_all_star_open,NASCAR,Leavine Family Racing,-0.0743880098561071
NASCAR_2020_4983_nascar_all_star_open,NASCAR,Petty Ware Racing,1.429004217731709
NASCAR_2020_4983_nascar_all_star_open,NASCAR,Premium Motorsports,0.7889618053834335
NASCAR_2020_4983_nascar_all_star_open,NASCAR,Richard Childress Racing,-0.014587134377658663
NASCAR_2020_4983_nascar_all_star_open,NASCAR,Richard Petty Motorsports,0.06032068999786206
NASCAR_2020_4983_nascar_all_star_open,NASCAR,Rick Ware Racing,0.894124834699227
NASCAR_2020_4983_nascar_all_star_open,NASCAR,Roush Fenway Racing,0.04164663352740995
NASCAR_2020_4983_nascar_all_star_open,NASCAR,StarCom Racing,1.5196520262524515
NASCAR_2020_4983_nascar_all_star_open,NASCAR,Stewart-Haas Racing,-0.01720863756829852
NASCAR_2020_4983_nascar_all_star_open,NASCAR,Wood Brothers Racing,0.12185438641977989
NASCAR_2020_4984_nascar_all_star_race,NASCAR,Chip Ganassi Racing,-0.09394143671774324
NASCAR_2020_4984_nascar_all_star_race,NASCAR,Hendrick Motorsports,-0.21631231123158154
NASCAR_2020_4984_nascar_all_star_race,NASCAR,Joe Gibbs Racing,-0.25909669704080573
NASCAR_2020_4984_nascar_all_star_race,NASCAR,Roush Fenway Racing,0.033100478782186124
NASCAR_2020_4984_nascar_all_star_race,NASCAR,Spire Motorsports,0.4115240408377148
NASCAR_2020_4984_nascar_all_star_race,NASCAR,Stewart-Haas Racing,-0.019836245887143555
NASCAR_2020_4984_nascar_all_star_race,NASCAR,Team Penske,-0.16341261191566078
NASCAR_2020_4984_nascar_all_star_race,NASCAR,Wood Brothers Racing,0.1173010827702194
NASCAR_2020_4985_o_reilly_auto_parts_500,NASCAR,B.J. McLeod Motorsports,1.768536204034127
NASCAR_2020_4985_o_reilly_auto_parts_500,NASCAR,Chip Ganassi Racing,-0.08276130852037607
NASCAR_2020_4985_o_reilly_auto_parts_500,NASCAR,Front Row Motorsports,0.15560066506469125
NASCAR_2020_4985_o_reilly_auto_parts_500,NASCAR,GO FAS Racing,0.27056023908155374
NASCAR_2020_4985_o_reilly_auto_parts_500,NASCAR,Gaunt Brothers Racing,0.4505914082055386
NASCAR_2020_4985_o_reilly_auto_parts_500,NASCAR,Germain Racing,0.17458008553628604
NASCAR_2020_4985_o_reilly_auto_parts_500,NASCAR,Hendrick Motorsports,-0.2163845846983796
NASCAR_2020_4985_o_reilly_auto_parts_500,NASCAR,JTG Daugherty Racing,0.1269368756216614
NASCAR_2020_4985_o_reilly_auto_parts_500,NASCAR,Joe Gibbs Racing,-0.2584382750259245
NASCAR_2020_4985_o_reilly_auto_parts_500,NASCAR,Leavine Family Racing,-0.07427660372787896
NASCAR_2020_4985_o_reilly_auto_parts_500,NASCAR,Motorsports Business Management,1.840605046651102
NASCAR_2020_4985_o_reilly_auto_parts_500,NASCAR,Petty Ware Racing,1.420198483393971
NASCAR_2020_4985_o_reilly_auto_parts_500,NASCAR,Premium Motorsports,0.7804720487647275
NASCAR_2020_4985_o_reilly_auto_parts_500,NASCAR,Richard Childress Racing,-0.014361564501649828
NASCAR_2020_4985_o_reilly_auto_parts_500,NASCAR,Richard Petty Motorsports,0.0521561248843008
NASCAR_2020_4985_o_reilly_auto_parts_500,NASCAR,Rick Ware Racing,0.8918007097661809
NASCAR_2020_4985_o_reilly_auto_parts_500,NASCAR,Roush Fenway Racing,0.039648510905164094
NASCAR_2020_4985_o_reilly_auto_parts_500,NASCAR,Spire Motorsports,0.41008326043359744
NASCAR_2020_4985_o_reilly_auto_parts_500,NASCAR,StarCom Racing,1.5199275051814034
NASCAR_2020_4985_o_reilly_auto_parts_500,NASCAR,Stewart-Haas Racing,-0.018822499545767323
NASCAR_2020_4985_o_reilly_auto_parts_500,NASCAR,Team Penske,-0.1639560774477149
NASCAR_2020_4985_o_reilly_auto_parts_500,NASCAR,Tommy Baldwin Racing,1.933996071002079
NASCAR_2020_4985_o_reilly_auto_parts_500,NASCAR,Wood Brothers Racing,0.12055430003900339
NASCAR_2020_4986_super_start_batteries_400,NASCAR,B.J. McLeod Motorsports,1.7474722035271373
NASCAR_2020_4986_super_start_batteries_400,NASCAR,Chip Ganassi Racing,-0.08354651078245864
NASCAR_2020_4986_super_start_batteries_400,NASCAR,Front Row Motorsports,0.1554671186242592
NASCAR_2020_4986_super_start_batteries_400,NASCAR,GO FAS Racing,0.2689951661729849
NASCAR_2020_4986_super_start_batteries_400,NASCAR,Gaunt Brothers Racing,0.4495026295930428
NASCAR_2020_4986_super_start_batteries_400,NASCAR,Germain Racing,0.16734992816227
NASCAR_2020_4986_super_start_batteries_400,NASCAR,Hendrick Motorsports,-0.21647833263810312
NASCAR_2020_4986_super_start_batteries_400,NASCAR,JTG Daugherty Racing,0.126365251614896
NASCAR_2020_4986_super_start_batteries_400,NASCAR,Joe Gibbs Racing,-0.2577488347998353
NASCAR_2020_4986_super_start_batteries_400,NASCAR,Leavine Family Racing,-0.0739764111677283
NASCAR_2020_4986_super_start_batteries_400,NASCAR,Motorsports Business Management,1.8435890049418766
NASCAR_2020_4986_super_start_batteries_400,NASCAR,Petty Ware Racing,1.4168950463843837
NASCAR_2020_4986_super_start_batteries_400,NASCAR,Premium Motorsports,0.7739052216472316
NASCAR_2020_4986_super_start_batteries_400,NASCAR,Richard Childress Racing,-0.0145831950072888
NASCAR_2020_4986_super_start_batteries_400,NASCAR,Richard Petty Motorsports,0.05169953985920264
NASCAR_2020_4986_super_start_batteries_400,NASCAR,Rick Ware Racing,0.8917240971459632
NASCAR_2020_4986_super_start_batteries_400,NASCAR,Roush Fenway Racing,0.036737169752447604
NASCAR_2020_4986_super_start_batteries_400,NASCAR,Spire Motorsports,0.4065118508823494
NASCAR_2020_4986_super_start_batteries_400,NASCAR,StarCom Racing,1.5161020744156926
NASCAR_2020_4986_super_start_batteries_400,NASCAR,Stewart-Haas Racing,-0.019248568373359483
NASCAR_2020_4986_super_start_batteries_400,NASCAR,Team Penske,-0.16373872165113815
NASCAR_2020_4986_super_start_batteries_400,NASCAR,Tommy Baldwin Racing,1.927591990068395
NASCAR_2020_4986_super_start_batteries_400,NASCAR,Wood Brothers Racing,0.12014888492746637
NASCAR_2020_4992_firekeepers_casino_400,NASCAR,Chip Ganassi Racing,-0.08323567708073062
NASCAR_2020_4992_firekeepers_casino_400,NASCAR,Front Row Motorsports,0.1556582331824261
NASCAR_2020_4992_firekeepers_casino_400,NASCAR,GO FAS Racing,0.2695012628669269
NASCAR_2020_4992_firekeepers_casino_400,NASCAR,Gaunt Brothers Racing,0.44649048438861827
NASCAR_2020_4992_firekeepers_casino_400,NASCAR,Germain Racing,0.17195583808950976
NASCAR_2020_4992_firekeepers_casino_400,NASCAR,Hendrick Motorsports,-0.21614295775789982
NASCAR_2020_4992_firekeepers_casino_400,NASCAR,JTG Daugherty Racing,0.12649957231567024
NASCAR_2020_4992_firekeepers_casino_400,NASCAR,Joe Gibbs Racing,-0.25776566283656804
NASCAR_2020_4992_firekeepers_casino_400,NASCAR,Leavine Family Racing,-0.06873596921754209
NASCAR_2020_4992_firekeepers_casino_400,NASCAR,Motorsports Business Management,1.827035416221721
NASCAR_2020_4992_firekeepers_casino_400,NASCAR,Petty Ware Racing,1.4319930645902152
NASCAR_2020_4992_firekeepers_casino_400,NASCAR,Premium Motorsports,0.780096896549465
NASCAR_2020_4992_firekeepers_casino_400,NASCAR,Richard Childress Racing,-0.014511703329120815
NASCAR_2020_4992_firekeepers_casino_400,NASCAR,Richard Petty Motorsports,0.05331938441917135
NASCAR_2020_4992_firekeepers_casino_400,NASCAR,Rick Ware Racing,0.8936695783244837
NASCAR_2020_4992_firekeepers_casino_400,NASCAR,Roush Fenway Racing,0.03511540639432054
NASCAR_2020_4992_firekeepers_casino_400,NASCAR,Spire Motorsports,0.4075501733945636
NASCAR_2020_4992_firekeepers_casino_400,NASCAR,StarCom Racing,1.519289897702335
NASCAR_2020_4992_firekeepers_casino_400,NASCAR,Stewart-Haas Racing,-0.019132089178141992
NASCAR_2020_4992_firekeepers_casino_400,NASCAR,Team Penske,-0.1634841015594539
NASCAR_2020_4992_firekeepers_casino_400,NASCAR,Tommy Baldwin Racing,1.884999703819074
NASCAR_2020_4992_firekeepers_casino_400,NASCAR,Wood Brothers Racing,0.11951668073934514
NASCAR_2020_4993_drydene_311_1,NASCAR,B.J. McLeod Motorsports,1.81892335300631
NASCAR_2020_4993_drydene_311_1,NASCAR,Chip Ganassi Racing,-0.0841962313460014
NASCAR_2020_4993_drydene_311_1,NASCAR,Front Row Motorsports,0.1552928014296731
NASCAR_2020_4993_drydene_311_1,NASCAR,GO FAS Racing,0.2676141187871926
NASCAR_2020_4993_drydene_311_1,NASCAR,Gaunt Brothers Racing,0.45080952154021453
NASCAR_2020_4993_drydene_311_1,NASCAR,Germain Racing,0.1729960224786086
NASCAR_2020_4993_drydene_311_1,NASCAR,Hendrick Motorsports,-0.21641433873172822
NASCAR_2020_4993_drydene_311_1,NASCAR,JTG Daugherty Racing,0.1272778226881346
NASCAR_2020_4993_drydene_311_1,NASCAR,Joe Gibbs Racing,-0.2576863645112874
NASCAR_2020_4993_drydene_311_1,NASCAR,Leavine Family Racing,-0.07503318509917371
NASCAR_2020_4993_drydene_311_1,NASCAR,Motorsports Business Management,1.8444462349183608
NASCAR_2020_4993_drydene_311_1,NASCAR,Petty Ware Racing,1.412756603671482
NASCAR_2020_4993_drydene_311_1,NASCAR,Premium Motorsports,0.7769738863854614
NASCAR_2020_4993_drydene_311_1,NASCAR,Richard Childress Racing,-0.013883603944580932
NASCAR_2020_4993_drydene_311_1,NASCAR,Richard Petty Motorsports,0.05074401370256319
NASCAR_2020_4993_drydene_311_1,NASCAR,Rick Ware Racing,0.8921947972297312
NASCAR_2020_4993_drydene_311_1,NASCAR,Roush Fenway Racing,0.03848412062166458
NASCAR_2020_4993_drydene_311_1,NASCAR,Spire Motorsports,0.40903459507366474
NASCAR_2020_4993_drydene_311_1,NASCAR,StarCom Racing,1.5146555643190682
NASCAR_2020_4993_drydene_311_1,NASCAR,Stewart-Haas Racing,-0.01821214576294707
NASCAR_2020_4993_drydene_311_1,NASCAR,Team Penske,-0.16377423200072885
NASCAR_2020_4993_drydene_311_1,NASCAR,Tommy Baldwin Racing,1.9093111184241747
NASCAR_2020_4993_drydene_311_1,NASCAR,Wood Brothers Racing,0.11932388868766539
NASCAR_2021_5006_busch_clash_at_daytona,NASCAR,23XI Racing,-0.08126253845347013
NASCAR_2021_5006_busch_clash_at_daytona,NASCAR,Chip Ganassi Racing,-0.08728425241208315
NASCAR_2021_5006_busch_clash_at_daytona,NASCAR,Hendrick Motorsports,-0.21656218587447176
NASCAR_2021_5006_busch_clash_at_daytona,NASCAR,JTG Daugherty Racing,0.1250039510932481
NASCAR_2021_5006_busch_clash_at_daytona,NASCAR,Joe Gibbs Racing,-0.2577567658966145
NASCAR_2021_5006_busch_clash_at_daytona,NASCAR,Richard Childress Racing,-0.01477567080747428
NASCAR_2021_5006_busch_clash_at_daytona,NASCAR,Richard Petty Motorsports,0.05387358232610866
NASCAR_2021_5006_busch_clash_at_daytona,NASCAR,Roush Fenway Racing,0.035072757211888336
NASCAR_2021_5006_busch_clash_at_daytona,NASCAR,Stewart-Haas Racing,-0.0207674430671236
NASCAR_2021_5006_busch_clash_at_daytona,NASCAR,Team Penske,-0.16403296548204993
NASCAR_2021_5006_busch_clash_at_daytona,NASCAR,Wood Brothers Racing,0.11961872863272392
NASCAR_2021_5007_bluegreen_vacations_duel_1_at_daytona,NASCAR,Front Row Motorsports,0.1562330980103891
NASCAR_2021_5007_bluegreen_vacations_duel_1_at_daytona,NASCAR,Gaunt Brothers Racing,0.46350426883943496
NASCAR_2021_5007_bluegreen_vacations_duel_1_at_daytona,NASCAR,Hendrick Motorsports,-0.21759453862339692
NASCAR_2021_5007_bluegreen_vacations_duel_1_at_daytona,NASCAR,JTG Daugherty Racing,0.12657745750904786
NASCAR_2021_5007_bluegreen_vacations_duel_1_at_daytona,NASCAR,Joe Gibbs Racing,-0.25943444705175395
NASCAR_2021_5007_bluegreen_vacations_duel_1_at_daytona,NASCAR,Motorsports Business Management,1.8748048162965272
NASCAR_2021_5007_bluegreen_vacations_duel_1_at_daytona,NASCAR,Petty Ware Racing,1.4334492518020707
NASCAR_2021_5007_bluegreen_vacations_duel_1_at_daytona,NASCAR,Richard Childress Racing,-0.014667275085361173
NASCAR_2021_5007_bluegreen_vacations_duel_1_at_daytona,NASCAR,Richard Petty Motorsports,0.04747430891925259
NASCAR_2021_5007_bluegreen_vacations_duel_1_at_daytona,NASCAR,Rick Ware Racing,0.8911727389957897
NASCAR_2021_5007_bluegreen_vacations_duel_1_at_daytona,NASCAR,Roush Fenway Racing,0.038570397282996834
NASCAR_2021_5007_bluegreen_vacations_duel_1_at_daytona,NASCAR,Spire Motorsports,0.4136458707608346
NASCAR_2021_5007_bluegreen_vacations_duel_1_at_daytona,NASCAR,StarCom Racing,1.5342891925236948
NASCAR_2021_5007_bluegreen_vacations_duel_1_at_daytona,NASCAR,Stewart-Haas Racing,-0.019756060676007037
NASCAR_2021_5007_bluegreen_vacations_duel_1_at_daytona,NASCAR,Team Penske,-0.16493351366935327
NASCAR_2021_5007_bluegreen_vacations_duel_1_at_daytona,NASCAR,TrackHouse Racing,-0.060412186761720055
NASCAR_2021_5007_bluegreen_vacations_duel_1_at_daytona,NASCAR,Wood Brothers Racing,0.11968990884482297
NASCAR_2021_5008_bluegreen_vacations_duel_2_at_daytona,NASCAR,23XI Racing,-0.0799772467625077
NASCAR_2021_5008_bluegreen_vacations_duel_2_at_daytona,NASCAR,Beard Motorsports,0.4546902242297219
NASCAR_2021_5008_bluegreen_vacations_duel_2_at_daytona,NASCAR,Chip Ganassi Racing,-0.08358819268840542
NASCAR_2021_5008_bluegreen_vacations_duel_2_at_daytona,NASCAR,Front Row Motorsports,0.15540390581410177
NASCAR_2021_5008_bluegreen_vacations_duel_2_at_daytona,NASCAR,Hendrick Motorsports,-0.21689342351987168
NASCAR_2021_5008_bluegreen_vacations_duel_2_at_daytona,NASCAR,Joe Gibbs Racing,-0.25940825127210865
NASCAR_2021_5008_bluegreen_vacations_duel_2_at_daytona,NASCAR,Kaulig Racing,0.17216397612549636
NASCAR_2021_5008_bluegreen_vacations_duel_2_at_daytona,NASCAR,Live Fast Motorsports,1.095867930123942
NASCAR_2021_5008_bluegreen_vacations_duel_2_at_daytona,NASCAR,Motorsports Business Management,1.8751873930123508
NASCAR_2021_5008_bluegreen_vacations_duel_2_at_daytona,NASCAR,Richard Childress Racing,-0.014592309781307643
NASCAR_2021_5008_bluegreen_vacations_duel_2_at_daytona,NASCAR,Rick Ware Racing,0.8966709889677215
NASCAR_2021_5008_bluegreen_vacations_duel_2_at_daytona,NASCAR,Roush Fenway Racing,0.03848412062166458
NASCAR_2021_5008_bluegreen_vacations_duel_2_at_daytona,NASCAR,Spire Motorsports,0.41377179645097595
NASCAR_2021_5008_bluegreen_vacations_duel_2_at_daytona,NASCAR,Stewart-Haas Racing,-0.019468337498155786
NASCAR_2021_5008_bluegreen_vacations_duel_2_at_daytona,NASCAR,Team Penske,-0.16499304800110712
NASCAR_2021_5009_daytona_500,NASCAR,23XI Racing,-0.07980704120530366
NASCAR_2021_5009_daytona_500,NASCAR,Chip Ganassi Racing,-0.08358819268840542
NASCAR_2021_5009_daytona_500,NASCAR,Front Row Motorsports,0.15605541790823751
NASCAR_2021_5009_daytona_500,NASCAR,Hendrick Motorsports,-0.21686555804140245
NASCAR_2021_5009_daytona_500,NASCAR,JTG Daugherty Racing,0.1267359446025432
NASCAR_2021_5009_daytona_500,NASCAR,Joe Gibbs Racing,-0.25939246329165433
NASCAR_2021_5009_daytona_500,NASCAR,Kaulig Racing,0.17187681136719615
NASCAR_2021_5009_daytona_500,NASCAR,Live Fast Motorsports,1.0945745891003686
NASCAR_2021_5009_daytona_500,NASCAR,Petty Ware Racing,1.441200008376578
NASCAR_2021_5009_daytona_500,NASCAR,Richard Childress Racing,-0.014741938701201851
NASCAR_2021_5009_daytona_500,NASCAR,Richard Petty Motorsports,0.05733500693907909
NASCAR_2021_5009_daytona_500,NASCAR,Rick Ware Racing,0.8953729207373312
NASCAR_2021_5009_daytona_500,NASCAR,Roush Fenway Racing,0.03778004624325865
NASCAR_2021_5009_daytona_500,NASCAR,Spire Motorsports,0.413659892912416
NASCAR_2021_5009_daytona_500,NASCAR,StarCom Racing,1.5374959624816424
NASCAR_2021_5009_daytona_500,NASCAR,Stewart-Haas Racing,-0.019877147337379022
NASCAR_2021_5009_daytona_500,NASCAR,Team Penske,-0.1650089188090499
NASCAR_2021_5009_daytona_500,NASCAR,TrackHouse Racing,-0.05869635483987836
NASCAR_2021_5009_daytona_500,NASCAR,Wood Brothers Racing,0.12033268056855241
NASCAR_2021_5010_pennzoil_400,NASCAR,23XI Racing,-0.08007837077129729
NASCAR_2021_5010_pennzoil_400,NASCAR,Chip Ganassi Racing,-0.08336918489205002
NASCAR_2021_5010_pennzoil_400,NASCAR,Front Row Motorsports,0.15563644709458574
NASCAR_2021_5010_pennzoil_400,NASCAR,Hendrick Motorsports,-0.21555133387237665
NASCAR_2021_5010_pennzoil_400,NASCAR,JTG Daugherty Racing,0.12698073916921596
NASCAR_2021_5010_pennzoil_400,NASCAR,Joe Gibbs Racing,-0.2582359908122063
NASCAR_2021_5010_pennzoil_400,NASCAR,Live Fast Motorsports,1.090721802679082
NASCAR_2021_5010_pennzoil_400,NASCAR,Motorsports Business Management,1.8244830849241105
NASCAR_2021_5010_pennzoil_400,NASCAR,Petty Ware Racing,1.432898173417066
NASCAR_2021_5010_pennzoil_400,NASCAR,Richard Childress Racing,-0.014741938701201851
NASCAR_2021_5010_pennzoil_400,NASCAR,Richard Petty Motorsports,0.053851120653553464
NASCAR_2021_5010_pennzoil_400,NASCAR,Rick Ware Racing,0.8896765580335558
NASCAR_2021_5010_pennzoil_400,NASCAR,Roush Fenway Racing,0.03848412062166458
NASCAR_2021_5010_pennzoil_400,NASCAR,Spire Motorsports,0.411227612312023
NASCAR_2021_5010_pennzoil_400,NASCAR,StarCom Racing,1.5185704468335373
NASCAR_2021_5010_pennzoil_400,NASCAR,Stewart-Haas Racing,-0.020388127115210826
NASCAR_2021_5010_pennzoil_400,NASCAR,Team Penske,-0.16376499427006713
NASCAR_2021_5010_pennzoil_400,NASCAR,TrackHouse Racing,-0.0649852241246736
NASCAR_2021_5010_pennzoil_400,NASCAR,Wood Brothers Racing,0.12032272007966639
NASCAR_2021_5011_dixie_vodka_400,NASCAR,23XI Racing,-0.07993572540542002
NASCAR_2021_5011_dixie_vodka_400,NASCAR,Chip Ganassi Racing,-0.08021512255461045
NASCAR_2021_5011_dixie_vodka_400,NASCAR,Front Row Motorsports,0.15610808603476486
NASCAR_2021_5011_dixie_vodka_400,NASCAR,Hendrick Motorsports,-0.21581214289073172
NASCAR_2021_5011_dixie_vodka_400,NASCAR,JTG Daugherty Racing,0.1265189054493416
NASCAR_2021_5011_dixie_vodka_400,NASCAR,Joe Gibbs Racing,-0.2590678984819673
NASCAR_2021_5011_dixie_vodka_400,NASCAR,Live Fast Motorsports,1.0864415473308027
NASCAR_2021_5011_dixie_vodka_400,NASCAR,Motorsports Business Management,1.8362437552262028
NASCAR_2021_5011_dixie_vodka_400,NASCAR,Petty Ware Racing,1.4184617820101493
NASCAR_2021_5011_dixie_vodka_400,NASCAR,Richard Childress Racing,-0.014171683563529224
NASCAR_2021_5011_dixie_vodka_400,NASCAR,Richard Petty Motorsports,0.049988315630249344
NASCAR_2021_5011_dixie_vodka_400,NASCAR,Rick Ware Racing,0.8900107154353969
NASCAR_2021_5011_dixie_vodka_400,NASCAR,Roush Fenway Racing,0.040656664866332806
NASCAR_2021_5011_dixie_vodka_400,NASCAR,Spire Motorsports,0.4111307599458026
NASCAR_2021_5011_dixie_vodka_400,NASCAR,StarCom Racing,1.5105699671683068
NASCAR_2021_5011_dixie_vodka_400,NASCAR,Stewart-Haas Racing,-0.01983807606960358
NASCAR_2021_5011_dixie_vodka_400,NASCAR,Team Penske,-0.16445320267916755
NASCAR_2021_5011_dixie_vodka_400,NASCAR,TrackHouse Racing,-0.06135503087320204
NASCAR_2021_5011_dixie_vodka_400,NASCAR,Wood Brothers Racing,0.1192031660431418
NASCAR_2021_5012_instacart_500,NASCAR,23XI Racing,-0.07942937607870992
NASCAR_2021_5012_instacart_500,NASCAR,Chip Ganassi Racing,-0.08358819268840542
NASCAR_2021_5012_instacart_500,NASCAR,Front Row Motorsports,0.15465979812737912
NASCAR_2021_5012_instacart_500,NASCAR,Hendrick Motorsports,-0.21615523467669726
NASCAR_2021_5012_instacart_500,NASCAR,JTG Daugherty Racing,0.12665871606030749
NASCAR_2021_5012_instacart_500,NASCAR,Joe Gibbs Racing,-0.25828256615462913
NASCAR_2021_5012_instacart_500,NASCAR,Live Fast Motorsports,1.0938965681090906
NASCAR_2021_5012_instacart_500,NASCAR,Motorsports Business Management,1.847416328680228
NASCAR_2021_5012_instacart_500,NASCAR,Petty Ware Racing,1.4359103277283853
NASCAR_2021_5012_instacart_500,NASCAR,Richard Childress Racing,-0.014743348850521728
NASCAR_2021_5012_instacart_500,NASCAR,Richard Petty Motorsports,0.05290125402381746
NASCAR_2021_5012_instacart_500,NASCAR,Rick Ware Racing,0.8880190831314276
NASCAR_2021_5012_instacart_500,NASCAR,Roush Fenway Racing,0.03415907770185713
NASCAR_2021_5012_instacart_500,NASCAR,Spire Motorsports,0.41193125987866497
NASCAR_2021_5012_instacart_500,NASCAR,StarCom Racing,1.519422476313256
NASCAR_2021_5012_instacart_500,NASCAR,Stewart-Haas Racing,-0.01942942189375796
NASCAR_2021_5012_instacart_500,NASCAR,Team Penske,-0.16349506207465675
NASCAR_2021_5012_instacart_500,NASCAR,TrackHouse Racing,-0.06211199489941503
NASCAR_2021_5012_instacart_500,NASCAR,Wood Brothers Racing,0.12007604867100848
NASCAR_2021_5013_folds_of_honor_quiktrip_500,NASCAR,23XI Racing,-0.07977611996091473
NASCAR_2021_5013_folds_of_honor_quiktrip_500,NASCAR,Chip Ganassi Racing,-0.08222434930886621
NASCAR_2021_5013_folds_of_honor_quiktrip_500,NASCAR,Front Row Motorsports,0.1549774768369447
NASCAR_2021_5013_folds_of_honor_quiktrip_500,NASCAR,Hendrick Motorsports,-0.21560420966654298
NASCAR_2021_5013_folds_of_honor_quiktrip_500,NASCAR,JTG Daugherty Racing,0.12664059296002642
NASCAR_2021_5013_folds_of_honor_quiktrip_500,NASCAR,Joe Gibbs Racing,-0.25852165548418676
NASCAR_2021_5013_folds_of_honor_quiktrip_500,NASCAR,Live Fast Motorsports,1.08641432213036
NASCAR_2021_5013_folds_of_honor_quiktrip_500,NASCAR,Motorsports Business Management,1.8311037947545112
NASCAR_2021_5013_folds_of_honor_quiktrip_500,NASCAR,Petty Ware Racing,1.4319565287769667
NASCAR_2021_5013_folds_of_honor_quiktrip_500,NASCAR,Richard Childress Racing,-0.014274075113347126
NASCAR_2021_5013_folds_of_honor_quiktrip_500,NASCAR,Richard Petty Motorsports,0.0493658509997427
NASCAR_2021_5013_folds_of_honor_quiktrip_500,NASCAR,Rick Ware Racing,0.8902160963548074
NASCAR_2021_5013_folds_of_honor_quiktrip_500,NASCAR,Roush Fenway Racing,0.040682642981729814
NASCAR_2021_5013_folds_of_honor_quiktrip_500,NASCAR,Spire Motorsports,0.4118529016994722
NASCAR_2021_5013_folds_of_honor_quiktrip_500,NASCAR,StarCom Racing,1.5205507862481114
NASCAR_2021_5013_folds_of_honor_quiktrip_500,NASCAR,Stewart-Haas Racing,-0.01999159248805528
NASCAR_2021_5013_folds_of_honor_quiktrip_500,NASCAR,Team Penske,-0.16490014718846366
NASCAR_2021_5013_folds_of_honor_quiktrip_500,NASCAR,TrackHouse Racing,-0.05796101632230005
NASCAR_2021_5013_folds_of_honor_quiktrip_500,NASCAR,Wood Brothers Racing,0.12053090185395714
NASCAR_2021_5014_goodyear_400,NASCAR,23XI Racing,-0.08043098128197138
NASCAR_2021_5014_goodyear_400,NASCAR,Chip Ganassi Racing,-0.0831163343669694
NASCAR_2021_5014_goodyear_400,NASCAR,Front Row Motorsports,0.15521788463653988
NASCAR_2021_5014_goodyear_400,NASCAR,Hendrick Motorsports,-0.21583283373100212
NASCAR_2021_5014_goodyear_400,NASCAR,JTG Daugherty Racing,0.12575469639346823
NASCAR_2021_5014_goodyear_400,NASCAR,Joe Gibbs Racing,-0.25773697186468897
NASCAR_2021_5014_goodyear_400,NASCAR,Live Fast Motorsports,1.0884501589761004
NASCAR_2021_5014_goodyear_400,NASCAR,Petty Ware Racing,1.4369537127064698
NASCAR_2021_5014_goodyear_400,NASCAR,Richard Childress Racing,-0.014388161968801747
NASCAR_2021_5014_goodyear_400,NASCAR,Richard Petty Motorsports,0.055368160238220346
NASCAR_2021_5014_goodyear_400,NASCAR,Rick Ware Racing,0.8924907775370802
NASCAR_2021_5014_goodyear_400,NASCAR,Roush Fenway Racing,0.04080131160974022
NASCAR_2021_5014_goodyear_400,NASCAR,Spire Motorsports,0.41223229310803655
NASCAR_2021_5014_goodyear_400,NASCAR,StarCom Racing,1.5290128535389294
NASCAR_2021_5014_goodyear_400,NASCAR,Stewart-Haas Racing,-0.0192140140419083
NASCAR_2021_5014_goodyear_400,NASCAR,Team Penske,-0.16425677367490518
NASCAR_2021_5014_goodyear_400,NASCAR,TrackHouse Racing,-0.06575283021137182
NASCAR_2021_5014_goodyear_400,NASCAR,Wood Brothers Racing,0.11894330015603238
NASCAR_2021_5015_coca_cola_600,NASCAR,23XI Racing,-0.0790745727871882
NASCAR_2021_5015_coca_cola_600,NASCAR,Chip Ganassi Racing,-0.08132647784673147
NASCAR_2021_5015_coca_cola_600,NASCAR,Front Row Motorsports,0.15499290771572424
NASCAR_2021_5015_coca_cola_600,NASCAR,Hendrick Motorsports,-0.21505590926281037
NASCAR_2021_5015_coca_cola_600,NASCAR,JTG Daugherty Racing,0.12663307581768732
NASCAR_2021_5015_coca_cola_600,NASCAR,Joe Gibbs Racing,-0.25864696302071155
NASCAR_2021_5015_coca_cola_600,NASCAR,Live Fast Motorsports,1.0908430425520947
NASCAR_2021_5015_coca_cola_600,NASCAR,Motorsports Business Management,1.8226025199857134
NASCAR_2021_5015_coca_cola_600,NASCAR,Petty Ware Racing,1.4286815634467098
NASCAR_2021_5015_coca_cola_600,NASCAR,Richard Childress Racing,-0.01341469357668771
NASCAR_2021_5015_coca_cola_600,NASCAR,Richard Petty Motorsports,0.05445586123988654
NASCAR_2021_5015_coca_cola_600,NASCAR,Rick Ware Racing,0.8912837140329798
NASCAR_2021_5015_coca_cola_600,NASCAR,Roush Fenway Racing,0.03983520647468568
NASCAR_2021_5015_coca_cola_600,NASCAR,Spire Motorsports,0.41224164260176693
NASCAR_2021_5015_coca_cola_600,NASCAR,StarCom Racing,1.524507502961225
NASCAR_2021_5015_coca_cola_600,NASCAR,Stewart-Haas Racing,-0.019973974273217135
NASCAR_2021_5015_coca_cola_600,NASCAR,Team Penske,-0.16457412403267105
NASCAR_2021_5015_coca_cola_600,NASCAR,TrackHouse Racing,-0.061403502404938845
NASCAR_2021_5015_coca_cola_600,NASCAR,Wood Brothers Racing,0.11909269544365815
NASCAR_2021_5017_food_city_dirt_race,NASCAR,23XI Racing,-0.07929714327202633
NASCAR_2021_5017_food_city_dirt_race,NASCAR,Chip Ganassi Racing,-0.08439563446126411
NASCAR_2021_5017_food_city_dirt_race,NASCAR,Front Row Motorsports,0.15510700529835783
NASCAR_2021_5017_food_city_dirt_race,NASCAR,Gaunt Brothers Racing,0.45627181577144105
NASCAR_2021_5017_food_city_dirt_race,NASCAR,Hendrick Motorsports,-0.2162626114605837
NASCAR_2021_5017_food_city_dirt_race,NASCAR,JTG Daugherty Racing,0.1273891250464531
NASCAR_2021_5017_food_city_dirt_race,NASCAR,Joe Gibbs Racing,-0.25761860384368934
NASCAR_2021_5017_food_city_dirt_race,NASCAR,Live Fast Motorsports,1.0957002610997941
NASCAR_2021_5017_food_city_dirt_race,NASCAR,Motorsports Business Management,1.8555155969417896
NASCAR_2021_5017_food_city_dirt_race,NASCAR,Petty Ware Racing,1.4273094934670512
NASCAR_2021_5017_food_city_dirt_race,NASCAR,Richard Childress Racing,-0.014745574744866976
NASCAR_2021_5017_food_city_dirt_race,NASCAR,Richard Petty Motorsports,0.054030535236000383
NASCAR_2021_5017_food_city_dirt_race,NASCAR,Rick Ware Racing,0.8938991805143339
NASCAR_2021_5017_food_city_dirt_race,NASCAR,Roush Fenway Racing,0.04153215152586502
NASCAR_2021_5017_food_city_dirt_race,NASCAR,Spire Motorsports,0.4122021570591599
NASCAR_2021_5017_food_city_dirt_race,NASCAR,StarCom Racing,1.5362224990218438
NASCAR_2021_5017_food_city_dirt_race,NASCAR,Stewart-Haas Racing,-0.02054821135388268
NASCAR_2021_5017_food_city_dirt_race,NASCAR,Team Penske,-0.16423182203582407
NASCAR_2021_5017_food_city_dirt_race,NASCAR,TrackHouse Racing,-0.05505877667122818
NASCAR_2021_5017_food_city_dirt_race,NASCAR,Wood Brothers Racing,0.11970613240551742
NASCAR_2021_5018_quaker_state_400,NASCAR,23XI Racing,-0.07974852083624238
NASCAR_2021_5018_quaker_state_400,NASCAR,Chip Ganassi Racing,-0.08132133040995025
NASCAR_2021_5018_quaker_state_400,NASCAR,Front Row Motorsports,0.15437429906538522
NASCAR_2021_5018_quaker_state_400,NASCAR,Hendrick Motorsports,-0.2159435505753858
NASCAR_2021_5018_quaker_state_400,NASCAR,JTG Daugherty Racing,0.12432582348984314
NASCAR_2021_5018_quaker_state_400,NASCAR,Joe Gibbs Racing,-0.2582070836352072
NASCAR_2021_5018_quaker_state_400,NASCAR,Live Fast Motorsports,1.0903628911880372
NASCAR_2021_5018_quaker_state_400,NASCAR,Petty Ware Racing,1.43185822415519
NASCAR_2021_5018_quaker_state_400,NASCAR,Richard Childress Racing,-0.013691987287735841
NASCAR_2021_5018_quaker_state_400,NASCAR,Richard Petty Motorsports,0.0503066872005343
NASCAR_2021_5018_quaker_state_400,NASCAR,Rick Ware Racing,0.891640879742086
NASCAR_2021_5018_quaker_state_400,NASCAR,Roush Fenway Racing,0.03886581887331102
NASCAR_2021_5018_quaker_state_400,NASCAR,Spire Motorsports,0.4124384060587545
NASCAR_2021_5018_quaker_state_400,NASCAR,StarCom Racing,1.5042416277579027
NASCAR_2021_5018_quaker_state_400,NASCAR,Stewart-Haas Racing,-0.01972016340920428
NASCAR_2021_5018_quaker_state_400,NASCAR,Team Penske,-0.16433618364856903
NASCAR_2021_5018_quaker_state_400,NASCAR,TrackHouse Racing,-0.0825571985994366
NASCAR_2021_5018_quaker_state_400,NASCAR,Wood Brothers Racing,0.1203216321825653
NASCAR_2021_5019_blue_emu_maximum_pain_relief_500,NASCAR,23XI Racing,-0.08015194871703488
NASCAR_2021_5019_blue_emu_maximum_pain_relief_500,NASCAR,Chip Ganassi Racing,-0.08584851049123285
NASCAR_2021_5019_blue_emu_maximum_pain_relief_500,NASCAR,Front Row Motorsports,0.1544526510748328
NASCAR_2021_5019_blue_emu_maximum_pain_relief_500,NASCAR,Hendrick Motorsports,-0.21551312194849448
NASCAR_2021_5019_blue_emu_maximum_pain_relief_500,NASCAR,JTG Daugherty Racing,0.1267728770164317
NASCAR_2021_5019_blue_emu_maximum_pain_relief_500,NASCAR,Joe Gibbs Racing,-0.2580797274635383
NASCAR_2021_5019_blue_emu_maximum_pain_relief_500,NASCAR,Live Fast Motorsports,1.094272695757447
NASCAR_2021_5019_blue_emu_maximum_pain_relief_500,NASCAR,Petty Ware Racing,1.4374781408703539
NASCAR_2021_5019_blue_emu_maximum_pain_relief_500,NASCAR,Richard Childress Racing,-0.014377151496189398
NASCAR_2021_5019_blue_emu_maximum_pain_relief_500,NASCAR,Richard Petty Motorsports,0.052119015410427204
NASCAR_2021_5019_blue_emu_maximum_pain_relief_500,NASCAR,Rick Ware Racing,0.8933328408588953
NASCAR_2021_5019_blue_emu_maximum_pain_relief_500,NASCAR,Roush Fenway Racing,0.03879860461774819
NASCAR_2021_5019_blue_emu_maximum_pain_relief_500,NASCAR,Spire Motorsports,0.41257868730420266
NASCAR_2021_5019_blue_emu_maximum_pain_relief_500,NASCAR,StarCom Racing,1.5115079901588808
NASCAR_2021_5019_blue_emu_maximum_pain_relief_500,NASCAR,Stewart-Haas Racing,-0.02070128291962159
NASCAR_2021_5019_blue_emu_maximum_pain_relief_500,NASCAR,Team Penske,-0.16363904606177646
NASCAR_2021_5019_blue_emu_maximum_pain_relief_500,NASCAR,TrackHouse Racing,-0.060725790003051706
NASCAR_2021_5019_blue_emu_maximum_pain_relief_500,NASCAR,Wood Brothers Racing,0.12000531633177693
NASCAR_2021_5020_o_reilly_auto_parts_253_at_daytona,NASCAR,23XI Racing,-0.0813013385327605
NASCAR_2021_5020_o_reilly_auto_parts_253_at_daytona,NASCAR,Chip Ganassi Racing,-0.08023735994310213
NASCAR_2021_5020_o_reilly_auto_parts_253_at_daytona,NASCAR,Front Row Motorsports,0.15552266451746025
NASCAR_2021_5020_o_reilly_auto_parts_253_at_daytona,NASCAR,Gaunt Brothers Racing,0.45714586011852726
NASCAR_2021_5020_o_reilly_auto_parts_253_at_daytona,NASCAR,Hendrick Motorsports,-0.21591426775802902
NASCAR_2021_5020_o_reilly_auto_parts_253_at_daytona,NASCAR,JTG Daugherty Racing,0.12670459738513604
NASCAR_2021_5020_o_reilly_auto_parts_253_at_daytona,NASCAR,Joe Gibbs Racing,-0.25766631254119754
NASCAR_2021_5020_o_reilly_auto_parts_253_at_daytona,NASCAR,Kaulig Racing,0.17455147660213932
NASCAR_2021_5020_o_reilly_auto_parts_253_at_daytona,NASCAR,Live Fast Motorsports,1.0901677087055754
NASCAR_2021_5020_o_reilly_auto_parts_253_at_daytona,NASCAR,Motorsports Business Management,1.8474974087392295
NASCAR_2021_5020_o_reilly_auto_parts_253_at_daytona,NASCAR,Petty Ware Racing,1.4430771017203416
NASCAR_2021_5020_o_reilly_auto_parts_253_at_daytona,NASCAR,Richard Childress Racing,-0.014245287247477636
NASCAR_2021_5020_o_reilly_auto_parts_253_at_daytona,NASCAR,Richard Petty Motorsports,0.05277388226917903
NASCAR_2021_5020_o_reilly_auto_parts_253_at_daytona,NASCAR,Rick Ware Racing,0.8951121451590156
NASCAR_2021_5020_o_reilly_auto_parts_253_at_daytona,NASCAR,Roush Fenway Racing,0.037414012921465574
NASCAR_2021_5020_o_reilly_auto_parts_253_at_daytona,NASCAR,Spire Motorsports,0.411753254643741
NASCAR_2021_5020_o_reilly_auto_parts_253_at_daytona,NASCAR,StarCom Racing,1.532141857763082
NASCAR_2021_5020_o_reilly_auto_parts_253_at_daytona,NASCAR,Stewart-Haas Racing,-0.0190753213590786
NASCAR_2021_5020_o_reilly_auto_parts_253_at_daytona,NASCAR,Team Penske,-0.16415662192744382
NASCAR_2021_5020_o_reilly_auto_parts_253_at_daytona,NASCAR,TrackHouse Racing,-0.061123617207602565
NASCAR_2021_5020_o_reilly_auto_parts_253_at_daytona,NASCAR,Wood Brothers Racing,0.11968343485001919
NASCAR_2021_5021_geico_500,NASCAR,23XI Racing,-0.07965134550799366
NASCAR_2021_5021_geico_500,NASCAR,Chip Ganassi Racing,-0.08261500003993591
NASCAR_2021_5021_geico_500,NASCAR,Front Row Motorsports,0.15597467664122502
NASCAR_2021_5021_geico_500,NASCAR,Gaunt Brothers Racing,0.46355888043476173
NASCAR_2021_5021_geico_500,NASCAR,Hendrick Motorsports,-0.21677257921210705
NASCAR_2021_5021_geico_500,NASCAR,JTG Daugherty Racing,0.1270229597534256
NASCAR_2021_5021_geico_500,NASCAR,Joe Gibbs Racing,-0.25930624615554004
NASCAR_2021_5021_geico_500,NASCAR,Kaulig Racing,0.17244456802780914
NASCAR_2021_5021_geico_500,NASCAR,Live Fast Motorsports,1.0952414955487513
NASCAR_2021_5021_geico_500,NASCAR,Motorsports Business Management,1.8678938461329773
NASCAR_2021_5021_geico_500,NASCAR,Petty Ware Racing,1.4430877746826027
NASCAR_2021_5021_geico_500,NASCAR,Richard Childress Racing,-0.014706140292962692
NASCAR_2021_5021_geico_500,NASCAR,Richard Petty Motorsports,0.05306061740772234
NASCAR_2021_5021_geico_500,NASCAR,Rick Ware Racing,0.8952608300002426
NASCAR_2021_5021_geico_500,NASCAR,Roush Fenway Racing,0.03846246223064809
NASCAR_2021_5021_geico_500,NASCAR,Spire Motorsports,0.4127021295678477
NASCAR_2021_5021_geico_500,NASCAR,StarCom Racing,1.5385807510911607
NASCAR_2021_5021_geico_500,NASCAR,Stewart-Haas Racing,-0.019822446374898897
NASCAR_2021_5021_geico_500,NASCAR,Team Penske,-0.16486362888121142
NASCAR_2021_5021_geico_500,NASCAR,TrackHouse Racing,-0.06239204267808315
NASCAR_2021_5021_geico_500,NASCAR,Wood Brothers Racing,0.12002113995078936
NASCAR_2021_5022_pocono_organics_cbd_325,NASCAR,23XI Racing,-0.07926601570781906
NASCAR_2021_5022_pocono_organics_cbd_325,NASCAR,Chip Ganassi Racing,-0.07940984835921516
NASCAR_2021_5022_pocono_organics_cbd_325,NASCAR,Front Row Motorsports,0.15563245584812802
NASCAR_2021_5022_pocono_organics_cbd_325,NASCAR,Hendrick Motorsports,-0.21551619159301313
NASCAR_2021_5022_pocono_organics_cbd_325,NASCAR,JTG Daugherty Racing,0.12649630294781844
NASCAR_2021_5022_pocono_organics_cbd_325,NASCAR,Joe Gibbs Racing,-0.2585712906727234
NASCAR_2021_5022_pocono_organics_cbd_325,NASCAR,Live Fast Motorsports,1.0921144177760131
NASCAR_2021_5022_pocono_organics_cbd_325,NASCAR,Motorsports Business Management,1.8332885976238997
NASCAR_2021_5022_pocono_organics_cbd_325,NASCAR,Petty Ware Racing,1.4435122754750092
NASCAR_2021_5022_pocono_organics_cbd_325,NASCAR,Richard Childress Racing,-0.014534143379638494
NASCAR_2021_5022_pocono_organics_cbd_325,NASCAR,Richard Petty Motorsports,0.053012326995865465
NASCAR_2021_5022_pocono_organics_cbd_325,NASCAR,Rick Ware Racing,0.8940623156029619
NASCAR_2021_5022_pocono_organics_cbd_325,NASCAR,Roush Fenway Racing,0.03749234292004084
NASCAR_2021_5022_pocono_organics_cbd_325,NASCAR,Spire Motorsports,0.4114799110069161
NASCAR_2021_5022_pocono_organics_cbd_325,NASCAR,StarCom Racing,1.52417267815245
NASCAR_2021_5022_pocono_organics_cbd_325,NASCAR,Stewart-Haas Racing,-0.01971901483414075
NASCAR_2021_5022_pocono_organics_cbd_325,NASCAR,Team Penske,-0.16355564147361018
NASCAR_2021_5022_pocono_organics_cbd_325,NASCAR,TrackHouse Racing,-0.059022051064916516
NASCAR_2021_5022_pocono_organics_cbd_325,NASCAR,Wood Brothers Racing,0.11953417800739423
NASCAR_2021_5023_explore_the_pocono_mountains_350,NASCAR,23XI Racing,-0.07989631818019047
NASCAR_2021_5023_explore_the_pocono_mountains_350,NASCAR,Chip Ganassi Racing,-0.08285286202469148
NASCAR_2021_5023_explore_the_pocono_mountains_350,NASCAR,Front Row Motorsports,0.1548927358669278
NASCAR_2021_5023_explore_the_pocono_mountains_350,NASCAR,Hendrick Motorsports,-0.21597623042978426
NASCAR_2021_5023_explore_the_pocono_mountains_350,NASCAR,JTG Daugherty Racing,0.12672105304052578
NASCAR_2021_5023_explore_the_pocono_mountains_350,NASCAR,Joe Gibbs Racing,-0.2584195138003551
NASCAR_2021_5023_explore_the_pocono_mountains_350,NASCAR,Live Fast Motorsports,1.092104143956927
NASCAR_2021_5023_explore_the_pocono_mountains_350,NASCAR,Motorsports Business Management,1.8267546375212667
NASCAR_2021_5023_explore_the_pocono_mountains_350,NASCAR,Petty Ware Racing,1.439160790670933
NASCAR_2021_5023_explore_the_pocono_mountains_350,NASCAR,Richard Childress Racing,-0.014111930844229011
NASCAR_2021_5023_explore_the_pocono_mountains_350,NASCAR,Richard Petty Motorsports,0.04996823117609133
NASCAR_2021_5023_explore_the_pocono_mountains_350,NASCAR,Rick Ware Racing,0.8919334910580443
NASCAR_2021_5023_explore_the_pocono_mountains_350,NASCAR,Roush Fenway Racing,0.03804569134331026
NASCAR_2021_5023_explore_the_pocono_mountains_350,NASCAR,Spire Motorsports,0.41132959133053104
NASCAR_2021_5023_explore_the_pocono_mountains_350,NASCAR,StarCom Racing,1.5167623807920088
NASCAR_2021_5023_explore_the_pocono_mountains_350,NASCAR,Stewart-Haas Racing,-0.019748713685703252
NASCAR_2021_5023_explore_the_pocono_mountains_350,NASCAR,Team Penske,-0.16389429175436693
NASCAR_2021_5023_explore_the_pocono_mountains_350,NASCAR,TrackHouse Racing,-0.060725790003051706
NASCAR_2021_5023_explore_the_pocono_mountains_350,NASCAR,Wood Brothers Racing,0.11971791478463117
NASCAR_2021_5029_buschy_mcbusch_race_400,NASCAR,23XI Racing,-0.07983462802908538
NASCAR_2021_5029_buschy_mcbusch_race_400,NASCAR,B.J. McLeod Motorsports,1.75598850953106
NASCAR_2021_5029_buschy_mcbusch_race_400,NASCAR,Chip Ganassi Racing,-0.08177520750048385
NASCAR_2021_5029_buschy_mcbusch_race_400,NASCAR,Front Row Motorsports,0.15501902117354585
NASCAR_2021_5029_buschy_mcbusch_race_400,NASCAR,Hendrick Motorsports,-0.2157974950914854
NASCAR_2021_5029_buschy_mcbusch_race_400,NASCAR,JTG Daugherty Racing,0.12581884611587726
NASCAR_2021_5029_buschy_mcbusch_race_400,NASCAR,Joe Gibbs Racing,-0.2579191010329584
NASCAR_2021_5029_buschy_mcbusch_race_400,NASCAR,Live Fast Motorsports,1.0882847120440169
NASCAR_2021_5029_buschy_mcbusch_race_400,NASCAR,Petty Ware Racing,1.4250421745862252
NASCAR_2021_5029_buschy_mcbusch_race_400,NASCAR,Richard Childress Racing,-0.013950461415233829
NASCAR_2021_5029_buschy_mcbusch_race_400,NASCAR,Richard Petty Motorsports,0.04955947313879673
NASCAR_2021_5029_buschy_mcbusch_race_400,NASCAR,Rick Ware Racing,0.8900193938337073
NASCAR_2021_5029_buschy_mcbusch_race_400,NASCAR,Roush Fenway Racing,0.038672073781996746
NASCAR_2021_5029_buschy_mcbusch_race_400,NASCAR,Spire Motorsports,0.4116823937759045
NASCAR_2021_5029_buschy_mcbusch_race_400,NASCAR,StarCom Racing,1.5135887654935336
NASCAR_2021_5029_buschy_mcbusch_race_400,NASCAR,Stewart-Haas Racing,-0.020042237358956983
NASCAR_2021_5029_buschy_mcbusch_race_400,NASCAR,Team Penske,-0.16443805131516065
NASCAR_2021_5029_buschy_mcbusch_race_400,NASCAR,TrackHouse Racing,-0.062248312413508276
NASCAR_2021_5029_buschy_mcbusch_race_400,NASCAR,Wood Brothers Racing,0.12022085046988411
NASCAR_2021_5030_foxwoods_resort_casino_301,NASCAR,23XI Racing,-0.08070635323588712
NASCAR_2021_5030_foxwoods_resort_casino_301,NASCAR,Chip Ganassi Racing,-0.08096566051574398
NASCAR_2021_5030_foxwoods_resort_casino_301,NASCAR,Front Row Motorsports,0.15317058280995793
NASCAR_2021_5030_foxwoods_resort_casino_301,NASCAR,Hendrick Motorsports,-0.21614837951737234
NASCAR_2021_5030_foxwoods_resort_casino_301,NASCAR,JTG Daugherty Racing,0.12662821297541807
NASCAR_2021_5030_foxwoods_resort_casino_301,NASCAR,Joe Gibbs Racing,-0.25850200546924934
NASCAR_2021_5030_foxwoods_resort_casino_301,NASCAR,Live Fast Motorsports,1.0925246636687915
NASCAR_2021_5030_foxwoods_resort_casino_301,NASCAR,Petty Ware Racing,1.424819626562681
NASCAR_2021_5030_foxwoods_resort_casino_301,NASCAR,Richard Childress Racing,-0.014198116080742392
NASCAR_2021_5030_foxwoods_resort_casino_301,NASCAR,Richard Petty Motorsports,0.05137370665092161
NASCAR_2021_5030_foxwoods_resort_casino_301,NASCAR,Rick Ware Racing,0.8894742330068393
NASCAR_2021_5030_foxwoods_resort_casino_301,NASCAR,Roush Fenway Racing,0.03635743291351854
NASCAR_2021_5030_foxwoods_resort_casino_301,NASCAR,Spire Motorsports,0.4122038888281923
NASCAR_2021_5030_foxwoods_resort_casino_301,NASCAR,StarCom Racing,1.5193506284773939
NASCAR_2021_5030_foxwoods_resort_casino_301,NASCAR,Stewart-Haas Racing,-0.01914098034299801
NASCAR_2021_5030_foxwoods_resort_casino_301,NASCAR,Team Penske,-0.16324950167721955
NASCAR_2021_5030_foxwoods_resort_casino_301,NASCAR,TrackHouse Racing,-0.06219738250965188
NASCAR_2021_5030_foxwoods_resort_casino_301,NASCAR,Wood Brothers Racing,0.12044455561613365
NASCAR_2021_5031_firekeepers_casino_400,NASCAR,23XI Racing,-0.08020389554987256
NASCAR_2021_5031_firekeepers_casino_400,NASCAR,Chip Ganassi Racing,-0.08123276048369066
NASCAR_2021_5031_firekeepers_casino_400,NASCAR,Front Row Motorsports,0.15545943989104133
NASCAR_2021_5031_firekeepers_casino_400,NASCAR,Hendrick Motorsports,-0.21546525468778668
NASCAR_2021_5031_firekeepers_casino_400,NASCAR,JTG Daugherty Racing,0.12666320981316645
NASCAR_2021_5031_firekeepers_casino_400,NASCAR,Joe Gibbs Racing,-0.25834289662879173
NASCAR_2021_5031_firekeepers_casino_400,NASCAR,Live Fast Motorsports,1.089193097790098
NASCAR_2021_5031_firekeepers_casino_400,NASCAR,Petty Ware Racing,1.4327806122948252
NASCAR_2021_5031_firekeepers_casino_400,NASCAR,Richard Childress Racing,-0.013562109301347419
NASCAR_2021_5031_firekeepers_casino_400,NASCAR,Richard Petty Motorsports,0.05137698764765643
NASCAR_2021_5031_firekeepers_casino_400,NASCAR,Rick Ware Racing,0.8873978111604949
NASCAR_2021_5031_firekeepers_casino_400,NASCAR,Roush Fenway Racing,0.03788939678504021
NASCAR_2021_5031_firekeepers_casino_400,NASCAR,Spire Motorsports,0.4110394509562215
NASCAR_2021_5031_firekeepers_casino_400,NASCAR,StarCom Racing,1.513393890718572
NASCAR_2021_5031_firekeepers_casino_400,NASCAR,Stewart-Haas Racing,-0.020223787319535242
NASCAR_2021_5031_firekeepers_casino_400,NASCAR,Team Penske,-0.16419012451984516
NASCAR_2021_5031_firekeepers_casino_400,NASCAR,TrackHouse Racing,-0.06267732296787053
NASCAR_2021_5031_firekeepers_casino_400,NASCAR,Wood Brothers Racing,0.12079637999618256
NASCAR_2021_5033_echopark_texas_grand_prix,NASCAR,23XI Racing,-0.07917338348193172
NASCAR_2021_5033_echopark_texas_grand_prix,NASCAR,Chip Ganassi Racing,-0.08078640418849266
NASCAR_2021_5033_echopark_texas_grand_prix,NASCAR,Front Row Motorsports,0.1562124340157057
NASCAR_2021_5033_echopark_texas_grand_prix,NASCAR,Gaunt Brothers Racing,0.4629739707083137
NASCAR_2021_5033_echopark_texas_grand_prix,NASCAR,Hendrick Motorsports,-0.21607502324697067
NASCAR_2021_5033_echopark_texas_grand_prix,NASCAR,JTG Daugherty Racing,0.12635479018249826
NASCAR_2021_5033_echopark_texas_grand_prix,NASCAR,Joe Gibbs Racing,-0.2592258954632999
NASCAR_2021_5033_echopark_texas_grand_prix,NASCAR,Kaulig Racing,0.17425692053630704
NASCAR_2021_5033_echopark_texas_grand_prix,NASCAR,Live Fast Motorsports,1.0935215783350278
NASCAR_2021_5033_echopark_texas_grand_prix,NASCAR,Petty Ware Racing,1.4423884739779704
NASCAR_2021_5033_echopark_texas_grand_prix,NASCAR,Richard Childress Racing,-0.014741938701201851
NASCAR_2021_5033_echopark_texas_grand_prix,NASCAR,Richard Petty Motorsports,0.052937319129286474
NASCAR_2021_5033_echopark_texas_grand_prix,NASCAR,Rick Ware Racing,0.8956120603939874
NASCAR_2021_5033_echopark_texas_grand_prix,NASCAR,Roush Fenway Racing,0.03843977156385535
NASCAR_2021_5033_echopark_texas_grand_prix,NASCAR,Spire Motorsports,0.4134549788466582
NASCAR_2021_5033_echopark_texas_grand_prix,NASCAR,StarCom Racing,1.528680389343608
NASCAR_2021_5033_echopark_texas_grand_prix,NASCAR,Stewart-Haas Racing,-0.01994597982258328
NASCAR_2021_5033_echopark_texas_grand_prix,NASCAR,Team Penske,-0.1648718130613089
NASCAR_2021_5033_echopark_texas_grand_prix,NASCAR,TrackHouse Racing,-0.06048828929085278
NASCAR_2021_5033_echopark_texas_grand_prix,NASCAR,Wood Brothers Racing,0.11972003328171708
NASCAR_2021_5034_drydene_400,NASCAR,23XI Racing,-0.07962352750746565
NASCAR_2021_5034_drydene_400,NASCAR,Chip Ganassi Racing,-0.08187046165262113
NASCAR_2021_5034_drydene_400,NASCAR,Front Row Motorsports,0.15481355616563272
NASCAR_2021_5034_drydene_400,NASCAR,Hendrick Motorsports,-0.2150788282787242
NASCAR_2021_5034_drydene_400,NASCAR,JTG Daugherty Racing,0.12653723744354026
NASCAR_2021_5034_drydene_400,NASCAR,Joe Gibbs Racing,-0.2591494724943642
NASCAR_2021_5034_drydene_400,NASCAR,Live Fast Motorsports,1.0898479578827713
NASCAR_2021_5034_drydene_400,NASCAR,Petty Ware Racing,1.4326930576246106
NASCAR_2021_5034_drydene_400,NASCAR,Richard Childress Racing,-0.014115112538563299
NASCAR_2021_5034_drydene_400,NASCAR,Richard Petty Motorsports,0.05087703652988695
NASCAR_2021_5034_drydene_400,NASCAR,Rick Ware Racing,0.8889598039167887
NASCAR_2021_5034_drydene_400,NASCAR,Roush Fenway Racing,0.03864238522406328
NASCAR_2021_5034_drydene_400,NASCAR,Spire Motorsports,0.4112707169342549
NASCAR_2021_5034_drydene_400,NASCAR,StarCom Racing,1.5203212442967273
NASCAR_2021_5034_drydene_400,NASCAR,Stewart-Haas Racing,-0.0195630979644883
NASCAR_2021_5034_drydene_400,NASCAR,Team Penske,-0.16425550139557327
NASCAR_2021_5034_drydene_400,NASCAR,TrackHouse Racing,-0.0595686888510142
NASCAR_2021_5034_drydene_400,NASCAR,Wood Brothers Racing,0.11867221335513338
NASCAR_2021_5035_ally_400,NASCAR,23XI Racing,-0.0805004761747512
NASCAR_2021_5035_ally_400,NASCAR,Chip Ganassi Racing,-0.0790321344467856
NASCAR_2021_5035_ally_400,NASCAR,Front Row Motorsports,0.15496390008893932
NASCAR_2021_5035_ally_400,NASCAR,Hendrick Motorsports,-0.215677784257359
NASCAR_2021_5035_ally_400,NASCAR,JTG Daugherty Racing,0.12791291110967834
NASCAR_2021_5035_ally_400,NASCAR,Joe Gibbs Racing,-0.25877863168643156
NASCAR_2021_5035_ally_400,NASCAR,Live Fast Motorsports,1.0900313151052528
NASCAR_2021_5035_ally_400,NASCAR,Motorsports Business Management,1.8405755281846705
NASCAR_2021_5035_ally_400,NASCAR,Petty Ware Racing,1.4425233267620425
NASCAR_2021_5035_ally_400,NASCAR,Richard Childress Racing,-0.014741938701201851
NASCAR_2021_5035_ally_400,NASCAR,Richard Petty Motorsports,0.05186269731043758
NASCAR_2021_5035_ally_400,NASCAR,Rick Ware Racing,0.8913680247607518
NASCAR_2021_5035_ally_400,NASCAR,Roush Fenway Racing,0.03764509871365846
NASCAR_2021_5035_ally_400,NASCAR,Spire Motorsports,0.41274451554808844
NASCAR_2021_5035_ally_400,NASCAR,Stewart-Haas Racing,-0.018527670279592973
NASCAR_2021_5035_ally_400,NASCAR,Team Penske,-0.16498569411890832
NASCAR_2021_5035_ally_400,NASCAR,TrackHouse Racing,-0.058306468743452945
NASCAR_2021_5035_ally_400,NASCAR,Wood Brothers Racing,0.11693028799112531
NASCAR_2021_5036_coke_zero_sugar_400,NASCAR,23XI Racing,-0.07991206744953136
NASCAR_2021_5036_coke_zero_sugar_400,NASCAR,Chip Ganassi Racing,-0.08352238259758697
NASCAR_2021_5036_coke_zero_sugar_400,NASCAR,Front Row Motorsports,0.15535214051724244
NASCAR_2021_5036_coke_zero_sugar_400,NASCAR,Gaunt Brothers Racing,0.4627691927884942
NASCAR_2021_5036_coke_zero_sugar_400,NASCAR,Hendrick Motorsports,-0.21676578466097277
NASCAR_2021_5036_coke_zero_sugar_400,NASCAR,JTG Daugherty Racing,0.12695648610620455
NASCAR_2021_5036_coke_zero_sugar_400,NASCAR,Joe Gibbs Racing,-0.25929671622009764
NASCAR_2021_5036_coke_zero_sugar_400,NASCAR,Kaulig Racing,0.17190780841729228
NASCAR_2021_5036_coke_zero_sugar_400,NASCAR,Live Fast Motorsports,1.0908694337902747
NASCAR_2021_5036_coke_zero_sugar_400,NASCAR,Motorsports Business Management,1.85262149299654
NASCAR_2021_5036_coke_zero_sugar_400,NASCAR,Petty Ware Racing,1.4488773026540562
NASCAR_2021_5036_coke_zero_sugar_400,NASCAR,Richard Childress Racing,-0.014644583784806557
NASCAR_2021_5036_coke_zero_sugar_400,NASCAR,Richard Petty Motorsports,0.053012326995865465
NASCAR_2021_5036_coke_zero_sugar_400,NASCAR,Rick Ware Racing,0.8928922077337398
NASCAR_2021_5036_coke_zero_sugar_400,NASCAR,Roush Fenway Racing,0.03853588816221457
NASCAR_2021_5036_coke_zero_sugar_400,NASCAR,Spire Motorsports,0.4137783169604805
NASCAR_2021_5036_coke_zero_sugar_400,NASCAR,StarCom Racing,1.5317882401379017
NASCAR_2021_5036_coke_zero_sugar_400,NASCAR,Stewart-Haas Racing,-0.019877147337379022
NASCAR_2021_5036_coke_zero_sugar_400,NASCAR,Team Penske,-0.16487922393631813
NASCAR_2021_5036_coke_zero_sugar_400,NASCAR,TrackHouse Racing,-0.060860547779883714
NASCAR_2021_5036_coke_zero_sugar_400,NASCAR,Wood Brothers Racing,0.11939874587363865
NASCAR_2021_5038_toyota_owners_400,NASCAR,23XI Racing,-0.08044033671823582
NASCAR_2021_5038_toyota_owners_400,NASCAR,Chip Ganassi Racing,-0.08155008080557076
NASCAR_2021_5038_toyota_owners_400,NASCAR,Front Row Motorsports,0.15423947698317783
NASCAR_2021_5038_toyota_owners_400,NASCAR,Hendrick Motorsports,-0.21606947441959162
NASCAR_2021_5038_toyota_owners_400,NASCAR,JTG Daugherty Racing,0.12657002885909527
NASCAR_2021_5038_toyota_owners_400,NASCAR,Joe Gibbs Racing,-0.2571411550046484
NASCAR_2021_5038_toyota_owners_400,NASCAR,Live Fast Motorsports,1.0952933770256306
NASCAR_2021_5038_toyota_owners_400,NASCAR,Petty Ware Racing,1.423579804926928
NASCAR_2021_5038_toyota_owners_400,NASCAR,Richard Childress Racing,-0.014260677721811988
NASCAR_2021_5038_toyota_owners_400,NASCAR,Richard Petty Motorsports,0.052068470333438255
NASCAR_2021_5038_toyota_owners_400,NASCAR,Rick Ware Racing,0.8910734131778134
NASCAR_2021_5038_toyota_owners_400,NASCAR,Roush Fenway Racing,0.03429968880373872
NASCAR_2021_5038_toyota_owners_400,NASCAR,Spire Motorsports,0.4122163819585799
NASCAR_2021_5038_toyota_owners_400,NASCAR,StarCom Racing,1.519864539138697
NASCAR_2021_5038_toyota_owners_400,NASCAR,Stewart-Haas Racing,-0.019597380998549217
NASCAR_2021_5038_toyota_owners_400,NASCAR,Team Penske,-0.16411091658962076
NASCAR_2021_5038_toyota_owners_400,NASCAR,TrackHouse Racing,-0.060725790003051706
NASCAR_2021_5038_toyota_owners_400,NASCAR,Wood Brothers Racing,0.120499800792214
NASCAR_2021_5039_bass_pro_shops_night_race,NASCAR,23XI Racing,-0.07993572540542002
NASCAR_2021_5039_bass_pro_shops_night_race,NASCAR,Chip Ganassi Racing,-0.08385564833006984
NASCAR_2021_5039_bass_pro_shops_night_race,NASCAR,Front Row Motorsports,0.1548082188035874
NASCAR_2021_5039_bass_pro_shops_night_race,NASCAR,Hendrick Motorsports,-0.21562590359821926
NASCAR_2021_5039_bass_pro_shops_night_race,NASCAR,JTG Daugherty Racing,0.12673117895525304
NASCAR_2021_5039_bass_pro_shops_night_race,NASCAR,Joe Gibbs Racing,-0.2582544373335872
NASCAR_2021_5039_bass_pro_shops_night_race,NASCAR,Live Fast Motorsports,1.0906771793337164
NASCAR_2021_5039_bass_pro_shops_night_race,NASCAR,Motorsports Business Management,1.8443229371543453
NASCAR_2021_5039_bass_pro_shops_night_race,NASCAR,Petty Ware Racing,1.4439202352435871
NASCAR_2021_5039_bass_pro_shops_night_race,NASCAR,Richard Childress Racing,-0.01456147813270039
NASCAR_2021_5039_bass_pro_shops_night_race,NASCAR,Richard Petty Motorsports,0.054486427372051935
NASCAR_2021_5039_bass_pro_shops_night_race,NASCAR,Rick Ware Racing,0.8899241677263839
NASCAR_2021_5039_bass_pro_shops_night_race,NASCAR,Roush Fenway Racing,0.03663459829201621
NASCAR_2021_5039_bass_pro_shops_night_race,NASCAR,Spire Motorsports,0.41170096810206935
NASCAR_2021_5039_bass_pro_shops_night_race,NASCAR,StarCom Racing,1.5219152035502217
NASCAR_2021_5039_bass_pro_shops_night_race,NASCAR,Stewart-Haas Racing,-0.019610639151351854
NASCAR_2021_5039_bass_pro_shops_night_race,NASCAR,Team Penske,-0.1640920555397626
NASCAR_2021_5039_bass_pro_shops_night_race,NASCAR,TrackHouse Racing,-0.06183336243860217
NASCAR_2021_5039_bass_pro_shops_night_race,NASCAR,Wood Brothers Racing,0.11992923430432582
NASCAR_2021_5042_toyota_save_mart_350,NASCAR,23XI Racing,-0.0806341883234876
NASCAR_2021_5042_toyota_save_mart_350,NASCAR,Chip Ganassi Racing,-0.08021604864328835
NASCAR_2021_5042_toyota_save_mart_350,NASCAR,Front Row Motorsports,0.15591723699092952
NASCAR_2021_5042_toyota_save_mart_350,NASCAR,Hendrick Motorsports,-0.21557759215012826
NASCAR_2021_5042_toyota_save_mart_350,NASCAR,JTG Daugherty Racing,0.1263356706897081
NASCAR_2021_5042_toyota_save_mart_350,NASCAR,Joe Gibbs Racing,-0.258433119604659
NASCAR_2021_5042_toyota_save_mart_350,NASCAR,Live Fast Motorsports,1.0944530589513732
NASCAR_2021_5042_toyota_save_mart_350,NASCAR,Petty Ware Racing,1.4409879419732132
NASCAR_2021_5042_toyota_save_mart_350,NASCAR,Richard Childress Racing,-0.014650377124086964
NASCAR_2021_5042_toyota_save_mart_350,NASCAR,Richard Petty Motorsports,0.053749092388854405
NASCAR_2021_5042_toyota_save_mart_350,NASCAR,Rick Ware Racing,0.8946866532737032
NASCAR_2021_5042_toyota_save_mart_350,NASCAR,Roush Fenway Racing,0.03758162184372825
NASCAR_2021_5042_toyota_save_mart_350,NASCAR,Spire Motorsports,0.41248852899438293
NASCAR_2021_5042_toyota_save_mart_350,NASCAR,StarCom Racing,1.5292796361387757
NASCAR_2021_5042_toyota_save_mart_350,NASCAR,Stewart-Haas Racing,-0.01990093843252281
NASCAR_2021_5042_toyota_save_mart_350,NASCAR,Team Penske,-0.16429959595061824
NASCAR_2021_5042_toyota_save_mart_350,NASCAR,TrackHouse Racing,-0.06076124653625305
NASCAR_2021_5042_toyota_save_mart_350,NASCAR,Wood Brothers Racing,0.11968990884482297
NASCAR_2021_5044_autotrader_echopark_automotive_500,NASCAR,23XI Racing,-0.07927120122206861
NASCAR_2021_5044_autotrader_echopark_automotive_500,NASCAR,Chip Ganassi Racing,-0.08447415145815773
NASCAR_2021_5044_autotrader_echopark_automotive_500,NASCAR,Front Row Motorsports,0.15497544577106634
NASCAR_2021_5044_autotrader_echopark_automotive_500,NASCAR,Hendrick Motorsports,-0.2157048211248769
NASCAR_2021_5044_autotrader_echopark_automotive_500,NASCAR,JTG Daugherty Racing,0.1257851556142262
NASCAR_2021_5044_autotrader_echopark_automotive_500,NASCAR,Joe Gibbs Racing,-0.2589842905804822
NASCAR_2021_5044_autotrader_echopark_automotive_500,NASCAR,Live Fast Motorsports,1.0900688195930937
NASCAR_2021_5044_autotrader_echopark_automotive_500,NASCAR,Motorsports Business Management,1.848672925214907
NASCAR_2021_5044_autotrader_echopark_automotive_500,NASCAR,Petty Ware Racing,1.4439437460575633
NASCAR_2021_5044_autotrader_echopark_automotive_500,NASCAR,Richard Childress Racing,-0.014412507944556192
NASCAR_2021_5044_autotrader_echopark_automotive_500,NASCAR,Richard Petty Motorsports,0.05320205923083038
NASCAR_2021_5044_autotrader_echopark_automotive_500,NASCAR,Rick Ware Racing,0.8908709480720752
NASCAR_2021_5044_autotrader_echopark_automotive_500,NASCAR,Roush Fenway Racing,0.03850738623461219
NASCAR_2021_5044_autotrader_echopark_automotive_500,NASCAR,Spire Motorsports,0.41274777611547075
NASCAR_2021_5044_autotrader_echopark_automotive_500,NASCAR,StarCom Racing,1.5201216793156191
NASCAR_2021_5044_autotrader_echopark_automotive_500,NASCAR,Stewart-Haas Racing,-0.02030664550739218
NASCAR_2021_5044_autotrader_echopark_automotive_500,NASCAR,Team Penske,-0.16436269078840032
NASCAR_2021_5044_autotrader_echopark_automotive_500,NASCAR,TrackHouse Racing,-0.060725790003051706
NASCAR_2021_5044_autotrader_echopark_automotive_500,NASCAR,Wood Brothers Racing,0.11971702429446401
NASCAR_2021_5054_jockey_made_in_america_250,NASCAR,23XI Racing,-0.08144607554386707
NASCAR_2021_5054_jockey_made_in_america_250,NASCAR,Chip Ganassi Racing,-0.07861441989126347
NASCAR_2021_5054_jockey_made_in_america_250,NASCAR,Front Row Motorsports,0.15539309158079437
NASCAR_2021_5054_jockey_made_in_america_250,NASCAR,Gaunt Brothers Racing,0.44886706379386643
NASCAR_2021_5054_jockey_made_in_america_250,NASCAR,Hendrick Motorsports,-0.21512852771278498
NASCAR_2021_5054_jockey_made_in_america_250,NASCAR,JTG Daugherty Racing,0.12647132814840498
NASCAR_2021_5054_jockey_made_in_america_250,NASCAR,Joe Gibbs Racing,-0.2578215520674476
NASCAR_2021_5054_jockey_made_in_america_250,NASCAR,Kaulig Racing,0.17381019508460158
NASCAR_2021_5054_jockey_made_in_america_250,NASCAR,Live Fast Motorsports,1.0841866248593417
NASCAR_2021_5054_jockey_made_in_america_250,NASCAR,Petty Ware Racing,1.4352343715608207
NASCAR_2021_5054_jockey_made_in_america_250,NASCAR,Richard Childress Racing,-0.013966126660155226
NASCAR_2021_5054_jockey_made_in_america_250,NASCAR,Richard Petty Motorsports,0.053012326995865465
NASCAR_2021_5054_jockey_made_in_america_250,NASCAR,Rick Ware Racing,0.8948094028879716
NASCAR_2021_5054_jockey_made_in_america_250,NASCAR,Roush Fenway Racing,0.03702584275858411
NASCAR_2021_5054_jockey_made_in_america_250,NASCAR,Spire Motorsports,0.41238645362007637
NASCAR_2021_5054_jockey_made_in_america_250,NASCAR,StarCom Racing,1.5173038221377348
NASCAR_2021_5054_jockey_made_in_america_250,NASCAR,Stewart-Haas Racing,-0.019944574855431045
NASCAR_2021_5054_jockey_made_in_america_250,NASCAR,Team Penske,-0.1648670013498945
NASCAR_2021_5054_jockey_made_in_america_250,NASCAR,TrackHouse Racing,-0.055734265244096096
NASCAR_2021_5054_jockey_made_in_america_250,NASCAR,Wood Brothers Racing,0.12159022194555841
NASCAR_2021_5060_xfinity_500,NASCAR,23XI Racing,-0.07969994738736377
NASCAR_2021_5060_xfinity_500,NASCAR,Chip Ganassi Racing,-0.08257333072825923
NASCAR_2021_5060_xfinity_500,NASCAR,Front Row Motorsports,0.15487181108991332
NASCAR_2021_5060_xfinity_500,NASCAR,Hendrick Motorsports,-0.21491407723027378
NASCAR_2021_5060_xfinity_500,NASCAR,JTG Daugherty Racing,0.12673117895525304
NASCAR_2021_5060_xfinity_500,NASCAR,Joe Gibbs Racing,-0.25803705854679426
NASCAR_2021_5060_xfinity_500,NASCAR,Live Fast Motorsports,1.0948595428722656
NASCAR_2021_5060_xfinity_500,NASCAR,Motorsports Business Management,1.8610547925569758
NASCAR_2021_5060_xfinity_500,NASCAR,Petty Ware Racing,1.4366163236665301
NASCAR_2021_5060_xfinity_500,NASCAR,Richard Childress Racing,-0.014655608950227259
NASCAR_2021_5060_xfinity_500,NASCAR,Richard Petty Motorsports,0.05240376842310411
NASCAR_2021_5060_xfinity_500,NASCAR,Rick Ware Racing,0.8906366875278461
NASCAR_2021_5060_xfinity_500,NASCAR,Roush Fenway Racing,0.03782286319448268
NASCAR_2021_5060_xfinity_500,NASCAR,Spire Motorsports,0.41200110022962666
NASCAR_2021_5060_xfinity_500,NASCAR,StarCom Racing,1.512909750041748
NASCAR_2021_5060_xfinity_500,NASCAR,Stewart-Haas Racing,-0.019877147337379022
NASCAR_2021_5060_xfinity_500,NASCAR,Team Penske,-0.16424685482036316
NASCAR_2021_5060_xfinity_500,NASCAR,TrackHouse Racing,-0.06641873899527331
NASCAR_2021_5060_xfinity_500,NASCAR,Wood Brothers Racing,0.11885221950006633
NASCAR_2021_5067_nascar_all_star_open,NASCAR,23XI Racing,-0.07917611859849889
NASCAR_2021_5067_nascar_all_star_open,NASCAR,Chip Ganassi Racing,-0.07820211616049792
NASCAR_2021_5067_nascar_all_star_open,NASCAR,Front Row Motorsports,0.1568345176142108
NASCAR_2021_5067_nascar_all_star_open,NASCAR,JTG Daugherty Racing,0.12742859149179794
NASCAR_2021_5067_nascar_all_star_open,NASCAR,Live Fast Motorsports,1.0924287395354244
NASCAR_2021_5067_nascar_all_star_open,NASCAR,Motorsports Business Management,1.8497592525589819
NASCAR_2021_5067_nascar_all_star_open,NASCAR,Petty Ware Racing,1.4442039442075159
NASCAR_2021_5067_nascar_all_star_open,NASCAR,Richard Childress Racing,-0.012230681024356616
NASCAR_2021_5067_nascar_all_star_open,NASCAR,Richard Petty Motorsports,0.05609814991995054
NASCAR_2021_5067_nascar_all_star_open,NASCAR,Rick Ware Racing,0.8935267104384839
NASCAR_2021_5067_nascar_all_star_open,NASCAR,Roush Fenway Racing,0.04647704961213654
NASCAR_2021_5067_nascar_all_star_open,NASCAR,Spire Motorsports,0.4137281743276918
NASCAR_2021_5067_nascar_all_star_open,NASCAR,StarCom Racing,1.5281293664592475
NASCAR_2021_5067_nascar_all_star_open,NASCAR,Stewart-Haas Racing,-0.01713709229071715
NASCAR_2021_5067_nascar_all_star_open,NASCAR,Team Penske,-0.1638839327572139
NASCAR_2021_5067_nascar_all_star_open,NASCAR,TrackHouse Racing,-0.06255466071451181
NASCAR_2021_5067_nascar_all_star_open,NASCAR,Wood Brothers Racing,0.12214769666443477
NASCAR_2021_5068_nascar_all_star_race,NASCAR,Chip Ganassi Racing,-0.08448090648813551
NASCAR_2021_5068_nascar_all_star_race,NASCAR,Front Row Motorsports,0.15469614700316198
NASCAR_2021_5068_nascar_all_star_race,NASCAR,Hendrick Motorsports,-0.21423321282354288
NASCAR_2021_5068_nascar_all_star_race,NASCAR,Joe Gibbs Racing,-0.2594370270903994
NASCAR_2021_5068_nascar_all_star_race,NASCAR,Richard Childress Racing,-0.01620683532576764
NASCAR_2021_5068_nascar_all_star_race,NASCAR,Roush Fenway Racing,0.03303135263853353
NASCAR_2021_5068_nascar_all_star_race,NASCAR,Stewart-Haas Racing,-0.020617052221150345
NASCAR_2021_5068_nascar_all_star_race,NASCAR,Team Penske,-0.16465554150084985
NASCAR_2021_5068_nascar_all_star_race,NASCAR,Wood Brothers Racing,0.11873047060122591
NASCAR_2021_5071_go_bowling_at_the_glen,NASCAR,23XI Racing,-0.08096420312709408
NASCAR_2021_5071_go_bowling_at_the_glen,NASCAR,Chip Ganassi Racing,-0.08144547262294277
NASCAR_2021_5071_go_bowling_at_the_glen,NASCAR,Front Row Motorsports,0.15488379046796505
NASCAR_2021_5071_go_bowling_at_the_glen,NASCAR,Hendrick Motorsports,-0.2154141018735523
NASCAR_2021_5071_go_bowling_at_the_glen,NASCAR,JTG Daugherty Racing,0.12662464572128687
NASCAR_2021_5071_go_bowling_at_the_glen,NASCAR,Joe Gibbs Racing,-0.25748738151528366
NASCAR_2021_5071_go_bowling_at_the_glen,NASCAR,Live Fast Motorsports,1.0867082082472164
NASCAR_2021_5071_go_bowling_at_the_glen,NASCAR,Petty Ware Racing,1.4413602845213536
NASCAR_2021_5071_go_bowling_at_the_glen,NASCAR,Richard Childress Racing,-0.014368879827998091
NASCAR_2021_5071_go_bowling_at_the_glen,NASCAR,Richard Petty Motorsports,0.05290915942497965
NASCAR_2021_5071_go_bowling_at_the_glen,NASCAR,Rick Ware Racing,0.8928673425961172
NASCAR_2021_5071_go_bowling_at_the_glen,NASCAR,Roush Fenway Racing,0.0372214741842341
NASCAR_2021_5071_go_bowling_at_the_glen,NASCAR,Spire Motorsports,0.4115529384990801
NASCAR_2021_5071_go_bowling_at_the_glen,NASCAR,StarCom Racing,1.5199313963308945
NASCAR_2021_5071_go_bowling_at_the_glen,NASCAR,Stewart-Haas Racing,-0.01940771630120902
NASCAR_2021_5071_go_bowling_at_the_glen,NASCAR,Team Penske,-0.1648747840403342
NASCAR_2021_5071_go_bowling_at_the_glen,NASCAR,TrackHouse Racing,-0.061715363111966695
NASCAR_2021_5071_go_bowling_at_the_glen,NASCAR,Wood Brothers Racing,0.12065406028348985
NASCAR_2021_5074_verizon_200_at_the_brickyard,NASCAR,23XI Racing,-0.08022297058549374
NASCAR_2021_5074_verizon_200_at_the_brickyard,NASCAR,Chip Ganassi Racing,-0.08218976170335093
NASCAR_2021_5074_verizon_200_at_the_brickyard,NASCAR,Front Row Motorsports,0.15575692519337758
NASCAR_2021_5074_verizon_200_at_the_brickyard,NASCAR,Hendrick Motorsports,-0.21551269171374
NASCAR_2021_5074_verizon_200_at_the_brickyard,NASCAR,JTG Daugherty Racing,0.12673117895525304
NASCAR_2021_5074_verizon_200_at_the_brickyard,NASCAR,Joe Gibbs Racing,-0.25820193764473154
NASCAR_2021_5074_verizon_200_at_the_brickyard,NASCAR,Kaulig Racing,0.17428935388365624
NASCAR_2021_5074_verizon_200_at_the_brickyard,NASCAR,Live Fast Motorsports,1.0936364196765587
NASCAR_2021_5074_verizon_200_at_the_brickyard,NASCAR,Motorsports Business Management,1.8521366297339186
NASCAR_2021_5074_verizon_200_at_the_brickyard,NASCAR,Petty Ware Racing,1.4368235693150475
NASCAR_2021_5074_verizon_200_at_the_brickyard,NASCAR,Richard Childress Racing,-0.014442823597701259
NASCAR_2021_5074_verizon_200_at_the_brickyard,NASCAR,Richard Petty Motorsports,0.05044355545245959
NASCAR_2021_5074_verizon_200_at_the_brickyard,NASCAR,Rick Ware Racing,0.894605490682371
NASCAR_2021_5074_verizon_200_at_the_brickyard,NASCAR,Roush Fenway Racing,0.03669231272753968
NASCAR_2021_5074_verizon_200_at_the_brickyard,NASCAR,Spire Motorsports,0.41312561998062025
NASCAR_2021_5074_verizon_200_at_the_brickyard,NASCAR,StarCom Racing,1.5302453833718632
NASCAR_2021_5074_verizon_200_at_the_brickyard,NASCAR,Stewart-Haas Racing,-0.019464951699714333
NASCAR_2021_5074_verizon_200_at_the_brickyard,NASCAR,Team Penske,-0.16490399396192643
NASCAR_2021_5074_verizon_200_at_the_brickyard,NASCAR,TrackHouse Racing,-0.06006405693734353
NASCAR_2021_5074_verizon_200_at_the_brickyard,NASCAR,Wood Brothers Racing,0.11937520099245895
NASCAR_2021_5078_cook_out_southern_500,NASCAR,23XI Racing,-0.08030382853047281
NASCAR_2021_5078_cook_out_southern_500,NASCAR,Chip Ganassi Racing,-0.07791395904166509
NASCAR_2021_5078_cook_out_southern_500,NASCAR,Front Row Motorsports,0.15480382971150164
NASCAR_2021_5078_cook_out_southern_500,NASCAR,Hendrick Motorsports,-0.21629747726694543
NASCAR_2021_5078_cook_out_southern_500,NASCAR,JTG Daugherty Racing,0.1267989115100469
NASCAR_2021_5078_cook_out_southern_500,NASCAR,Joe Gibbs Racing,-0.25806263051470757
NASCAR_2021_5078_cook_out_southern_500,NASCAR,Live Fast Motorsports,1.088769376039554
NASCAR_2021_5078_cook_out_southern_500,NASCAR,Petty Ware Racing,1.4316436768421612
NASCAR_2021_5078_cook_out_southern_500,NASCAR,Richard Childress Racing,-0.014497516170290305
NASCAR_2021_5078_cook_out_southern_500,NASCAR,Richard Petty Motorsports,0.0476715501391267
NASCAR_2021_5078_cook_out_southern_500,NASCAR,Rick Ware Racing,0.8902294522043126
NASCAR_2021_5078_cook_out_southern_500,NASCAR,Roush Fenway Racing,0.03864141258816282
NASCAR_2021_5078_cook_out_southern_500,NASCAR,Spire Motorsports,0.41310632593001795
NASCAR_2021_5078_cook_out_southern_500,NASCAR,StarCom Racing,1.513877856203487
NASCAR_2021_5078_cook_out_southern_500,NASCAR,Stewart-Haas Racing,-0.01984941212222937
NASCAR_2021_5078_cook_out_southern_500,NASCAR,Team Penske,-0.16424534266327234
NASCAR_2021_5078_cook_out_southern_500,NASCAR,TrackHouse Racing,-0.061461232081907
NASCAR_2021_5078_cook_out_southern_500,NASCAR,Wood Brothers Racing,0.11833559360368487
NASCAR_2021_5079_federated_auto_parts_400_salute_to_first_responders,NASCAR,23XI Racing,-0.08146956891684277
NASCAR_2021_5079_federated_auto_parts_400_salute_to_first_responders,NASCAR,Chip Ganassi Racing,-0.0799377130354055
NASCAR_2021_5079_federated_auto_parts_400_salute_to_first_responders,NASCAR,Front Row Motorsports,0.1555151567978316
NASCAR_2021_5079_federated_auto_parts_400_salute_to_first_responders,NASCAR,Hendrick Motorsports,-0.21589076493100295
NASCAR_2021_5079_federated_auto_parts_400_salute_to_first_responders,NASCAR,JTG Daugherty Racing,0.12617087436116367
NASCAR_2021_5079_federated_auto_parts_400_salute_to_first_responders,NASCAR,Joe Gibbs Racing,-0.25714416550816965
NASCAR_2021_5079_federated_auto_parts_400_salute_to_first_responders,NASCAR,Live Fast Motorsports,1.0938057320659134
NASCAR_2021_5079_federated_auto_parts_400_salute_to_first_responders,NASCAR,Petty Ware Racing,1.4294381828295617
NASCAR_2021_5079_federated_auto_parts_400_salute_to_first_responders,NASCAR,Richard Childress Racing,-0.014480302247415453
NASCAR_2021_5079_federated_auto_parts_400_salute_to_first_responders,NASCAR,Richard Petty Motorsports,0.052146826130919324
NASCAR_2021_5079_federated_auto_parts_400_salute_to_first_responders,NASCAR,Rick Ware Racing,0.8893515952539898
NASCAR_2021_5079_federated_auto_parts_400_salute_to_first_responders,NASCAR,Roush Fenway Racing,0.03546586881044458
NASCAR_2021_5079_federated_auto_parts_400_salute_to_first_responders,NASCAR,Spire Motorsports,0.41230647793029185
NASCAR_2021_5079_federated_auto_parts_400_salute_to_first_responders,NASCAR,StarCom Racing,1.5174274321750736
NASCAR_2021_5079_federated_auto_parts_400_salute_to_first_responders,NASCAR,Stewart-Haas Racing,-0.019149803647520752
NASCAR_2021_5079_federated_auto_parts_400_salute_to_first_responders,NASCAR,Team Penske,-0.16411680063476816
NASCAR_2021_5079_federated_auto_parts_400_salute_to_first_responders,NASCAR,TrackHouse Racing,-0.06196610012592496
NASCAR_2021_5079_federated_auto_parts_400_salute_to_first_responders,NASCAR,Wood Brothers Racing,0.12022570548330704
NASCAR_2021_5081_south_point_400,NASCAR,23XI Racing,-0.08009123406595851
NASCAR_2021_5081_south_point_400,NASCAR,Chip Ganassi Racing,-0.08303261600760607
NASCAR_2021_5081_south_point_400,NASCAR,Front Row Motorsports,0.1552313459001911
NASCAR_2021_5081_south_point_400,NASCAR,Hendrick Motorsports,-0.21530280293319382
NASCAR_2021_5081_south_point_400,NASCAR,JTG Daugherty Racing,0.12582723377761076
NASCAR_2021_5081_south_point_400,NASCAR,Joe Gibbs Racing,-0.2581705063453122
NASCAR_2021_5081_south_point_400,NASCAR,Live Fast Motorsports,1.0854916517243056
NASCAR_2021_5081_south_point_400,NASCAR,Motorsports Business Management,1.8301460833659042
NASCAR_2021_5081_south_point_400,NASCAR,Petty Ware Racing,1.435373810978589
NASCAR_2021_5081_south_point_400,NASCAR,Richard Childress Racing,-0.013895828810693072
NASCAR_2021_5081_south_point_400,NASCAR,Richard Petty Motorsports,0.05315014568375918
NASCAR_2021_5081_south_point_400,NASCAR,Rick Ware Racing,0.8873156450986845
NASCAR_2021_5081_south_point_400,NASCAR,Roush Fenway Racing,0.037830409918805194
NASCAR_2021_5081_south_point_400,NASCAR,Spire Motorsports,0.41120900882410905
NASCAR_2021_5081_south_point_400,NASCAR,StarCom Racing,1.5097565169857963
NASCAR_2021_5081_south_point_400,NASCAR,Stewart-Haas Racing,-0.020017999571643533
NASCAR_2021_5081_south_point_400,NASCAR,Team Penske,-0.16404593965907602
NASCAR_2021_5081_south_point_400,NASCAR,TrackHouse Racing,-0.06315769785706402
NASCAR_2021_5081_south_point_400,NASCAR,Wood Brothers Racing,0.12078718540349323
NASCAR_2021_5082_yellawood_500,NASCAR,23XI Racing,-0.07951401113435423
NASCAR_2021_5082_yellawood_500,NASCAR,Chip Ganassi Racing,-0.0828701166718581
NASCAR_2021_5082_yellawood_500,NASCAR,Front Row Motorsports,0.15617124263355894
NASCAR_2021_5082_yellawood_500,NASCAR,Gaunt Brothers Racing,0.4622549201450109
NASCAR_2021_5082_yellawood_500,NASCAR,Hendrick Motorsports,-0.21686517487792364
NASCAR_2021_5082_yellawood_500,NASCAR,JTG Daugherty Racing,0.1274335510486242
NASCAR_2021_5082_yellawood_500,NASCAR,Joe Gibbs Racing,-0.25941528906467903
NASCAR_2021_5082_yellawood_500,NASCAR,Kaulig Racing,0.17315014444194532
NASCAR_2021_5082_yellawood_500,NASCAR,Live Fast Motorsports,1.0973047623267111
NASCAR_2021_5082_yellawood_500,NASCAR,Motorsports Business Management,1.8738139286524051
NASCAR_2021_5082_yellawood_500,NASCAR,Petty Ware Racing,1.4480717636543468
NASCAR_2021_5082_yellawood_500,NASCAR,Richard Childress Racing,-0.014710662847921144
NASCAR_2021_5082_yellawood_500,NASCAR,Richard Petty Motorsports,0.053012326995865465
NASCAR_2021_5082_yellawood_500,NASCAR,Rick Ware Racing,0.8967529999656172
NASCAR_2021_5082_yellawood_500,NASCAR,Roush Fenway Racing,0.038021655610193134
NASCAR_2021_5082_yellawood_500,NASCAR,Spire Motorsports,0.4136458707608346
NASCAR_2021_5082_yellawood_500,NASCAR,StarCom Racing,1.5436073904888212
NASCAR_2021_5082_yellawood_500,NASCAR,Stewart-Haas Racing,-0.019876314368251817
NASCAR_2021_5082_yellawood_500,NASCAR,Team Penske,-0.16509657861185098
NASCAR_2021_5082_yellawood_500,NASCAR,TrackHouse Racing,-0.06292762718914675
NASCAR_2021_5082_yellawood_500,NASCAR,Wood Brothers Racing,0.1191097871125693
NASCAR_2021_5083_bank_of_america_roval_400,NASCAR,23XI Racing,-0.08029941109452621
NASCAR_2021_5083_bank_of_america_roval_400,NASCAR,Chip Ganassi Racing,-0.08358819268840542
NASCAR_2021_5083_bank_of_america_roval_400,NASCAR,Front Row Motorsports,0.15511053648680892
NASCAR_2021_5083_bank_of_america_roval_400,NASCAR,Hendrick Motorsports,-0.2156416508008829
NASCAR_2021_5083_bank_of_america_roval_400,NASCAR,JTG Daugherty Racing,0.12595924345728554
NASCAR_2021_5083_bank_of_america_roval_400,NASCAR,Joe Gibbs Racing,-0.2588326438428162
NASCAR_2021_5083_bank_of_america_roval_400,NASCAR,Kaulig Racing,0.17405934966512024
NASCAR_2021_5083_bank_of_america_roval_400,NASCAR,Live Fast Motorsports,1.089915736217602
NASCAR_2021_5083_bank_of_america_roval_400,NASCAR,Motorsports Business Management,1.8519488293559487
NASCAR_2021_5083_bank_of_america_roval_400,NASCAR,Petty Ware Racing,1.4367176125987915
NASCAR_2021_5083_bank_of_america_roval_400,NASCAR,Richard Childress Racing,-0.013275191738748556
NASCAR_2021_5083_bank_of_america_roval_400,NASCAR,Richard Petty Motorsports,0.05347952196364534
NASCAR_2021_5083_bank_of_america_roval_400,NASCAR,Rick Ware Racing,0.8951952333732097
NASCAR_2021_5083_bank_of_america_roval_400,NASCAR,Roush Fenway Racing,0.04150350462351162
NASCAR_2021_5083_bank_of_america_roval_400,NASCAR,Spire Motorsports,0.41312310521418427
NASCAR_2021_5083_bank_of_america_roval_400,NASCAR,StarCom Racing,1.5247294176332384
NASCAR_2021_5083_bank_of_america_roval_400,NASCAR,Stewart-Haas Racing,-0.019796656887786673
NASCAR_2021_5083_bank_of_america_roval_400,NASCAR,Team Penske,-0.16427577420059086
NASCAR_2021_5083_bank_of_america_roval_400,NASCAR,TrackHouse Racing,-0.06028626365060465
NASCAR_2021_5083_bank_of_america_roval_400,NASCAR,Wood Brothers Racing,0.12015683264506552
NASCAR_2021_5084_hollywood_casino_400,NASCAR,23XI Racing,-0.0790709168544756
NASCAR_2021_5084_hollywood_casino_400,NASCAR,Chip Ganassi Racing,-0.07904551325147577
NASCAR_2021_5084_hollywood_casino_400,NASCAR,Front Row Motorsports,0.15525496498691832
NASCAR_2021_5084_hollywood_casino_400,NASCAR,Gaunt Brothers Racing,0.4620795259039348
NASCAR_2021_5084_hollywood_casino_400,NASCAR,Hendrick Motorsports,-0.21485316475175464
NASCAR_2021_5084_hollywood_casino_400,NASCAR,JTG Daugherty Racing,0.12563127899809923
NASCAR_2021_5084_hollywood_casino_400,NASCAR,Joe Gibbs Racing,-0.25814401036251394
NASCAR_2021_5084_hollywood_casino_400,NASCAR,Live Fast Motorsports,1.0892392558153232
NASCAR_2021_5084_hollywood_casino_400,NASCAR,Motorsports Business Management,1.8447938628913254
NASCAR_2021_5084_hollywood_casino_400,NASCAR,Petty Ware Racing,1.4315661890682048
NASCAR_2021_5084_hollywood_casino_400,NASCAR,Richard Childress Racing,-0.013768936659298984
NASCAR_2021_5084_hollywood_casino_400,NASCAR,Richard Petty Motorsports,0.05220894254628665
NASCAR_2021_5084_hollywood_casino_400,NASCAR,Rick Ware Racing,0.8897540156379679
NASCAR_2021_5084_hollywood_casino_400,NASCAR,Roush Fenway Racing,0.03848412062166458
NASCAR_2021_5084_hollywood_casino_400,NASCAR,Spire Motorsports,0.41219761794236703
NASCAR_2021_5084_hollywood_casino_400,NASCAR,StarCom Racing,1.5095771384435737
NASCAR_2021_5084_hollywood_casino_400,NASCAR,Stewart-Haas Racing,-0.019808026335432685
NASCAR_2021_5084_hollywood_casino_400,NASCAR,Team Penske,-0.16420186458516095
NASCAR_2021_5084_hollywood_casino_400,NASCAR,TrackHouse Racing,-0.06189127733514016
NASCAR_2021_5084_hollywood_casino_400,NASCAR,Wood Brothers Racing,0.11923865190489213
NASCAR_2021_5087_nascar_cup_series_championship,NASCAR,23XI Racing,-0.07984781983295665
NASCAR_2021_5087_nascar_cup_series_championship,NASCAR,Chip Ganassi Racing,-0.082703063397541507
NASCAR_2021_5087_nascar_cup_series_championship,NASCAR,Front Row Motorsports,0.1545621290377887
NASCAR_2021_5087_nascar_cup_series_championship,NASCAR,Hendrick Motorsports,-0.2158268357506568
NASCAR_2021_5087_nascar_cup_series_championship,NASCAR,JTG Daugherty Racing,0.12575015090888803
NASCAR_2021_5087_nascar_cup_series_championship,NASCAR,Joe Gibbs Racing,-0.2579020930489596
NASCAR_2021_5087_nascar_cup_series_championship,NASCAR,Live Fast Motorsports,1.093726344651935
NASCAR_2021_5087_nascar_cup_series_championship,NASCAR,Motorsports Business Management,1.850353003656483
NASCAR_2021_5087_nascar_cup_series_championship,NASCAR,Petty Ware Racing,1.43477163450169
NASCAR_2021_5087_nascar_cup_series_championship,NASCAR,Richard Childress Racing,-0.014846036209759696
NASCAR_2021_5087_nascar_cup_series_championship,NASCAR,Richard Petty Motorsports,0.053012326995865465
NASCAR_2021_5087_nascar_cup_series_championship,NASCAR,Rick Ware Racing,0.8894087302874045
NASCAR_2021_5087_nascar_cup_series_championship,NASCAR,Roush Fenway Racing,0.03498088126468786
NASCAR_2021_5087_nascar_cup_series_championship,NASCAR,Spire Motorsports,0.4115684069189534
NASCAR_2021_5087_nascar_cup_series_championship,NASCAR,StarCom Racing,1.5152901658983269
NASCAR_2021_5087_nascar_cup_series_championship,NASCAR,Stewart-Haas Racing,-0.018433829323694133
NASCAR_2021_5087_nascar_cup_series_championship,NASCAR,Team Penske,-0.16403355400276368
NASCAR_2021_5087_nascar_cup_series_championship,NASCAR,TrackHouse Racing,-0.06169765710697398
NASCAR_2021_5087_nascar_cup_series_championship,NASCAR,Wood Brothers Racing,0.12068533754855587
NASCAR_2022_5143_busch_light_clash_at_the_coliseum,NASCAR,23XI Racing,-0.08450347984055967
NASCAR_2022_5143_busch_light_clash_at_the_coliseum,NASCAR,Front Row Motorsports,0.15366485345593867
NASCAR_2022_5143_busch_light_clash_at_the_coliseum,NASCAR,Hendrick Motorsports,-0.21612899579585423
NASCAR_2022_5143_busch_light_clash_at_the_coliseum,NASCAR,JTG Daugherty Racing,0.12302267997419854
NASCAR_2022_5143_busch_light_clash_at_the_coliseum,NASCAR,Joe Gibbs Racing,-0.2594370270903994
NASCAR_2022_5143_busch_light_clash_at_the_coliseum,NASCAR,Kaulig Racing,0.1738101047912086
NASCAR_2022_5143_busch_light_clash_at_the_coliseum,NASCAR,Petty GMS Motorsports,0.12094054125748072
NASCAR_2022_5143_busch_light_clash_at_the_coliseum,NASCAR,Richard Childress Racing,-0.013870493871247041
NASCAR_2022_5143_busch_light_clash_at_the_coliseum,NASCAR,Rick Ware Racing,0.8960751840706658
NASCAR_2022_5143_busch_light_clash_at_the_coliseum,NASCAR,Stewart-Haas Racing,-0.019763225709643794
NASCAR_2022_5143_busch_light_clash_at_the_coliseum,NASCAR,Team Penske,-0.16391048272407766
NASCAR_2022_5143_busch_light_clash_at_the_coliseum,NASCAR,TrackHouse Racing,-0.06488123520322514
NASCAR_2022_5143_busch_light_clash_at_the_coliseum,NASCAR,Wood Brothers Racing,0.11841181205647273
NASCAR_2022_5144_bluegreen_vacations_duel_1_at_daytona,NASCAR,23XI Racing,-0.07918584329329546
NASCAR_2022_5144_bluegreen_vacations_duel_1_at_daytona,NASCAR,Beard Motorsports,0.37929527464022
NASCAR_2022_5144_bluegreen_vacations_duel_1_at_daytona,NASCAR,Front Row Motorsports,0.1545398446343684
NASCAR_2022_5144_bluegreen_vacations_duel_1_at_daytona,NASCAR,Hendrick Motorsports,-0.21670281076496525
NASCAR_2022_5144_bluegreen_vacations_duel_1_at_daytona,NASCAR,Kaulig Racing,0.16939395195399556
NASCAR_2022_5144_bluegreen_vacations_duel_1_at_daytona,NASCAR,Live Fast Motorsports,1.0883139531161719
NASCAR_2022_5144_bluegreen_vacations_duel_1_at_daytona,NASCAR,Motorsports Business Management,1.853458802703062
NASCAR_2022_5144_bluegreen_vacations_duel_1_at_daytona,NASCAR,Petty GMS Motorsports,0.12563175085471504
NASCAR_2022_5144_bluegreen_vacations_duel_1_at_daytona,NASCAR,Richard Childress Racing,-0.014142034866515139
NASCAR_2022_5144_bluegreen_vacations_duel_1_at_daytona,NASCAR,Roush Fenway Keselowski Racing,-0.06646224892690838
NASCAR_2022_5144_bluegreen_vacations_duel_1_at_daytona,NASCAR,Spire Motorsports,0.4113130999290779
NASCAR_2022_5144_bluegreen_vacations_duel_1_at_daytona,NASCAR,Stewart-Haas Racing,-0.01947160092093737
NASCAR_2022_5144_bluegreen_vacations_duel_1_at_daytona,NASCAR,TMT Racing,1.3594534356759094
NASCAR_2022_5144_bluegreen_vacations_duel_1_at_daytona,NASCAR,Team Penske,-0.16463794799998907
NASCAR_2022_5144_bluegreen_vacations_duel_1_at_daytona,NASCAR,TrackHouse Racing,-0.060826849689411135
NASCAR_2022_5145_bluegreen_vacations_duel_2_at_daytona,NASCAR,23XI Racing,-0.07980711477679499
NASCAR_2022_5145_bluegreen_vacations_duel_2_at_daytona,NASCAR,Front Row Motorsports,0.15765845536205578
NASCAR_2022_5145_bluegreen_vacations_duel_2_at_daytona,NASCAR,Hendrick Motorsports,-0.21778731972293888
NASCAR_2022_5145_bluegreen_vacations_duel_2_at_daytona,NASCAR,JTG Daugherty Racing,0.12690023885141555
NASCAR_2022_5145_bluegreen_vacations_duel_2_at_daytona,NASCAR,Joe Gibbs Racing,-0.2593726101713209
NASCAR_2022_5145_bluegreen_vacations_duel_2_at_daytona,NASCAR,Motorsports Business Management,1.8400971486827997
NASCAR_2022_5145_bluegreen_vacations_duel_2_at_daytona,NASCAR,NY Racing Team,1.0640574742009896
NASCAR_2022_5145_bluegreen_vacations_duel_2_at_daytona,NASCAR,Petty GMS Motorsports,0.10713834071619092
NASCAR_2022_5145_bluegreen_vacations_duel_2_at_daytona,NASCAR,Richard Childress Racing,-0.015724608380805256
NASCAR_2022_5145_bluegreen_vacations_duel_2_at_daytona,NASCAR,Rick Ware Racing,0.8970209924401648
NASCAR_2022_5145_bluegreen_vacations_duel_2_at_daytona,NASCAR,Roush Fenway Keselowski Racing,-0.051013873951482366
NASCAR_2022_5145_bluegreen_vacations_duel_2_at_daytona,NASCAR,Spire Motorsports,0.4124483775275949
NASCAR_2022_5145_bluegreen_vacations_duel_2_at_daytona,NASCAR,Stewart-Haas Racing,-0.022182938468346396
NASCAR_2022_5145_bluegreen_vacations_duel_2_at_daytona,NASCAR,Team Hezeberg,0.8640489181692014
NASCAR_2022_5145_bluegreen_vacations_duel_2_at_daytona,NASCAR,Team Penske,-0.16345734688668903
NASCAR_2022_5145_bluegreen_vacations_duel_2_at_daytona,NASCAR,Wood Brothers Racing,0.12119173612858582
NASCAR_2022_5146_daytona_500,NASCAR,23XI Racing,-0.07972927127982264
NASCAR_2022_5146_daytona_500,NASCAR,Beard Motorsports,0.45299333812884474
NASCAR_2022_5146_daytona_500,NASCAR,Front Row Motorsports,0.15610615039066608
NASCAR_2022_5146_daytona_500,NASCAR,Hendrick Motorsports,-0.21686205002296605
NASCAR_2022_5146_daytona_500,NASCAR,JTG Daugherty Racing,0.1270385548640141
NASCAR_2022_5146_daytona_500,NASCAR,Joe Gibbs Racing,-0.2592969367674428
NASCAR_2022_5146_daytona_500,NASCAR,Kaulig Racing,0.1717933721863804
NASCAR_2022_5146_daytona_500,NASCAR,Live Fast Motorsports,1.095502160230462
NASCAR_2022_5146_daytona_500,NASCAR,NY Racing Team,1.0514833819497496
NASCAR_2022_5146_daytona_500,NASCAR,Petty GMS Motorsports,0.11587841354992073
NASCAR_2022_5146_daytona_500,NASCAR,Richard Childress Racing,-0.01495202040520164
NASCAR_2022_5146_daytona_500,NASCAR,Rick Ware Racing,0.8973908636381203
NASCAR_2022_5146_daytona_500,NASCAR,Roush Fenway Keselowski Racing,-0.0710580840679824
NASCAR_2022_5146_daytona_500,NASCAR,Spire Motorsports,0.41261434262299485
NASCAR_2022_5146_daytona_500,NASCAR,Stewart-Haas Racing,-0.019895556507212774
NASCAR_2022_5146_daytona_500,NASCAR,TMT Racing,1.3048822191589082
NASCAR_2022_5146_daytona_500,NASCAR,Team Hezeberg,1.1082150462479954
NASCAR_2022_5146_daytona_500,NASCAR,Team Penske,-0.1649474581421906
NASCAR_2022_5146_daytona_500,NASCAR,TrackHouse Racing,-0.06108529895004119
NASCAR_2022_5146_daytona_500,NASCAR,Wood Brothers Racing,0.11967644067654684
NASCAR_2022_5147_wise_power_400,NASCAR,23XI Racing,-0.08113298004778347
NASCAR_2022_5147_wise_power_400,NASCAR,Front Row Motorsports,0.15505657931150565
NASCAR_2022_5147_wise_power_400,NASCAR,Hendrick Motorsports,-0.21551051973557403
NASCAR_2022_5147_wise_power_400,NASCAR,JTG Daugherty Racing,0.12784842864527504
NASCAR_2022_5147_wise_power_400,NASCAR,Joe Gibbs Racing,-0.2589053807423014
NASCAR_2022_5147_wise_power_400,NASCAR,Kaulig Racing,0.1724964153416709
NASCAR_2022_5147_wise_power_400,NASCAR,Live Fast Motorsports,1.0861773582089849
NASCAR_2022_5147_wise_power_400,NASCAR,Petty GMS Motorsports,0.11447405094626013
NASCAR_2022_5147_wise_power_400,NASCAR,Richard Childress Racing,-0.013903275145941169
NASCAR_2022_5147_wise_power_400,NASCAR,Rick Ware Racing,0.8916985013706521
NASCAR_2022_5147_wise_power_400,NASCAR,Roush Fenway Keselowski Racing,-0.06904861042996961
NASCAR_2022_5147_wise_power_400,NASCAR,Spire Motorsports,0.4111213684595908
NASCAR_2022_5147_wise_power_400,NASCAR,Stewart-Haas Racing,-0.019877147337379022
NASCAR_2022_5147_wise_power_400,NASCAR,Team Penske,-0.16347296947105558
NASCAR_2022_5147_wise_power_400,NASCAR,TrackHouse Racing,-0.0608880183458486
NASCAR_2022_5147_wise_power_400,NASCAR,Wood Brothers Racing,0.11872373274409397
NASCAR_2022_5148_pennzoil_400,NASCAR,23XI Racing,-0.07984312778267923
NASCAR_2022_5148_pennzoil_400,NASCAR,Front Row Motorsports,0.15512635334681882
NASCAR_2022_5148_pennzoil_400,NASCAR,Hendrick Motorsports,-0.21494064670212676
NASCAR_2022_5148_pennzoil_400,NASCAR,JTG Daugherty Racing,0.12731816112901465
NASCAR_2022_5148_pennzoil_400,NASCAR,Joe Gibbs Racing,-0.2572682443130826
NASCAR_2022_5148_pennzoil_400,NASCAR,Kaulig Racing,0.17134849441961789
NASCAR_2022_5148_pennzoil_400,NASCAR,Live Fast Motorsports,1.0867685156627926
NASCAR_2022_5148_pennzoil_400,NASCAR,NY Racing Team,1.0392138347787483
NASCAR_2022_5148_pennzoil_400,NASCAR,Petty GMS Motorsports,0.11103096536856609
NASCAR_2022_5148_pennzoil_400,NASCAR,Richard Childress Racing,-0.014711959742572618
NASCAR_2022_5148_pennzoil_400,NASCAR,Rick Ware Racing,0.89366373164786
NASCAR_2022_5148_pennzoil_400,NASCAR,Roush Fenway Keselowski Racing,-0.07672096862094913
NASCAR_2022_5148_pennzoil_400,NASCAR,Spire Motorsports,0.4113569404170915
NASCAR_2022_5148_pennzoil_400,NASCAR,Stewart-Haas Racing,-0.019809676077108786
NASCAR_2022_5148_pennzoil_400,NASCAR,Team Penske,-0.16463447708504797
NASCAR_2022_5148_pennzoil_400,NASCAR,TrackHouse Racing,-0.05412211093290219
NASCAR_2022_5148_pennzoil_400,NASCAR,Wood Brothers Racing,0.1190183788120423
NASCAR_2022_5149_ruoff_mortgage_500,NASCAR,23XI Racing,-0.07995844510092028
NASCAR_2022_5149_ruoff_mortgage_500,NASCAR,Front Row Motorsports,0.15454590345918473
NASCAR_2022_5149_ruoff_mortgage_500,NASCAR,Hendrick Motorsports,-0.21495516112619434
NASCAR_2022_5149_ruoff_mortgage_500,NASCAR,JTG Daugherty Racing,0.12442578657684589
NASCAR_2022_5149_ruoff_mortgage_500,NASCAR,Joe Gibbs Racing,-0.2591623466199604
NASCAR_2022_5149_ruoff_mortgage_500,NASCAR,Kaulig Racing,0.17105618709415524
NASCAR_2022_5149_ruoff_mortgage_500,NASCAR,Live Fast Motorsports,1.079602867043992
NASCAR_2022_5149_ruoff_mortgage_500,NASCAR,Petty GMS Motorsports,0.11110170559917029
NASCAR_2022_5149_ruoff_mortgage_500,NASCAR,Richard Childress Racing,-0.01297708305546374
NASCAR_2022_5149_ruoff_mortgage_500,NASCAR,Rick Ware Racing,0.8901067309968523
NASCAR_2022_5149_ruoff_mortgage_500,NASCAR,Roush Fenway Keselowski Racing,-0.08008286889651384
NASCAR_2022_5149_ruoff_mortgage_500,NASCAR,Spire Motorsports,0.40860075250891503
NASCAR_2022_5149_ruoff_mortgage_500,NASCAR,Stewart-Haas Racing,-0.01870252462685637
NASCAR_2022_5149_ruoff_mortgage_500,NASCAR,Team Penske,-0.16391066306648713
NASCAR_2022_5149_ruoff_mortgage_500,NASCAR,TrackHouse Racing,-0.058191491792030633
NASCAR_2022_5149_ruoff_mortgage_500,NASCAR,Wood Brothers Racing,0.11748794201353017
NASCAR_2022_5150_folds_of_honor_quiktrip_500,NASCAR,23XI Racing,-0.07984623190282146
NASCAR_2022_5150_folds_of_honor_quiktrip_500,NASCAR,Front Row Motorsports,0.15476994862083487
NASCAR_2022_5150_folds_of_honor_quiktrip_500,NASCAR,Hendrick Motorsports,-0.2166897673902827
NASCAR_2022_5150_folds_of_honor_quiktrip_500,NASCAR,JTG Daugherty Racing,0.12731183303276036
NASCAR_2022_5150_folds_of_honor_quiktrip_500,NASCAR,Joe Gibbs Racing,-0.2592739497095148
NASCAR_2022_5150_folds_of_honor_quiktrip_500,NASCAR,Kaulig Racing,0.17329042209208348
NASCAR_2022_5150_folds_of_honor_quiktrip_500,NASCAR,Live Fast Motorsports,1.096231885872148
NASCAR_2022_5150_folds_of_honor_quiktrip_500,NASCAR,NY Racing Team,1.054562186174388
NASCAR_2022_5150_folds_of_honor_quiktrip_500,NASCAR,Petty GMS Motorsports,0.11605122272373262
NASCAR_2022_5150_folds_of_honor_quiktrip_500,NASCAR,Richard Childress Racing,-0.014525946034974714
NASCAR_2022_5150_folds_of_honor_quiktrip_500,NASCAR,Rick Ware Racing,0.8955629109032316
NASCAR_2022_5150_folds_of_honor_quiktrip_500,NASCAR,Roush Fenway Keselowski Racing,-0.07177172505902021
NASCAR_2022_5150_folds_of_honor_quiktrip_500,NASCAR,Spire Motorsports,0.41354663387961593
NASCAR_2022_5150_folds_of_honor_quiktrip_500,NASCAR,Stewart-Haas Racing,-0.019877147337379022
NASCAR_2022_5150_folds_of_honor_quiktrip_500,NASCAR,Team Penske,-0.16494089367870163
NASCAR_2022_5150_folds_of_honor_quiktrip_500,NASCAR,TrackHouse Racing,-0.06029578910166965
NASCAR_2022_5150_folds_of_honor_quiktrip_500,NASCAR,Wood Brothers Racing,0.11731184031474723
NASCAR_2022_5151_echopark_automotive_grand_prix,NASCAR,23XI Racing,-0.0807266279962119
NASCAR_2022_5151_echopark_automotive_grand_prix,NASCAR,Front Row Motorsports,0.15562000389448258
NASCAR_2022_5151_echopark_automotive_grand_prix,NASCAR,Hendrick Motorsports,-0.2159624413748277
NASCAR_2022_5151_echopark_automotive_grand_prix,NASCAR,JTG Daugherty Racing,0.12500745218541084
NASCAR_2022_5151_echopark_automotive_grand_prix,NASCAR,Joe Gibbs Racing,-0.25874051073726195
NASCAR_2022_5151_echopark_automotive_grand_prix,NASCAR,Kaulig Racing,0.1743441284671503
NASCAR_2022_5151_echopark_automotive_grand_prix,NASCAR,Live Fast Motorsports,1.0927298475014802
NASCAR_2022_5151_echopark_automotive_grand_prix,NASCAR,Motorsports Business Management,1.8576506638089185
NASCAR_2022_5151_echopark_automotive_grand_prix,NASCAR,Petty GMS Motorsports,0.11323678007412649
NASCAR_2022_5151_echopark_automotive_grand_prix,NASCAR,Richard Childress Racing,-0.014603004117561037
NASCAR_2022_5151_echopark_automotive_grand_prix,NASCAR,Rick Ware Racing,0.8956541932306001
NASCAR_2022_5151_echopark_automotive_grand_prix,NASCAR,Roush Fenway Keselowski Racing,-0.07574571133200203
NASCAR_2022_5151_echopark_automotive_grand_prix,NASCAR,Spire Motorsports,0.411641391994388
NASCAR_2022_5151_echopark_automotive_grand_prix,NASCAR,Stewart-Haas Racing,-0.019489707686586248
NASCAR_2022_5151_echopark_automotive_grand_prix,NASCAR,TMT Racing,1.3287642220773965
NASCAR_2022_5151_echopark_automotive_grand_prix,NASCAR,Team Hezeberg,0.949730471372197
NASCAR_2022_5151_echopark_automotive_grand_prix,NASCAR,Team Penske,-0.16378524701418093
NASCAR_2022_5151_echopark_automotive_grand_prix,NASCAR,TrackHouse Racing,-0.05503186658987654
NASCAR_2022_5151_echopark_automotive_grand_prix,NASCAR,Wood Brothers Racing,0.11917464697844121
NASCAR_2022_5152_toyota_owners_400,NASCAR,23XI Racing,-0.08085489369972174
NASCAR_2022_5152_toyota_owners_400,NASCAR,Front Row Motorsports,0.1545078280358209
NASCAR_2022_5152_toyota_owners_400,NASCAR,Hendrick Motorsports,-0.21609475511183657
NASCAR_2022_5152_toyota_owners_400,NASCAR,JTG Daugherty Racing,0.12519644009090447
NASCAR_2022_5152_toyota_owners_400,NASCAR,Joe Gibbs Racing,-0.2581978911455103
NASCAR_2022_5152_toyota_owners_400,NASCAR,Kaulig Racing,0.17236729486709318
NASCAR_2022_5152_toyota_owners_400,NASCAR,Live Fast Motorsports,1.087610870252371
NASCAR_2022_5152_toyota_owners_400,NASCAR,NY Racing Team,1.0038276172206566
NASCAR_2022_5152_toyota_owners_400,NASCAR,Petty GMS Motorsports,0.11183866396301875
NASCAR_2022_5152_toyota_owners_400,NASCAR,Richard Childress Racing,-0.01447164802194648
NASCAR_2022_5152_toyota_owners_400,NASCAR,Rick Ware Racing,0.89314016105963
NASCAR_2022_5152_toyota_owners_400,NASCAR,Roush Fenway Keselowski Racing,-0.06380288621071521
NASCAR_2022_5152_toyota_owners_400,NASCAR,Spire Motorsports,0.40916582746766217
NASCAR_2022_5152_toyota_owners_400,NASCAR,Stewart-Haas Racing,-0.019705545300728024
NASCAR_2022_5152_toyota_owners_400,NASCAR,Team Penske,-0.16443453845928857
NASCAR_2022_5152_toyota_owners_400,NASCAR,TrackHouse Racing,-0.06002797896578359
NASCAR_2022_5152_toyota_owners_400,NASCAR,Wood Brothers Racing,0.11983161800142482
NASCAR_2022_5153_blue_emu_maximum_pain_relief_400,NASCAR,23XI Racing,-0.0793940725220646
NASCAR_2022_5153_blue_emu_maximum_pain_relief_400,NASCAR,Front Row Motorsports,0.15506703644497216
NASCAR_2022_5153_blue_emu_maximum_pain_relief_400,NASCAR,Hendrick Motorsports,-0.21598757478619152
NASCAR_2022_5153_blue_emu_maximum_pain_relief_400,NASCAR,JTG Daugherty Racing,0.12501437272425753
NASCAR_2022_5153_blue_emu_maximum_pain_relief_400,NASCAR,Joe Gibbs Racing,-0.25924233305714856
NASCAR_2022_5153_blue_emu_maximum_pain_relief_400,NASCAR,Kaulig Racing,0.1714732430227648
NASCAR_2022_5153_blue_emu_maximum_pain_relief_400,NASCAR,Live Fast Motorsports,1.0821379086134355
NASCAR_2022_5153_blue_emu_maximum_pain_relief_400,NASCAR,Petty GMS Motorsports,0.10890869209729935
NASCAR_2022_5153_blue_emu_maximum_pain_relief_400,NASCAR,Richard Childress Racing,-0.014139706694205889
NASCAR_2022_5153_blue_emu_maximum_pain_relief_400,NASCAR,Rick Ware Racing,0.8916175263989334
NASCAR_2022_5153_blue_emu_maximum_pain_relief_400,NASCAR,Roush Fenway Keselowski Racing,-0.06960563133916604
NASCAR_2022_5153_blue_emu_maximum_pain_relief_400,NASCAR,Spire Motorsports,0.4075846688123493
NASCAR_2022_5153_blue_emu_maximum_pain_relief_400,NASCAR,Stewart-Haas Racing,-0.01909618242905351
NASCAR_2022_5153_blue_emu_maximum_pain_relief_400,NASCAR,Team Penske,-0.16372802672777745
NASCAR_2022_5153_blue_emu_maximum_pain_relief_400,NASCAR,TrackHouse Racing,-0.060668376710984184
NASCAR_2022_5153_blue_emu_maximum_pain_relief_400,NASCAR,Wood Brothers Racing,0.11875730474436724
NASCAR_2022_5154_food_city_dirt_race,NASCAR,23XI Racing,-0.0799920220514556
NASCAR_2022_5154_food_city_dirt_race,NASCAR,Front Row Motorsports,0.15602059512025596
NASCAR_2022_5154_food_city_dirt_race,NASCAR,Hendrick Motorsports,-0.21624201324198894
NASCAR_2022_5154_food_city_dirt_race,NASCAR,JTG Daugherty Racing,0.12706496931554742
NASCAR_2022_5154_food_city_dirt_race,NASCAR,Joe Gibbs Racing,-0.2588007627527558
NASCAR_2022_5154_food_city_dirt_race,NASCAR,Kaulig Racing,0.17264919631200065
NASCAR_2022_5154_food_city_dirt_race,NASCAR,Live Fast Motorsports,1.0930728915501493
NASCAR_2022_5154_food_city_dirt_race,NASCAR,Petty GMS Motorsports,0.11664415388948624
NASCAR_2022_5154_food_city_dirt_race,NASCAR,Richard Childress Racing,-0.01270357498922248
NASCAR_2022_5154_food_city_dirt_race,NASCAR,Rick Ware Racing,0.8957491135658578
NASCAR_2022_5154_food_city_dirt_race,NASCAR,Roush Fenway Keselowski Racing,-0.06836796075665287
NASCAR_2022_5154_food_city_dirt_race,NASCAR,Spire Motorsports,0.41211973565339133
NASCAR_2022_5154_food_city_dirt_race,NASCAR,Stewart-Haas Racing,-0.020775131687885067
NASCAR_2022_5154_food_city_dirt_race,NASCAR,Team Penske,-0.16455758074104126
NASCAR_2022_5154_food_city_dirt_race,NASCAR,TrackHouse Racing,-0.06040169678274169
NASCAR_2022_5154_food_city_dirt_race,NASCAR,Wood Brothers Racing,0.11798789470142972
NASCAR_2022_5155_geico_500,NASCAR,23XI Racing,-0.07993572540542002
NASCAR_2022_5155_geico_500,NASCAR,Beard Motorsports,0.44064092393873555
NASCAR_2022_5155_geico_500,NASCAR,Front Row Motorsports,0.15596148125576148
NASCAR_2022_5155_geico_500,NASCAR,Hendrick Motorsports,-0.21687290816545404
NASCAR_2022_5155_geico_500,NASCAR,JTG Daugherty Racing,0.12696941564539485
NASCAR_2022_5155_geico_500,NASCAR,Joe Gibbs Racing,-0.25940146458200847
NASCAR_2022_5155_geico_500,NASCAR,Kaulig Racing,0.17311451700436475
NASCAR_2022_5155_geico_500,NASCAR,Live Fast Motorsports,1.0951158804500944
NASCAR_2022_5155_geico_500,NASCAR,Motorsports Business Management,1.8697617995529023
NASCAR_2022_5155_geico_500,NASCAR,NY Racing Team,1.064207365215155
NASCAR_2022_5155_geico_500,NASCAR,Petty GMS Motorsports,0.11517761757061323
NASCAR_2022_5155_geico_500,NASCAR,Richard Childress Racing,-0.014741938701201851
NASCAR_2022_5155_geico_500,NASCAR,Rick Ware Racing,0.8968460473553339
NASCAR_2022_5155_geico_500,NASCAR,Roush Fenway Keselowski Racing,-0.07129557745161455
NASCAR_2022_5155_geico_500,NASCAR,Spire Motorsports,0.4135305216398095
NASCAR_2022_5155_geico_500,NASCAR,Stewart-Haas Racing,-0.019777502939744052
NASCAR_2022_5155_geico_500,NASCAR,Team Penske,-0.16503105148785635
NASCAR_2022_5155_geico_500,NASCAR,TrackHouse Racing,-0.06066440355105508
NASCAR_2022_5155_geico_500,NASCAR,Wood Brothers Racing,0.11979542128202299
NASCAR_2022_5156_duramax_drydene_400,NASCAR,23XI Racing,-0.08029997838982902
NASCAR_2022_5156_duramax_drydene_400,NASCAR,Front Row Motorsports,0.15454920347479717
NASCAR_2022_5156_duramax_drydene_400,NASCAR,Hendrick Motorsports,-0.2157042908412445
NASCAR_2022_5156_duramax_drydene_400,NASCAR,JTG Daugherty Racing,0.1281304319088624
NASCAR_2022_5156_duramax_drydene_400,NASCAR,Joe Gibbs Racing,-0.25811401027753444
NASCAR_2022_5156_duramax_drydene_400,NASCAR,Kaulig Racing,0.17345583243766735
NASCAR_2022_5156_duramax_drydene_400,NASCAR,Live Fast Motorsports,1.0873966521490477
NASCAR_2022_5156_duramax_drydene_400,NASCAR,Petty GMS Motorsports,0.10884621502273813
NASCAR_2022_5156_duramax_drydene_400,NASCAR,Richard Childress Racing,-0.016072326249275074
NASCAR_2022_5156_duramax_drydene_400,NASCAR,Rick Ware Racing,0.8967372959455316
NASCAR_2022_5156_duramax_drydene_400,NASCAR,Roush Fenway Keselowski Racing,-0.06709990454998137
NASCAR_2022_5156_duramax_drydene_400,NASCAR,Spire Motorsports,0.412327557664552
NASCAR_2022_5156_duramax_drydene_400,NASCAR,Stewart-Haas Racing,-0.019927566612715882
NASCAR_2022_5156_duramax_drydene_400,NASCAR,Team Penske,-0.16570816841976896
NASCAR_2022_5156_duramax_drydene_400,NASCAR,TrackHouse Racing,-0.05788359281952121
NASCAR_2022_5156_duramax_drydene_400,NASCAR,Wood Brothers Racing,0.11734373182530033
NASCAR_2022_5157_goodyear_400,NASCAR,23XI Racing,-0.07894716475127264
NASCAR_2022_5157_goodyear_400,NASCAR,Front Row Motorsports,0.15516516165874827
NASCAR_2022_5157_goodyear_400,NASCAR,Hendrick Motorsports,-0.216032294715497
NASCAR_2022_5157_goodyear_400,NASCAR,JTG Daugherty Racing,0.1265130574713722
NASCAR_2022_5157_goodyear_400,NASCAR,Joe Gibbs Racing,-0.25747470551574086
NASCAR_2022_5157_goodyear_400,NASCAR,Kaulig Racing,0.1712065444556837
NASCAR_2022_5157_goodyear_400,NASCAR,Live Fast Motorsports,1.084232257687064
NASCAR_2022_5157_goodyear_400,NASCAR,Petty GMS Motorsports,0.1167015783631305
NASCAR_2022_5157_goodyear_400,NASCAR,Richard Childress Racing,-0.01417075752516377
NASCAR_2022_5157_goodyear_400,NASCAR,Rick Ware Racing,0.8931624570256069
NASCAR_2022_5157_goodyear_400,NASCAR,Roush Fenway Keselowski Racing,-0.08488228146105645
NASCAR_2022_5157_goodyear_400,NASCAR,Spire Motorsports,0.4104761123955726
NASCAR_2022_5157_goodyear_400,NASCAR,Stewart-Haas Racing,-0.01999082460575092
NASCAR_2022_5157_goodyear_400,NASCAR,Team Penske,-0.1637839861255622
NASCAR_2022_5157_goodyear_400,NASCAR,TrackHouse Racing,-0.056008204610450155
NASCAR_2022_5157_goodyear_400,NASCAR,Wood Brothers Racing,0.11824490491100952
NASCAR_2022_5158_adventhealth_400,NASCAR,23XI Racing,-0.0773526679930672
NASCAR_2022_5158_adventhealth_400,NASCAR,Front Row Motorsports,0.1549254902233169
NASCAR_2022_5158_adventhealth_400,NASCAR,Hendrick Motorsports,-0.2155155912679462
NASCAR_2022_5158_adventhealth_400,NASCAR,JTG Daugherty Racing,0.1278343696054048
NASCAR_2022_5158_adventhealth_400,NASCAR,Joe Gibbs Racing,-0.2569317522608699
NASCAR_2022_5158_adventhealth_400,NASCAR,Kaulig Racing,0.17177015114763525
NASCAR_2022_5158_adventhealth_400,NASCAR,Live Fast Motorsports,1.081297502976614
NASCAR_2022_5158_adventhealth_400,NASCAR,Petty GMS Motorsports,0.10433308176844239
NASCAR_2022_5158_adventhealth_400,NASCAR,Richard Childress Racing,-0.01467216139706213
NASCAR_2022_5158_adventhealth_400,NASCAR,Rick Ware Racing,0.8928114339550323
NASCAR_2022_5158_adventhealth_400,NASCAR,Roush Fenway Keselowski Racing,-0.07386676263161161
NASCAR_2022_5158_adventhealth_400,NASCAR,Spire Motorsports,0.41114625754344586
NASCAR_2022_5158_adventhealth_400,NASCAR,Stewart-Haas Racing,-0.021028339975510867
NASCAR_2022_5158_adventhealth_400,NASCAR,Team Penske,-0.16421618791096249
NASCAR_2022_5158_adventhealth_400,NASCAR,TrackHouse Racing,-0.055045509514844215
NASCAR_2022_5158_adventhealth_400,NASCAR,Wood Brothers Racing,0.11869979290246531
NASCAR_2022_5159_nascar_all_star_open,NASCAR,Front Row Motorsports,0.15420447194304396
NASCAR_2022_5159_nascar_all_star_open,NASCAR,JTG Daugherty Racing,0.13194520898797274
NASCAR_2022_5159_nascar_all_star_open,NASCAR,Kaulig Racing,0.17508902159756135
NASCAR_2022_5159_nascar_all_star_open,NASCAR,Live Fast Motorsports,1.0894841929076933
NASCAR_2022_5159_nascar_all_star_open,NASCAR,Petty GMS Motorsports,0.1164027136745417
NASCAR_2022_5159_nascar_all_star_open,NASCAR,Richard Childress Racing,-0.012456110883745259
NASCAR_2022_5159_nascar_all_star_open,NASCAR,Rick Ware Racing,0.8926662505915484
NASCAR_2022_5159_nascar_all_star_open,NASCAR,Roush Fenway Keselowski Racing,-0.037691467720782294
NASCAR_2022_5159_nascar_all_star_open,NASCAR,Spire Motorsports,0.4134355033001494
NASCAR_2022_5159_nascar_all_star_open,NASCAR,Stewart-Haas Racing,-0.021575443412766564
NASCAR_2022_5159_nascar_all_star_open,NASCAR,TrackHouse Racing,-0.049464633418470905
NASCAR_2022_5159_nascar_all_star_open,NASCAR,Wood Brothers Racing,0.11994369166497965
NASCAR_2022_5160_nascar_all_star_race,NASCAR,23XI Racing,-0.0798537206395313
NASCAR_2022_5160_nascar_all_star_race,NASCAR,Front Row Motorsports,0.1541413876215144
NASCAR_2022_5160_nascar_all_star_race,NASCAR,Hendrick Motorsports,-0.21640393987114426
NASCAR_2022_5160_nascar_all_star_race,NASCAR,JTG Daugherty Racing,0.12483414564420968
NASCAR_2022_5160_nascar_all_star_race,NASCAR,Joe Gibbs Racing,-0.2581035409811076
NASCAR_2022_5160_nascar_all_star_race,NASCAR,Kaulig Racing,0.17234802926349843
NASCAR_2022_5160_nascar_all_star_race,NASCAR,Petty GMS Motorsports,0.09488784738297006
NASCAR_2022_5160_nascar_all_star_race,NASCAR,Roush Fenway Keselowski Racing,-0.074937371675716
NASCAR_2022_5160_nascar_all_star_race,NASCAR,Stewart-Haas Racing,-0.022897780291829626
NASCAR_2022_5160_nascar_all_star_race,NASCAR,Team Penske,-0.16348196875716647
NASCAR_2022_5160_nascar_all_star_race,NASCAR,TrackHouse Racing,-0.05619180601065908
NASCAR_2022_5161_coca_cola_600,NASCAR,23XI Racing,-0.07814183103448427
NASCAR_2022_5161_coca_cola_600,NASCAR,Front Row Motorsports,0.15544479274771297
NASCAR_2022_5161_coca_cola_600,NASCAR,Hendrick Motorsports,-0.2161428055091894
NASCAR_2022_5161_coca_cola_600,NASCAR,JTG Daugherty Racing,0.12688026669219668
NASCAR_2022_5161_coca_cola_600,NASCAR,Joe Gibbs Racing,-0.2586375571961774
NASCAR_2022_5161_coca_cola_600,NASCAR,Kaulig Racing,0.1713851140281109
NASCAR_2022_5161_coca_cola_600,NASCAR,Live Fast Motorsports,1.084967238852054
NASCAR_2022_5161_coca_cola_600,NASCAR,Petty GMS Motorsports,0.11041150062155297
NASCAR_2022_5161_coca_cola_600,NASCAR,Richard Childress Racing,-0.014248369712545287
NASCAR_2022_5161_coca_cola_600,NASCAR,Rick Ware Racing,0.89263056740037
NASCAR_2022_5161_coca_cola_600,NASCAR,Roush Fenway Keselowski Racing,-0.07179678652003973
NASCAR_2022_5161_coca_cola_600,NASCAR,Spire Motorsports,0.4108670109817396
NASCAR_2022_5161_coca_cola_600,NASCAR,Stewart-Haas Racing,-0.019877147337379022
NASCAR_2022_5161_coca_cola_600,NASCAR,TMT Racing,0.9276289491298739
NASCAR_2022_5161_coca_cola_600,NASCAR,Team Penske,-0.1643485048185936
NASCAR_2022_5161_coca_cola_600,NASCAR,TrackHouse Racing,-0.054534190801918105
NASCAR_2022_5161_coca_cola_600,NASCAR,Wood Brothers Racing,0.11745616755715181
NASCAR_2022_5162_enjoy_illinois_300,NASCAR,23XI Racing,-0.07939771725089216
NASCAR_2022_5162_enjoy_illinois_300,NASCAR,Front Row Motorsports,0.1557291058880696
NASCAR_2022_5162_enjoy_illinois_300,NASCAR,Hendrick Motorsports,-0.21689668677562463
NASCAR_2022_5162_enjoy_illinois_300,NASCAR,JTG Daugherty Racing,0.12410314563872364
NASCAR_2022_5162_enjoy_illinois_300,NASCAR,Joe Gibbs Racing,-0.25715463120810855
NASCAR_2022_5162_enjoy_illinois_300,NASCAR,Kaulig Racing,0.1716131360422508
NASCAR_2022_5162_enjoy_illinois_300,NASCAR,Live Fast Motorsports,1.0868289538327125
NASCAR_2022_5162_enjoy_illinois_300,NASCAR,Petty GMS Motorsports,0.11561239162343881
NASCAR_2022_5162_enjoy_illinois_300,NASCAR,Richard Childress Racing,-0.014762646252425378
NASCAR_2022_5162_enjoy_illinois_300,NASCAR,Rick Ware Racing,0.8927383206623172
NASCAR_2022_5162_enjoy_illinois_300,NASCAR,Roush Fenway Keselowski Racing,-0.07771332496390489
NASCAR_2022_5162_enjoy_illinois_300,NASCAR,Spire Motorsports,0.409638052803051
NASCAR_2022_5162_enjoy_illinois_300,NASCAR,Stewart-Haas Racing,-0.019518022174696927
NASCAR_2022_5162_enjoy_illinois_300,NASCAR,Team Penske,-0.16283648675484064
NASCAR_2022_5162_enjoy_illinois_300,NASCAR,TrackHouse Racing,-0.05792877684543267
NASCAR_2022_5162_enjoy_illinois_300,NASCAR,Wood Brothers Racing,0.11945406833484894
NASCAR_2022_5163_toyota_save_mart_350,NASCAR,23XI Racing,-0.08141896191699009
NASCAR_2022_5163_toyota_save_mart_350,NASCAR,Front Row Motorsports,0.15597640801277227
NASCAR_2022_5163_toyota_save_mart_350,NASCAR,Hendrick Motorsports,-0.2160118428093408
NASCAR_2022_5163_toyota_save_mart_350,NASCAR,JTG Daugherty Racing,0.12365423154424095
NASCAR_2022_5163_toyota_save_mart_350,NASCAR,Joe Gibbs Racing,-0.2595066818808018
NASCAR_2022_5163_toyota_save_mart_350,NASCAR,Kaulig Racing,0.17294796382682084
NASCAR_2022_5163_toyota_save_mart_350,NASCAR,Live Fast Motorsports,1.0868679901859397
NASCAR_2022_5163_toyota_save_mart_350,NASCAR,Petty GMS Motorsports,0.09469336019916272
NASCAR_2022_5163_toyota_save_mart_350,NASCAR,Richard Childress Racing,-0.014176277568085652
NASCAR_2022_5163_toyota_save_mart_350,NASCAR,Rick Ware Racing,0.8959726671937738
NASCAR_2022_5163_toyota_save_mart_350,NASCAR,Roush Fenway Keselowski Racing,-0.04948902272674407
NASCAR_2022_5163_toyota_save_mart_350,NASCAR,Spire Motorsports,0.4105049451890504
NASCAR_2022_5163_toyota_save_mart_350,NASCAR,Stewart-Haas Racing,-0.019328533615696197
NASCAR_2022_5163_toyota_save_mart_350,NASCAR,Team Penske,-0.16393739803151872
NASCAR_2022_5163_toyota_save_mart_350,NASCAR,TrackHouse Racing,-0.053524252105499756
NASCAR_2022_5163_toyota_save_mart_350,NASCAR,Wood Brothers Racing,0.11790271200426056
NASCAR_2022_5164_ally_400,NASCAR,23XI Racing,-0.07857222276441848
NASCAR_2022_5164_ally_400,NASCAR,Front Row Motorsports,0.15535743549401576
NASCAR_2022_5164_ally_400,NASCAR,Hendrick Motorsports,-0.21511654596017818
NASCAR_2022_5164_ally_400,NASCAR,JTG Daugherty Racing,0.12589455560042653
NASCAR_2022_5164_ally_400,NASCAR,Joe Gibbs Racing,-0.2566120898167384
NASCAR_2022_5164_ally_400,NASCAR,Kaulig Racing,0.17270159492146667
NASCAR_2022_5164_ally_400,NASCAR,Live Fast Motorsports,1.0829769466565222
NASCAR_2022_5164_ally_400,NASCAR,Petty GMS Motorsports,0.10271008083065342
NASCAR_2022_5164_ally_400,NASCAR,Richard Childress Racing,-0.015201167187709598
NASCAR_2022_5164_ally_400,NASCAR,Rick Ware Racing,0.8940987614683894
NASCAR_2022_5164_ally_400,NASCAR,Roush Fenway Keselowski Racing,-0.07107120733743594
NASCAR_2022_5164_ally_400,NASCAR,Spire Motorsports,0.4107453657062561
NASCAR_2022_5164_ally_400,NASCAR,Stewart-Haas Racing,-0.02008905132049845
NASCAR_2022_5164_ally_400,NASCAR,Team Penske,-0.1647641226460981
NASCAR_2022_5164_ally_400,NASCAR,TrackHouse Racing,-0.05690526516467698
NASCAR_2022_5164_ally_400,NASCAR,Wood Brothers Racing,0.11878734148724028
NASCAR_2022_5165_kwik_trip_250,NASCAR,23XI Racing,-0.08153742086813566
NASCAR_2022_5165_kwik_trip_250,NASCAR,Front Row Motorsports,0.15559152446896393
NASCAR_2022_5165_kwik_trip_250,NASCAR,Hendrick Motorsports,-0.21533754809751132
NASCAR_2022_5165_kwik_trip_250,NASCAR,JTG Daugherty Racing,0.12527217992716216
NASCAR_2022_5165_kwik_trip_250,NASCAR,Joe Gibbs Racing,-0.2592577218742779
NASCAR_2022_5165_kwik_trip_250,NASCAR,Kaulig Racing,0.17291168425249642
NASCAR_2022_5165_kwik_trip_250,NASCAR,Live Fast Motorsports,1.0862676889980385
NASCAR_2022_5165_kwik_trip_250,NASCAR,Petty GMS Motorsports,0.10342604481538044
NASCAR_2022_5165_kwik_trip_250,NASCAR,Richard Childress Racing,-0.013600794284325866
NASCAR_2022_5165_kwik_trip_250,NASCAR,Rick Ware Racing,0.8960763328034929
NASCAR_2022_5165_kwik_trip_250,NASCAR,Roush Fenway Keselowski Racing,-0.06613314329992495
NASCAR_2022_5165_kwik_trip_250,NASCAR,Spire Motorsports,0.4111725324944189
NASCAR_2022_5165_kwik_trip_250,NASCAR,Stewart-Haas Racing,-0.019877147337379022
NASCAR_2022_5165_kwik_trip_250,NASCAR,Team Hezeberg,0.9483995624393932
NASCAR_2022_5165_kwik_trip_250,NASCAR,Team Penske,-0.1645503522374054
NASCAR_2022_5165_kwik_trip_250,NASCAR,TrackHouse Racing,-0.0559369269915135
NASCAR_2022_5165_kwik_trip_250,NASCAR,Wood Brothers Racing,0.11860570487819239
NASCAR_2022_5166_quaker_state_400,NASCAR,23XI Racing,-0.07993572540542002
NASCAR_2022_5166_quaker_state_400,NASCAR,Front Row Motorsports,0.155852248459314
NASCAR_2022_5166_quaker_state_400,NASCAR,Hendrick Motorsports,-0.2164835028445795
NASCAR_2022_5166_quaker_state_400,NASCAR,JTG Daugherty Racing,0.12534161227250296
NASCAR_2022_5166_quaker_state_400,NASCAR,Joe Gibbs Racing,-0.25927438895546756
NASCAR_2022_5166_quaker_state_400,NASCAR,Kaulig Racing,0.17333926283254228
NASCAR_2022_5166_quaker_state_400,NASCAR,Live Fast Motorsports,1.0914657957835743
NASCAR_2022_5166_quaker_state_400,NASCAR,Petty GMS Motorsports,0.11231563141662357
NASCAR_2022_5166_quaker_state_400,NASCAR,Richard Childress Racing,-0.014228829746983316
NASCAR_2022_5166_quaker_state_400,NASCAR,Rick Ware Racing,0.8919376600150746
NASCAR_2022_5166_quaker_state_400,NASCAR,Roush Fenway Keselowski Racing,-0.07245793708495847
NASCAR_2022_5166_quaker_state_400,NASCAR,Spire Motorsports,0.41303857908825153
NASCAR_2022_5166_quaker_state_400,NASCAR,Stewart-Haas Racing,-0.0200193171381558
NASCAR_2022_5166_quaker_state_400,NASCAR,Team Penske,-0.1649305083504393
NASCAR_2022_5166_quaker_state_400,NASCAR,TrackHouse Racing,-0.05998369882831137
NASCAR_2022_5166_quaker_state_400,NASCAR,Wood Brothers Racing,0.11968990884482297
NASCAR_2022_5167_ambetter_301,NASCAR,23XI Racing,-0.07760313444992818
NASCAR_2022_5167_ambetter_301,NASCAR,Front Row Motorsports,0.15243359194680706
NASCAR_2022_5167_ambetter_301,NASCAR,Hendrick Motorsports,-0.21524831415774903
NASCAR_2022_5167_ambetter_301,NASCAR,JTG Daugherty Racing,0.12399093918456545
NASCAR_2022_5167_ambetter_301,NASCAR,Joe Gibbs Racing,-0.2579835969572037
NASCAR_2022_5167_ambetter_301,NASCAR,Kaulig Racing,0.17176395587430643
NASCAR_2022_5167_ambetter_301,NASCAR,Live Fast Motorsports,1.0929250330936757
NASCAR_2022_5167_ambetter_301,NASCAR,Petty GMS Motorsports,0.10777557437147788
NASCAR_2022_5167_ambetter_301,NASCAR,Richard Childress Racing,-0.015168571699922712
NASCAR_2022_5167_ambetter_301,NASCAR,Rick Ware Racing,0.8920538449219572
NASCAR_2022_5167_ambetter_301,NASCAR,Roush Fenway Keselowski Racing,-0.07129557745161455
NASCAR_2022_5167_ambetter_301,NASCAR,Spire Motorsports,0.411245212839975
NASCAR_2022_5167_ambetter_301,NASCAR,Stewart-Haas Racing,-0.019642273806354225
NASCAR_2022_5167_ambetter_301,NASCAR,Team Penske,-0.16481996062035809
NASCAR_2022_5167_ambetter_301,NASCAR,TrackHouse Racing,-0.058820422514014356
NASCAR_2022_5167_ambetter_301,NASCAR,Wood Brothers Racing,0.11745479737035382
NASCAR_2022_5168_m_m_s_fan_appreciation_400,NASCAR,23XI Racing,-0.08005947532327597
NASCAR_2022_5168_m_m_s_fan_appreciation_400,NASCAR,Front Row Motorsports,0.15478924335717245
NASCAR_2022_5168_m_m_s_fan_appreciation_400,NASCAR,Hendrick Motorsports,-0.21561528552496215
NASCAR_2022_5168_m_m_s_fan_appreciation_400,NASCAR,JTG Daugherty Racing,0.12635596715867675
NASCAR_2022_5168_m_m_s_fan_appreciation_400,NASCAR,Joe Gibbs Racing,-0.2576644004793655
NASCAR_2022_5168_m_m_s_fan_appreciation_400,NASCAR,Kaulig Racing,0.17080084041037785
NASCAR_2022_5168_m_m_s_fan_appreciation_400,NASCAR,Live Fast Motorsports,1.0900222514384077
NASCAR_2022_5168_m_m_s_fan_appreciation_400,NASCAR,Petty GMS Motorsports,0.1154727583441148
NASCAR_2022_5168_m_m_s_fan_appreciation_400,NASCAR,Richard Childress Racing,-0.01392165424906101
NASCAR_2022_5168_m_m_s_fan_appreciation_400,NASCAR,Rick Ware Racing,0.8934588621085039
NASCAR_2022_5168_m_m_s_fan_appreciation_400,NASCAR,Roush Fenway Keselowski Racing,-0.07241717652061237
NASCAR_2022_5168_m_m_s_fan_appreciation_400,NASCAR,Spire Motorsports,0.4122610057386205
NASCAR_2022_5168_m_m_s_fan_appreciation_400,NASCAR,Stewart-Haas Racing,-0.02004513592609973
NASCAR_2022_5168_m_m_s_fan_appreciation_400,NASCAR,Team Penske,-0.1659005591843254
NASCAR_2022_5168_m_m_s_fan_appreciation_400,NASCAR,TrackHouse Racing,-0.05499930624766279
NASCAR_2022_5168_m_m_s_fan_appreciation_400,NASCAR,Wood Brothers Racing,0.11875442911640961
NASCAR_2022_5169_verizon_200_at_the_brickyard,NASCAR,23XI Racing,-0.08053024219067993
NASCAR_2022_5169_verizon_200_at_the_brickyard,NASCAR,Front Row Motorsports,0.1566546029540882
NASCAR_2022_5169_verizon_200_at_the_brickyard,NASCAR,Hendrick Motorsports,-0.21590302563257596
NASCAR_2022_5169_verizon_200_at_the_brickyard,NASCAR,JTG Daugherty Racing,0.12585243862262482
NASCAR_2022_5169_verizon_200_at_the_brickyard,NASCAR,Joe Gibbs Racing,-0.2590233319609127
NASCAR_2022_5169_verizon_200_at_the_brickyard,NASCAR,Kaulig Racing,0.1728780525977348
NASCAR_2022_5169_verizon_200_at_the_brickyard,NASCAR,Live Fast Motorsports,1.0830452924888996
NASCAR_2022_5169_verizon_200_at_the_brickyard,NASCAR,Petty GMS Motorsports,0.10297637979113607
NASCAR_2022_5169_verizon_200_at_the_brickyard,NASCAR,Richard Childress Racing,-0.014175052815927128
NASCAR_2022_5169_verizon_200_at_the_brickyard,NASCAR,Rick Ware Racing,0.8959968199414918
NASCAR_2022_5169_verizon_200_at_the_brickyard,NASCAR,Roush Fenway Keselowski Racing,-0.056561325303004326
NASCAR_2022_5169_verizon_200_at_the_brickyard,NASCAR,Spire Motorsports,0.4115899929635535
NASCAR_2022_5169_verizon_200_at_the_brickyard,NASCAR,Stewart-Haas Racing,-0.020057506341618306
NASCAR_2022_5169_verizon_200_at_the_brickyard,NASCAR,Team Hezeberg,1.0715946055184034
NASCAR_2022_5169_verizon_200_at_the_brickyard,NASCAR,Team Penske,-0.1645877884015916
NASCAR_2022_5169_verizon_200_at_the_brickyard,NASCAR,TrackHouse Racing,-0.0584186792942234
NASCAR_2022_5169_verizon_200_at_the_brickyard,NASCAR,Wood Brothers Racing,0.11933262039739428
NASCAR_2022_5170_firekeepers_casino_400,NASCAR,23XI Racing,-0.07888010286191602
NASCAR_2022_5170_firekeepers_casino_400,NASCAR,Front Row Motorsports,0.14993026992522587
NASCAR_2022_5170_firekeepers_casino_400,NASCAR,Hendrick Motorsports,-0.21652895783815537
NASCAR_2022_5170_firekeepers_casino_400,NASCAR,JTG Daugherty Racing,0.12588540935608916
NASCAR_2022_5170_firekeepers_casino_400,NASCAR,Joe Gibbs Racing,-0.25758415793571443
NASCAR_2022_5170_firekeepers_casino_400,NASCAR,Kaulig Racing,0.17264442274755748
NASCAR_2022_5170_firekeepers_casino_400,NASCAR,Live Fast Motorsports,1.0880095266401577
NASCAR_2022_5170_firekeepers_casino_400,NASCAR,Petty GMS,0.1568583935043371
NASCAR_2022_5170_firekeepers_casino_400,NASCAR,RFK Racing,-0.08623759635811708
NASCAR_2022_5170_firekeepers_casino_400,NASCAR,Richard Childress Racing,-0.015147927418332706
NASCAR_2022_5170_firekeepers_casino_400,NASCAR,Rick Ware Racing,0.8936472374923962
NASCAR_2022_5170_firekeepers_casino_400,NASCAR,Spire Motorsports,0.41104579797702473
NASCAR_2022_5170_firekeepers_casino_400,NASCAR,Stewart-Haas Racing,-0.019666704355027306
NASCAR_2022_5170_firekeepers_casino_400,NASCAR,Team Penske,-0.16481843003761054
NASCAR_2022_5170_firekeepers_casino_400,NASCAR,TrackHouse Racing,-0.058775970130511244
NASCAR_2022_5170_firekeepers_casino_400,NASCAR,Wood Brothers Racing,0.11796593045675528
NASCAR_2022_5171_federated_auto_parts_400,NASCAR,23XI Racing,-0.07968420891537147
NASCAR_2022_5171_federated_auto_parts_400,NASCAR,Front Row Motorsports,0.1541622218359173
NASCAR_2022_5171_federated_auto_parts_400,NASCAR,Hendrick Motorsports,-0.21590727258501688
NASCAR_2022_5171_federated_auto_parts_400,NASCAR,JTG Daugherty Racing,0.12426583487983618
NASCAR_2022_5171_federated_auto_parts_400,NASCAR,Joe Gibbs Racing,-0.2580025487653858
NASCAR_2022_5171_federated_auto_parts_400,NASCAR,Kaulig Racing,0.1708577422012808
NASCAR_2022_5171_federated_auto_parts_400,NASCAR,Live Fast Motorsports,1.0901857867921638
NASCAR_2022_5171_federated_auto_parts_400,NASCAR,Petty GMS,0.15675460772466654
NASCAR_2022_5171_federated_auto_parts_400,NASCAR,RFK Racing,-0.08392304715556136
NASCAR_2022_5171_federated_auto_parts_400,NASCAR,Richard Childress Racing,-0.015590558815272772
NASCAR_2022_5171_federated_auto_parts_400,NASCAR,Rick Ware Racing,0.8923100662865918
NASCAR_2022_5171_federated_auto_parts_400,NASCAR,Spire Motorsports,0.4111529757895768
NASCAR_2022_5171_federated_auto_parts_400,NASCAR,Stewart-Haas Racing,-0.018560518161255608
NASCAR_2022_5171_federated_auto_parts_400,NASCAR,Team Penske,-0.1639860747028794
NASCAR_2022_5171_federated_auto_parts_400,NASCAR,TrackHouse Racing,-0.06270740183099269
NASCAR_2022_5171_federated_auto_parts_400,NASCAR,Wood Brothers Racing,0.11837947981063106
NASCAR_2022_5172_go_bowling_at_the_glen,NASCAR,23XI Racing,-0.08144942589786847
NASCAR_2022_5172_go_bowling_at_the_glen,NASCAR,Front Row Motorsports,0.15839475019791702
NASCAR_2022_5172_go_bowling_at_the_glen,NASCAR,Hendrick Motorsports,-0.21632398657779844
NASCAR_2022_5172_go_bowling_at_the_glen,NASCAR,JTG Daugherty Racing,0.12678946029708596
NASCAR_2022_5172_go_bowling_at_the_glen,NASCAR,Joe Gibbs Racing,-0.25951969706858413
NASCAR_2022_5172_go_bowling_at_the_glen,NASCAR,Kaulig Racing,0.17354282611569652
NASCAR_2022_5172_go_bowling_at_the_glen,NASCAR,Live Fast Motorsports,1.0832177749452134
NASCAR_2022_5172_go_bowling_at_the_glen,NASCAR,Petty GMS,0.16100437253382674
NASCAR_2022_5172_go_bowling_at_the_glen,NASCAR,RFK Racing,-0.08549521100166804
NASCAR_2022_5172_go_bowling_at_the_glen,NASCAR,Richard Childress Racing,-0.014744881982855453
NASCAR_2022_5172_go_bowling_at_the_glen,NASCAR,Rick Ware Racing,0.8969136231544178
NASCAR_2022_5172_go_bowling_at_the_glen,NASCAR,Spire Motorsports,0.4123330311946227
NASCAR_2022_5172_go_bowling_at_the_glen,NASCAR,Stewart-Haas Racing,-0.02058041563576091
NASCAR_2022_5172_go_bowling_at_the_glen,NASCAR,Team Hezeberg,1.0997588626904637
NASCAR_2022_5172_go_bowling_at_the_glen,NASCAR,Team Penske,-0.1648807256199081
NASCAR_2022_5172_go_bowling_at_the_glen,NASCAR,TrackHouse Racing,-0.05952630581890581
NASCAR_2022_5172_go_bowling_at_the_glen,NASCAR,Wood Brothers Racing,0.11817734802410414
NASCAR_2022_5173_coke_zero_sugar_400,NASCAR,23XI Racing,-0.07993572540542002
NASCAR_2022_5173_coke_zero_sugar_400,NASCAR,Beard Motorsports,0.45210158179511306
NASCAR_2022_5173_coke_zero_sugar_400,NASCAR,Front Row Motorsports,0.15603742341205484
NASCAR_2022_5173_coke_zero_sugar_400,NASCAR,Hendrick Motorsports,-0.21689342351987168
NASCAR_2022_5173_coke_zero_sugar_400,NASCAR,JTG Daugherty Racing,0.12686608809294922
NASCAR_2022_5173_coke_zero_sugar_400,NASCAR,Joe Gibbs Racing,-0.25937611672532235
NASCAR_2022_5173_coke_zero_sugar_400,NASCAR,Kaulig Racing,0.17270791191439416
NASCAR_2022_5173_coke_zero_sugar_400,NASCAR,Live Fast Motorsports,1.098093167886651
NASCAR_2022_5173_coke_zero_sugar_400,NASCAR,Petty GMS,0.15793453075881603
NASCAR_2022_5173_coke_zero_sugar_400,NASCAR,RFK Racing,-0.08614477901122058
NASCAR_2022_5173_coke_zero_sugar_400,NASCAR,Richard Childress Racing,-0.014719878281226867
NASCAR_2022_5173_coke_zero_sugar_400,NASCAR,Rick Ware Racing,0.8973466264955411
NASCAR_2022_5173_coke_zero_sugar_400,NASCAR,Spire Motorsports,0.4136077806483266
NASCAR_2022_5173_coke_zero_sugar_400,NASCAR,Stewart-Haas Racing,-0.019751613362037544
NASCAR_2022_5173_coke_zero_sugar_400,NASCAR,Team Penske,-0.16496208859410566
NASCAR_2022_5173_coke_zero_sugar_400,NASCAR,TrackHouse Racing,-0.061134500944645995
NASCAR_2022_5173_coke_zero_sugar_400,NASCAR,Wood Brothers Racing,0.11971563189939732
NASCAR_2022_5174_cook_out_southern_500,NASCAR,23XI Racing,-0.07970763770906623
NASCAR_2022_5174_cook_out_southern_500,NASCAR,Front Row Motorsports,0.1561454284022865
NASCAR_2022_5174_cook_out_southern_500,NASCAR,Hendrick Motorsports,-0.21604634220413216
NASCAR_2022_5174_cook_out_southern_500,NASCAR,JTG Daugherty Racing,0.12629019391431884
NASCAR_2022_5174_cook_out_southern_500,NASCAR,Joe Gibbs Racing,-0.2571215691878303
NASCAR_2022_5174_cook_out_southern_500,NASCAR,Kaulig Racing,0.17149558725088823
NASCAR_2022_5174_cook_out_southern_500,NASCAR,Live Fast Motorsports,1.0890821709972642
NASCAR_2022_5174_cook_out_southern_500,NASCAR,Petty GMS,0.15679588969142794
NASCAR_2022_5174_cook_out_southern_500,NASCAR,RFK Racing,-0.0876420810219666
NASCAR_2022_5174_cook_out_southern_500,NASCAR,Richard Childress Racing,-0.014771252124447146
NASCAR_2022_5174_cook_out_southern_500,NASCAR,Rick Ware Racing,0.8933800127607513
NASCAR_2022_5174_cook_out_southern_500,NASCAR,Spire Motorsports,0.4121897034330781
NASCAR_2022_5174_cook_out_southern_500,NASCAR,Stewart-Haas Racing,-0.020643723188565426
NASCAR_2022_5174_cook_out_southern_500,NASCAR,Team Penske,-0.16410213949544797
NASCAR_2022_5174_cook_out_southern_500,NASCAR,TrackHouse Racing,-0.058382285499957796
NASCAR_2022_5174_cook_out_southern_500,NASCAR,Wood Brothers Racing,0.11806455656701666
NASCAR_2022_5175_hollywood_casino_400,NASCAR,23XI Racing,-0.07808141509037378
NASCAR_2022_5175_hollywood_casino_400,NASCAR,Front Row Motorsports,0.1550398235910525
NASCAR_2022_5175_hollywood_casino_400,NASCAR,Hendrick Motorsports,-0.2155086946305242
NASCAR_2022_5175_hollywood_casino_400,NASCAR,JTG Daugherty Racing,0.12702573235717154
NASCAR_2022_5175_hollywood_casino_400,NASCAR,Joe Gibbs Racing,-0.2579594225976992
NASCAR_2022_5175_hollywood_casino_400,NASCAR,Kaulig Racing,0.17184882746875008
NASCAR_2022_5175_hollywood_casino_400,NASCAR,Live Fast Motorsports,1.080479181789163
NASCAR_2022_5175_hollywood_casino_400,NASCAR,Petty GMS,0.12561259985236684
NASCAR_2022_5175_hollywood_casino_400,NASCAR,RFK Racing,-0.08601085823108653
NASCAR_2022_5175_hollywood_casino_400,NASCAR,Richard Childress Racing,-0.014648074743813425
NASCAR_2022_5175_hollywood_casino_400,NASCAR,Rick Ware Racing,0.8929987879214083
NASCAR_2022_5175_hollywood_casino_400,NASCAR,Spire Motorsports,0.4113313895021027
NASCAR_2022_5175_hollywood_casino_400,NASCAR,Stewart-Haas Racing,-0.020725742701884868
NASCAR_2022_5175_hollywood_casino_400,NASCAR,Team Penske,-0.16396332944406986
NASCAR_2022_5175_hollywood_casino_400,NASCAR,TrackHouse Racing,-0.05751873757509711
NASCAR_2022_5175_hollywood_casino_400,NASCAR,Wood Brothers Racing,0.11711795545352074
NASCAR_2022_5176_bass_pro_shops_night_race,NASCAR,23XI Racing,-0.07927824207018411
NASCAR_2022_5176_bass_pro_shops_night_race,NASCAR,Front Row Motorsports,0.15549797808575622
NASCAR_2022_5176_bass_pro_shops_night_race,NASCAR,Hendrick Motorsports,-0.2154074464289785
NASCAR_2022_5176_bass_pro_shops_night_race,NASCAR,JTG Daugherty Racing,0.12591282877659088
NASCAR_2022_5176_bass_pro_shops_night_race,NASCAR,Joe Gibbs Racing,-0.25795490476517174
NASCAR_2022_5176_bass_pro_shops_night_race,NASCAR,Kaulig Racing,0.17351385983500975
NASCAR_2022_5176_bass_pro_shops_night_race,NASCAR,Live Fast Motorsports,1.0879402192052325
NASCAR_2022_5176_bass_pro_shops_night_race,NASCAR,Petty GMS,0.12943749999325105
NASCAR_2022_5176_bass_pro_shops_night_race,NASCAR,RFK Racing,-0.082910463512225
NASCAR_2022_5176_bass_pro_shops_night_race,NASCAR,Richard Childress Racing,-0.0154660591439296
NASCAR_2022_5176_bass_pro_shops_night_race,NASCAR,Rick Ware Racing,0.8945530998200304
NASCAR_2022_5176_bass_pro_shops_night_race,NASCAR,Spire Motorsports,0.41116770178131906
NASCAR_2022_5176_bass_pro_shops_night_race,NASCAR,Stewart-Haas Racing,-0.018991867687565177
NASCAR_2022_5176_bass_pro_shops_night_race,NASCAR,Team Penske,-0.1656790941460444
NASCAR_2022_5176_bass_pro_shops_night_race,NASCAR,TrackHouse Racing,-0.06069443357274781
NASCAR_2022_5176_bass_pro_shops_night_race,NASCAR,Wood Brothers Racing,0.11888237936494647
NASCAR_2022_5177_autotrader_echopark_automotive_500,NASCAR,23XI Racing,-0.08132963389649737
NASCAR_2022_5177_autotrader_echopark_automotive_500,NASCAR,Front Row Motorsports,0.15580362340607187
NASCAR_2022_5177_autotrader_echopark_automotive_500,NASCAR,Hendrick Motorsports,-0.21540165336921407
NASCAR_2022_5177_autotrader_echopark_automotive_500,NASCAR,JTG Daugherty Racing,0.12629125006594105
NASCAR_2022_5177_autotrader_echopark_automotive_500,NASCAR,Joe Gibbs Racing,-0.25820251458683396
NASCAR_2022_5177_autotrader_echopark_automotive_500,NASCAR,Kaulig Racing,0.17286770932949264
NASCAR_2022_5177_autotrader_echopark_automotive_500,NASCAR,Live Fast Motorsports,1.0861253346023276
NASCAR_2022_5177_autotrader_echopark_automotive_500,NASCAR,Petty GMS,0.15793453075881603
NASCAR_2022_5177_autotrader_echopark_automotive_500,NASCAR,RFK Racing,-0.08497908703669
NASCAR_2022_5177_autotrader_echopark_automotive_500,NASCAR,Richard Childress Racing,-0.01363330041157193
NASCAR_2022_5177_autotrader_echopark_automotive_500,NASCAR,Rick Ware Racing,0.89234279919337
NASCAR_2022_5177_autotrader_echopark_automotive_500,NASCAR,Spire Motorsports,0.4116831275147622
NASCAR_2022_5177_autotrader_echopark_automotive_500,NASCAR,Stewart-Haas Racing,-0.02036678546019486
NASCAR_2022_5177_autotrader_echopark_automotive_500,NASCAR,Team Penske,-0.16419101342271863
NASCAR_2022_5177_autotrader_echopark_automotive_500,NASCAR,TrackHouse Racing,-0.05906169634283524
NASCAR_2022_5177_autotrader_echopark_automotive_500,NASCAR,Wood Brothers Racing,0.11921547518546961
NASCAR_2022_5178_yellawood_500,NASCAR,23XI Racing,-0.07962840510011285
NASCAR_2022_5178_yellawood_500,NASCAR,Beard Motorsports,0.43284761815035794
NASCAR_2022_5178_yellawood_500,NASCAR,Front Row Motorsports,0.15602777525250394
NASCAR_2022_5178_yellawood_500,NASCAR,Hendrick Motorsports,-0.21680238291496673
NASCAR_2022_5178_yellawood_500,NASCAR,JTG Daugherty Racing,0.12709815800366472
NASCAR_2022_5178_yellawood_500,NASCAR,Joe Gibbs Racing,-0.2595705973060498
NASCAR_2022_5178_yellawood_500,NASCAR,Kaulig Racing,0.17306204605311915
NASCAR_2022_5178_yellawood_500,NASCAR,Live Fast Motorsports,1.0953803064020124
NASCAR_2022_5178_yellawood_500,NASCAR,Petty GMS,0.159558875231872
NASCAR_2022_5178_yellawood_500,NASCAR,RFK Racing,-0.08606514617310146
NASCAR_2022_5178_yellawood_500,NASCAR,Richard Childress Racing,-0.014741938701201851
NASCAR_2022_5178_yellawood_500,NASCAR,Rick Ware Racing,0.8958031897420221
NASCAR_2022_5178_yellawood_500,NASCAR,Spire Motorsports,0.4136458707608346
NASCAR_2022_5178_yellawood_500,NASCAR,Stewart-Haas Racing,-0.019813476158109532
NASCAR_2022_5178_yellawood_500,NASCAR,Team Penske,-0.1650239018845568
NASCAR_2022_5178_yellawood_500,NASCAR,TrackHouse Racing,-0.060725790003051706
NASCAR_2022_5178_yellawood_500,NASCAR,Wood Brothers Racing,0.11910607193603058
NASCAR_2022_5179_bank_of_america_roval_400,NASCAR,23XI Racing,-0.07985739076648798
NASCAR_2022_5179_bank_of_america_roval_400,NASCAR,Front Row Motorsports,0.15607126938334168
NASCAR_2022_5179_bank_of_america_roval_400,NASCAR,Hendrick Motorsports,-0.21627605657246463
NASCAR_2022_5179_bank_of_america_roval_400,NASCAR,JTG Daugherty Racing,0.12427088101139844
NASCAR_2022_5179_bank_of_america_roval_400,NASCAR,Joe Gibbs Racing,-0.25923185959131095
NASCAR_2022_5179_bank_of_america_roval_400,NASCAR,Kaulig Racing,0.17572013084203034
NASCAR_2022_5179_bank_of_america_roval_400,NASCAR,Live Fast Motorsports,1.08753940440513
NASCAR_2022_5179_bank_of_america_roval_400,NASCAR,Petty GMS,0.15322571211065783
NASCAR_2022_5179_bank_of_america_roval_400,NASCAR,RFK Racing,-0.08590012997889247
NASCAR_2022_5179_bank_of_america_roval_400,NASCAR,Richard Childress Racing,-0.013774008234761916
NASCAR_2022_5179_bank_of_america_roval_400,NASCAR,Rick Ware Racing,0.892580126959011
NASCAR_2022_5179_bank_of_america_roval_400,NASCAR,Spire Motorsports,0.41205998051588955
NASCAR_2022_5179_bank_of_america_roval_400,NASCAR,Stewart-Haas Racing,-0.01924917977898035
NASCAR_2022_5179_bank_of_america_roval_400,NASCAR,TMT Racing,1.2571653752261172
NASCAR_2022_5179_bank_of_america_roval_400,NASCAR,Team Hezeberg,0.9183706760198689
NASCAR_2022_5179_bank_of_america_roval_400,NASCAR,Team Penske,-0.16503011917335553
NASCAR_2022_5179_bank_of_america_roval_400,NASCAR,TrackHouse Racing,-0.06082349387275561
NASCAR_2022_5179_bank_of_america_roval_400,NASCAR,Wood Brothers Racing,0.11848499033921334
NASCAR_2022_5180_south_point_400,NASCAR,23XI Racing,-0.07981793353832957
NASCAR_2022_5180_south_point_400,NASCAR,Front Row Motorsports,0.15483765083968193
NASCAR_2022_5180_south_point_400,NASCAR,Hendrick Motorsports,-0.2166587929428214
NASCAR_2022_5180_south_point_400,NASCAR,JTG Daugherty Racing,0.12420673583025374
NASCAR_2022_5180_south_point_400,NASCAR,Joe Gibbs Racing,-0.2582007728888518
NASCAR_2022_5180_south_point_400,NASCAR,Kaulig Racing,0.17381350015517455
NASCAR_2022_5180_south_point_400,NASCAR,Live Fast Motorsports,1.0803752444199508
NASCAR_2022_5180_south_point_400,NASCAR,Petty GMS,0.15329745748386434
NASCAR_2022_5180_south_point_400,NASCAR,RFK Racing,-0.08867750305947164
NASCAR_2022_5180_south_point_400,NASCAR,Richard Childress Racing,-0.014534838033775883
NASCAR_2022_5180_south_point_400,NASCAR,Rick Ware Racing,0.8904006066894925
NASCAR_2022_5180_south_point_400,NASCAR,Spire Motorsports,0.41200991471840215
NASCAR_2022_5180_south_point_400,NASCAR,Stewart-Haas Racing,-0.01980794871663179
NASCAR_2022_5180_south_point_400,NASCAR,Team Penske,-0.16329476897705908
NASCAR_2022_5180_south_point_400,NASCAR,TrackHouse Racing,-0.05698608800298978
NASCAR_2022_5180_south_point_400,NASCAR,Wood Brothers Racing,0.11895064086456378
NASCAR_2022_5181_dixie_vodka_400,NASCAR,23XI Racing,-0.08075349973443978
NASCAR_2022_5181_dixie_vodka_400,NASCAR,Front Row Motorsports,0.15404174781259342
NASCAR_2022_5181_dixie_vodka_400,NASCAR,Hendrick Motorsports,-0.21542394082597469
NASCAR_2022_5181_dixie_vodka_400,NASCAR,JTG Daugherty Racing,0.1268927707301386
NASCAR_2022_5181_dixie_vodka_400,NASCAR,Joe Gibbs Racing,-0.2580553004170433
NASCAR_2022_5181_dixie_vodka_400,NASCAR,Kaulig Racing,0.17476419182547756
NASCAR_2022_5181_dixie_vodka_400,NASCAR,Live Fast Motorsports,1.0847950835593627
NASCAR_2022_5181_dixie_vodka_400,NASCAR,Petty GMS,0.11248104371773063
NASCAR_2022_5181_dixie_vodka_400,NASCAR,RFK Racing,-0.08486298566567003
NASCAR_2022_5181_dixie_vodka_400,NASCAR,Richard Childress Racing,-0.013213331912029799
NASCAR_2022_5181_dixie_vodka_400,NASCAR,Rick Ware Racing,0.8913094336705787
NASCAR_2022_5181_dixie_vodka_400,NASCAR,Spire Motorsports,0.4112611344560205
NASCAR_2022_5181_dixie_vodka_400,NASCAR,Stewart-Haas Racing,-0.020458181305404704
NASCAR_2022_5181_dixie_vodka_400,NASCAR,Team Penske,-0.16435341603072695
NASCAR_2022_5181_dixie_vodka_400,NASCAR,TrackHouse Racing,-0.0554674293390508
NASCAR_2022_5181_dixie_vodka_400,NASCAR,Wood Brothers Racing,0.11878325771557638
NASCAR_2022_5182_xfinity_500,NASCAR,23XI Racing,-0.07978176465654974
NASCAR_2022_5182_xfinity_500,NASCAR,Front Row Motorsports,0.1555408743217363
NASCAR_2022_5182_xfinity_500,NASCAR,Hendrick Motorsports,-0.21619929287182435
NASCAR_2022_5182_xfinity_500,NASCAR,JTG Daugherty Racing,0.12526354076760615
NASCAR_2022_5182_xfinity_500,NASCAR,Joe Gibbs Racing,-0.25861914570783195
NASCAR_2022_5182_xfinity_500,NASCAR,Kaulig Racing,0.1703667935967033
NASCAR_2022_5182_xfinity_500,NASCAR,Live Fast Motorsports,1.0868275902344355
NASCAR_2022_5182_xfinity_500,NASCAR,Petty GMS,0.1267664967899968
NASCAR_2022_5182_xfinity_500,NASCAR,RFK Racing,-0.08585983952685138
NASCAR_2022_5182_xfinity_500,NASCAR,Richard Childress Racing,-0.014715181934417792
NASCAR_2022_5182_xfinity_500,NASCAR,Rick Ware Racing,0.8935839210033439
NASCAR_2022_5182_xfinity_500,NASCAR,Spire Motorsports,0.4123457851104191
NASCAR_2022_5182_xfinity_500,NASCAR,Stewart-Haas Racing,-0.018539852095276692
NASCAR_2022_5182_xfinity_500,NASCAR,Team Penske,-0.1643930411149353
NASCAR_2022_5182_xfinity_500,NASCAR,TrackHouse Racing,-0.05746215162181698
NASCAR_2022_5182_xfinity_500,NASCAR,Wood Brothers Racing,0.12003837204340524
NASCAR_2022_5183_nascar_cup_series_championship,NASCAR,23XI Racing,-0.08015999939572885
NASCAR_2022_5183_nascar_cup_series_championship,NASCAR,Front Row Motorsports,0.15356935303382932
NASCAR_2022_5183_nascar_cup_series_championship,NASCAR,Hendrick Motorsports,-0.21558421504716738
NASCAR_2022_5183_nascar_cup_series_championship,NASCAR,JTG Daugherty Racing,0.11966388820001563
NASCAR_2022_5183_nascar_cup_series_championship,NASCAR,Joe Gibbs Racing,-0.2583298427920898
NASCAR_2022_5183_nascar_cup_series_championship,NASCAR,Kaulig Racing,0.1727316796440819
NASCAR_2022_5183_nascar_cup_series_championship,NASCAR,Live Fast Motorsports,1.0895011509390178
NASCAR_2022_5183_nascar_cup_series_championship,NASCAR,Petty GMS,0.14548688971297843
NASCAR_2022_5183_nascar_cup_series_championship,NASCAR,RFK Racing,-0.08806748909639497
NASCAR_2022_5183_nascar_cup_series_championship,NASCAR,Richard Childress Racing,-0.014626599347070614
NASCAR_2022_5183_nascar_cup_series_championship,NASCAR,Rick Ware Racing,0.8918852487646257
NASCAR_2022_5183_nascar_cup_series_championship,NASCAR,Spire Motorsports,0.4119705941600463
NASCAR_2022_5183_nascar_cup_series_championship,NASCAR,Stewart-Haas Racing,-0.01872101423781192
NASCAR_2022_5183_nascar_cup_series_championship,NASCAR,Team Penske,-0.16335887231692356
NASCAR_2022_5183_nascar_cup_series_championship,NASCAR,TrackHouse Racing,-0.060654490188099895
NASCAR_2022_5183_nascar_cup_series_championship,NASCAR,Wood Brothers Racing,0.1193491574443951
NASCAR_2023_5259_busch_light_clash_at_the_coliseum,NASCAR,23XI Racing,-0.07857495245328401
NASCAR_2023_5259_busch_light_clash_at_the_coliseum,NASCAR,Front Row Motorsports,0.1547748603729141
NASCAR_2023_5259_busch_light_clash_at_the_coliseum,NASCAR,Hendrick Motorsports,-0.21670887294459204
NASCAR_2023_5259_busch_light_clash_at_the_coliseum,NASCAR,Joe Gibbs Racing,-0.2590309137087776
NASCAR_2023_5259_busch_light_clash_at_the_coliseum,NASCAR,Kaulig Racing,0.17229984367283982
NASCAR_2023_5259_busch_light_clash_at_the_coliseum,NASCAR,Legacy Motor Club,0.15364296817778678
NASCAR_2023_5259_busch_light_clash_at_the_coliseum,NASCAR,Richard Childress Racing,-0.013019916205043154
NASCAR_2023_5259_busch_light_clash_at_the_coliseum,NASCAR,Stewart-Haas Racing,-0.020197193336910158
NASCAR_2023_5259_busch_light_clash_at_the_coliseum,NASCAR,Team Penske,-0.16545465137588394
NASCAR_2023_5259_busch_light_clash_at_the_coliseum,NASCAR,TrackHouse Racing,-0.060725790003051706
NASCAR_2023_5266_bluegreen_vacations_duel_1_at_daytona,NASCAR,23XI Racing,-0.08010079848404617
NASCAR_2023_5266_bluegreen_vacations_duel_1_at_daytona,NASCAR,Front Row Motorsports,0.15625777001877392
NASCAR_2023_5266_bluegreen_vacations_duel_1_at_daytona,NASCAR,Hendrick Motorsports,-0.216658782880453
NASCAR_2023_5266_bluegreen_vacations_duel_1_at_daytona,NASCAR,JTG Daugherty Racing,0.1267071421368809
NASCAR_2023_5266_bluegreen_vacations_duel_1_at_daytona,NASCAR,Joe Gibbs Racing,-0.25984684227203236
NASCAR_2023_5266_bluegreen_vacations_duel_1_at_daytona,NASCAR,Kaulig Racing,0.1734454215445406
NASCAR_2023_5266_bluegreen_vacations_duel_1_at_daytona,NASCAR,Legacy Motor Club,0.1543486020423943
NASCAR_2023_5266_bluegreen_vacations_duel_1_at_daytona,NASCAR,RFK Racing,-0.08608917933278101
NASCAR_2023_5266_bluegreen_vacations_duel_1_at_daytona,NASCAR,Richard Childress Racing,-0.014491502079798822
NASCAR_2023_5266_bluegreen_vacations_duel_1_at_daytona,NASCAR,Rick Ware Racing,0.8940136283030214
NASCAR_2023_5266_bluegreen_vacations_duel_1_at_daytona,NASCAR,Spire Motorsports,0.4136458707608346
NASCAR_2023_5266_bluegreen_vacations_duel_1_at_daytona,NASCAR,Stewart-Haas Racing,-0.019877147337379022
NASCAR_2023_5266_bluegreen_vacations_duel_1_at_daytona,NASCAR,Team Penske,-0.16509882604529894
NASCAR_2023_5266_bluegreen_vacations_duel_1_at_daytona,NASCAR,TrackHouse Racing,-0.060725790003051706
NASCAR_2023_5266_bluegreen_vacations_duel_1_at_daytona,NASCAR,Wood Brothers Racing,0.11968990884482297
NASCAR_2023_5267_bluegreen_vacations_duel_2_at_daytona,NASCAR,23XI Racing,-0.08007242378028055
NASCAR_2023_5267_bluegreen_vacations_duel_2_at_daytona,NASCAR,Beard Motorsports,0.4529461864677881
NASCAR_2023_5267_bluegreen_vacations_duel_2_at_daytona,NASCAR,Front Row Motorsports,0.15629516157457182
NASCAR_2023_5267_bluegreen_vacations_duel_2_at_daytona,NASCAR,Hendrick Motorsports,-0.21692549553819737
NASCAR_2023_5267_bluegreen_vacations_duel_2_at_daytona,NASCAR,Joe Gibbs Racing,-0.2594421025214011
NASCAR_2023_5267_bluegreen_vacations_duel_2_at_daytona,NASCAR,Kaulig Racing,0.1726232101836345
NASCAR_2023_5267_bluegreen_vacations_duel_2_at_daytona,NASCAR,Legacy Motor Club,0.15412747456518058
NASCAR_2023_5267_bluegreen_vacations_duel_2_at_daytona,NASCAR,Live Fast Motorsports,1.0899569918137326
NASCAR_2023_5267_bluegreen_vacations_duel_2_at_daytona,NASCAR,RFK Racing,-0.08578641925344642
NASCAR_2023_5267_bluegreen_vacations_duel_2_at_daytona,NASCAR,Richard Childress Racing,-0.014646697813922744
NASCAR_2023_5267_bluegreen_vacations_duel_2_at_daytona,NASCAR,Rick Ware Racing,0.8974362220679861
NASCAR_2023_5267_bluegreen_vacations_duel_2_at_daytona,NASCAR,Spire Motorsports,0.4135684561578151
NASCAR_2023_5267_bluegreen_vacations_duel_2_at_daytona,NASCAR,Stewart-Haas Racing,-0.01979554170956577
NASCAR_2023_5267_bluegreen_vacations_duel_2_at_daytona,NASCAR,TMT Racing,1.1714805828834562
NASCAR_2023_5267_bluegreen_vacations_duel_2_at_daytona,NASCAR,Team Penske,-0.16498005448883077
NASCAR_2023_5267_bluegreen_vacations_duel_2_at_daytona,NASCAR,TrackHouse Racing,-0.059408915159790264
NASCAR_2023_5268_daytona_500,NASCAR,23XI Racing,-0.07975514940431515
NASCAR_2023_5268_daytona_500,NASCAR,Front Row Motorsports,0.15598076759342164
NASCAR_2023_5268_daytona_500,NASCAR,Hendrick Motorsports,-0.21690182446067927
NASCAR_2023_5268_daytona_500,NASCAR,JTG Daugherty Racing,0.12685063422692874
NASCAR_2023_5268_daytona_500,NASCAR,Joe Gibbs Racing,-0.2594040366360704
NASCAR_2023_5268_daytona_500,NASCAR,Kaulig Racing,0.17314605140934022
NASCAR_2023_5268_daytona_500,NASCAR,Legacy Motor Club,0.15414430594949086
NASCAR_2023_5268_daytona_500,NASCAR,Live Fast Motorsports,1.0951000926899206
NASCAR_2023_5268_daytona_500,NASCAR,RFK Racing,-0.08581749652179572
NASCAR_2023_5268_daytona_500,NASCAR,Richard Childress Racing,-0.014658749906371399
NASCAR_2023_5268_daytona_500,NASCAR,Rick Ware Racing,0.897214086548523
NASCAR_2023_5268_daytona_500,NASCAR,Spire Motorsports,0.4135019072648986
NASCAR_2023_5268_daytona_500,NASCAR,Stewart-Haas Racing,-0.019837184979698854
NASCAR_2023_5268_daytona_500,NASCAR,TMT Racing,1.273775120162939
NASCAR_2023_5268_daytona_500,NASCAR,Team Penske,-0.16504154027128878
NASCAR_2023_5268_daytona_500,NASCAR,Trackhouse Racing,-0.02104782156754807
NASCAR_2023_5268_daytona_500,NASCAR,Wood Brothers Racing,0.11957551843828976
NASCAR_2023_5269_pala_casino_400,NASCAR,23XI Racing,-0.07993572540542002
NASCAR_2023_5269_pala_casino_400,NASCAR,Front Row Motorsports,0.15503824145014952
NASCAR_2023_5269_pala_casino_400,NASCAR,Hendrick Motorsports,-0.21601745867911715
NASCAR_2023_5269_pala_casino_400,NASCAR,JTG Daugherty Racing,0.12736535847612376
NASCAR_2023_5269_pala_casino_400,NASCAR,Joe Gibbs Racing,-0.258937603605876
NASCAR_2023_5269_pala_casino_400,NASCAR,Kaulig Racing,0.1724755309226581
NASCAR_2023_5269_pala_casino_400,NASCAR,Legacy Motor Club,0.15325633767107488
NASCAR_2023_5269_pala_casino_400,NASCAR,Live Fast Motorsports,1.094598447371838
NASCAR_2023_5269_pala_casino_400,NASCAR,RFK Racing,-0.08543643629520252
NASCAR_2023_5269_pala_casino_400,NASCAR,Richard Childress Racing,-0.013769271808363702
NASCAR_2023_5269_pala_casino_400,NASCAR,Rick Ware Racing,0.8935927830552435
NASCAR_2023_5269_pala_casino_400,NASCAR,Spire Motorsports,0.41341310261906394
NASCAR_2023_5269_pala_casino_400,NASCAR,Stewart-Haas Racing,-0.020122380481477783
NASCAR_2023_5269_pala_casino_400,NASCAR,Team Penske,-0.16491097425324733
NASCAR_2023_5269_pala_casino_400,NASCAR,Trackhouse Racing,-0.017099193430739623
NASCAR_2023_5269_pala_casino_400,NASCAR,Wood Brothers Racing,0.11863642081265591
NASCAR_2023_5270_pennzoil_400,NASCAR,23XI Racing,-0.07873615628256066
NASCAR_2023_5270_pennzoil_400,NASCAR,Front Row Motorsports,0.1546591020774212
NASCAR_2023_5270_pennzoil_400,NASCAR,Hendrick Motorsports,-0.2155088065867123
NASCAR_2023_5270_pennzoil_400,NASCAR,JTG Daugherty Racing,0.12574183950314
NASCAR_2023_5270_pennzoil_400,NASCAR,Joe Gibbs Racing,-0.2586468522031218
NASCAR_2023_5270_pennzoil_400,NASCAR,Kaulig Racing,0.1732186298281101
NASCAR_2023_5270_pennzoil_400,NASCAR,Legacy Motor Club,0.1539031062797239
NASCAR_2023_5270_pennzoil_400,NASCAR,Live Fast Motorsports,1.0880430752842138
NASCAR_2023_5270_pennzoil_400,NASCAR,RFK Racing,-0.08606008865913597
NASCAR_2023_5270_pennzoil_400,NASCAR,Richard Childress Racing,-0.014820756832150924
NASCAR_2023_5270_pennzoil_400,NASCAR,Rick Ware Racing,0.8896094325301819
NASCAR_2023_5270_pennzoil_400,NASCAR,Spire Motorsports,0.4118744865342826
NASCAR_2023_5270_pennzoil_400,NASCAR,Stewart-Haas Racing,-0.020248075087186648
NASCAR_2023_5270_pennzoil_400,NASCAR,Team Penske,-0.1649491537508591
NASCAR_2023_5270_pennzoil_400,NASCAR,Trackhouse Racing,-0.01890022282991864
NASCAR_2023_5270_pennzoil_400,NASCAR,Wood Brothers Racing,0.11727443122113826
NASCAR_2023_5271_united_rentals_work_united_500,NASCAR,23XI Racing,-0.07879821643410555
NASCAR_2023_5271_united_rentals_work_united_500,NASCAR,Front Row Motorsports,0.1552498977861107
NASCAR_2023_5271_united_rentals_work_united_500,NASCAR,Hendrick Motorsports,-0.2156973570407036
NASCAR_2023_5271_united_rentals_work_united_500,NASCAR,JTG Daugherty Racing,0.12524850257040718
NASCAR_2023_5271_united_rentals_work_united_500,NASCAR,Joe Gibbs Racing,-0.25854386026164417
NASCAR_2023_5271_united_rentals_work_united_500,NASCAR,Kaulig Racing,0.17088275342934986
NASCAR_2023_5271_united_rentals_work_united_500,NASCAR,Legacy Motor Club,0.15168383260731366
NASCAR_2023_5271_united_rentals_work_united_500,NASCAR,Live Fast Motorsports,1.0817710455395428
NASCAR_2023_5271_united_rentals_work_united_500,NASCAR,RFK Racing,-0.08409664228608804
NASCAR_2023_5271_united_rentals_work_united_500,NASCAR,Richard Childress Racing,-0.014802216053742462
NASCAR_2023_5271_united_rentals_work_united_500,NASCAR,Rick Ware Racing,0.8912208568385561
NASCAR_2023_5271_united_rentals_work_united_500,NASCAR,Spire Motorsports,0.41104462493884647
NASCAR_2023_5271_united_rentals_work_united_500,NASCAR,Stewart-Haas Racing,-0.01923727003387101
NASCAR_2023_5271_united_rentals_work_united_500,NASCAR,Team Penske,-0.16485568107767515
NASCAR_2023_5271_united_rentals_work_united_500,NASCAR,Trackhouse Racing,-0.0188425603091063
NASCAR_2023_5271_united_rentals_work_united_500,NASCAR,Wood Brothers Racing,0.11647381661822423
NASCAR_2023_5272_ambetter_health_400,NASCAR,23XI Racing,-0.08054689099629735
NASCAR_2023_5272_ambetter_health_400,NASCAR,Front Row Motorsports,0.15587009654918285
NASCAR_2023_5272_ambetter_health_400,NASCAR,Hendrick Motorsports,-0.21680691984293698
NASCAR_2023_5272_ambetter_health_400,NASCAR,JTG Daugherty Racing,0.1268184468842155
NASCAR_2023_5272_ambetter_health_400,NASCAR,Joe Gibbs Racing,-0.2593555132052064
NASCAR_2023_5272_ambetter_health_400,NASCAR,Kaulig Racing,0.17326947968792497
NASCAR_2023_5272_ambetter_health_400,NASCAR,Legacy Motor Club,0.1542213576930514
NASCAR_2023_5272_ambetter_health_400,NASCAR,Live Fast Motorsports,1.0926771008328708
NASCAR_2023_5272_ambetter_health_400,NASCAR,RFK Racing,-0.08555408708539117
NASCAR_2023_5272_ambetter_health_400,NASCAR,Richard Childress Racing,-0.014741938701201851
NASCAR_2023_5272_ambetter_health_400,NASCAR,Rick Ware Racing,0.8937235158985646
NASCAR_2023_5272_ambetter_health_400,NASCAR,Spire Motorsports,0.4136458707608346
NASCAR_2023_5272_ambetter_health_400,NASCAR,Stewart-Haas Racing,-0.019713904097725103
NASCAR_2023_5272_ambetter_health_400,NASCAR,Team Penske,-0.16492431050025036
NASCAR_2023_5272_ambetter_health_400,NASCAR,Trackhouse Racing,-0.020420345960319875
NASCAR_2023_5272_ambetter_health_400,NASCAR,Wood Brothers Racing,0.11954505792033066
NASCAR_2023_5273_echopark_automotive_grand_prix,NASCAR,23XI Racing,-0.07777464798898168
NASCAR_2023_5273_echopark_automotive_grand_prix,NASCAR,Front Row Motorsports,0.15627116930826215
NASCAR_2023_5273_echopark_automotive_grand_prix,NASCAR,Hendrick Motorsports,-0.21581185959143837
NASCAR_2023_5273_echopark_automotive_grand_prix,NASCAR,JTG Daugherty Racing,0.12681137239755613
NASCAR_2023_5273_echopark_automotive_grand_prix,NASCAR,Joe Gibbs Racing,-0.25925578208458194
NASCAR_2023_5273_echopark_automotive_grand_prix,NASCAR,Kaulig Racing,0.17317212948320157
NASCAR_2023_5273_echopark_automotive_grand_prix,NASCAR,Legacy Motor Club,0.15378372513018157
NASCAR_2023_5273_echopark_automotive_grand_prix,NASCAR,Live Fast Motorsports,1.094797026230811
NASCAR_2023_5273_echopark_automotive_grand_prix,NASCAR,RFK Racing,-0.08608621881509977
NASCAR_2023_5273_echopark_automotive_grand_prix,NASCAR,Richard Childress Racing,-0.014065732220162936
NASCAR_2023_5273_echopark_automotive_grand_prix,NASCAR,Rick Ware Racing,0.8952159414908023
NASCAR_2023_5273_echopark_automotive_grand_prix,NASCAR,Spire Motorsports,0.41331099538444643
NASCAR_2023_5273_echopark_automotive_grand_prix,NASCAR,Stewart-Haas Racing,-0.02016541890725561
NASCAR_2023_5273_echopark_automotive_grand_prix,NASCAR,TMT Racing,1.2693492640879158
NASCAR_2023_5273_echopark_automotive_grand_prix,NASCAR,Team Penske,-0.1652748373766982
NASCAR_2023_5273_echopark_automotive_grand_prix,NASCAR,Trackhouse Racing,-0.019545485969845622
NASCAR_2023_5273_echopark_automotive_grand_prix,NASCAR,Wood Brothers Racing,0.11720393722505021
NASCAR_2023_5274_toyota_owners_400,NASCAR,23XI Racing,-0.07984889135235324
NASCAR_2023_5274_toyota_owners_400,NASCAR,Front Row Motorsports,0.15571986404709615
NASCAR_2023_5274_toyota_owners_400,NASCAR,Hendrick Motorsports,-0.21552101739305154
NASCAR_2023_5274_toyota_owners_400,NASCAR,JTG Daugherty Racing,0.1211253212594351
NASCAR_2023_5274_toyota_owners_400,NASCAR,Joe Gibbs Racing,-0.2578414764804079
NASCAR_2023_5274_toyota_owners_400,NASCAR,Kaulig Racing,0.17068477374055044
NASCAR_2023_5274_toyota_owners_400,NASCAR,Legacy Motor Club,0.15018289617305725
NASCAR_2023_5274_toyota_owners_400,NASCAR,Live Fast Motorsports,1.0924684935570521
NASCAR_2023_5274_toyota_owners_400,NASCAR,RFK Racing,-0.08415070749948848
NASCAR_2023_5274_toyota_owners_400,NASCAR,Richard Childress Racing,-0.014950335407708836
NASCAR_2023_5274_toyota_owners_400,NASCAR,Rick Ware Racing,0.8923169882066818
NASCAR_2023_5274_toyota_owners_400,NASCAR,Spire Motorsports,0.4115851661439076
NASCAR_2023_5274_toyota_owners_400,NASCAR,Stewart-Haas Racing,-0.018971367541954894
NASCAR_2023_5274_toyota_owners_400,NASCAR,Team Penske,-0.16494024579558395
NASCAR_2023_5274_toyota_owners_400,NASCAR,Trackhouse Racing,-0.018299386403885273
NASCAR_2023_5274_toyota_owners_400,NASCAR,Wood Brothers Racing,0.11848424368912179
NASCAR_2023_5275_noco_400,NASCAR,23XI Racing,-0.07833427891745305
NASCAR_2023_5275_noco_400,NASCAR,Front Row Motorsports,0.15585514404482761
NASCAR_2023_5275_noco_400,NASCAR,Hendrick Motorsports,-0.2162291997326322
NASCAR_2023_5275_noco_400,NASCAR,JTG Daugherty Racing,0.1267694398245963
NASCAR_2023_5275_noco_400,NASCAR,Joe Gibbs Racing,-0.25860409425388686
NASCAR_2023_5275_noco_400,NASCAR,Kaulig Racing,0.17292188882704723
NASCAR_2023_5275_noco_400,NASCAR,Legacy Motor Club,0.15132020435460836
NASCAR_2023_5275_noco_400,NASCAR,Live Fast Motorsports,1.0905354312950926
NASCAR_2023_5275_noco_400,NASCAR,RFK Racing,-0.08576041579318687
NASCAR_2023_5275_noco_400,NASCAR,Richard Childress Racing,-0.014953457059130698
NASCAR_2023_5275_noco_400,NASCAR,Rick Ware Racing,0.8935593872880491
NASCAR_2023_5275_noco_400,NASCAR,Spire Motorsports,0.4118692142108076
NASCAR_2023_5275_noco_400,NASCAR,Stewart-Haas Racing,-0.01748613658762157
NASCAR_2023_5275_noco_400,NASCAR,Team Penske,-0.16535408418135414
NASCAR_2023_5275_noco_400,NASCAR,Trackhouse Racing,-0.01965830677842679
NASCAR_2023_5275_noco_400,NASCAR,Wood Brothers Racing,0.11715187885078705
NASCAR_2023_5280_food_city_dirt_race,NASCAR,23XI Racing,-0.07834304092191414
NASCAR_2023_5280_food_city_dirt_race,NASCAR,Front Row Motorsports,0.1564973440682513
NASCAR_2023_5280_food_city_dirt_race,NASCAR,Hendrick Motorsports,-0.21618489555188397
NASCAR_2023_5280_food_city_dirt_race,NASCAR,JTG Daugherty Racing,0.12724229840641285
NASCAR_2023_5280_food_city_dirt_race,NASCAR,Joe Gibbs Racing,-0.2592954659943605
NASCAR_2023_5280_food_city_dirt_race,NASCAR,Kaulig Racing,0.17251625535820542
NASCAR_2023_5280_food_city_dirt_race,NASCAR,Legacy Motor Club,0.15319952375329382
NASCAR_2023_5280_food_city_dirt_race,NASCAR,Live Fast Motorsports,1.0933663959858622
NASCAR_2023_5280_food_city_dirt_race,NASCAR,RFK Racing,-0.08742267137193728
NASCAR_2023_5280_food_city_dirt_race,NASCAR,Richard Childress Racing,-0.011772726722187692
NASCAR_2023_5280_food_city_dirt_race,NASCAR,Rick Ware Racing,0.8958273145860765
NASCAR_2023_5280_food_city_dirt_race,NASCAR,Spire Motorsports,0.4128032665713749
NASCAR_2023_5280_food_city_dirt_race,NASCAR,Stewart-Haas Racing,-0.01913246035769355
NASCAR_2023_5280_food_city_dirt_race,NASCAR,Team Penske,-0.16448320659601526
NASCAR_2023_5280_food_city_dirt_race,NASCAR,Trackhouse Racing,-0.023605735670706084
NASCAR_2023_5280_food_city_dirt_race,NASCAR,Wood Brothers Racing,0.11857719256243351
NASCAR_2023_5281_geico_500,NASCAR,23XI Racing,-0.07993572540542002
NASCAR_2023_5281_geico_500,NASCAR,Beard Motorsports,0.4517768432922713
NASCAR_2023_5281_geico_500,NASCAR,Front Row Motorsports,0.15602059512025596
NASCAR_2023_5281_geico_500,NASCAR,Hendrick Motorsports,-0.2170088103170751
NASCAR_2023_5281_geico_500,NASCAR,JTG Daugherty Racing,0.12683589594116468
NASCAR_2023_5281_geico_500,NASCAR,Joe Gibbs Racing,-0.25949476025052104
NASCAR_2023_5281_geico_500,NASCAR,Kaulig Racing,0.17314605140934022
NASCAR_2023_5281_geico_500,NASCAR,Legacy Motor Club,0.15434729444786743
NASCAR_2023_5281_geico_500,NASCAR,Live Fast Motorsports,1.0987359720901073
NASCAR_2023_5281_geico_500,NASCAR,RFK Racing,-0.08604323777417335
NASCAR_2023_5281_geico_500,NASCAR,Richard Childress Racing,-0.014780147202977033
NASCAR_2023_5281_geico_500,NASCAR,Rick Ware Racing,0.8977818191371278
NASCAR_2023_5281_geico_500,NASCAR,Spire Motorsports,0.41375640130960356
NASCAR_2023_5281_geico_500,NASCAR,Stewart-Haas Racing,-0.019865426331033758
NASCAR_2023_5281_geico_500,NASCAR,Team Penske,-0.16504154027128878
NASCAR_2023_5281_geico_500,NASCAR,Trackhouse Racing,-0.020658941358430487
NASCAR_2023_5281_geico_500,NASCAR,Wood Brothers Racing,0.11992464885540825
NASCAR_2023_5282_w_rth_400,NASCAR,23XI Racing,-0.07970923725595461
NASCAR_2023_5282_w_rth_400,NASCAR,Front Row Motorsports,0.15538334114415606
NASCAR_2023_5282_w_rth_400,NASCAR,Hendrick Motorsports,-0.21650314903475454
NASCAR_2023_5282_w_rth_400,NASCAR,JTG Daugherty Racing,0.12750386333598274
NASCAR_2023_5282_w_rth_400,NASCAR,Joe Gibbs Racing,-0.25801732388852766
NASCAR_2023_5282_w_rth_400,NASCAR,Kaulig Racing,0.1723638586258814
NASCAR_2023_5282_w_rth_400,NASCAR,Legacy Motor Club,0.1541046221332922
NASCAR_2023_5282_w_rth_400,NASCAR,Live Fast Motorsports,1.0857378915735054
NASCAR_2023_5282_w_rth_400,NASCAR,RFK Racing,-0.08417445458835716
NASCAR_2023_5282_w_rth_400,NASCAR,Richard Childress Racing,-0.015923071010993734
NASCAR_2023_5282_w_rth_400,NASCAR,Rick Ware Racing,0.8947514052753165
NASCAR_2023_5282_w_rth_400,NASCAR,Spire Motorsports,0.413664335334508
NASCAR_2023_5282_w_rth_400,NASCAR,Stewart-Haas Racing,-0.021216110759444948
NASCAR_2023_5282_w_rth_400,NASCAR,Team Penske,-0.16472929380569762
NASCAR_2023_5282_w_rth_400,NASCAR,Trackhouse Racing,-0.01631630089502003
NASCAR_2023_5282_w_rth_400,NASCAR,Wood Brothers Racing,0.11853436561011592
NASCAR_2023_5283_goodyear_400,NASCAR,23XI Racing,-0.07864942234895277
NASCAR_2023_5283_goodyear_400,NASCAR,Front Row Motorsports,0.15525965702277544
NASCAR_2023_5283_goodyear_400,NASCAR,Hendrick Motorsports,-0.21609237391743827
NASCAR_2023_5283_goodyear_400,NASCAR,JTG Daugherty Racing,0.12792864060896608
NASCAR_2023_5283_goodyear_400,NASCAR,Joe Gibbs Racing,-0.25886504151268636
NASCAR_2023_5283_goodyear_400,NASCAR,Kaulig Racing,0.16996782480623807
NASCAR_2023_5283_goodyear_400,NASCAR,Legacy Motor Club,0.15287707920825522
NASCAR_2023_5283_goodyear_400,NASCAR,Live Fast Motorsports,1.082274065883107
NASCAR_2023_5283_goodyear_400,NASCAR,RFK Racing,-0.08604596833464223
NASCAR_2023_5283_goodyear_400,NASCAR,Richard Childress Racing,-0.013979906222424315
NASCAR_2023_5283_goodyear_400,NASCAR,Rick Ware Racing,0.8942936420918773
NASCAR_2023_5283_goodyear_400,NASCAR,Spire Motorsports,0.41012420497742225
NASCAR_2023_5283_goodyear_400,NASCAR,Stewart-Haas Racing,-0.02007014887494526
NASCAR_2023_5283_goodyear_400,NASCAR,Team Penske,-0.1648490671697181
NASCAR_2023_5283_goodyear_400,NASCAR,Trackhouse Racing,-0.017359240293727478
NASCAR_2023_5283_goodyear_400,NASCAR,Wood Brothers Racing,0.1203413316075834
NASCAR_2023_5284_adventhealth_400,NASCAR,23XI Racing,-0.07844783419511811
NASCAR_2023_5284_adventhealth_400,NASCAR,Front Row Motorsports,0.15486557810213558
NASCAR_2023_5284_adventhealth_400,NASCAR,Hendrick Motorsports,-0.2160208550445604
NASCAR_2023_5284_adventhealth_400,NASCAR,JTG Daugherty Racing,0.1261705304662873
NASCAR_2023_5284_adventhealth_400,NASCAR,Joe Gibbs Racing,-0.2571998639478305
NASCAR_2023_5284_adventhealth_400,NASCAR,Kaulig Racing,0.17238511560696126
NASCAR_2023_5284_adventhealth_400,NASCAR,Legacy Motor Club,0.1535890055544232
NASCAR_2023_5284_adventhealth_400,NASCAR,Live Fast Motorsports,1.0827085644776246
NASCAR_2023_5284_adventhealth_400,NASCAR,RFK Racing,-0.08669497017213562
NASCAR_2023_5284_adventhealth_400,NASCAR,Richard Childress Racing,-0.014375891165368013
NASCAR_2023_5284_adventhealth_400,NASCAR,Rick Ware Racing,0.8947817479018656
NASCAR_2023_5284_adventhealth_400,NASCAR,Spire Motorsports,0.41208674591248956
NASCAR_2023_5284_adventhealth_400,NASCAR,Stewart-Haas Racing,-0.02011326038441127
NASCAR_2023_5284_adventhealth_400,NASCAR,Team Penske,-0.16494106457956048
NASCAR_2023_5284_adventhealth_400,NASCAR,Trackhouse Racing,-0.01917777145741519
NASCAR_2023_5284_adventhealth_400,NASCAR,Wood Brothers Racing,0.11848283683283498
NASCAR_2023_5285_nascar_all_star_open,NASCAR,Front Row Motorsports,0.1560958044325979
NASCAR_2023_5285_nascar_all_star_open,NASCAR,Hendrick Motorsports,-0.21441414240240253
NASCAR_2023_5285_nascar_all_star_open,NASCAR,Joe Gibbs Racing,-0.2563084343869893
NASCAR_2023_5285_nascar_all_star_open,NASCAR,Kaulig Racing,0.1739068192626681
NASCAR_2023_5285_nascar_all_star_open,NASCAR,Legacy Motor Club,0.1538307735787303
NASCAR_2023_5285_nascar_all_star_open,NASCAR,Live Fast Motorsports,1.0929672772032162
NASCAR_2023_5285_nascar_all_star_open,NASCAR,Rick Ware Racing,0.8971003521528463
NASCAR_2023_5285_nascar_all_star_open,NASCAR,Spire Motorsports,0.41199834863847606
NASCAR_2023_5285_nascar_all_star_open,NASCAR,Stewart-Haas Racing,-0.018205368897199505
NASCAR_2023_5285_nascar_all_star_open,NASCAR,Wood Brothers Racing,0.11895855849187481
NASCAR_2023_5286_nascar_all_star_race,NASCAR,23XI Racing,-0.07834807214068606
NASCAR_2023_5286_nascar_all_star_race,NASCAR,Hendrick Motorsports,-0.2162373643700398
NASCAR_2023_5286_nascar_all_star_race,NASCAR,JTG Daugherty Racing,0.12152967893393367
NASCAR_2023_5286_nascar_all_star_race,NASCAR,Joe Gibbs Racing,-0.2593723539350053
NASCAR_2023_5286_nascar_all_star_race,NASCAR,Legacy Motor Club,0.15286061637660406
NASCAR_2023_5286_nascar_all_star_race,NASCAR,RFK Racing,-0.08654330899444597
NASCAR_2023_5286_nascar_all_star_race,NASCAR,Richard Childress Racing,-0.015860956721992076
NASCAR_2023_5286_nascar_all_star_race,NASCAR,Stewart-Haas Racing,-0.019787662027396628
NASCAR_2023_5286_nascar_all_star_race,NASCAR,Team Penske,-0.1650551893997111
NASCAR_2023_5286_nascar_all_star_race,NASCAR,Trackhouse Racing,-0.01984921318176632
NASCAR_2023_5287_coca_cola_600,NASCAR,23XI Racing,-0.07862261163546835
NASCAR_2023_5287_coca_cola_600,NASCAR,Front Row Motorsports,0.15560756645291599
NASCAR_2023_5287_coca_cola_600,NASCAR,Hendrick Motorsports,-0.21593750831626912
NASCAR_2023_5287_coca_cola_600,NASCAR,JTG Daugherty Racing,0.12785102612759183
NASCAR_2023_5287_coca_cola_600,NASCAR,Joe Gibbs Racing,-0.2581568426618834
NASCAR_2023_5287_coca_cola_600,NASCAR,Kaulig Racing,0.17288226522723765
NASCAR_2023_5287_coca_cola_600,NASCAR,Legacy Motor Club,0.15363291738702498
NASCAR_2023_5287_coca_cola_600,NASCAR,Live Fast Motorsports,1.0893214609470305
NASCAR_2023_5287_coca_cola_600,NASCAR,RFK Racing,-0.08510662264268314
NASCAR_2023_5287_coca_cola_600,NASCAR,Richard Childress Racing,-0.014382553325409409
NASCAR_2023_5287_coca_cola_600,NASCAR,Rick Ware Racing,0.8947492766248107
NASCAR_2023_5287_coca_cola_600,NASCAR,Spire Motorsports,0.41124163512642536
NASCAR_2023_5287_coca_cola_600,NASCAR,Stewart-Haas Racing,-0.02067515391117054
NASCAR_2023_5287_coca_cola_600,NASCAR,Team Penske,-0.16466125255944697
NASCAR_2023_5287_coca_cola_600,NASCAR,Trackhouse Racing,-0.021601551472418663
NASCAR_2023_5287_coca_cola_600,NASCAR,Wood Brothers Racing,0.1183148050013449
NASCAR_2023_5288_enjoy_illinois_300,NASCAR,23XI Racing,-0.07926967037129577
NASCAR_2023_5288_enjoy_illinois_300,NASCAR,Front Row Motorsports,0.15511046618763688
NASCAR_2023_5288_enjoy_illinois_300,NASCAR,Hendrick Motorsports,-0.21668278486831796
NASCAR_2023_5288_enjoy_illinois_300,NASCAR,JTG Daugherty Racing,0.12855869465918582
NASCAR_2023_5288_enjoy_illinois_300,NASCAR,Joe Gibbs Racing,-0.2581854801423323
NASCAR_2023_5288_enjoy_illinois_300,NASCAR,Kaulig Racing,0.17267062634166774
NASCAR_2023_5288_enjoy_illinois_300,NASCAR,Legacy Motor Club,0.15181076129991633
NASCAR_2023_5288_enjoy_illinois_300,NASCAR,Live Fast Motorsports,1.0906638543174871
NASCAR_2023_5288_enjoy_illinois_300,NASCAR,RFK Racing,-0.08825559652052599
NASCAR_2023_5288_enjoy_illinois_300,NASCAR,Richard Childress Racing,-0.013166152073200205
NASCAR_2023_5288_enjoy_illinois_300,NASCAR,Rick Ware Racing,0.8936441754287773
NASCAR_2023_5288_enjoy_illinois_300,NASCAR,Spire Motorsports,0.4111657717534039
NASCAR_2023_5288_enjoy_illinois_300,NASCAR,Stewart-Haas Racing,-0.020288591818706684
NASCAR_2023_5288_enjoy_illinois_300,NASCAR,Team Penske,-0.16282215816383652
NASCAR_2023_5288_enjoy_illinois_300,NASCAR,Trackhouse Racing,-0.017106657349702657
NASCAR_2023_5288_enjoy_illinois_300,NASCAR,Wood Brothers Racing,0.11913358888944357
NASCAR_2023_5289_toyota_save_mart_350,NASCAR,23XI Racing,-0.0799279140227163
NASCAR_2023_5289_toyota_save_mart_350,NASCAR,Front Row Motorsports,0.15611620263141926
NASCAR_2023_5289_toyota_save_mart_350,NASCAR,Hendrick Motorsports,-0.21600263264451633
NASCAR_2023_5289_toyota_save_mart_350,NASCAR,JTG Daugherty Racing,0.12750526265147796
NASCAR_2023_5289_toyota_save_mart_350,NASCAR,Joe Gibbs Racing,-0.25762785934901233
NASCAR_2023_5289_toyota_save_mart_350,NASCAR,Kaulig Racing,0.17401805764440204
NASCAR_2023_5289_toyota_save_mart_350,NASCAR,Legacy Motor Club,0.14887504934432425
NASCAR_2023_5289_toyota_save_mart_350,NASCAR,Live Fast Motorsports,1.095967910211487
NASCAR_2023_5289_toyota_save_mart_350,NASCAR,RFK Racing,-0.0843744478662738
NASCAR_2023_5289_toyota_save_mart_350,NASCAR,Richard Childress Racing,-0.013874864182766532
NASCAR_2023_5289_toyota_save_mart_350,NASCAR,Rick Ware Racing,0.8947995803429224
NASCAR_2023_5289_toyota_save_mart_350,NASCAR,Spire Motorsports,0.4125662062597156
NASCAR_2023_5289_toyota_save_mart_350,NASCAR,Stewart-Haas Racing,-0.020127027510963496
NASCAR_2023_5289_toyota_save_mart_350,NASCAR,Team Penske,-0.1657084044380769
NASCAR_2023_5289_toyota_save_mart_350,NASCAR,Trackhouse Racing,-0.02081394069680829
NASCAR_2023_5289_toyota_save_mart_350,NASCAR,Wood Brothers Racing,0.11625185770808594
NASCAR_2023_5290_ally_400,NASCAR,23XI Racing,-0.07991560234618478
NASCAR_2023_5290_ally_400,NASCAR,Front Row Motorsports,0.1512785144368751
NASCAR_2023_5290_ally_400,NASCAR,Hendrick Motorsports,-0.21516204685862497
NASCAR_2023_5290_ally_400,NASCAR,JTG Daugherty Racing,0.1266527621813523
NASCAR_2023_5290_ally_400,NASCAR,Joe Gibbs Racing,-0.2573445735543091
NASCAR_2023_5290_ally_400,NASCAR,Kaulig Racing,0.1735470381897034
NASCAR_2023_5290_ally_400,NASCAR,Legacy Motor Club,0.15412747456518058
NASCAR_2023_5290_ally_400,NASCAR,Live Fast Motorsports,1.0889133568267906
NASCAR_2023_5290_ally_400,NASCAR,RFK Racing,-0.08531677719437313
NASCAR_2023_5290_ally_400,NASCAR,Richard Childress Racing,-0.014456644827421152
NASCAR_2023_5290_ally_400,NASCAR,Rick Ware Racing,0.8931366297831651
NASCAR_2023_5290_ally_400,NASCAR,Spire Motorsports,0.4122461507660013
NASCAR_2023_5290_ally_400,NASCAR,Stewart-Haas Racing,-0.02108740833995463
NASCAR_2023_5290_ally_400,NASCAR,Team Penske,-0.16551707976327365
NASCAR_2023_5290_ally_400,NASCAR,Trackhouse Racing,-0.017845909167220342
NASCAR_2023_5290_ally_400,NASCAR,Wood Brothers Racing,0.11880600890333107
NASCAR_2023_5291_grant_park_220,NASCAR,23XI Racing,-0.07993572540542002
NASCAR_2023_5291_grant_park_220,NASCAR,Front Row Motorsports,0.15649769054369012
NASCAR_2023_5291_grant_park_220,NASCAR,Hendrick Motorsports,-0.21686323254550455
NASCAR_2023_5291_grant_park_220,NASCAR,JTG Daugherty Racing,0.12549962529420652
NASCAR_2023_5291_grant_park_220,NASCAR,Joe Gibbs Racing,-0.2587991349940076
NASCAR_2023_5291_grant_park_220,NASCAR,Kaulig Racing,0.1732222055128094
NASCAR_2023_5291_grant_park_220,NASCAR,Legacy Motor Club,0.15412747456518058
NASCAR_2023_5291_grant_park_220,NASCAR,Live Fast Motorsports,1.0983853170374787
NASCAR_2023_5291_grant_park_220,NASCAR,RFK Racing,-0.08670675422283075
NASCAR_2023_5291_grant_park_220,NASCAR,Richard Childress Racing,-0.014382100633952653
NASCAR_2023_5291_grant_park_220,NASCAR,Rick Ware Racing,0.8970688511245003
NASCAR_2023_5291_grant_park_220,NASCAR,Spire Motorsports,0.413506764069472
NASCAR_2023_5291_grant_park_220,NASCAR,Stewart-Haas Racing,-0.020008221023884807
NASCAR_2023_5291_grant_park_220,NASCAR,Team Penske,-0.16504154027128878
NASCAR_2023_5291_grant_park_220,NASCAR,Trackhouse Racing,-0.020460931074486526
NASCAR_2023_5291_grant_park_220,NASCAR,Wood Brothers Racing,0.11801742284112315
NASCAR_2023_5292_quaker_state_400,NASCAR,23XI Racing,-0.07983881403584654
NASCAR_2023_5292_quaker_state_400,NASCAR,Beard Motorsports,0.446815911439961
NASCAR_2023_5292_quaker_state_400,NASCAR,Front Row Motorsports,0.15614247936798534
NASCAR_2023_5292_quaker_state_400,NASCAR,Hendrick Motorsports,-0.21679208128401253
NASCAR_2023_5292_quaker_state_400,NASCAR,JTG Daugherty Racing,0.12671866640985485
NASCAR_2023_5292_quaker_state_400,NASCAR,Joe Gibbs Racing,-0.2591605222635723
NASCAR_2023_5292_quaker_state_400,NASCAR,Kaulig Racing,0.17364903433768594
NASCAR_2023_5292_quaker_state_400,NASCAR,Legacy Motor Club,0.15421217828748876
NASCAR_2023_5292_quaker_state_400,NASCAR,Live Fast Motorsports,1.0978309600671528
NASCAR_2023_5292_quaker_state_400,NASCAR,RFK Racing,-0.08604323777417335
NASCAR_2023_5292_quaker_state_400,NASCAR,Richard Childress Racing,-0.014801629287702178
NASCAR_2023_5292_quaker_state_400,NASCAR,Rick Ware Racing,0.8971287848492957
NASCAR_2023_5292_quaker_state_400,NASCAR,Spire Motorsports,0.41222985394800926
NASCAR_2023_5292_quaker_state_400,NASCAR,Stewart-Haas Racing,-0.019877147337379022
NASCAR_2023_5292_quaker_state_400,NASCAR,Team Penske,-0.16487225605340405
NASCAR_2023_5292_quaker_state_400,NASCAR,Trackhouse Racing,-0.02088619306799692
NASCAR_2023_5292_quaker_state_400,NASCAR,Wood Brothers Racing,0.11067896767103413
NASCAR_2023_5293_crayon_301,NASCAR,23XI Racing,-0.07835569019438339
NASCAR_2023_5293_crayon_301,NASCAR,Front Row Motorsports,0.15592319243276753
NASCAR_2023_5293_crayon_301,NASCAR,Hendrick Motorsports,-0.2165865620770757
NASCAR_2023_5293_crayon_301,NASCAR,JTG Daugherty Racing,0.12596712929415937
NASCAR_2023_5293_crayon_301,NASCAR,Joe Gibbs Racing,-0.2574412717359756
NASCAR_2023_5293_crayon_301,NASCAR,Kaulig Racing,0.17215653681811852
NASCAR_2023_5293_crayon_301,NASCAR,Legacy Motor Club,0.14893265974144257
NASCAR_2023_5293_crayon_301,NASCAR,Live Fast Motorsports,1.0853487910846493
NASCAR_2023_5293_crayon_301,NASCAR,RFK Racing,-0.08464467924483897
NASCAR_2023_5293_crayon_301,NASCAR,Richard Childress Racing,-0.015591982655263209
NASCAR_2023_5293_crayon_301,NASCAR,Rick Ware Racing,0.8943093938946804
NASCAR_2023_5293_crayon_301,NASCAR,Spire Motorsports,0.4105001325711078
NASCAR_2023_5293_crayon_301,NASCAR,Stewart-Haas Racing,-0.0192809926104482
NASCAR_2023_5293_crayon_301,NASCAR,Team Penske,-0.16379184121771406
NASCAR_2023_5293_crayon_301,NASCAR,Trackhouse Racing,-0.021287381929511608
NASCAR_2023_5293_crayon_301,NASCAR,Wood Brothers Racing,0.11893853748081962
NASCAR_2023_5294_highpoint_com_400,NASCAR,23XI Racing,-0.07853160872579698
NASCAR_2023_5294_highpoint_com_400,NASCAR,Front Row Motorsports,0.1553884696715295
NASCAR_2023_5294_highpoint_com_400,NASCAR,Hendrick Motorsports,-0.2154360437514104
NASCAR_2023_5294_highpoint_com_400,NASCAR,JTG Daugherty Racing,0.12670716600459817
NASCAR_2023_5294_highpoint_com_400,NASCAR,Joe Gibbs Racing,-0.25757058755888484
NASCAR_2023_5294_highpoint_com_400,NASCAR,Kaulig Racing,0.17352512170927134
NASCAR_2023_5294_highpoint_com_400,NASCAR,Legacy Motor Club,0.1529756439605034
NASCAR_2023_5294_highpoint_com_400,NASCAR,Live Fast Motorsports,1.09009408454145
NASCAR_2023_5294_highpoint_com_400,NASCAR,RFK Racing,-0.08503519537841128
NASCAR_2023_5294_highpoint_com_400,NASCAR,Richard Childress Racing,-0.014758090202306196
NASCAR_2023_5294_highpoint_com_400,NASCAR,Rick Ware Racing,0.8929370074661713
NASCAR_2023_5294_highpoint_com_400,NASCAR,Spire Motorsports,0.4113890308633078
NASCAR_2023_5294_highpoint_com_400,NASCAR,Stewart-Haas Racing,-0.020798894964133972
NASCAR_2023_5294_highpoint_com_400,NASCAR,Team Penske,-0.16496099195364539
NASCAR_2023_5294_highpoint_com_400,NASCAR,Trackhouse Racing,-0.021334334399963815
NASCAR_2023_5294_highpoint_com_400,NASCAR,Wood Brothers Racing,0.11766511500839111
NASCAR_2023_5295_verizon_200_at_the_brickyard,NASCAR,23XI Racing,-0.07956203354172252
NASCAR_2023_5295_verizon_200_at_the_brickyard,NASCAR,Front Row Motorsports,0.1565046172442575
NASCAR_2023_5295_verizon_200_at_the_brickyard,NASCAR,Hendrick Motorsports,-0.21542584744519322
NASCAR_2023_5295_verizon_200_at_the_brickyard,NASCAR,JTG Daugherty Racing,0.12448082299960979
NASCAR_2023_5295_verizon_200_at_the_brickyard,NASCAR,Joe Gibbs Racing,-0.25849627068336894
NASCAR_2023_5295_verizon_200_at_the_brickyard,NASCAR,Kaulig Racing,0.17162510957693253
NASCAR_2023_5295_verizon_200_at_the_brickyard,NASCAR,Legacy Motor Club,0.1512206073391649
NASCAR_2023_5295_verizon_200_at_the_brickyard,NASCAR,Live Fast Motorsports,1.093423803473388
NASCAR_2023_5295_verizon_200_at_the_brickyard,NASCAR,RFK Racing,-0.08571585295448836
NASCAR_2023_5295_verizon_200_at_the_brickyard,NASCAR,Richard Childress Racing,-0.013941539357954847
NASCAR_2023_5295_verizon_200_at_the_brickyard,NASCAR,Rick Ware Racing,0.8958971482574015
NASCAR_2023_5295_verizon_200_at_the_brickyard,NASCAR,Spire Motorsports,0.4115540468745612
NASCAR_2023_5295_verizon_200_at_the_brickyard,NASCAR,Stewart-Haas Racing,-0.020980883389708268
NASCAR_2023_5295_verizon_200_at_the_brickyard,NASCAR,Team Penske,-0.1654190258222734
NASCAR_2023_5295_verizon_200_at_the_brickyard,NASCAR,Trackhouse Racing,-0.017875339179079516
NASCAR_2023_5295_verizon_200_at_the_brickyard,NASCAR,Wood Brothers Racing,0.1186997407363607
NASCAR_2023_5296_firekeepers_casino_400,NASCAR,23XI Racing,-0.07848535570551131
NASCAR_2023_5296_firekeepers_casino_400,NASCAR,Beard Motorsports,0.43444968713446436
NASCAR_2023_5296_firekeepers_casino_400,NASCAR,Front Row Motorsports,0.15412740811317885
NASCAR_2023_5296_firekeepers_casino_400,NASCAR,Hendrick Motorsports,-0.21555662665246786
NASCAR_2023_5296_firekeepers_casino_400,NASCAR,JTG Daugherty Racing,0.1263576015752182
NASCAR_2023_5296_firekeepers_casino_400,NASCAR,Joe Gibbs Racing,-0.2578726154811945
NASCAR_2023_5296_firekeepers_casino_400,NASCAR,Kaulig Racing,0.17240649611005146
NASCAR_2023_5296_firekeepers_casino_400,NASCAR,Legacy Motor Club,0.1552989239174564
NASCAR_2023_5296_firekeepers_casino_400,NASCAR,Live Fast Motorsports,1.0883616540577008
NASCAR_2023_5296_firekeepers_casino_400,NASCAR,RFK Racing,-0.08252846412972212
NASCAR_2023_5296_firekeepers_casino_400,NASCAR,Richard Childress Racing,-0.014811553227925186
NASCAR_2023_5296_firekeepers_casino_400,NASCAR,Rick Ware Racing,0.8934438476748614
NASCAR_2023_5296_firekeepers_casino_400,NASCAR,Spire Motorsports,0.4128791362406857
NASCAR_2023_5296_firekeepers_casino_400,NASCAR,Stewart-Haas Racing,-0.020568502443009087
NASCAR_2023_5296_firekeepers_casino_400,NASCAR,Team Penske,-0.16449656697646917
NASCAR_2023_5296_firekeepers_casino_400,NASCAR,Trackhouse Racing,-0.01867911064729333
NASCAR_2023_5296_firekeepers_casino_400,NASCAR,Wood Brothers Racing,0.11965758265013922
NASCAR_2023_5297_cook_out_400,NASCAR,23XI Racing,-0.0782698360372197
NASCAR_2023_5297_cook_out_400,NASCAR,Front Row Motorsports,0.1559413832240593
NASCAR_2023_5297_cook_out_400,NASCAR,Hendrick Motorsports,-0.21685949563176407
NASCAR_2023_5297_cook_out_400,NASCAR,JTG Daugherty Racing,0.12739979449529423
NASCAR_2023_5297_cook_out_400,NASCAR,Joe Gibbs Racing,-0.25867870843129287
NASCAR_2023_5297_cook_out_400,NASCAR,Kaulig Racing,0.17171375415801016
NASCAR_2023_5297_cook_out_400,NASCAR,Legacy Motor Club,0.15305275300798896
NASCAR_2023_5297_cook_out_400,NASCAR,Live Fast Motorsports,1.0906213341761186
NASCAR_2023_5297_cook_out_400,NASCAR,RFK Racing,-0.08344541131711415
NASCAR_2023_5297_cook_out_400,NASCAR,Richard Childress Racing,-0.013847953272136029
NASCAR_2023_5297_cook_out_400,NASCAR,Rick Ware Racing,0.8952975880296274
NASCAR_2023_5297_cook_out_400,NASCAR,Spire Motorsports,0.4094161691032903
NASCAR_2023_5297_cook_out_400,NASCAR,Stewart-Haas Racing,-0.018213909358849763
NASCAR_2023_5297_cook_out_400,NASCAR,Team Penske,-0.16491312767504868
NASCAR_2023_5297_cook_out_400,NASCAR,Trackhouse Racing,-0.022404631472451822
NASCAR_2023_5297_cook_out_400,NASCAR,Wood Brothers Racing,0.11657018291407736
NASCAR_2023_5298_go_bowling_at_the_glen,NASCAR,23XI Racing,-0.07877443213757387
NASCAR_2023_5298_go_bowling_at_the_glen,NASCAR,Front Row Motorsports,0.15666496892627446
NASCAR_2023_5298_go_bowling_at_the_glen,NASCAR,Hendrick Motorsports,-0.21616956859731337
NASCAR_2023_5298_go_bowling_at_the_glen,NASCAR,JTG Daugherty Racing,0.1257796421161341
NASCAR_2023_5298_go_bowling_at_the_glen,NASCAR,Joe Gibbs Racing,-0.25596557580433693
NASCAR_2023_5298_go_bowling_at_the_glen,NASCAR,Kaulig Racing,0.17476545733020002
NASCAR_2023_5298_go_bowling_at_the_glen,NASCAR,Legacy Motor Club,0.15236543497207722
NASCAR_2023_5298_go_bowling_at_the_glen,NASCAR,Live Fast Motorsports,1.0940688609338494
NASCAR_2023_5298_go_bowling_at_the_glen,NASCAR,RFK Racing,-0.08540660119833983
NASCAR_2023_5298_go_bowling_at_the_glen,NASCAR,Richard Childress Racing,-0.01380121140051701
NASCAR_2023_5298_go_bowling_at_the_glen,NASCAR,Rick Ware Racing,0.895650197206689
NASCAR_2023_5298_go_bowling_at_the_glen,NASCAR,Spire Motorsports,0.4114037635288769
NASCAR_2023_5298_go_bowling_at_the_glen,NASCAR,Stewart-Haas Racing,-0.02093518772053562
NASCAR_2023_5298_go_bowling_at_the_glen,NASCAR,Team Penske,-0.16497298683263004
NASCAR_2023_5298_go_bowling_at_the_glen,NASCAR,Trackhouse Racing,-0.02113290636221394
NASCAR_2023_5298_go_bowling_at_the_glen,NASCAR,Wood Brothers Racing,0.11476854874099077
NASCAR_2023_5299_coke_zero_sugar_400,NASCAR,23XI Racing,-0.07998822018238959
NASCAR_2023_5299_coke_zero_sugar_400,NASCAR,Beard Motorsports,0.4531826248624625
NASCAR_2023_5299_coke_zero_sugar_400,NASCAR,Front Row Motorsports,0.15623571798756147
NASCAR_2023_5299_coke_zero_sugar_400,NASCAR,Hendrick Motorsports,-0.21691722966313626
NASCAR_2023_5299_coke_zero_sugar_400,NASCAR,JTG Daugherty Racing,0.12727225374960832
NASCAR_2023_5299_coke_zero_sugar_400,NASCAR,Joe Gibbs Racing,-0.25960138786485604
NASCAR_2023_5299_coke_zero_sugar_400,NASCAR,Kaulig Racing,0.17317813431310033
NASCAR_2023_5299_coke_zero_sugar_400,NASCAR,Legacy Motor Club,0.15412747456518058
NASCAR_2023_5299_coke_zero_sugar_400,NASCAR,Live Fast Motorsports,1.0979253871879118
NASCAR_2023_5299_coke_zero_sugar_400,NASCAR,RFK Racing,-0.08561511348322635
NASCAR_2023_5299_coke_zero_sugar_400,NASCAR,Richard Childress Racing,-0.01466533752066174
NASCAR_2023_5299_coke_zero_sugar_400,NASCAR,Rick Ware Racing,0.8975582763001326
NASCAR_2023_5299_coke_zero_sugar_400,NASCAR,Spire Motorsports,0.4136458707608346
NASCAR_2023_5299_coke_zero_sugar_400,NASCAR,Stewart-Haas Racing,-0.019877147337379022
NASCAR_2023_5299_coke_zero_sugar_400,NASCAR,Team Penske,-0.16501008493715463
NASCAR_2023_5299_coke_zero_sugar_400,NASCAR,Trackhouse Racing,-0.020678603856926957
NASCAR_2023_5299_coke_zero_sugar_400,NASCAR,Wood Brothers Racing,0.11949548186976229
NASCAR_2023_5300_cook_out_southern_500,NASCAR,23XI Racing,-0.07855813910198561
NASCAR_2023_5300_cook_out_southern_500,NASCAR,Front Row Motorsports,0.1540028854889643
NASCAR_2023_5300_cook_out_southern_500,NASCAR,Hendrick Motorsports,-0.21575375619733225
NASCAR_2023_5300_cook_out_southern_500,NASCAR,JTG Daugherty Racing,0.126267999095487
NASCAR_2023_5300_cook_out_southern_500,NASCAR,Joe Gibbs Racing,-0.25933653753133135
NASCAR_2023_5300_cook_out_southern_500,NASCAR,Kaulig Racing,0.17306611090140805
NASCAR_2023_5300_cook_out_southern_500,NASCAR,Legacy Motor Club,0.1546592109939027
NASCAR_2023_5300_cook_out_southern_500,NASCAR,Live Fast Motorsports,1.0891134427469116
NASCAR_2023_5300_cook_out_southern_500,NASCAR,RFK Racing,-0.0844996585688998
NASCAR_2023_5300_cook_out_southern_500,NASCAR,Richard Childress Racing,-0.014661111514409937
NASCAR_2023_5300_cook_out_southern_500,NASCAR,Rick Ware Racing,0.895462403308267
NASCAR_2023_5300_cook_out_southern_500,NASCAR,Spire Motorsports,0.41236609331559787
NASCAR_2023_5300_cook_out_southern_500,NASCAR,Stewart-Haas Racing,-0.01989829527792516
NASCAR_2023_5300_cook_out_southern_500,NASCAR,Team Penske,-0.16504154027128878
NASCAR_2023_5300_cook_out_southern_500,NASCAR,Trackhouse Racing,-0.0206205350827811
NASCAR_2023_5300_cook_out_southern_500,NASCAR,Wood Brothers Racing,0.11876209475753165
NASCAR_2023_5301_hollywood_casino_400,NASCAR,23XI Racing,-0.07680866385488856
NASCAR_2023_5301_hollywood_casino_400,NASCAR,Front Row Motorsports,0.1541011115079228
NASCAR_2023_5301_hollywood_casino_400,NASCAR,Hendrick Motorsports,-0.21603916042768173
NASCAR_2023_5301_hollywood_casino_400,NASCAR,JTG Daugherty Racing,0.12532975009738573
NASCAR_2023_5301_hollywood_casino_400,NASCAR,Joe Gibbs Racing,-0.25789929978648163
NASCAR_2023_5301_hollywood_casino_400,NASCAR,Kaulig Racing,0.1728635514606455
NASCAR_2023_5301_hollywood_casino_400,NASCAR,Legacy Motor Club,0.15477885395451835
NASCAR_2023_5301_hollywood_casino_400,NASCAR,Live Fast Motorsports,1.0908030431352314
NASCAR_2023_5301_hollywood_casino_400,NASCAR,RFK Racing,-0.08450236733601946
NASCAR_2023_5301_hollywood_casino_400,NASCAR,Richard Childress Racing,-0.014512681704366273
NASCAR_2023_5301_hollywood_casino_400,NASCAR,Rick Ware Racing,0.8942561783672839
NASCAR_2023_5301_hollywood_casino_400,NASCAR,Spire Motorsports,0.4113198597054598
NASCAR_2023_5301_hollywood_casino_400,NASCAR,Stewart-Haas Racing,-0.02022907697580833
NASCAR_2023_5301_hollywood_casino_400,NASCAR,Team Penske,-0.16492613238117113
NASCAR_2023_5301_hollywood_casino_400,NASCAR,Trackhouse Racing,-0.020282440467981357
NASCAR_2023_5301_hollywood_casino_400,NASCAR,Wood Brothers Racing,0.11789200074294356
NASCAR_2023_5302_bass_pro_shops_night_race,NASCAR,23XI Racing,-0.07947698865921828
NASCAR_2023_5302_bass_pro_shops_night_race,NASCAR,Front Row Motorsports,0.15684687694264468
NASCAR_2023_5302_bass_pro_shops_night_race,NASCAR,Hendrick Motorsports,-0.2160371207949133
NASCAR_2023_5302_bass_pro_shops_night_race,NASCAR,JTG Daugherty Racing,0.12713320604537043
NASCAR_2023_5302_bass_pro_shops_night_race,NASCAR,Joe Gibbs Racing,-0.25756955652853386
NASCAR_2023_5302_bass_pro_shops_night_race,NASCAR,Kaulig Racing,0.16846359246296183
NASCAR_2023_5302_bass_pro_shops_night_race,NASCAR,Legacy Motor Club,0.15487494308333508
NASCAR_2023_5302_bass_pro_shops_night_race,NASCAR,Live Fast Motorsports,1.0870457744027326
NASCAR_2023_5302_bass_pro_shops_night_race,NASCAR,RFK Racing,-0.08434488474268587
NASCAR_2023_5302_bass_pro_shops_night_race,NASCAR,Richard Childress Racing,-0.014645965145385577
NASCAR_2023_5302_bass_pro_shops_night_race,NASCAR,Rick Ware Racing,0.8951068964164345
NASCAR_2023_5302_bass_pro_shops_night_race,NASCAR,Spire Motorsports,0.4125623978066276
NASCAR_2023_5302_bass_pro_shops_night_race,NASCAR,Stewart-Haas Racing,-0.020631984105634917
NASCAR_2023_5302_bass_pro_shops_night_race,NASCAR,Team Penske,-0.1666753624333858
NASCAR_2023_5302_bass_pro_shops_night_race,NASCAR,Trackhouse Racing,-0.021336121901422388
NASCAR_2023_5302_bass_pro_shops_night_race,NASCAR,Wood Brothers Racing,0.11746288647353002
NASCAR_2023_5303_autotrader_echopark_automotive_400,NASCAR,23XI Racing,-0.07834728051284003
NASCAR_2023_5303_autotrader_echopark_automotive_400,NASCAR,Front Row Motorsports,0.15548892930809885
NASCAR_2023_5303_autotrader_echopark_automotive_400,NASCAR,Hendrick Motorsports,-0.21590781850578156
NASCAR_2023_5303_autotrader_echopark_automotive_400,NASCAR,JTG Daugherty Racing,0.12488836110776994
NASCAR_2023_5303_autotrader_echopark_automotive_400,NASCAR,Joe Gibbs Racing,-0.25875989968271934
NASCAR_2023_5303_autotrader_echopark_automotive_400,NASCAR,Kaulig Racing,0.17290589365150424
NASCAR_2023_5303_autotrader_echopark_automotive_400,NASCAR,Legacy Motor Club,0.15626249506637804
NASCAR_2023_5303_autotrader_echopark_automotive_400,NASCAR,Live Fast Motorsports,1.0890362784112655
NASCAR_2023_5303_autotrader_echopark_automotive_400,NASCAR,RFK Racing,-0.0834750539994487
NASCAR_2023_5303_autotrader_echopark_automotive_400,NASCAR,Richard Childress Racing,-0.01294574315229988
NASCAR_2023_5303_autotrader_echopark_automotive_400,NASCAR,Rick Ware Racing,0.8938880953805411
NASCAR_2023_5303_autotrader_echopark_automotive_400,NASCAR,Spire Motorsports,0.4114016762164469
NASCAR_2023_5303_autotrader_echopark_automotive_400,NASCAR,Stewart-Haas Racing,-0.020009338890798596
NASCAR_2023_5303_autotrader_echopark_automotive_400,NASCAR,Team Penske,-0.16649225326162767
NASCAR_2023_5303_autotrader_echopark_automotive_400,NASCAR,Trackhouse Racing,-0.019550568166248485
NASCAR_2023_5303_autotrader_echopark_automotive_400,NASCAR,Wood Brothers Racing,0.1177827921425538
NASCAR_2023_5304_yellawood_500,NASCAR,23XI Racing,-0.07993572540542002
NASCAR_2023_5304_yellawood_500,NASCAR,Front Row Motorsports,0.15611895030344866
NASCAR_2023_5304_yellawood_500,NASCAR,Hendrick Motorsports,-0.21702216413330905
NASCAR_2023_5304_yellawood_500,NASCAR,JTG Daugherty Racing,0.12676060652658944
NASCAR_2023_5304_yellawood_500,NASCAR,Joe Gibbs Racing,-0.2591963643984886
NASCAR_2023_5304_yellawood_500,NASCAR,Kaulig Racing,0.17305658921468883
NASCAR_2023_5304_yellawood_500,NASCAR,Legacy Motor Club,0.15425724876522665
NASCAR_2023_5304_yellawood_500,NASCAR,Live Fast Motorsports,1.098454209589343
NASCAR_2023_5304_yellawood_500,NASCAR,RFK Racing,-0.08607400018202548
NASCAR_2023_5304_yellawood_500,NASCAR,Richard Childress Racing,-0.014747315100843436
NASCAR_2023_5304_yellawood_500,NASCAR,Rick Ware Racing,0.897596301472069
NASCAR_2023_5304_yellawood_500,NASCAR,Spire Motorsports,0.41381574374931107
NASCAR_2023_5304_yellawood_500,NASCAR,Stewart-Haas Racing,-0.019877147337379022
NASCAR_2023_5304_yellawood_500,NASCAR,Team Penske,-0.16505019937178364
NASCAR_2023_5304_yellawood_500,NASCAR,Trackhouse Racing,-0.02076991791237316
NASCAR_2023_5304_yellawood_500,NASCAR,Wood Brothers Racing,0.11952660429929847
NASCAR_2023_5305_bank_of_america_roval_400,NASCAR,23XI Racing,-0.07867862093368923
NASCAR_2023_5305_bank_of_america_roval_400,NASCAR,Beard Motorsports,0.42678795646875867
NASCAR_2023_5305_bank_of_america_roval_400,NASCAR,Front Row Motorsports,0.1545864171638816
NASCAR_2023_5305_bank_of_america_roval_400,NASCAR,Hendrick Motorsports,-0.21601459776638465
NASCAR_2023_5305_bank_of_america_roval_400,NASCAR,JTG Daugherty Racing,0.12472958620577086
NASCAR_2023_5305_bank_of_america_roval_400,NASCAR,Joe Gibbs Racing,-0.2586897866848882
NASCAR_2023_5305_bank_of_america_roval_400,NASCAR,Kaulig Racing,0.17387994286962322
NASCAR_2023_5305_bank_of_america_roval_400,NASCAR,Legacy Motor Club,0.1488450012587793
NASCAR_2023_5305_bank_of_america_roval_400,NASCAR,Live Fast Motorsports,1.0954075472926452
NASCAR_2023_5305_bank_of_america_roval_400,NASCAR,RFK Racing,-0.08491721288761699
NASCAR_2023_5305_bank_of_america_roval_400,NASCAR,Richard Childress Racing,-0.014077808632895447
NASCAR_2023_5305_bank_of_america_roval_400,NASCAR,Rick Ware Racing,0.8956890907838911
NASCAR_2023_5305_bank_of_america_roval_400,NASCAR,Spire Motorsports,0.41188591050545476
NASCAR_2023_5305_bank_of_america_roval_400,NASCAR,Stewart-Haas Racing,-0.020366587268057092
NASCAR_2023_5305_bank_of_america_roval_400,NASCAR,Team Penske,-0.16443661251906508
NASCAR_2023_5305_bank_of_america_roval_400,NASCAR,Trackhouse Racing,-0.019612180024223543
NASCAR_2023_5305_bank_of_america_roval_400,NASCAR,Wood Brothers Racing,0.11785188580836066
NASCAR_2023_5306_south_point_400,NASCAR,23XI Racing,-0.07831525539466079
NASCAR_2023_5306_south_point_400,NASCAR,Front Row Motorsports,0.15465614880479508
NASCAR_2023_5306_south_point_400,NASCAR,Hendrick Motorsports,-0.2151678866250659
NASCAR_2023_5306_south_point_400,NASCAR,JTG Daugherty Racing,0.12514099702508244
NASCAR_2023_5306_south_point_400,NASCAR,Joe Gibbs Racing,-0.25685273402349434
NASCAR_2023_5306_south_point_400,NASCAR,Kaulig Racing,0.17205999162135197
NASCAR_2023_5306_south_point_400,NASCAR,Legacy Motor Club,0.15260259755084554
NASCAR_2023_5306_south_point_400,NASCAR,Live Fast Motorsports,1.0875210665680792
NASCAR_2023_5306_south_point_400,NASCAR,RFK Racing,-0.08283393122538765
NASCAR_2023_5306_south_point_400,NASCAR,Richard Childress Racing,-0.013989518561697677
NASCAR_2023_5306_south_point_400,NASCAR,Rick Ware Racing,0.893016726566328
NASCAR_2023_5306_south_point_400,NASCAR,Spire Motorsports,0.4118376136758323
NASCAR_2023_5306_south_point_400,NASCAR,Stewart-Haas Racing,-0.02033988642876764
NASCAR_2023_5306_south_point_400,NASCAR,Team Penske,-0.16405714622624729
NASCAR_2023_5306_south_point_400,NASCAR,Trackhouse Racing,-0.019705429024110304
NASCAR_2023_5306_south_point_400,NASCAR,Wood Brothers Racing,0.1178526139731767
NASCAR_2023_5307_4ever_400,NASCAR,23XI Racing,-0.07852193731817236
NASCAR_2023_5307_4ever_400,NASCAR,Front Row Motorsports,0.15408283045830268
NASCAR_2023_5307_4ever_400,NASCAR,Hendrick Motorsports,-0.21646176128451491
NASCAR_2023_5307_4ever_400,NASCAR,JTG Daugherty Racing,0.12434301308952089
NASCAR_2023_5307_4ever_400,NASCAR,Joe Gibbs Racing,-0.25750442060041184
NASCAR_2023_5307_4ever_400,NASCAR,Kaulig Racing,0.1731332475925402
NASCAR_2023_5307_4ever_400,NASCAR,Legacy Motor Club,0.1532389708587868
NASCAR_2023_5307_4ever_400,NASCAR,Live Fast Motorsports,1.0926179770437194
NASCAR_2023_5307_4ever_400,NASCAR,RFK Racing,-0.08589479303633997
NASCAR_2023_5307_4ever_400,NASCAR,Richard Childress Racing,-0.014264609102817434
NASCAR_2023_5307_4ever_400,NASCAR,Rick Ware Racing,0.8935245107460934
NASCAR_2023_5307_4ever_400,NASCAR,Spire Motorsports,0.4126640890558565
NASCAR_2023_5307_4ever_400,NASCAR,Stewart-Haas Racing,-0.020038171733132992
NASCAR_2023_5307_4ever_400,NASCAR,Team Penske,-0.16404759563760968
NASCAR_2023_5307_4ever_400,NASCAR,Trackhouse Racing,-0.02064291763236236
NASCAR_2023_5307_4ever_400,NASCAR,Wood Brothers Racing,0.11859698985216717
NASCAR_2023_5308_xfinity_500,NASCAR,23XI Racing,-0.07981602549108073
NASCAR_2023_5308_xfinity_500,NASCAR,Front Row Motorsports,0.15608213972910034
NASCAR_2023_5308_xfinity_500,NASCAR,Hendrick Motorsports,-0.21689342351987168
NASCAR_2023_5308_xfinity_500,NASCAR,JTG Daugherty Racing,0.12515556131339942
NASCAR_2023_5308_xfinity_500,NASCAR,Joe Gibbs Racing,-0.25790368601169517
NASCAR_2023_5308_xfinity_500,NASCAR,Kaulig Racing,0.16936939288437206
NASCAR_2023_5308_xfinity_500,NASCAR,Legacy Motor Club,0.150825695803129
NASCAR_2023_5308_xfinity_500,NASCAR,Live Fast Motorsports,1.0895902708381446
NASCAR_2023_5308_xfinity_500,NASCAR,RFK Racing,-0.08500907598582647
NASCAR_2023_5308_xfinity_500,NASCAR,Richard Childress Racing,-0.015868707844372092
NASCAR_2023_5308_xfinity_500,NASCAR,Rick Ware Racing,0.8942397244326193
NASCAR_2023_5308_xfinity_500,NASCAR,Spire Motorsports,0.4124794988144824
NASCAR_2023_5308_xfinity_500,NASCAR,Stewart-Haas Racing,-0.018267448408062922
NASCAR_2023_5308_xfinity_500,NASCAR,Team Penske,-0.16341864470686338
NASCAR_2023_5308_xfinity_500,NASCAR,Trackhouse Racing,-0.02051748471988522
NASCAR_2023_5308_xfinity_500,NASCAR,Wood Brothers Racing,0.11907048413449892
NASCAR_2023_5309_nascar_cup_series_championship,NASCAR,23XI Racing,-0.07934361075430052
NASCAR_2023_5309_nascar_cup_series_championship,NASCAR,Front Row Motorsports,0.15483307880111694
NASCAR_2023_5309_nascar_cup_series_championship,NASCAR,Hendrick Motorsports,-0.21624142250160608
NASCAR_2023_5309_nascar_cup_series_championship,NASCAR,JTG Daugherty Racing,0.12421030777142991
NASCAR_2023_5309_nascar_cup_series_championship,NASCAR,Joe Gibbs Racing,-0.25808454967243977
NASCAR_2023_5309_nascar_cup_series_championship,NASCAR,Kaulig Racing,0.1692902544297362
NASCAR_2023_5309_nascar_cup_series_championship,NASCAR,Legacy Motor Club,0.15458170126204615
NASCAR_2023_5309_nascar_cup_series_championship,NASCAR,Live Fast Motorsports,1.0887192765122424
NASCAR_2023_5309_nascar_cup_series_championship,NASCAR,RFK Racing,-0.08265657845483344
NASCAR_2023_5309_nascar_cup_series_championship,NASCAR,Richard Childress Racing,-0.014837661612065614
NASCAR_2023_5309_nascar_cup_series_championship,NASCAR,Rick Ware Racing,0.8935047319869078
NASCAR_2023_5309_nascar_cup_series_championship,NASCAR,Spire Motorsports,0.4093253504552918
NASCAR_2023_5309_nascar_cup_series_championship,NASCAR,Stewart-Haas Racing,-0.01947956067578792
NASCAR_2023_5309_nascar_cup_series_championship,NASCAR,Team Penske,-0.16443054521686964
NASCAR_2023_5309_nascar_cup_series_championship,NASCAR,Trackhouse Racing,-0.017647036544642787
NASCAR_2023_5309_nascar_cup_series_championship,NASCAR,Wood Brothers Racing,0.11765262586195378
NASCAR_2024_5376_busch_light_clash_at_the_coliseum,NASCAR,23XI Racing,-0.07993572540542002
NASCAR_2024_5376_busch_light_clash_at_the_coliseum,NASCAR,Front Row Motorsports,0.15486577145341165
NASCAR_2024_5376_busch_light_clash_at_the_coliseum,NASCAR,Hendrick Motorsports,-0.2164936245984438
NASCAR_2024_5376_busch_light_clash_at_the_coliseum,NASCAR,JTG Daugherty Racing,0.12385706032724968
NASCAR_2024_5376_busch_light_clash_at_the_coliseum,NASCAR,Joe Gibbs Racing,-0.25851161239590276
NASCAR_2024_5376_busch_light_clash_at_the_coliseum,NASCAR,Legacy Motor Club,0.15039614803861018
NASCAR_2024_5376_busch_light_clash_at_the_coliseum,NASCAR,RFK Racing,-0.08648705796220739
NASCAR_2024_5376_busch_light_clash_at_the_coliseum,NASCAR,Richard Childress Racing,-0.013559209913208312
NASCAR_2024_5376_busch_light_clash_at_the_coliseum,NASCAR,Rick Ware Racing,0.8980638114812836
NASCAR_2024_5376_busch_light_clash_at_the_coliseum,NASCAR,Spire Motorsports,0.41114563424692596
NASCAR_2024_5376_busch_light_clash_at_the_coliseum,NASCAR,Stewart-Haas Racing,-0.02095453716603292
NASCAR_2024_5376_busch_light_clash_at_the_coliseum,NASCAR,Team Penske,-0.1637630324871858
NASCAR_2024_5376_busch_light_clash_at_the_coliseum,NASCAR,Trackhouse Racing,-0.021124829155452714
NASCAR_2024_5383_bluegreen_vacations_duel_1_at_daytona,NASCAR,23XI Racing,-0.07985306029941808
NASCAR_2024_5383_bluegreen_vacations_duel_1_at_daytona,NASCAR,Beard Motorsports,0.38900361806278483
NASCAR_2024_5383_bluegreen_vacations_duel_1_at_daytona,NASCAR,Front Row Motorsports,0.15585813348142677
NASCAR_2024_5383_bluegreen_vacations_duel_1_at_daytona,NASCAR,Hendrick Motorsports,-0.21689725422051723
NASCAR_2024_5383_bluegreen_vacations_duel_1_at_daytona,NASCAR,JTG Daugherty Racing,0.1284384543524977
NASCAR_2024_5383_bluegreen_vacations_duel_1_at_daytona,NASCAR,Joe Gibbs Racing,-0.25932793017100503
NASCAR_2024_5383_bluegreen_vacations_duel_1_at_daytona,NASCAR,Kaulig Racing,0.17386735867371655
NASCAR_2024_5383_bluegreen_vacations_duel_1_at_daytona,NASCAR,Legacy Motor Club,0.15501810305773284
NASCAR_2024_5383_bluegreen_vacations_duel_1_at_daytona,NASCAR,NY Racing Team,1.0648384364757686
NASCAR_2024_5383_bluegreen_vacations_duel_1_at_daytona,NASCAR,RFK Racing,-0.08713877771743736
NASCAR_2024_5383_bluegreen_vacations_duel_1_at_daytona,NASCAR,Richard Childress Racing,-0.01464552016039116
NASCAR_2024_5383_bluegreen_vacations_duel_1_at_daytona,NASCAR,Spire Motorsports,0.41369844323085603
NASCAR_2024_5383_bluegreen_vacations_duel_1_at_daytona,NASCAR,Stewart-Haas Racing,-0.020159787593676388
NASCAR_2024_5383_bluegreen_vacations_duel_1_at_daytona,NASCAR,Team Penske,-0.16533374969764203
NASCAR_2024_5383_bluegreen_vacations_duel_1_at_daytona,NASCAR,Trackhouse Racing,-0.020630927118673457
NASCAR_2024_5384_bluegreen_vacations_duel_2_at_daytona,NASCAR,23XI Racing,-0.07890146411361602
NASCAR_2024_5384_bluegreen_vacations_duel_2_at_daytona,NASCAR,Front Row Motorsports,0.15558657775673107
NASCAR_2024_5384_bluegreen_vacations_duel_2_at_daytona,NASCAR,Hendrick Motorsports,-0.21714001308558303
NASCAR_2024_5384_bluegreen_vacations_duel_2_at_daytona,NASCAR,Joe Gibbs Racing,-0.2593854456093948
NASCAR_2024_5384_bluegreen_vacations_duel_2_at_daytona,NASCAR,Kaulig Racing,0.173051112711175
NASCAR_2024_5384_bluegreen_vacations_duel_2_at_daytona,NASCAR,Legacy Motor Club,0.15413954076224398
NASCAR_2024_5384_bluegreen_vacations_duel_2_at_daytona,NASCAR,Live Fast Motorsports,1.1004984249952767
NASCAR_2024_5384_bluegreen_vacations_duel_2_at_daytona,NASCAR,RFK Racing,-0.08616884512712863
NASCAR_2024_5384_bluegreen_vacations_duel_2_at_daytona,NASCAR,Richard Childress Racing,-0.014955857345985722
NASCAR_2024_5384_bluegreen_vacations_duel_2_at_daytona,NASCAR,Rick Ware Racing,0.8978929612343962
NASCAR_2024_5384_bluegreen_vacations_duel_2_at_daytona,NASCAR,Spire Motorsports,0.41461500643514165
NASCAR_2024_5384_bluegreen_vacations_duel_2_at_daytona,NASCAR,Stewart-Haas Racing,-0.019877147337379022
NASCAR_2024_5384_bluegreen_vacations_duel_2_at_daytona,NASCAR,Team Penske,-0.16518882972724105
NASCAR_2024_5384_bluegreen_vacations_duel_2_at_daytona,NASCAR,Wood Brothers Racing,0.11974163474525336
NASCAR_2024_5385_daytona_500,NASCAR,23XI Racing,-0.07978985718479419
NASCAR_2024_5385_daytona_500,NASCAR,Beard Motorsports,0.45419455978881573
NASCAR_2024_5385_daytona_500,NASCAR,Front Row Motorsports,0.15604299673114588
NASCAR_2024_5385_daytona_500,NASCAR,Hendrick Motorsports,-0.21689342351987168
NASCAR_2024_5385_daytona_500,NASCAR,JTG Daugherty Racing,0.12688343402406846
NASCAR_2024_5385_daytona_500,NASCAR,Joe Gibbs Racing,-0.2594080359626737
NASCAR_2024_5385_daytona_500,NASCAR,Kaulig Racing,0.17314605140934022
NASCAR_2024_5385_daytona_500,NASCAR,Legacy Motor Club,0.1540764785546916
NASCAR_2024_5385_daytona_500,NASCAR,RFK Racing,-0.08609316983504335
NASCAR_2024_5385_daytona_500,NASCAR,Richard Childress Racing,-0.014650195251042436
NASCAR_2024_5385_daytona_500,NASCAR,Rick Ware Racing,0.8973822854223245
NASCAR_2024_5385_daytona_500,NASCAR,Spire Motorsports,0.41364464537408147
NASCAR_2024_5385_daytona_500,NASCAR,Stewart-Haas Racing,-0.019888852595260423
NASCAR_2024_5385_daytona_500,NASCAR,Team Penske,-0.16504154027128878
NASCAR_2024_5385_daytona_500,NASCAR,Trackhouse Racing,-0.020581731477976845
NASCAR_2024_5385_daytona_500,NASCAR,Wood Brothers Racing,0.11797291601147154
NASCAR_2024_5386_iowa_corn_350,NASCAR,23XI Racing,-0.07985590926408637
NASCAR_2024_5386_iowa_corn_350,NASCAR,Front Row Motorsports,0.15629896738205068
NASCAR_2024_5386_iowa_corn_350,NASCAR,Hendrick Motorsports,-0.21460953083118758
NASCAR_2024_5386_iowa_corn_350,NASCAR,JTG Daugherty Racing,0.12685387037909127
NASCAR_2024_5386_iowa_corn_350,NASCAR,Joe Gibbs Racing,-0.2595844026083046
NASCAR_2024_5386_iowa_corn_350,NASCAR,Kaulig Racing,0.16841054902301805
NASCAR_2024_5386_iowa_corn_350,NASCAR,Legacy Motor Club,0.15143423407393103
NASCAR_2024_5386_iowa_corn_350,NASCAR,RFK Racing,-0.08592797929600714
NASCAR_2024_5386_iowa_corn_350,NASCAR,Richard Childress Racing,-0.014873540731279465
NASCAR_2024_5386_iowa_corn_350,NASCAR,Rick Ware Racing,0.8963992457676767
NASCAR_2024_5386_iowa_corn_350,NASCAR,Spire Motorsports,0.4122070936050602
NASCAR_2024_5386_iowa_corn_350,NASCAR,Stewart-Haas Racing,-0.019877147337379022
NASCAR_2024_5386_iowa_corn_350,NASCAR,Team Penske,-0.1639704347187543
NASCAR_2024_5386_iowa_corn_350,NASCAR,Trackhouse Racing,-0.018572018559903723
NASCAR_2024_5386_iowa_corn_350,NASCAR,Wood Brothers Racing,0.1189034315765264
NASCAR_2024_5387_pennzoil_400,NASCAR,23XI Racing,-0.07778562548220941
NASCAR_2024_5387_pennzoil_400,NASCAR,Front Row Motorsports,0.1549876726077653
NASCAR_2024_5387_pennzoil_400,NASCAR,Hendrick Motorsports,-0.21567517793613006
NASCAR_2024_5387_pennzoil_400,NASCAR,JTG Daugherty Racing,0.12561746278305674
NASCAR_2024_5387_pennzoil_400,NASCAR,Joe Gibbs Racing,-0.25796787361732304
NASCAR_2024_5387_pennzoil_400,NASCAR,Kaulig Racing,0.1710298830792592
NASCAR_2024_5387_pennzoil_400,NASCAR,Legacy Motor Club,0.15305917140124015
NASCAR_2024_5387_pennzoil_400,NASCAR,NY Racing Team,0.9801841196171162
NASCAR_2024_5387_pennzoil_400,NASCAR,RFK Racing,-0.08610694269630235
NASCAR_2024_5387_pennzoil_400,NASCAR,Richard Childress Racing,-0.014269708437164566
NASCAR_2024_5387_pennzoil_400,NASCAR,Rick Ware Racing,0.8954158612513843
NASCAR_2024_5387_pennzoil_400,NASCAR,Spire Motorsports,0.4137441627370094
NASCAR_2024_5387_pennzoil_400,NASCAR,Stewart-Haas Racing,-0.020339177277123213
NASCAR_2024_5387_pennzoil_400,NASCAR,Team Penske,-0.16431498674964448
NASCAR_2024_5387_pennzoil_400,NASCAR,Trackhouse Racing,-0.019755836101510264
NASCAR_2024_5387_pennzoil_400,NASCAR,Wood Brothers Racing,0.11827839606106168
NASCAR_2024_5388_shriners_children_s_500,NASCAR,23XI Racing,-0.07904829969090257
NASCAR_2024_5388_shriners_children_s_500,NASCAR,Front Row Motorsports,0.15579453496693835
NASCAR_2024_5388_shriners_children_s_500,NASCAR,Hendrick Motorsports,-0.2163678228397152
NASCAR_2024_5388_shriners_children_s_500,NASCAR,JTG Daugherty Racing,0.12368398846031187
NASCAR_2024_5388_shriners_children_s_500,NASCAR,Joe Gibbs Racing,-0.25741654273098474
NASCAR_2024_5388_shriners_children_s_500,NASCAR,Kaulig Racing,0.16962461497146444
NASCAR_2024_5388_shriners_children_s_500,NASCAR,Legacy Motor Club,0.15371525822486867
NASCAR_2024_5388_shriners_children_s_500,NASCAR,RFK Racing,-0.08415664151668746
NASCAR_2024_5388_shriners_children_s_500,NASCAR,Richard Childress Racing,-0.018538825163993387
NASCAR_2024_5388_shriners_children_s_500,NASCAR,Rick Ware Racing,0.8948148008736806
NASCAR_2024_5388_shriners_children_s_500,NASCAR,Spire Motorsports,0.41227333982476855
NASCAR_2024_5388_shriners_children_s_500,NASCAR,Stewart-Haas Racing,-0.01965978729815341
NASCAR_2024_5388_shriners_children_s_500,NASCAR,Team Penske,-0.1643822745291443
NASCAR_2024_5388_shriners_children_s_500,NASCAR,Trackhouse Racing,-0.01994033642226813
NASCAR_2024_5388_shriners_children_s_500,NASCAR,Wood Brothers Racing,0.11716054944684764
NASCAR_2024_5389_ambetter_health_400,NASCAR,23XI Racing,-0.08005062057661141
NASCAR_2024_5389_ambetter_health_400,NASCAR,Front Row Motorsports,0.15612089468225804
NASCAR_2024_5389_ambetter_health_400,NASCAR,Hendrick Motorsports,-0.21683427966943675
NASCAR_2024_5389_ambetter_health_400,NASCAR,JTG Daugherty Racing,0.12689660396173696
NASCAR_2024_5389_ambetter_health_400,NASCAR,Joe Gibbs Racing,-0.2594370270903994
NASCAR_2024_5389_ambetter_health_400,NASCAR,Kaulig Racing,0.17218350100079272
NASCAR_2024_5389_ambetter_health_400,NASCAR,Legacy Motor Club,0.1497232925199425
NASCAR_2024_5389_ambetter_health_400,NASCAR,Live Fast Motorsports,1.0984479547946437
NASCAR_2024_5389_ambetter_health_400,NASCAR,RFK Racing,-0.08575622275560246
NASCAR_2024_5389_ambetter_health_400,NASCAR,Richard Childress Racing,-0.014739563852157935
NASCAR_2024_5389_ambetter_health_400,NASCAR,Rick Ware Racing,0.8974299375310419
NASCAR_2024_5389_ambetter_health_400,NASCAR,Spire Motorsports,0.4136532636197718
NASCAR_2024_5389_ambetter_health_400,NASCAR,Stewart-Haas Racing,-0.01988256712019872
NASCAR_2024_5389_ambetter_health_400,NASCAR,Team Penske,-0.16479882434234333
NASCAR_2024_5389_ambetter_health_400,NASCAR,Trackhouse Racing,-0.020421536497255737
NASCAR_2024_5389_ambetter_health_400,NASCAR,Wood Brothers Racing,0.11975439322580113
NASCAR_2024_5390_echopark_automotive_grand_prix,NASCAR,23XI Racing,-0.07933768638624
NASCAR_2024_5390_echopark_automotive_grand_prix,NASCAR,Front Row Motorsports,0.15581956058839075
NASCAR_2024_5390_echopark_automotive_grand_prix,NASCAR,Hendrick Motorsports,-0.2162567404762236
NASCAR_2024_5390_echopark_automotive_grand_prix,NASCAR,JTG Daugherty Racing,0.12596881335369986
NASCAR_2024_5390_echopark_automotive_grand_prix,NASCAR,Joe Gibbs Racing,-0.2581788516453804
NASCAR_2024_5390_echopark_automotive_grand_prix,NASCAR,Kaulig Racing,0.17314605140934022
NASCAR_2024_5390_echopark_automotive_grand_prix,NASCAR,Legacy Motor Club,0.15103115480626486
NASCAR_2024_5390_echopark_automotive_grand_prix,NASCAR,Power Source,2.384167410537589
NASCAR_2024_5390_echopark_automotive_grand_prix,NASCAR,RFK Racing,-0.08652671905883778
NASCAR_2024_5390_echopark_automotive_grand_prix,NASCAR,Richard Childress Racing,-0.014642700362857424
NASCAR_2024_5390_echopark_automotive_grand_prix,NASCAR,Rick Ware Racing,0.89728565634744
NASCAR_2024_5390_echopark_automotive_grand_prix,NASCAR,Spire Motorsports,0.4133398234862241
NASCAR_2024_5390_echopark_automotive_grand_prix,NASCAR,Stewart-Haas Racing,-0.020245530383033526
NASCAR_2024_5390_echopark_automotive_grand_prix,NASCAR,Team Penske,-0.16490563153861576
NASCAR_2024_5390_echopark_automotive_grand_prix,NASCAR,Trackhouse Racing,-0.01955474392650404
NASCAR_2024_5390_echopark_automotive_grand_prix,NASCAR,Wood Brothers Racing,0.11824870146935126
NASCAR_2024_5391_toyota_owners_400,NASCAR,23XI Racing,-0.07855536311083276
NASCAR_2024_5391_toyota_owners_400,NASCAR,Front Row Motorsports,0.1554653989773939
NASCAR_2024_5391_toyota_owners_400,NASCAR,Hendrick Motorsports,-0.21588571195000272
NASCAR_2024_5391_toyota_owners_400,NASCAR,JTG Daugherty Racing,0.12293969170774355
NASCAR_2024_5391_toyota_owners_400,NASCAR,Joe Gibbs Racing,-0.2580646559128587
NASCAR_2024_5391_toyota_owners_400,NASCAR,Kaulig Racing,0.1692218689827853
NASCAR_2024_5391_toyota_owners_400,NASCAR,Legacy Motor Club,0.1539104479533991
NASCAR_2024_5391_toyota_owners_400,NASCAR,RFK Racing,-0.08472392072049972
NASCAR_2024_5391_toyota_owners_400,NASCAR,Richard Childress Racing,-0.015474787238359045
NASCAR_2024_5391_toyota_owners_400,NASCAR,Rick Ware Racing,0.8959061061066522
NASCAR_2024_5391_toyota_owners_400,NASCAR,Spire Motorsports,0.41180656031965857
NASCAR_2024_5391_toyota_owners_400,NASCAR,Stewart-Haas Racing,-0.019685393273238323
NASCAR_2024_5391_toyota_owners_400,NASCAR,Team Penske,-0.1639141988540818
NASCAR_2024_5391_toyota_owners_400,NASCAR,Trackhouse Racing,-0.02075775972029662
NASCAR_2024_5391_toyota_owners_400,NASCAR,Wood Brothers Racing,0.11743596064044581
NASCAR_2024_5392_food_city_500,NASCAR,23XI Racing,-0.08101352910427044
NASCAR_2024_5392_food_city_500,NASCAR,Front Row Motorsports,0.15597615230069176
NASCAR_2024_5392_food_city_500,NASCAR,Hendrick Motorsports,-0.21671152998089274
NASCAR_2024_5392_food_city_500,NASCAR,JTG Daugherty Racing,0.1248320107412043
NASCAR_2024_5392_food_city_500,NASCAR,Joe Gibbs Racing,-0.25787829416703056
NASCAR_2024_5392_food_city_500,NASCAR,Kaulig Racing,0.17157202072569813
NASCAR_2024_5392_food_city_500,NASCAR,Legacy Motor Club,0.15478682178601416
NASCAR_2024_5392_food_city_500,NASCAR,RFK Racing,-0.08495681584860218
NASCAR_2024_5392_food_city_500,NASCAR,Richard Childress Racing,-0.0151728981404271
NASCAR_2024_5392_food_city_500,NASCAR,Rick Ware Racing,0.8978282575239949
NASCAR_2024_5392_food_city_500,NASCAR,Spire Motorsports,0.4128837700153497
NASCAR_2024_5392_food_city_500,NASCAR,Stewart-Haas Racing,-0.019877147337379022
NASCAR_2024_5392_food_city_500,NASCAR,Team Penske,-0.16535350528384085
NASCAR_2024_5392_food_city_500,NASCAR,Trackhouse Racing,-0.0214600766580937
NASCAR_2024_5392_food_city_500,NASCAR,Wood Brothers Racing,0.11894101038954065
NASCAR_2024_5397_cook_out_400,NASCAR,23XI Racing,-0.07886422430314452
NASCAR_2024_5397_cook_out_400,NASCAR,Front Row Motorsports,0.15600472951426636
NASCAR_2024_5397_cook_out_400,NASCAR,Hendrick Motorsports,-0.21532632082252623
NASCAR_2024_5397_cook_out_400,NASCAR,JTG Daugherty Racing,0.12534892379636994
NASCAR_2024_5397_cook_out_400,NASCAR,Joe Gibbs Racing,-0.25932604582967717
NASCAR_2024_5397_cook_out_400,NASCAR,Kaulig Racing,0.17020149868482642
NASCAR_2024_5397_cook_out_400,NASCAR,Legacy Motor Club,0.15343428947709636
NASCAR_2024_5397_cook_out_400,NASCAR,Power Source,2.3189676116351494
NASCAR_2024_5397_cook_out_400,NASCAR,RFK Racing,-0.08620892966600852
NASCAR_2024_5397_cook_out_400,NASCAR,Richard Childress Racing,-0.015159324278641624
NASCAR_2024_5397_cook_out_400,NASCAR,Rick Ware Racing,0.8958686835238815
NASCAR_2024_5397_cook_out_400,NASCAR,Spire Motorsports,0.41298820638794526
NASCAR_2024_5397_cook_out_400,NASCAR,Stewart-Haas Racing,-0.019284346736672356
NASCAR_2024_5397_cook_out_400,NASCAR,Team Penske,-0.16427644271185823
NASCAR_2024_5397_cook_out_400,NASCAR,Trackhouse Racing,-0.01989543122268847
NASCAR_2024_5397_cook_out_400,NASCAR,Wood Brothers Racing,0.11734685661300008
NASCAR_2024_5398_geico_500,NASCAR,23XI Racing,-0.07991533259815076
NASCAR_2024_5398_geico_500,NASCAR,Beard Motorsports,0.45517860157632783
NASCAR_2024_5398_geico_500,NASCAR,Front Row Motorsports,0.15601382210451464
NASCAR_2024_5398_geico_500,NASCAR,Hendrick Motorsports,-0.21691083395866975
NASCAR_2024_5398_geico_500,NASCAR,JTG Daugherty Racing,0.12673117895525304
NASCAR_2024_5398_geico_500,NASCAR,Joe Gibbs Racing,-0.2594370270903994
NASCAR_2024_5398_geico_500,NASCAR,Kaulig Racing,0.17340806389240743
NASCAR_2024_5398_geico_500,NASCAR,Legacy Motor Club,0.1538437467019428
NASCAR_2024_5398_geico_500,NASCAR,Live Fast Motorsports,1.0987883652567754
NASCAR_2024_5398_geico_500,NASCAR,RFK Racing,-0.08599161026526547
NASCAR_2024_5398_geico_500,NASCAR,Richard Childress Racing,-0.014741938701201851
NASCAR_2024_5398_geico_500,NASCAR,Rick Ware Racing,0.8977847759555474
NASCAR_2024_5398_geico_500,NASCAR,Spire Motorsports,0.41366176121350867
NASCAR_2024_5398_geico_500,NASCAR,Stewart-Haas Racing,-0.01981132012376571
NASCAR_2024_5398_geico_500,NASCAR,Team Penske,-0.16509440675454526
NASCAR_2024_5398_geico_500,NASCAR,Trackhouse Racing,-0.020635146312354566
NASCAR_2024_5398_geico_500,NASCAR,Wood Brothers Racing,0.11965399071625255
NASCAR_2024_5399_w_rth_400,NASCAR,23XI Racing,-0.07855812411308964
NASCAR_2024_5399_w_rth_400,NASCAR,Front Row Motorsports,0.1528634828191675
NASCAR_2024_5399_w_rth_400,NASCAR,Hendrick Motorsports,-0.2152423703942641
NASCAR_2024_5399_w_rth_400,NASCAR,JTG Daugherty Racing,0.12825837716098326
NASCAR_2024_5399_w_rth_400,NASCAR,Joe Gibbs Racing,-0.25808171692691845
NASCAR_2024_5399_w_rth_400,NASCAR,Kaulig Racing,0.17344124179699485
NASCAR_2024_5399_w_rth_400,NASCAR,Legacy Motor Club,0.15128525779577762
NASCAR_2024_5399_w_rth_400,NASCAR,RFK Racing,-0.08604323777417335
NASCAR_2024_5399_w_rth_400,NASCAR,Richard Childress Racing,-0.014585855165043696
NASCAR_2024_5399_w_rth_400,NASCAR,Rick Ware Racing,0.8943299105317819
NASCAR_2024_5399_w_rth_400,NASCAR,Spire Motorsports,0.4120516725982662
NASCAR_2024_5399_w_rth_400,NASCAR,Stewart-Haas Racing,-0.01973484094591658
NASCAR_2024_5399_w_rth_400,NASCAR,Team Penske,-0.1648522055196426
NASCAR_2024_5399_w_rth_400,NASCAR,Trackhouse Racing,-0.021357656060578305
NASCAR_2024_5399_w_rth_400,NASCAR,Wood Brothers Racing,0.11742999119009569
NASCAR_2024_5400_adventhealth_400,NASCAR,23XI Racing,-0.07926660867666425
NASCAR_2024_5400_adventhealth_400,NASCAR,Front Row Motorsports,0.15613792820677797
NASCAR_2024_5400_adventhealth_400,NASCAR,Hendrick Motorsports,-0.21594965527271293
NASCAR_2024_5400_adventhealth_400,NASCAR,JTG Daugherty Racing,0.12673117895525304
NASCAR_2024_5400_adventhealth_400,NASCAR,Joe Gibbs Racing,-0.25778544793238395
NASCAR_2024_5400_adventhealth_400,NASCAR,Kaulig Racing,0.17001809221191472
NASCAR_2024_5400_adventhealth_400,NASCAR,Legacy Motor Club,0.15372416070817632
NASCAR_2024_5400_adventhealth_400,NASCAR,RFK Racing,-0.08393563204019741
NASCAR_2024_5400_adventhealth_400,NASCAR,Richard Childress Racing,-0.015042382537829652
NASCAR_2024_5400_adventhealth_400,NASCAR,Rick Ware Racing,0.8960907989332668
NASCAR_2024_5400_adventhealth_400,NASCAR,Spire Motorsports,0.413300867927373
NASCAR_2024_5400_adventhealth_400,NASCAR,Stewart-Haas Racing,-0.021008796083832708
NASCAR_2024_5400_adventhealth_400,NASCAR,Team Penske,-0.1650481336093426
NASCAR_2024_5400_adventhealth_400,NASCAR,Trackhouse Racing,-0.021583288311191343
NASCAR_2024_5400_adventhealth_400,NASCAR,Wood Brothers Racing,0.11626755406933914
NASCAR_2024_5401_goodyear_400,NASCAR,23XI Racing,-0.07704847942863827
NASCAR_2024_5401_goodyear_400,NASCAR,Front Row Motorsports,0.15643118845739803
NASCAR_2024_5401_goodyear_400,NASCAR,Hendrick Motorsports,-0.2159681879789353
NASCAR_2024_5401_goodyear_400,NASCAR,JTG Daugherty Racing,0.12434584447813826
NASCAR_2024_5401_goodyear_400,NASCAR,Joe Gibbs Racing,-0.25832961300812685
NASCAR_2024_5401_goodyear_400,NASCAR,Kaulig Racing,0.16895729649826155
NASCAR_2024_5401_goodyear_400,NASCAR,Legacy Motor Club,0.15205653051742044
NASCAR_2024_5401_goodyear_400,NASCAR,RFK Racing,-0.08117298346748747
NASCAR_2024_5401_goodyear_400,NASCAR,Richard Childress Racing,-0.016030425626026815
NASCAR_2024_5401_goodyear_400,NASCAR,Rick Ware Racing,0.8970708723536392
NASCAR_2024_5401_goodyear_400,NASCAR,Spire Motorsports,0.41232323802056625
NASCAR_2024_5401_goodyear_400,NASCAR,Stewart-Haas Racing,-0.019610351462121887
NASCAR_2024_5401_goodyear_400,NASCAR,Team Penske,-0.16444440309263944
NASCAR_2024_5401_goodyear_400,NASCAR,Trackhouse Racing,-0.02246432852067819
NASCAR_2024_5401_goodyear_400,NASCAR,Wood Brothers Racing,0.11777869522574867
NASCAR_2024_5404_nascar_all_star_open,NASCAR,23XI Racing,-0.07717604572167867
NASCAR_2024_5404_nascar_all_star_open,NASCAR,Front Row Motorsports,0.15545243403442965
NASCAR_2024_5404_nascar_all_star_open,NASCAR,Hendrick Motorsports,-0.2153780439474997
NASCAR_2024_5404_nascar_all_star_open,NASCAR,Joe Gibbs Racing,-0.2565821297084234
NASCAR_2024_5404_nascar_all_star_open,NASCAR,Kaulig Racing,0.16477200128476294
NASCAR_2024_5404_nascar_all_star_open,NASCAR,Legacy Motor Club,0.15189246683248797
NASCAR_2024_5404_nascar_all_star_open,NASCAR,Power Source,2.356100380688783
NASCAR_2024_5404_nascar_all_star_open,NASCAR,Richard Childress Racing,-0.01450721219845674
NASCAR_2024_5404_nascar_all_star_open,NASCAR,Rick Ware Racing,0.8975331480658075
NASCAR_2024_5404_nascar_all_star_open,NASCAR,Spire Motorsports,0.41284891617289754
NASCAR_2024_5404_nascar_all_star_open,NASCAR,Stewart-Haas Racing,-0.01933705058117569
NASCAR_2024_5404_nascar_all_star_open,NASCAR,Team Penske,-0.16362368221531076
NASCAR_2024_5404_nascar_all_star_open,NASCAR,Wood Brothers Racing,0.11809223034063297
NASCAR_2024_5405_nascar_all_star_race,NASCAR,23XI Racing,-0.0802035081715941
NASCAR_2024_5405_nascar_all_star_race,NASCAR,Front Row Motorsports,0.1550535327924449
NASCAR_2024_5405_nascar_all_star_race,NASCAR,Hendrick Motorsports,-0.21689342351987168
NASCAR_2024_5405_nascar_all_star_race,NASCAR,JTG Daugherty Racing,0.11766975779094271
NASCAR_2024_5405_nascar_all_star_race,NASCAR,Joe Gibbs Racing,-0.2594370270903994
NASCAR_2024_5405_nascar_all_star_race,NASCAR,Kaulig Racing,0.1665270580639321
NASCAR_2024_5405_nascar_all_star_race,NASCAR,RFK Racing,-0.08275872741140305
NASCAR_2024_5405_nascar_all_star_race,NASCAR,Richard Childress Racing,-0.015621719394236401
NASCAR_2024_5405_nascar_all_star_race,NASCAR,Stewart-Haas Racing,-0.0215639428013066
NASCAR_2024_5405_nascar_all_star_race,NASCAR,Team Penske,-0.16161558651710484
NASCAR_2024_5405_nascar_all_star_race,NASCAR,Trackhouse Racing,-0.02066009438962197
NASCAR_2024_5406_coca_cola_600,NASCAR,23XI Racing,-0.07800753367508659
NASCAR_2024_5406_coca_cola_600,NASCAR,Front Row Motorsports,0.1562125146126285
NASCAR_2024_5406_coca_cola_600,NASCAR,Hendrick Motorsports,-0.2157703001811646
NASCAR_2024_5406_coca_cola_600,NASCAR,JTG Daugherty Racing,0.12487402940109482
NASCAR_2024_5406_coca_cola_600,NASCAR,Joe Gibbs Racing,-0.2575984821196795
NASCAR_2024_5406_coca_cola_600,NASCAR,Kaulig Racing,0.1728663883549276
NASCAR_2024_5406_coca_cola_600,NASCAR,Legacy Motor Club,0.15267142952220725
NASCAR_2024_5406_coca_cola_600,NASCAR,NY Racing Team,1.0302028794151232
NASCAR_2024_5406_coca_cola_600,NASCAR,Power Source,2.385822187422293
NASCAR_2024_5406_coca_cola_600,NASCAR,RFK Racing,-0.0840703951377798
NASCAR_2024_5406_coca_cola_600,NASCAR,Richard Childress Racing,-0.014977023003131949
NASCAR_2024_5406_coca_cola_600,NASCAR,Rick Ware Racing,0.8957725675634982
NASCAR_2024_5406_coca_cola_600,NASCAR,Spire Motorsports,0.41143551185655025
NASCAR_2024_5406_coca_cola_600,NASCAR,Stewart-Haas Racing,-0.02003577445272464
NASCAR_2024_5406_coca_cola_600,NASCAR,Team AmeriVet,2.2770413877595512
NASCAR_2024_5406_coca_cola_600,NASCAR,Team Penske,-0.165104323412994
NASCAR_2024_5406_coca_cola_600,NASCAR,Trackhouse Racing,-0.01859992845243957
NASCAR_2024_5406_coca_cola_600,NASCAR,Wood Brothers Racing,0.11810365445205748
NASCAR_2024_5407_enjoy_illinois_300,NASCAR,23XI Racing,-0.07892705057165306
NASCAR_2024_5407_enjoy_illinois_300,NASCAR,Front Row Motorsports,0.15499105979047811
NASCAR_2024_5407_enjoy_illinois_300,NASCAR,Hendrick Motorsports,-0.21615624212146523
NASCAR_2024_5407_enjoy_illinois_300,NASCAR,JTG Daugherty Racing,0.12628207455050794
NASCAR_2024_5407_enjoy_illinois_300,NASCAR,Joe Gibbs Racing,-0.2569633420750232
NASCAR_2024_5407_enjoy_illinois_300,NASCAR,Kaulig Racing,0.17036303885190252
NASCAR_2024_5407_enjoy_illinois_300,NASCAR,Legacy Motor Club,0.1508349765041377
NASCAR_2024_5407_enjoy_illinois_300,NASCAR,RFK Racing,-0.08561863834048931
NASCAR_2024_5407_enjoy_illinois_300,NASCAR,Richard Childress Racing,-0.012872072312529707
NASCAR_2024_5407_enjoy_illinois_300,NASCAR,Rick Ware Racing,0.8959909111972808
NASCAR_2024_5407_enjoy_illinois_300,NASCAR,Spire Motorsports,0.41263536178450555
NASCAR_2024_5407_enjoy_illinois_300,NASCAR,Stewart-Haas Racing,-0.020541067543957233
NASCAR_2024_5407_enjoy_illinois_300,NASCAR,Team Penske,-0.16247349691878155
NASCAR_2024_5407_enjoy_illinois_300,NASCAR,Trackhouse Racing,-0.0215932692623275
NASCAR_2024_5407_enjoy_illinois_300,NASCAR,Wood Brothers Racing,0.1170192946314755
NASCAR_2024_5408_toyota_save_mart_350,NASCAR,23XI Racing,-0.08005129918797106
NASCAR_2024_5408_toyota_save_mart_350,NASCAR,Front Row Motorsports,0.15698451156871268
NASCAR_2024_5408_toyota_save_mart_350,NASCAR,Hendrick Motorsports,-0.21594356441282406
NASCAR_2024_5408_toyota_save_mart_350,NASCAR,JTG Daugherty Racing,0.12673117895525304
NASCAR_2024_5408_toyota_save_mart_350,NASCAR,Joe Gibbs Racing,-0.2585338631771685
NASCAR_2024_5408_toyota_save_mart_350,NASCAR,Kaulig Racing,0.17314605140934022
NASCAR_2024_5408_toyota_save_mart_350,NASCAR,Legacy Motor Club,0.14998285917373022
NASCAR_2024_5408_toyota_save_mart_350,NASCAR,RFK Racing,-0.08599499193550958
NASCAR_2024_5408_toyota_save_mart_350,NASCAR,Richard Childress Racing,-0.014148986152380777
NASCAR_2024_5408_toyota_save_mart_350,NASCAR,Rick Ware Racing,0.8957402414667213
NASCAR_2024_5408_toyota_save_mart_350,NASCAR,Spire Motorsports,0.4136458707608346
NASCAR_2024_5408_toyota_save_mart_350,NASCAR,Stewart-Haas Racing,-0.021284961289829294
NASCAR_2024_5408_toyota_save_mart_350,NASCAR,Team Penske,-0.16518566966314335
NASCAR_2024_5408_toyota_save_mart_350,NASCAR,Trackhouse Racing,-0.01849766066082053
NASCAR_2024_5408_toyota_save_mart_350,NASCAR,Wood Brothers Racing,0.11827180629942696
NASCAR_2024_5409_ally_400,NASCAR,23XI Racing,-0.07900472131394794
NASCAR_2024_5409_ally_400,NASCAR,Front Row Motorsports,0.15491326617637804
NASCAR_2024_5409_ally_400,NASCAR,Hendrick Motorsports,-0.21594751792204733
NASCAR_2024_5409_ally_400,NASCAR,JTG Daugherty Racing,0.12348605511825594
NASCAR_2024_5409_ally_400,NASCAR,Joe Gibbs Racing,-0.256819589633001
NASCAR_2024_5409_ally_400,NASCAR,Kaulig Racing,0.17134585873390867
NASCAR_2024_5409_ally_400,NASCAR,Legacy Motor Club,0.1495226012084761
NASCAR_2024_5409_ally_400,NASCAR,Power Source,2.273479895862258
NASCAR_2024_5409_ally_400,NASCAR,RFK Racing,-0.08323582678277612
NASCAR_2024_5409_ally_400,NASCAR,Richard Childress Racing,-0.01489004111867637
NASCAR_2024_5409_ally_400,NASCAR,Rick Ware Racing,0.8961006867736859
NASCAR_2024_5409_ally_400,NASCAR,Spire Motorsports,0.4129277124777384
NASCAR_2024_5409_ally_400,NASCAR,Stewart-Haas Racing,-0.020181059372777057
NASCAR_2024_5409_ally_400,NASCAR,Team Penske,-0.16471275716989095
NASCAR_2024_5409_ally_400,NASCAR,Trackhouse Racing,-0.01996074153872445
NASCAR_2024_5409_ally_400,NASCAR,Wood Brothers Racing,0.11844836466246916
NASCAR_2024_5410_grant_park_165,NASCAR,23XI Racing,-0.07950822971995432
NASCAR_2024_5410_grant_park_165,NASCAR,Front Row Motorsports,0.15614601216792326
NASCAR_2024_5410_grant_park_165,NASCAR,Hendrick Motorsports,-0.21668204054402138
NASCAR_2024_5410_grant_park_165,NASCAR,JTG Daugherty Racing,0.12737464871669563
NASCAR_2024_5410_grant_park_165,NASCAR,Joe Gibbs Racing,-0.2591312561629609
NASCAR_2024_5410_grant_park_165,NASCAR,Kaulig Racing,0.17339139496163944
NASCAR_2024_5410_grant_park_165,NASCAR,Legacy Motor Club,0.15414257633457631
NASCAR_2024_5410_grant_park_165,NASCAR,Power Source,2.528363996424261
NASCAR_2024_5410_grant_park_165,NASCAR,RFK Racing,-0.08604323777417335
NASCAR_2024_5410_grant_park_165,NASCAR,Richard Childress Racing,-0.014752941143490366
NASCAR_2024_5410_grant_park_165,NASCAR,Rick Ware Racing,0.8976425912777524
NASCAR_2024_5410_grant_park_165,NASCAR,Spire Motorsports,0.4130686392081717
NASCAR_2024_5410_grant_park_165,NASCAR,Stewart-Haas Racing,-0.020628505228129007
NASCAR_2024_5410_grant_park_165,NASCAR,Team Penske,-0.16552199957475128
NASCAR_2024_5410_grant_park_165,NASCAR,Trackhouse Racing,-0.020058527020311315
NASCAR_2024_5410_grant_park_165,NASCAR,Wood Brothers Racing,0.11839067889159983
NASCAR_2024_5411_quaker_state_400,NASCAR,23XI Racing,-0.07947202854842067
NASCAR_2024_5411_quaker_state_400,NASCAR,Front Row Motorsports,0.15586412333386673
NASCAR_2024_5411_quaker_state_400,NASCAR,Hendrick Motorsports,-0.2167420296911035
NASCAR_2024_5411_quaker_state_400,NASCAR,JTG Daugherty Racing,0.12721865520731895
NASCAR_2024_5411_quaker_state_400,NASCAR,Joe Gibbs Racing,-0.2592425448751934
NASCAR_2024_5411_quaker_state_400,NASCAR,Kaulig Racing,0.1731633858666578
NASCAR_2024_5411_quaker_state_400,NASCAR,Legacy Motor Club,0.15429267180243125
NASCAR_2024_5411_quaker_state_400,NASCAR,Live Fast Motorsports,1.0967226053419499
NASCAR_2024_5411_quaker_state_400,NASCAR,NY Racing Team,1.0502100687550022
NASCAR_2024_5411_quaker_state_400,NASCAR,RFK Racing,-0.08617671066158995
NASCAR_2024_5411_quaker_state_400,NASCAR,Richard Childress Racing,-0.014728974498423182
NASCAR_2024_5411_quaker_state_400,NASCAR,Rick Ware Racing,0.8969791079274073
NASCAR_2024_5411_quaker_state_400,NASCAR,Spire Motorsports,0.4134287563246382
NASCAR_2024_5411_quaker_state_400,NASCAR,Stewart-Haas Racing,-0.020252461799593634
NASCAR_2024_5411_quaker_state_400,NASCAR,Team Penske,-0.1648829179210417
NASCAR_2024_5411_quaker_state_400,NASCAR,Trackhouse Racing,-0.02006085676397425
NASCAR_2024_5411_quaker_state_400,NASCAR,Wood Brothers Racing,0.11961795966055072
NASCAR_2024_5412_usa_today_301,NASCAR,23XI Racing,-0.07880614186202389
NASCAR_2024_5412_usa_today_301,NASCAR,Front Row Motorsports,0.15632069379764665
NASCAR_2024_5412_usa_today_301,NASCAR,Hendrick Motorsports,-0.21588412943991708
NASCAR_2024_5412_usa_today_301,NASCAR,JTG Daugherty Racing,0.12520357615655212
NASCAR_2024_5412_usa_today_301,NASCAR,Joe Gibbs Racing,-0.2578636997362032
NASCAR_2024_5412_usa_today_301,NASCAR,Kaulig Racing,0.167765214290246
NASCAR_2024_5412_usa_today_301,NASCAR,Legacy Motor Club,0.15254614974865818
NASCAR_2024_5412_usa_today_301,NASCAR,RFK Racing,-0.08582240855321452
NASCAR_2024_5412_usa_today_301,NASCAR,Richard Childress Racing,-0.017189303301021905
NASCAR_2024_5412_usa_today_301,NASCAR,Rick Ware Racing,0.8972718511956724
NASCAR_2024_5412_usa_today_301,NASCAR,Spire Motorsports,0.41303584129304494
NASCAR_2024_5412_usa_today_301,NASCAR,Stewart-Haas Racing,-0.0202026006388251
NASCAR_2024_5412_usa_today_301,NASCAR,Team Penske,-0.16415745370636783
NASCAR_2024_5412_usa_today_301,NASCAR,Trackhouse Racing,-0.02123442521117913
NASCAR_2024_5412_usa_today_301,NASCAR,Wood Brothers Racing,0.11919427038893546
NASCAR_2024_5413_the_great_american_getaway_400,NASCAR,23XI Racing,-0.07954589010148216
NASCAR_2024_5413_the_great_american_getaway_400,NASCAR,Front Row Motorsports,0.1546162659955397
NASCAR_2024_5413_the_great_american_getaway_400,NASCAR,Hendrick Motorsports,-0.21542523469660327
NASCAR_2024_5413_the_great_american_getaway_400,NASCAR,JTG Daugherty Racing,0.12598293268492503
NASCAR_2024_5413_the_great_american_getaway_400,NASCAR,Joe Gibbs Racing,-0.25689785501530493
NASCAR_2024_5413_the_great_american_getaway_400,NASCAR,Kaulig Racing,0.16995295253914222
NASCAR_2024_5413_the_great_american_getaway_400,NASCAR,Legacy Motor Club,0.15383125775285894
NASCAR_2024_5413_the_great_american_getaway_400,NASCAR,NY Racing Team,1.0230096447422818
NASCAR_2024_5413_the_great_american_getaway_400,NASCAR,RFK Racing,-0.08198665399381094
NASCAR_2024_5413_the_great_american_getaway_400,NASCAR,Richard Childress Racing,-0.016741388856406934
NASCAR_2024_5413_the_great_american_getaway_400,NASCAR,Rick Ware Racing,0.8948941397751193
NASCAR_2024_5413_the_great_american_getaway_400,NASCAR,Spire Motorsports,0.41341154639801186
NASCAR_2024_5413_the_great_american_getaway_400,NASCAR,Stewart-Haas Racing,-0.020117622031565106
NASCAR_2024_5413_the_great_american_getaway_400,NASCAR,Team Penske,-0.16339300718317704
NASCAR_2024_5413_the_great_american_getaway_400,NASCAR,Trackhouse Racing,-0.02142529504165915
NASCAR_2024_5413_the_great_american_getaway_400,NASCAR,Wood Brothers Racing,0.118727113101404
NASCAR_2024_5414_cook_out_400,NASCAR,23XI Racing,-0.07873417696943072
NASCAR_2024_5414_cook_out_400,NASCAR,Front Row Motorsports,0.15602059512025596
NASCAR_2024_5414_cook_out_400,NASCAR,Hendrick Motorsports,-0.21664664199396874
NASCAR_2024_5414_cook_out_400,NASCAR,JTG Daugherty Racing,0.12657266893025287
NASCAR_2024_5414_cook_out_400,NASCAR,Joe Gibbs Racing,-0.2580534702746239
NASCAR_2024_5414_cook_out_400,NASCAR,Kaulig Racing,0.1715414572247975
NASCAR_2024_5414_cook_out_400,NASCAR,Legacy Motor Club,0.15006683144359473
NASCAR_2024_5414_cook_out_400,NASCAR,Power Source,2.4952921807985935
NASCAR_2024_5414_cook_out_400,NASCAR,RFK Racing,-0.08637130558795579
NASCAR_2024_5414_cook_out_400,NASCAR,Richard Childress Racing,-0.013755628774876814
NASCAR_2024_5414_cook_out_400,NASCAR,Rick Ware Racing,0.8969224006047765
NASCAR_2024_5414_cook_out_400,NASCAR,Spire Motorsports,0.41334265533459524
NASCAR_2024_5414_cook_out_400,NASCAR,Stewart-Haas Racing,-0.02049921050312866
NASCAR_2024_5414_cook_out_400,NASCAR,Team Penske,-0.16442405295049473
NASCAR_2024_5414_cook_out_400,NASCAR,Trackhouse Racing,-0.018903935869714394
NASCAR_2024_5414_cook_out_400,NASCAR,Wood Brothers Racing,0.11690643360707556
NASCAR_2024_5415_firekeepers_casino_400,NASCAR,23XI Racing,-0.07801780513689965
NASCAR_2024_5415_firekeepers_casino_400,NASCAR,Front Row Motorsports,0.15428970937308029
NASCAR_2024_5415_firekeepers_casino_400,NASCAR,Hendrick Motorsports,-0.21508831503575507
NASCAR_2024_5415_firekeepers_casino_400,NASCAR,JTG Daugherty Racing,0.1261709483685921
NASCAR_2024_5415_firekeepers_casino_400,NASCAR,Joe Gibbs Racing,-0.2581858957339768
NASCAR_2024_5415_firekeepers_casino_400,NASCAR,Kaulig Racing,0.1719343504229888
NASCAR_2024_5415_firekeepers_casino_400,NASCAR,Legacy Motor Club,0.15119925277594895
NASCAR_2024_5415_firekeepers_casino_400,NASCAR,RFK Racing,-0.08406984965650034
NASCAR_2024_5415_firekeepers_casino_400,NASCAR,Richard Childress Racing,-0.014426364671735113
NASCAR_2024_5415_firekeepers_casino_400,NASCAR,Rick Ware Racing,0.8957374959547035
NASCAR_2024_5415_firekeepers_casino_400,NASCAR,Spire Motorsports,0.4135015661670145
NASCAR_2024_5415_firekeepers_casino_400,NASCAR,Stewart-Haas Racing,-0.021588060529949656
NASCAR_2024_5415_firekeepers_casino_400,NASCAR,Team Penske,-0.16467137389987033
NASCAR_2024_5415_firekeepers_casino_400,NASCAR,Trackhouse Racing,-0.019772194869797064
NASCAR_2024_5415_firekeepers_casino_400,NASCAR,Wood Brothers Racing,0.11845903085461021
NASCAR_2024_5416_brickyard_400,NASCAR,23XI Racing,-0.07765275688323028
NASCAR_2024_5416_brickyard_400,NASCAR,Front Row Motorsports,0.15646945303307427
NASCAR_2024_5416_brickyard_400,NASCAR,Hendrick Motorsports,-0.21555314575698473
NASCAR_2024_5416_brickyard_400,NASCAR,JTG Daugherty Racing,0.12772534893567516
NASCAR_2024_5416_brickyard_400,NASCAR,Joe Gibbs Racing,-0.2584984687282754
NASCAR_2024_5416_brickyard_400,NASCAR,Kaulig Racing,0.17249270571634054
NASCAR_2024_5416_brickyard_400,NASCAR,Legacy Motor Club,0.15307883745671966
NASCAR_2024_5416_brickyard_400,NASCAR,Power Source,2.359660290873432
NASCAR_2024_5416_brickyard_400,NASCAR,RFK Racing,-0.08711296709910268
NASCAR_2024_5416_brickyard_400,NASCAR,Richard Childress Racing,-0.015522343989347905
NASCAR_2024_5416_brickyard_400,NASCAR,Rick Ware Racing,0.8959295236723406
NASCAR_2024_5416_brickyard_400,NASCAR,Spire Motorsports,0.4135180677037596
NASCAR_2024_5416_brickyard_400,NASCAR,Stewart-Haas Racing,-0.020659160765907972
NASCAR_2024_5416_brickyard_400,NASCAR,Team Penske,-0.1643993718047978
NASCAR_2024_5416_brickyard_400,NASCAR,Trackhouse Racing,-0.022329209998628276
NASCAR_2024_5416_brickyard_400,NASCAR,Wood Brothers Racing,0.12007849271630758
NASCAR_2024_5417_go_bowling_at_the_glen,NASCAR,23XI Racing,-0.08093147416256301
NASCAR_2024_5417_go_bowling_at_the_glen,NASCAR,Front Row Motorsports,0.15619568561502237
NASCAR_2024_5417_go_bowling_at_the_glen,NASCAR,Hendrick Motorsports,-0.21676058519986408
NASCAR_2024_5417_go_bowling_at_the_glen,NASCAR,JTG Daugherty Racing,0.11601371655711837
NASCAR_2024_5417_go_bowling_at_the_glen,NASCAR,Joe Gibbs Racing,-0.25965491478093766
NASCAR_2024_5417_go_bowling_at_the_glen,NASCAR,Kaulig Racing,0.17411370719711872
NASCAR_2024_5417_go_bowling_at_the_glen,NASCAR,Legacy Motor Club,0.15361958960379948
NASCAR_2024_5417_go_bowling_at_the_glen,NASCAR,RFK Racing,-0.08585821321954179
NASCAR_2024_5417_go_bowling_at_the_glen,NASCAR,Richard Childress Racing,-0.01666722389998849
NASCAR_2024_5417_go_bowling_at_the_glen,NASCAR,Rick Ware Racing,0.8970654768295891
NASCAR_2024_5417_go_bowling_at_the_glen,NASCAR,Spire Motorsports,0.4139483604532261
NASCAR_2024_5417_go_bowling_at_the_glen,NASCAR,Stewart-Haas Racing,-0.019223202530968563
NASCAR_2024_5417_go_bowling_at_the_glen,NASCAR,Team Penske,-0.16479624336700424
NASCAR_2024_5417_go_bowling_at_the_glen,NASCAR,Trackhouse Racing,-0.019094409520832096
NASCAR_2024_5417_go_bowling_at_the_glen,NASCAR,Wood Brothers Racing,0.11852111981423968
NASCAR_2024_5418_coke_zero_sugar_400,NASCAR,23XI Racing,-0.07972612260866127
NASCAR_2024_5418_coke_zero_sugar_400,NASCAR,Beard Motorsports,0.44677093213822
NASCAR_2024_5418_coke_zero_sugar_400,NASCAR,Front Row Motorsports,0.15603282924292153
NASCAR_2024_5418_coke_zero_sugar_400,NASCAR,Hendrick Motorsports,-0.2167671155286507
NASCAR_2024_5418_coke_zero_sugar_400,NASCAR,JTG Daugherty Racing,0.12659017566766473
NASCAR_2024_5418_coke_zero_sugar_400,NASCAR,Joe Gibbs Racing,-0.2594370270903994
NASCAR_2024_5418_coke_zero_sugar_400,NASCAR,Kaulig Racing,0.17287673563851463
NASCAR_2024_5418_coke_zero_sugar_400,NASCAR,Legacy Motor Club,0.15412747456518058
NASCAR_2024_5418_coke_zero_sugar_400,NASCAR,Live Fast Motorsports,1.0987183731364965
NASCAR_2024_5418_coke_zero_sugar_400,NASCAR,NY Racing Team,1.058765066619711
NASCAR_2024_5418_coke_zero_sugar_400,NASCAR,RFK Racing,-0.08591618113536126
NASCAR_2024_5418_coke_zero_sugar_400,NASCAR,Richard Childress Racing,-0.014755464313945126
NASCAR_2024_5418_coke_zero_sugar_400,NASCAR,Rick Ware Racing,0.8976425912777524
NASCAR_2024_5418_coke_zero_sugar_400,NASCAR,Spire Motorsports,0.4136458707608346
NASCAR_2024_5418_coke_zero_sugar_400,NASCAR,Stewart-Haas Racing,-0.020378040601337286
NASCAR_2024_5418_coke_zero_sugar_400,NASCAR,Team Penske,-0.16504154027128878
NASCAR_2024_5418_coke_zero_sugar_400,NASCAR,Trackhouse Racing,-0.020581731477976845
NASCAR_2024_5418_coke_zero_sugar_400,NASCAR,Wood Brothers Racing,0.11960192129323996
NASCAR_2024_5419_cook_out_southern_500,NASCAR,23XI Racing,-0.07896893649988704
NASCAR_2024_5419_cook_out_southern_500,NASCAR,Front Row Motorsports,0.155732399549128
NASCAR_2024_5419_cook_out_southern_500,NASCAR,Hendrick Motorsports,-0.21647439881176359
NASCAR_2024_5419_cook_out_southern_500,NASCAR,JTG Daugherty Racing,0.1237315260240488
NASCAR_2024_5419_cook_out_southern_500,NASCAR,Joe Gibbs Racing,-0.25797679097995213
NASCAR_2024_5419_cook_out_southern_500,NASCAR,Kaulig Racing,0.17024183645601912
NASCAR_2024_5419_cook_out_southern_500,NASCAR,Legacy Motor Club,0.15321118280377838
NASCAR_2024_5419_cook_out_southern_500,NASCAR,Power Source,2.3907184233181438
NASCAR_2024_5419_cook_out_southern_500,NASCAR,RFK Racing,-0.08604323777417335
NASCAR_2024_5419_cook_out_southern_500,NASCAR,Richard Childress Racing,-0.014496674240178435
NASCAR_2024_5419_cook_out_southern_500,NASCAR,Rick Ware Racing,0.8970889335554213
NASCAR_2024_5419_cook_out_southern_500,NASCAR,Spire Motorsports,0.4130785048044182
NASCAR_2024_5419_cook_out_southern_500,NASCAR,Stewart-Haas Racing,-0.019165673734407907
NASCAR_2024_5419_cook_out_southern_500,NASCAR,Team Penske,-0.16523067980932196
NASCAR_2024_5419_cook_out_southern_500,NASCAR,Trackhouse Racing,-0.021241714174052836
NASCAR_2024_5419_cook_out_southern_500,NASCAR,Wood Brothers Racing,0.11926215086031468
NASCAR_2024_5420_hollywood_casino_400,NASCAR,23XI Racing,-0.07983465467768376
NASCAR_2024_5420_hollywood_casino_400,NASCAR,Front Row Motorsports,0.15520925082359685
NASCAR_2024_5420_hollywood_casino_400,NASCAR,Hendrick Motorsports,-0.21595217369474454
NASCAR_2024_5420_hollywood_casino_400,NASCAR,JTG Daugherty Racing,0.12609617712721408
NASCAR_2024_5420_hollywood_casino_400,NASCAR,Joe Gibbs Racing,-0.25740949300798166
NASCAR_2024_5420_hollywood_casino_400,NASCAR,Kaulig Racing,0.17184269559940085
NASCAR_2024_5420_hollywood_casino_400,NASCAR,Legacy Motor Club,0.14853728102271027
NASCAR_2024_5420_hollywood_casino_400,NASCAR,NY Racing Team,1.0411456306600004
NASCAR_2024_5420_hollywood_casino_400,NASCAR,RFK Racing,-0.08549410546253859
NASCAR_2024_5420_hollywood_casino_400,NASCAR,Richard Childress Racing,-0.014758306716647053
NASCAR_2024_5420_hollywood_casino_400,NASCAR,Rick Ware Racing,0.8960935786777988
NASCAR_2024_5420_hollywood_casino_400,NASCAR,Spire Motorsports,0.4136189862330316
NASCAR_2024_5420_hollywood_casino_400,NASCAR,Stewart-Haas Racing,-0.02031183759649034
NASCAR_2024_5420_hollywood_casino_400,NASCAR,Team Penske,-0.163618281182104
NASCAR_2024_5420_hollywood_casino_400,NASCAR,Trackhouse Racing,-0.019627843101471074
NASCAR_2024_5420_hollywood_casino_400,NASCAR,Wood Brothers Racing,0.11852115577381382
NASCAR_2024_5421_bass_pro_shops_night_race,NASCAR,23XI Racing,-0.07961003825717415
NASCAR_2024_5421_bass_pro_shops_night_race,NASCAR,Front Row Motorsports,0.15582196579913452
NASCAR_2024_5421_bass_pro_shops_night_race,NASCAR,Hendrick Motorsports,-0.2155968534373479
NASCAR_2024_5421_bass_pro_shops_night_race,NASCAR,JTG Daugherty Racing,0.12485036884129463
NASCAR_2024_5421_bass_pro_shops_night_race,NASCAR,Joe Gibbs Racing,-0.258570004843704
NASCAR_2024_5421_bass_pro_shops_night_race,NASCAR,Kaulig Racing,0.17268096109111616
NASCAR_2024_5421_bass_pro_shops_night_race,NASCAR,Legacy Motor Club,0.1513644715715467
NASCAR_2024_5421_bass_pro_shops_night_race,NASCAR,Power Source,2.2689764335876674
NASCAR_2024_5421_bass_pro_shops_night_race,NASCAR,RFK Racing,-0.08650823831466588
NASCAR_2024_5421_bass_pro_shops_night_race,NASCAR,Richard Childress Racing,-0.015236744622971551
NASCAR_2024_5421_bass_pro_shops_night_race,NASCAR,Rick Ware Racing,0.8961321319001289
NASCAR_2024_5421_bass_pro_shops_night_race,NASCAR,Spire Motorsports,0.41370191297768377
NASCAR_2024_5421_bass_pro_shops_night_race,NASCAR,Stewart-Haas Racing,-0.01934974830142272
NASCAR_2024_5421_bass_pro_shops_night_race,NASCAR,Team Penske,-0.164858287189286
NASCAR_2024_5421_bass_pro_shops_night_race,NASCAR,Trackhouse Racing,-0.021280147525506114
NASCAR_2024_5421_bass_pro_shops_night_race,NASCAR,Wood Brothers Racing,0.11736639571628005
NASCAR_2024_5422_autotrader_echopark_automotive_400,NASCAR,23XI Racing,-0.07807428199059897
NASCAR_2024_5422_autotrader_echopark_automotive_400,NASCAR,Front Row Motorsports,0.1560737701481759
NASCAR_2024_5422_autotrader_echopark_automotive_400,NASCAR,Hendrick Motorsports,-0.21524560073496737
NASCAR_2024_5422_autotrader_echopark_automotive_400,NASCAR,JTG Daugherty Racing,0.12683763424364036
NASCAR_2024_5422_autotrader_echopark_automotive_400,NASCAR,Joe Gibbs Racing,-0.2580770306817229
NASCAR_2024_5422_autotrader_echopark_automotive_400,NASCAR,Kaulig Racing,0.17026180688367473
NASCAR_2024_5422_autotrader_echopark_automotive_400,NASCAR,Legacy Motor Club,0.15230672813788756
NASCAR_2024_5422_autotrader_echopark_automotive_400,NASCAR,RFK Racing,-0.08605135747919124
NASCAR_2024_5422_autotrader_echopark_automotive_400,NASCAR,Richard Childress Racing,-0.015381526689785026
NASCAR_2024_5422_autotrader_echopark_automotive_400,NASCAR,Rick Ware Racing,0.896023172046435
NASCAR_2024_5422_autotrader_echopark_automotive_400,NASCAR,Spire Motorsports,0.413175844288768
NASCAR_2024_5422_autotrader_echopark_automotive_400,NASCAR,Stewart-Haas Racing,-0.01977669415679239
NASCAR_2024_5422_autotrader_echopark_automotive_400,NASCAR,Team Penske,-0.1647919375458545
NASCAR_2024_5422_autotrader_echopark_automotive_400,NASCAR,Trackhouse Racing,-0.02000235495003571
NASCAR_2024_5422_autotrader_echopark_automotive_400,NASCAR,Wood Brothers Racing,0.11886653367312776
NASCAR_2024_5423_yellawood_500,NASCAR,23XI Racing,-0.07983524024653954
NASCAR_2024_5423_yellawood_500,NASCAR,Beard Motorsports,0.4485031765646222
NASCAR_2024_5423_yellawood_500,NASCAR,Front Row Motorsports,0.15578237241162182
NASCAR_2024_5423_yellawood_500,NASCAR,Hendrick Motorsports,-0.2168501023512585
NASCAR_2024_5423_yellawood_500,NASCAR,JTG Daugherty Racing,0.12674201094323362
NASCAR_2024_5423_yellawood_500,NASCAR,Joe Gibbs Racing,-0.2594370270903994
NASCAR_2024_5423_yellawood_500,NASCAR,Kaulig Racing,0.1732069795173812
NASCAR_2024_5423_yellawood_500,NASCAR,Legacy Motor Club,0.1540810851409251
NASCAR_2024_5423_yellawood_500,NASCAR,Live Fast Motorsports,1.098841668455752
NASCAR_2024_5423_yellawood_500,NASCAR,NY Racing Team,1.0604835797854177
NASCAR_2024_5423_yellawood_500,NASCAR,RFK Racing,-0.08612141600842717
NASCAR_2024_5423_yellawood_500,NASCAR,Richard Childress Racing,-0.014776932957818045
NASCAR_2024_5423_yellawood_500,NASCAR,Rick Ware Racing,0.8976825084474132
NASCAR_2024_5423_yellawood_500,NASCAR,Spire Motorsports,0.4137038362248749
NASCAR_2024_5423_yellawood_500,NASCAR,Stewart-Haas Racing,-0.019935200898118285
NASCAR_2024_5423_yellawood_500,NASCAR,Team Penske,-0.16504154027128878
NASCAR_2024_5423_yellawood_500,NASCAR,Trackhouse Racing,-0.020353351625890234
NASCAR_2024_5423_yellawood_500,NASCAR,Wood Brothers Racing,0.11963153847413546
NASCAR_2024_5424_bank_of_america_roval_400,NASCAR,23XI Racing,-0.07901514967618885
NASCAR_2024_5424_bank_of_america_roval_400,NASCAR,Front Row Motorsports,0.15588257568373712
NASCAR_2024_5424_bank_of_america_roval_400,NASCAR,Hendrick Motorsports,-0.2155547568177278
NASCAR_2024_5424_bank_of_america_roval_400,NASCAR,JTG Daugherty Racing,0.12668775488112632
NASCAR_2024_5424_bank_of_america_roval_400,NASCAR,Joe Gibbs Racing,-0.25899943930986524
NASCAR_2024_5424_bank_of_america_roval_400,NASCAR,Kaulig Racing,0.17459394737445763
NASCAR_2024_5424_bank_of_america_roval_400,NASCAR,Legacy Motor Club,0.1494359139421838
NASCAR_2024_5424_bank_of_america_roval_400,NASCAR,Power Source,2.466330240397053
NASCAR_2024_5424_bank_of_america_roval_400,NASCAR,RFK Racing,-0.0855700995847164
NASCAR_2024_5424_bank_of_america_roval_400,NASCAR,Richard Childress Racing,-0.014741938701201851
NASCAR_2024_5424_bank_of_america_roval_400,NASCAR,Rick Ware Racing,0.8947512174679546
NASCAR_2024_5424_bank_of_america_roval_400,NASCAR,Spire Motorsports,0.4130089830117107
NASCAR_2024_5424_bank_of_america_roval_400,NASCAR,Stewart-Haas Racing,-0.02216660608762176
NASCAR_2024_5424_bank_of_america_roval_400,NASCAR,Team Penske,-0.16383415133275228
NASCAR_2024_5424_bank_of_america_roval_400,NASCAR,Trackhouse Racing,-0.022040607629172513
NASCAR_2024_5424_bank_of_america_roval_400,NASCAR,Wood Brothers Racing,0.11893772243321064
NASCAR_2024_5425_south_point_400,NASCAR,23XI Racing,-0.07862028361246812
NASCAR_2024_5425_south_point_400,NASCAR,Front Row Motorsports,0.15321053358279985
NASCAR_2024_5425_south_point_400,NASCAR,Hendrick Motorsports,-0.21501409393871287
NASCAR_2024_5425_south_point_400,NASCAR,JTG Daugherty Racing,0.12336256351297623
NASCAR_2024_5425_south_point_400,NASCAR,Joe Gibbs Racing,-0.25791726982040397
NASCAR_2024_5425_south_point_400,NASCAR,Kaulig Racing,0.17175589207118486
NASCAR_2024_5425_south_point_400,NASCAR,Legacy Motor Club,0.15135043286526959
NASCAR_2024_5425_south_point_400,NASCAR,RFK Racing,-0.08318124833215124
NASCAR_2024_5425_south_point_400,NASCAR,Richard Childress Racing,-0.014406676962344026
NASCAR_2024_5425_south_point_400,NASCAR,Rick Ware Racing,0.894136914218891
NASCAR_2024_5425_south_point_400,NASCAR,Spire Motorsports,0.4136542906921727
NASCAR_2024_5425_south_point_400,NASCAR,Stewart-Haas Racing,-0.020802170580812716
NASCAR_2024_5425_south_point_400,NASCAR,Team Penske,-0.16453185815941312
NASCAR_2024_5425_south_point_400,NASCAR,Trackhouse Racing,-0.019087267579686294
NASCAR_2024_5425_south_point_400,NASCAR,Wood Brothers Racing,0.11973104076479994
NASCAR_2024_5426_straight_talk_wireless_400,NASCAR,23XI Racing,-0.07846087546678503
NASCAR_2024_5426_straight_talk_wireless_400,NASCAR,Front Row Motorsports,0.15569147869515282
NASCAR_2024_5426_straight_talk_wireless_400,NASCAR,Hendrick Motorsports,-0.21538210246026945
NASCAR_2024_5426_straight_talk_wireless_400,NASCAR,JTG Daugherty Racing,0.12631744167065595
NASCAR_2024_5426_straight_talk_wireless_400,NASCAR,Joe Gibbs Racing,-0.25793062916819126
NASCAR_2024_5426_straight_talk_wireless_400,NASCAR,Kaulig Racing,0.1734476922029349
NASCAR_2024_5426_straight_talk_wireless_400,NASCAR,Legacy Motor Club,0.15174636188058466
NASCAR_2024_5426_straight_talk_wireless_400,NASCAR,NY Racing Team,1.0207547757831237
NASCAR_2024_5426_straight_talk_wireless_400,NASCAR,Power Source,2.361553374069575
NASCAR_2024_5426_straight_talk_wireless_400,NASCAR,RFK Racing,-0.08655849508372357
NASCAR_2024_5426_straight_talk_wireless_400,NASCAR,Richard Childress Racing,-0.01502409549800453
NASCAR_2024_5426_straight_talk_wireless_400,NASCAR,Rick Ware Racing,0.8941163872494364
NASCAR_2024_5426_straight_talk_wireless_400,NASCAR,Spire Motorsports,0.4135863443433712
NASCAR_2024_5426_straight_talk_wireless_400,NASCAR,Stewart-Haas Racing,-0.019390506560776878
NASCAR_2024_5426_straight_talk_wireless_400,NASCAR,Team Penske,-0.16504154027128878
NASCAR_2024_5426_straight_talk_wireless_400,NASCAR,Trackhouse Racing,-0.021791008006631293
NASCAR_2024_5426_straight_talk_wireless_400,NASCAR,Wood Brothers Racing,0.11893365948768714
NASCAR_2024_5427_xfinity_500,NASCAR,23XI Racing,-0.08128414743846553
NASCAR_2024_5427_xfinity_500,NASCAR,Front Row Motorsports,0.1557356025464873
NASCAR_2024_5427_xfinity_500,NASCAR,Hendrick Motorsports,-0.21507569767504833
NASCAR_2024_5427_xfinity_500,NASCAR,JTG Daugherty Racing,0.12570147781798124
NASCAR_2024_5427_xfinity_500,NASCAR,Joe Gibbs Racing,-0.2592949635615692
NASCAR_2024_5427_xfinity_500,NASCAR,Kaulig Racing,0.17240293659629888
NASCAR_2024_5427_xfinity_500,NASCAR,Legacy Motor Club,0.15182973696538882
NASCAR_2024_5427_xfinity_500,NASCAR,Power Source,2.3719065294019046
NASCAR_2024_5427_xfinity_500,NASCAR,RFK Racing,-0.08584917269995708
NASCAR_2024_5427_xfinity_500,NASCAR,Richard Childress Racing,-0.014572895386443376
NASCAR_2024_5427_xfinity_500,NASCAR,Rick Ware Racing,0.8947827793550416
NASCAR_2024_5427_xfinity_500,NASCAR,Spire Motorsports,0.4119743500365854
NASCAR_2024_5427_xfinity_500,NASCAR,Stewart-Haas Racing,-0.018904324239678468
NASCAR_2024_5427_xfinity_500,NASCAR,Team Penske,-0.16385331240469272
NASCAR_2024_5427_xfinity_500,NASCAR,Trackhouse Racing,-0.0205301677806011
NASCAR_2024_5427_xfinity_500,NASCAR,Wood Brothers Racing,0.11960941378137568
NASCAR_2024_5428_nascar_cup_series_championship,NASCAR,23XI Racing,-0.07801322252557491
NASCAR_2024_5428_nascar_cup_series_championship,NASCAR,Front Row Motorsports,0.1543444616797391
NASCAR_2024_5428_nascar_cup_series_championship,NASCAR,Hendrick Motorsports,-0.21542496637807157
NASCAR_2024_5428_nascar_cup_series_championship,NASCAR,JTG Daugherty Racing,0.12376531608852523
NASCAR_2024_5428_nascar_cup_series_championship,NASCAR,Joe Gibbs Racing,-0.25782416810573977
NASCAR_2024_5428_nascar_cup_series_championship,NASCAR,Kaulig Racing,0.17132544999588992
NASCAR_2024_5428_nascar_cup_series_championship,NASCAR,Legacy Motor Club,0.15289948408757117
NASCAR_2024_5428_nascar_cup_series_championship,NASCAR,NY Racing Team,1.0243390825321648
NASCAR_2024_5428_nascar_cup_series_championship,NASCAR,Power Source,2.4121929335069154
NASCAR_2024_5428_nascar_cup_series_championship,NASCAR,RFK Racing,-0.0849888981393876
NASCAR_2024_5428_nascar_cup_series_championship,NASCAR,Richard Childress Racing,-0.01509515506591777
NASCAR_2024_5428_nascar_cup_series_championship,NASCAR,Rick Ware Racing,0.8941147866829923
NASCAR_2024_5428_nascar_cup_series_championship,NASCAR,Spire Motorsports,0.4134835461063475
NASCAR_2024_5428_nascar_cup_series_championship,NASCAR,Stewart-Haas Racing,-0.02044306880762304
NASCAR_2024_5428_nascar_cup_series_championship,NASCAR,Team AmeriVet,1.1374822936290423
NASCAR_2024_5428_nascar_cup_series_championship,NASCAR,Team Penske,-0.1629842049618512
NASCAR_2024_5428_nascar_cup_series_championship,NASCAR,Trackhouse Racing,-0.01995330244612098
NASCAR_2024_5428_nascar_cup_series_championship,NASCAR,Wood Brothers Racing,0.11976404150891994
NASCAR_2025_5543_cook_out_clash_at_bowman_gray,NASCAR,23XI Racing,-0.078465179308012
NASCAR_2025_5543_cook_out_clash_at_bowman_gray,NASCAR,Front Row Motorsports,0.15451569801107717
NASCAR_2025_5543_cook_out_clash_at_bowman_gray,NASCAR,Hendrick Motorsports,-0.21747931602276435
NASCAR_2025_5543_cook_out_clash_at_bowman_gray,NASCAR,Joe Gibbs Racing,-0.2581545867207442
NASCAR_2025_5543_cook_out_clash_at_bowman_gray,NASCAR,RFK Racing,-0.0861994477819197
NASCAR_2025_5543_cook_out_clash_at_bowman_gray,NASCAR,Richard Childress Racing,-0.01578771196837535
NASCAR_2025_5543_cook_out_clash_at_bowman_gray,NASCAR,Spire Motorsports,0.41382317280778275
NASCAR_2025_5543_cook_out_clash_at_bowman_gray,NASCAR,Team Penske,-0.1640488095982632
NASCAR_2025_5543_cook_out_clash_at_bowman_gray,NASCAR,Trackhouse Racing,-0.021226976318603968
NASCAR_2025_5543_cook_out_clash_at_bowman_gray,NASCAR,Wood Brothers Racing,0.11865010701978897
NASCAR_2025_5544_duel_1_at_daytona,NASCAR,23XI Racing,-0.0798295067252599
NASCAR_2025_5544_duel_1_at_daytona,NASCAR,Front Row Motorsports,0.1536159186870643
NASCAR_2025_5544_duel_1_at_daytona,NASCAR,HYAK Motorsports,0.24963753004600087
NASCAR_2025_5544_duel_1_at_daytona,NASCAR,Hendrick Motorsports,-0.21695067722815098
NASCAR_2025_5544_duel_1_at_daytona,NASCAR,JR Motorsports,0.0634107520865041
NASCAR_2025_5544_duel_1_at_daytona,NASCAR,Joe Gibbs Racing,-0.2594370270903994
NASCAR_2025_5544_duel_1_at_daytona,NASCAR,Kaulig Racing,0.17314605140934022
NASCAR_2025_5544_duel_1_at_daytona,NASCAR,NY Racing Team,1.0674889151675095
NASCAR_2025_5544_duel_1_at_daytona,NASCAR,Power Source,2.6009218714667286
NASCAR_2025_5544_duel_1_at_daytona,NASCAR,RFK Racing,-0.08608894237551164
NASCAR_2025_5544_duel_1_at_daytona,NASCAR,Richard Childress Racing,-0.014940276475165524
NASCAR_2025_5544_duel_1_at_daytona,NASCAR,Spire Motorsports,0.413487094811963
NASCAR_2025_5544_duel_1_at_daytona,NASCAR,TRICON Garage,-0.045983583967559305
NASCAR_2025_5544_duel_1_at_daytona,NASCAR,Trackhouse Racing,-0.020374207993408795
NASCAR_2025_5544_duel_1_at_daytona,NASCAR,Wood Brothers Racing,0.11952571891767715
NASCAR_2025_5545_duel_2_at_daytona,NASCAR,23XI Racing,-0.07951445692499826
NASCAR_2025_5545_duel_2_at_daytona,NASCAR,Beard Motorsports,0.4548274991568338
NASCAR_2025_5545_duel_2_at_daytona,NASCAR,Front Row Motorsports,0.1557478402254206
NASCAR_2025_5545_duel_2_at_daytona,NASCAR,Haas Factory Team,0.31927853716543364
NASCAR_2025_5545_duel_2_at_daytona,NASCAR,Hendrick Motorsports,-0.21681075561539273
NASCAR_2025_5545_duel_2_at_daytona,NASCAR,Joe Gibbs Racing,-0.25903087127273466
NASCAR_2025_5545_duel_2_at_daytona,NASCAR,Legacy Motor Club,0.1540562532056468
NASCAR_2025_5545_duel_2_at_daytona,NASCAR,Live Fast Motorsports,1.0988170655951013
NASCAR_2025_5545_duel_2_at_daytona,NASCAR,RFK Racing,-0.086598102028504
NASCAR_2025_5545_duel_2_at_daytona,NASCAR,Rick Ware Racing,0.8977804582609618
NASCAR_2025_5545_duel_2_at_daytona,NASCAR,Team Penske,-0.16504154027128878
NASCAR_2025_5545_duel_2_at_daytona,NASCAR,Trackhouse Racing,-0.020633378557532576
NASCAR_2025_5546_daytona_500,NASCAR,23XI Racing,-0.07993572540542002
NASCAR_2025_5546_daytona_500,NASCAR,Front Row Motorsports,0.15596297158144964
NASCAR_2025_5546_daytona_500,NASCAR,HYAK Motorsports,0.25023374701935686
NASCAR_2025_5546_daytona_500,NASCAR,Haas Factory Team,0.32045630940503295
NASCAR_2025_5546_daytona_500,NASCAR,Hendrick Motorsports,-0.21689342351987168
NASCAR_2025_5546_daytona_500,NASCAR,JR Motorsports,0.03564139220501209
NASCAR_2025_5546_daytona_500,NASCAR,Joe Gibbs Racing,-0.2594370270903994
NASCAR_2025_5546_daytona_500,NASCAR,Kaulig Racing,0.17222900264121024
NASCAR_2025_5546_daytona_500,NASCAR,Legacy Motor Club,0.15412747456518058
NASCAR_2025_5546_daytona_500,NASCAR,RFK Racing,-0.08604323777417335
NASCAR_2025_5546_daytona_500,NASCAR,Richard Childress Racing,-0.014741938701201851
NASCAR_2025_5546_daytona_500,NASCAR,Rick Ware Racing,0.8975205326724941
NASCAR_2025_5546_daytona_500,NASCAR,Spire Motorsports,0.4133556195877792
NASCAR_2025_5546_daytona_500,NASCAR,TRICON Garage,-0.009703834574251828
NASCAR_2025_5546_daytona_500,NASCAR,Team Penske,-0.16502875926071942
NASCAR_2025_5546_daytona_500,NASCAR,Trackhouse Racing,-0.020337816177752304
NASCAR_2025_5546_daytona_500,NASCAR,Wood Brothers Racing,0.1197546267948737
NASCAR_2025_5547_ambetter_health_400,NASCAR,23XI Racing,-0.07993572540542002
NASCAR_2025_5547_ambetter_health_400,NASCAR,Front Row Motorsports,0.15602059512025596
NASCAR_2025_5547_ambetter_health_400,NASCAR,HYAK Motorsports,0.25144573477748416
NASCAR_2025_5547_ambetter_health_400,NASCAR,Haas Factory Team,0.3164871601177351
NASCAR_2025_5547_ambetter_health_400,NASCAR,Hendrick Motorsports,-0.2168577701385922
NASCAR_2025_5547_ambetter_health_400,NASCAR,Joe Gibbs Racing,-0.2593594127125122
NASCAR_2025_5547_ambetter_health_400,NASCAR,Kaulig Racing,0.17278668159817823
NASCAR_2025_5547_ambetter_health_400,NASCAR,Legacy Motor Club,0.15412747456518058
NASCAR_2025_5547_ambetter_health_400,NASCAR,Live Fast Motorsports,1.0954240115605987
NASCAR_2025_5547_ambetter_health_400,NASCAR,NY Racing Team,1.0554141781423052
NASCAR_2025_5547_ambetter_health_400,NASCAR,RFK Racing,-0.08612590111688459
NASCAR_2025_5547_ambetter_health_400,NASCAR,Richard Childress Racing,-0.014741938701201851
NASCAR_2025_5547_ambetter_health_400,NASCAR,Rick Ware Racing,0.8972131432800048
NASCAR_2025_5547_ambetter_health_400,NASCAR,Spire Motorsports,0.41362073242737263
NASCAR_2025_5547_ambetter_health_400,NASCAR,Team Penske,-0.16481326324836948
NASCAR_2025_5547_ambetter_health_400,NASCAR,Trackhouse Racing,-0.020581731477976845
NASCAR_2025_5547_ambetter_health_400,NASCAR,Wood Brothers Racing,0.11989312050976927
NASCAR_2025_5548_pennzoil_400,NASCAR,23XI Racing,-0.07980460912136035
NASCAR_2025_5548_pennzoil_400,NASCAR,Front Row Motorsports,0.1551488156847982
NASCAR_2025_5548_pennzoil_400,NASCAR,HYAK Motorsports,0.24972688553056918
NASCAR_2025_5548_pennzoil_400,NASCAR,Haas Factory Team,0.3144210711398287
NASCAR_2025_5548_pennzoil_400,NASCAR,Hendrick Motorsports,-0.2157259741597282
NASCAR_2025_5548_pennzoil_400,NASCAR,Joe Gibbs Racing,-0.2604508021655989
NASCAR_2025_5548_pennzoil_400,NASCAR,Kaulig Racing,0.17287661652826966
NASCAR_2025_5548_pennzoil_400,NASCAR,Legacy Motor Club,0.15268902680662821
NASCAR_2025_5548_pennzoil_400,NASCAR,RFK Racing,-0.08606780332450062
NASCAR_2025_5548_pennzoil_400,NASCAR,Richard Childress Racing,-0.014767436782732023
NASCAR_2025_5548_pennzoil_400,NASCAR,Rick Ware Racing,0.8899106523890764
NASCAR_2025_5548_pennzoil_400,NASCAR,Spire Motorsports,0.41336079143049886
NASCAR_2025_5548_pennzoil_400,NASCAR,Team Penske,-0.16403127291809655
NASCAR_2025_5548_pennzoil_400,NASCAR,Trackhouse Racing,-0.01933945944838475
NASCAR_2025_5548_pennzoil_400,NASCAR,Wood Brothers Racing,0.12162504298118933
NASCAR_2025_5549_shriners_children_s_500,NASCAR,23XI Racing,-0.07943920988924912
NASCAR_2025_5549_shriners_children_s_500,NASCAR,Front Row Motorsports,0.155102417699914
NASCAR_2025_5549_shriners_children_s_500,NASCAR,HYAK Motorsports,0.24065166574721283
NASCAR_2025_5549_shriners_children_s_500,NASCAR,Haas Factory Team,0.3140524685948743
NASCAR_2025_5549_shriners_children_s_500,NASCAR,Hendrick Motorsports,-0.21623689402062352
NASCAR_2025_5549_shriners_children_s_500,NASCAR,Joe Gibbs Racing,-0.25874136642213413
NASCAR_2025_5549_shriners_children_s_500,NASCAR,Kaulig Racing,0.1710281292878359
NASCAR_2025_5549_shriners_children_s_500,NASCAR,Legacy Motor Club,0.15220681545167286
NASCAR_2025_5549_shriners_children_s_500,NASCAR,Live Fast Motorsports,1.083902682693084
NASCAR_2025_5549_shriners_children_s_500,NASCAR,RFK Racing,-0.08534418668165954
NASCAR_2025_5549_shriners_children_s_500,NASCAR,Richard Childress Racing,-0.01486067979702045
NASCAR_2025_5549_shriners_children_s_500,NASCAR,Rick Ware Racing,0.8928521646951326
NASCAR_2025_5549_shriners_children_s_500,NASCAR,Spire Motorsports,0.41386495249373995
NASCAR_2025_5549_shriners_children_s_500,NASCAR,Team Penske,-0.16407573851370022
NASCAR_2025_5549_shriners_children_s_500,NASCAR,Trackhouse Racing,-0.020401544212624214
NASCAR_2025_5549_shriners_children_s_500,NASCAR,Wood Brothers Racing,0.12099816335668526
NASCAR_2025_5550_food_city_500,NASCAR,23XI Racing,-0.07993572540542002
NASCAR_2025_5550_food_city_500,NASCAR,Front Row Motorsports,0.15521323589262218
NASCAR_2025_5550_food_city_500,NASCAR,Garage 66,1.8977247027366262
NASCAR_2025_5550_food_city_500,NASCAR,HYAK Motorsports,0.24981209275355953
NASCAR_2025_5550_food_city_500,NASCAR,Haas Factory Team,0.31119006575103153
NASCAR_2025_5550_food_city_500,NASCAR,Hendrick Motorsports,-0.21565350511064518
NASCAR_2025_5550_food_city_500,NASCAR,Joe Gibbs Racing,-0.257814149229982
NASCAR_2025_5550_food_city_500,NASCAR,Kaulig Racing,0.17314605140934022
NASCAR_2025_5550_food_city_500,NASCAR,Legacy Motor Club,0.1528829929216155
NASCAR_2025_5550_food_city_500,NASCAR,RFK Racing,-0.08682025233971527
NASCAR_2025_5550_food_city_500,NASCAR,Richard Childress Racing,-0.014741938701201851
NASCAR_2025_5550_food_city_500,NASCAR,Rick Ware Racing,0.8950614372192508
NASCAR_2025_5550_food_city_500,NASCAR,Spire Motorsports,0.4140301410031726
NASCAR_2025_5550_food_city_500,NASCAR,Team Penske,-0.16498864807099836
NASCAR_2025_5550_food_city_500,NASCAR,Trackhouse Racing,-0.02189947368767403
NASCAR_2025_5550_food_city_500,NASCAR,Wood Brothers Racing,0.12040015902138271
NASCAR_2025_5551_echopark_automotive_grand_prix,NASCAR,23XI Racing,-0.07953050602620826
NASCAR_2025_5551_echopark_automotive_grand_prix,NASCAR,Front Row Motorsports,0.15517873749447475
NASCAR_2025_5551_echopark_automotive_grand_prix,NASCAR,HYAK Motorsports,0.24155908358222153
NASCAR_2025_5551_echopark_automotive_grand_prix,NASCAR,Haas Factory Team,0.3166154310006715
NASCAR_2025_5551_echopark_automotive_grand_prix,NASCAR,Hendrick Motorsports,-0.21566812009347816
NASCAR_2025_5551_echopark_automotive_grand_prix,NASCAR,Joe Gibbs Racing,-0.2592834724738312
NASCAR_2025_5551_echopark_automotive_grand_prix,NASCAR,Kaulig Racing,0.17323833379364992
NASCAR_2025_5551_echopark_automotive_grand_prix,NASCAR,Legacy Motor Club,0.15096348987250002
NASCAR_2025_5551_echopark_automotive_grand_prix,NASCAR,RFK Racing,-0.08591461703052719
NASCAR_2025_5551_echopark_automotive_grand_prix,NASCAR,Richard Childress Racing,-0.01432730553672364
NASCAR_2025_5551_echopark_automotive_grand_prix,NASCAR,Rick Ware Racing,0.8935816337470168
NASCAR_2025_5551_echopark_automotive_grand_prix,NASCAR,Spire Motorsports,0.41406181358526684
NASCAR_2025_5551_echopark_automotive_grand_prix,NASCAR,Team Penske,-0.16538206653378754
NASCAR_2025_5551_echopark_automotive_grand_prix,NASCAR,Trackhouse Racing,-0.018194384181449693
NASCAR_2025_5551_echopark_automotive_grand_prix,NASCAR,Wood Brothers Racing,0.11777479105568336
NASCAR_2025_5552_viva_mexico_250,NASCAR,23XI Racing,-0.07993572540542002
NASCAR_2025_5552_viva_mexico_250,NASCAR,Front Row Motorsports,0.15524089680846476
NASCAR_2025_5552_viva_mexico_250,NASCAR,HYAK Motorsports,0.24903045445548933
NASCAR_2025_5552_viva_mexico_250,NASCAR,Haas Factory Team,0.32055806294729133
NASCAR_2025_5552_viva_mexico_250,NASCAR,Hendrick Motorsports,-0.21592566542217734
NASCAR_2025_5552_viva_mexico_250,NASCAR,Joe Gibbs Racing,-0.2587686235478498
NASCAR_2025_5552_viva_mexico_250,NASCAR,Kaulig Racing,0.17314461189776645
NASCAR_2025_5552_viva_mexico_250,NASCAR,Legacy Motor Club,0.15418569479045133
NASCAR_2025_5552_viva_mexico_250,NASCAR,Live Fast Motorsports,1.0940396963471792
NASCAR_2025_5552_viva_mexico_250,NASCAR,RFK Racing,-0.0862665507441363
NASCAR_2025_5552_viva_mexico_250,NASCAR,Richard Childress Racing,-0.014701077473249348
NASCAR_2025_5552_viva_mexico_250,NASCAR,Rick Ware Racing,0.8941716066566672
NASCAR_2025_5552_viva_mexico_250,NASCAR,Spire Motorsports,0.4136415112704455
NASCAR_2025_5552_viva_mexico_250,NASCAR,Team Penske,-0.16504154027128878
NASCAR_2025_5552_viva_mexico_250,NASCAR,Trackhouse Racing,-0.0198303364708618
NASCAR_2025_5552_viva_mexico_250,NASCAR,Wood Brothers Racing,0.11968990884482297
NASCAR_2025_5553_cook_out_400,NASCAR,23XI Racing,-0.07926317002719117
NASCAR_2025_5553_cook_out_400,NASCAR,Front Row Motorsports,0.1559738383406112
NASCAR_2025_5553_cook_out_400,NASCAR,Garage 66,1.8840538215118026
NASCAR_2025_5553_cook_out_400,NASCAR,HYAK Motorsports,0.24104129809800368
NASCAR_2025_5553_cook_out_400,NASCAR,Haas Factory Team,0.3143775643827202
NASCAR_2025_5553_cook_out_400,NASCAR,Hendrick Motorsports,-0.2157896737989544
NASCAR_2025_5553_cook_out_400,NASCAR,Joe Gibbs Racing,-0.2576727864596804
NASCAR_2025_5553_cook_out_400,NASCAR,Kaulig Racing,0.1729339473549486
NASCAR_2025_5553_cook_out_400,NASCAR,Legacy Motor Club,0.15093368518549058
NASCAR_2025_5553_cook_out_400,NASCAR,RFK Racing,-0.0869546778320485
NASCAR_2025_5553_cook_out_400,NASCAR,Richard Childress Racing,-0.01472262035016974
NASCAR_2025_5553_cook_out_400,NASCAR,Rick Ware Racing,0.8948260922092985
NASCAR_2025_5553_cook_out_400,NASCAR,Spire Motorsports,0.4134553687800784
NASCAR_2025_5553_cook_out_400,NASCAR,Team AmeriVet,2.1457541320814535
NASCAR_2025_5553_cook_out_400,NASCAR,Team Penske,-0.16433322259346675
NASCAR_2025_5553_cook_out_400,NASCAR,Trackhouse Racing,-0.020531912742178065
NASCAR_2025_5553_cook_out_400,NASCAR,Wood Brothers Racing,0.12005135231661825
NASCAR_2025_5554_w_rth_400,NASCAR,23XI Racing,-0.07908760283963226
NASCAR_2025_5554_w_rth_400,NASCAR,Beard Motorsports,0.42323163639685946
NASCAR_2025_5554_w_rth_400,NASCAR,Front Row Motorsports,0.15526564808494797
NASCAR_2025_5554_w_rth_400,NASCAR,Garage 66,1.8809754147244604
NASCAR_2025_5554_w_rth_400,NASCAR,HYAK Motorsports,0.24765830673290856
NASCAR_2025_5554_w_rth_400,NASCAR,Haas Factory Team,0.31498210162816914
NASCAR_2025_5554_w_rth_400,NASCAR,Hendrick Motorsports,-0.21555164928408554
NASCAR_2025_5554_w_rth_400,NASCAR,Joe Gibbs Racing,-0.2590341965430688
NASCAR_2025_5554_w_rth_400,NASCAR,Kaulig Racing,0.17195332970808838
NASCAR_2025_5554_w_rth_400,NASCAR,Legacy Motor Club,0.15480547835192277
NASCAR_2025_5554_w_rth_400,NASCAR,RFK Racing,-0.08521182839298751
NASCAR_2025_5554_w_rth_400,NASCAR,Richard Childress Racing,-0.014785704437886642
NASCAR_2025_5554_w_rth_400,NASCAR,Rick Ware Racing,0.8947509994988417
NASCAR_2025_5554_w_rth_400,NASCAR,Spire Motorsports,0.41393118085547076
NASCAR_2025_5554_w_rth_400,NASCAR,Team Penske,-0.164114957005814
NASCAR_2025_5554_w_rth_400,NASCAR,Trackhouse Racing,-0.022699338787273014
NASCAR_2025_5554_w_rth_400,NASCAR,Wood Brothers Racing,0.12286277093877486
NASCAR_2025_5555_jack_link_s_500,NASCAR,23XI Racing,-0.07975841651988569
NASCAR_2025_5555_jack_link_s_500,NASCAR,Beard Motorsports,0.4522859943122725
NASCAR_2025_5555_jack_link_s_500,NASCAR,Front Row Motorsports,0.15602059512025596
NASCAR_2025_5555_jack_link_s_500,NASCAR,HYAK Motorsports,0.2495916077872923
NASCAR_2025_5555_jack_link_s_500,NASCAR,Haas Factory Team,0.3207891013229112
NASCAR_2025_5555_jack_link_s_500,NASCAR,Hendrick Motorsports,-0.21689342351987168
NASCAR_2025_5555_jack_link_s_500,NASCAR,Joe Gibbs Racing,-0.25940208656544084
NASCAR_2025_5555_jack_link_s_500,NASCAR,Kaulig Racing,0.17314605140934022
NASCAR_2025_5555_jack_link_s_500,NASCAR,Legacy Motor Club,0.15412747456518058
NASCAR_2025_5555_jack_link_s_500,NASCAR,Live Fast Motorsports,1.09829867782137
NASCAR_2025_5555_jack_link_s_500,NASCAR,NY Racing Team,1.0571084152346597
NASCAR_2025_5555_jack_link_s_500,NASCAR,RFK Racing,-0.08586493431832291
NASCAR_2025_5555_jack_link_s_500,NASCAR,Richard Childress Racing,-0.014843818341049959
NASCAR_2025_5555_jack_link_s_500,NASCAR,Rick Ware Racing,0.8975956524635658
NASCAR_2025_5555_jack_link_s_500,NASCAR,Spire Motorsports,0.41369060107074157
NASCAR_2025_5555_jack_link_s_500,NASCAR,Team Penske,-0.16510946714353059
NASCAR_2025_5555_jack_link_s_500,NASCAR,Trackhouse Racing,-0.020581731477976845
NASCAR_2025_5555_jack_link_s_500,NASCAR,Wood Brothers Racing,0.11968990884482297
NASCAR_2025_5556_autotrader_echopark_automotive_400,NASCAR,23XI Racing,-0.07968013465789757
NASCAR_2025_5556_autotrader_echopark_automotive_400,NASCAR,Front Row Motorsports,0.1552722076794089
NASCAR_2025_5556_autotrader_echopark_automotive_400,NASCAR,HYAK Motorsports,0.2407789580292582
NASCAR_2025_5556_autotrader_echopark_automotive_400,NASCAR,Haas Factory Team,0.3061973343220481
NASCAR_2025_5556_autotrader_echopark_automotive_400,NASCAR,Hendrick Motorsports,-0.21509414473961957
NASCAR_2025_5556_autotrader_echopark_automotive_400,NASCAR,Joe Gibbs Racing,-0.2579019400918973
NASCAR_2025_5556_autotrader_echopark_automotive_400,NASCAR,Kaulig Racing,0.17257688251219547
NASCAR_2025_5556_autotrader_echopark_automotive_400,NASCAR,Legacy Motor Club,0.15252827595082755
NASCAR_2025_5556_autotrader_echopark_automotive_400,NASCAR,NY Racing Team,1.016367212422164
NASCAR_2025_5556_autotrader_echopark_automotive_400,NASCAR,RFK Racing,-0.08612257191481379
NASCAR_2025_5556_autotrader_echopark_automotive_400,NASCAR,Richard Childress Racing,-0.014709585575146955
NASCAR_2025_5556_autotrader_echopark_automotive_400,NASCAR,Rick Ware Racing,0.888100054169482
NASCAR_2025_5556_autotrader_echopark_automotive_400,NASCAR,Spire Motorsports,0.41359556423224025
NASCAR_2025_5556_autotrader_echopark_automotive_400,NASCAR,Team Penske,-0.1644602507688862
NASCAR_2025_5556_autotrader_echopark_automotive_400,NASCAR,Trackhouse Racing,-0.023011409079599622
NASCAR_2025_5556_autotrader_echopark_automotive_400,NASCAR,Wood Brothers Racing,0.11906533283457055
NASCAR_2025_5557_adventhealth_400,NASCAR,23XI Racing,-0.0804377755194483
NASCAR_2025_5557_adventhealth_400,NASCAR,Front Row Motorsports,0.15601066797157725
NASCAR_2025_5557_adventhealth_400,NASCAR,HYAK Motorsports,0.245055955809365
NASCAR_2025_5557_adventhealth_400,NASCAR,Haas Factory Team,0.31258836360985787
NASCAR_2025_5557_adventhealth_400,NASCAR,Hendrick Motorsports,-0.21514465963758678
NASCAR_2025_5557_adventhealth_400,NASCAR,Joe Gibbs Racing,-0.25855936496915094
NASCAR_2025_5557_adventhealth_400,NASCAR,Kaulig Racing,0.16972117399214676
NASCAR_2025_5557_adventhealth_400,NASCAR,Legacy Motor Club,0.15359968581799782
NASCAR_2025_5557_adventhealth_400,NASCAR,RFK Racing,-0.0846022226945659
NASCAR_2025_5557_adventhealth_400,NASCAR,Richard Childress Racing,-0.015658065185937285
NASCAR_2025_5557_adventhealth_400,NASCAR,Rick Ware Racing,0.8917329573875166
NASCAR_2025_5557_adventhealth_400,NASCAR,Spire Motorsports,0.4133312555154661
NASCAR_2025_5557_adventhealth_400,NASCAR,Team Penske,-0.1639241704271137
NASCAR_2025_5557_adventhealth_400,NASCAR,Trackhouse Racing,-0.022622926504473992
NASCAR_2025_5557_adventhealth_400,NASCAR,Wood Brothers Racing,0.12071354975875193
NASCAR_2025_5558_goodyear_400,NASCAR,23XI Racing,-0.07930520344478702
NASCAR_2025_5558_goodyear_400,NASCAR,Front Row Motorsports,0.1561838419711703
NASCAR_2025_5558_goodyear_400,NASCAR,HYAK Motorsports,0.2404018612473593
NASCAR_2025_5558_goodyear_400,NASCAR,Haas Factory Team,0.3141346316996479
NASCAR_2025_5558_goodyear_400,NASCAR,Hendrick Motorsports,-0.21605795417435786
NASCAR_2025_5558_goodyear_400,NASCAR,Joe Gibbs Racing,-0.2590243366265105
NASCAR_2025_5558_goodyear_400,NASCAR,Kaulig Racing,0.1733236667643526
NASCAR_2025_5558_goodyear_400,NASCAR,Legacy Motor Club,0.1524809625326165
NASCAR_2025_5558_goodyear_400,NASCAR,NY Racing Team,1.0326678934953588
NASCAR_2025_5558_goodyear_400,NASCAR,RFK Racing,-0.0847420863308449
NASCAR_2025_5558_goodyear_400,NASCAR,Richard Childress Racing,-0.015018001377160388
NASCAR_2025_5558_goodyear_400,NASCAR,Rick Ware Racing,0.8940394914541782
NASCAR_2025_5558_goodyear_400,NASCAR,Spire Motorsports,0.41225573422353384
NASCAR_2025_5558_goodyear_400,NASCAR,Team Penske,-0.16376285113021885
NASCAR_2025_5558_goodyear_400,NASCAR,Trackhouse Racing,-0.020923024468342818
NASCAR_2025_5558_goodyear_400,NASCAR,Wood Brothers Racing,0.12063717343808762
NASCAR_2025_5561_nascar_all_star_open,NASCAR,23XI Racing,-0.07995808690711946
NASCAR_2025_5561_nascar_all_star_open,NASCAR,Front Row Motorsports,0.15544747791011196
NASCAR_2025_5561_nascar_all_star_open,NASCAR,Garage 66,1.885803026040478
NASCAR_2025_5561_nascar_all_star_open,NASCAR,Haas Factory Team,0.313942336650249
NASCAR_2025_5561_nascar_all_star_open,NASCAR,Joe Gibbs Racing,-0.25848986376428157
NASCAR_2025_5561_nascar_all_star_open,NASCAR,Kaulig Racing,0.17370120897406743
NASCAR_2025_5561_nascar_all_star_open,NASCAR,Legacy Motor Club,0.15425023434682206
NASCAR_2025_5561_nascar_all_star_open,NASCAR,RFK Racing,-0.08383257544328108
NASCAR_2025_5561_nascar_all_star_open,NASCAR,Rick Ware Racing,0.8947559808502411
NASCAR_2025_5561_nascar_all_star_open,NASCAR,Spire Motorsports,0.4146418317737288
NASCAR_2025_5561_nascar_all_star_open,NASCAR,Trackhouse Racing,-0.016717883917502643
NASCAR_2025_5562_nascar_all_star_race,NASCAR,23XI Racing,-0.08017825920504672
NASCAR_2025_5562_nascar_all_star_race,NASCAR,Front Row Motorsports,0.1549880026075154
NASCAR_2025_5562_nascar_all_star_race,NASCAR,HYAK Motorsports,0.23859415370721898
NASCAR_2025_5562_nascar_all_star_race,NASCAR,Hendrick Motorsports,-0.21535626873088914
NASCAR_2025_5562_nascar_all_star_race,NASCAR,Joe Gibbs Racing,-0.25942894033848435
NASCAR_2025_5562_nascar_all_star_race,NASCAR,Legacy Motor Club,0.1453042053130401
NASCAR_2025_5562_nascar_all_star_race,NASCAR,RFK Racing,-0.08615210505264358
NASCAR_2025_5562_nascar_all_star_race,NASCAR,Richard Childress Racing,-0.01425292653043076
NASCAR_2025_5562_nascar_all_star_race,NASCAR,Rick Ware Racing,0.8933978935585517
NASCAR_2025_5562_nascar_all_star_race,NASCAR,Spire Motorsports,0.4126773871456616
NASCAR_2025_5562_nascar_all_star_race,NASCAR,Team Penske,-0.16282774814399034
NASCAR_2025_5562_nascar_all_star_race,NASCAR,Trackhouse Racing,-0.02051879683494462
NASCAR_2025_5562_nascar_all_star_race,NASCAR,Wood Brothers Racing,0.1195265550029008
NASCAR_2025_5563_coca_cola_600,NASCAR,23XI Racing,-0.08043688207214153
NASCAR_2025_5563_coca_cola_600,NASCAR,Front Row Motorsports,0.15606869968258974
NASCAR_2025_5563_coca_cola_600,NASCAR,Garage 66,1.847870999739726
NASCAR_2025_5563_coca_cola_600,NASCAR,HYAK Motorsports,0.24861695085292485
NASCAR_2025_5563_coca_cola_600,NASCAR,Haas Factory Team,0.3130829187035787
NASCAR_2025_5563_coca_cola_600,NASCAR,Hendrick Motorsports,-0.21589924015438827
NASCAR_2025_5563_coca_cola_600,NASCAR,Joe Gibbs Racing,-0.25868113405796334
NASCAR_2025_5563_coca_cola_600,NASCAR,Kaulig Racing,0.17353372111558069
NASCAR_2025_5563_coca_cola_600,NASCAR,Legacy Motor Club,0.15418082237493358
NASCAR_2025_5563_coca_cola_600,NASCAR,NY Racing Team,0.9745027882134498
NASCAR_2025_5563_coca_cola_600,NASCAR,RFK Racing,-0.08556983031318521
NASCAR_2025_5563_coca_cola_600,NASCAR,Richard Childress Racing,-0.014741938701201851
NASCAR_2025_5563_coca_cola_600,NASCAR,Rick Ware Racing,0.8951849737750214
NASCAR_2025_5563_coca_cola_600,NASCAR,Spire Motorsports,0.4138862386456475
NASCAR_2025_5563_coca_cola_600,NASCAR,Team Penske,-0.16562527398067214
NASCAR_2025_5563_coca_cola_600,NASCAR,Trackhouse Racing,-0.021200680201195036
NASCAR_2025_5563_coca_cola_600,NASCAR,Wood Brothers Racing,0.11922604640179489
NASCAR_2025_5564_enjoy_illinois_300,NASCAR,23XI Racing,-0.07974492584346145
NASCAR_2025_5564_enjoy_illinois_300,NASCAR,Front Row Motorsports,0.15478995304236992
NASCAR_2025_5564_enjoy_illinois_300,NASCAR,HYAK Motorsports,0.24224629050779817
NASCAR_2025_5564_enjoy_illinois_300,NASCAR,Haas Factory Team,0.3093137460553186
NASCAR_2025_5564_enjoy_illinois_300,NASCAR,Hendrick Motorsports,-0.21533629824840697
NASCAR_2025_5564_enjoy_illinois_300,NASCAR,Joe Gibbs Racing,-0.2566815124574638
NASCAR_2025_5564_enjoy_illinois_300,NASCAR,Kaulig Racing,0.16949024010611966
NASCAR_2025_5564_enjoy_illinois_300,NASCAR,Legacy Motor Club,0.15456002984765665
NASCAR_2025_5564_enjoy_illinois_300,NASCAR,RFK Racing,-0.08560842198882171
NASCAR_2025_5564_enjoy_illinois_300,NASCAR,Richard Childress Racing,-0.01604946758137756
NASCAR_2025_5564_enjoy_illinois_300,NASCAR,Rick Ware Racing,0.8932052318729697
NASCAR_2025_5564_enjoy_illinois_300,NASCAR,Spire Motorsports,0.41232474743721437
NASCAR_2025_5564_enjoy_illinois_300,NASCAR,Team Penske,-0.16299921751134194
NASCAR_2025_5564_enjoy_illinois_300,NASCAR,Trackhouse Racing,-0.02141651179899527
NASCAR_2025_5564_enjoy_illinois_300,NASCAR,Wood Brothers Racing,0.12117578484778271
NASCAR_2025_5565_toyota_save_mart_350,NASCAR,23XI Racing,-0.07991053533849737
NASCAR_2025_5565_toyota_save_mart_350,NASCAR,Front Row Motorsports,0.15524634720057487
NASCAR_2025_5565_toyota_save_mart_350,NASCAR,HYAK Motorsports,0.24944792056260898
NASCAR_2025_5565_toyota_save_mart_350,NASCAR,Haas Factory Team,0.32015371472817766
NASCAR_2025_5565_toyota_save_mart_350,NASCAR,Hendrick Motorsports,-0.21582370109287333
NASCAR_2025_5565_toyota_save_mart_350,NASCAR,Joe Gibbs Racing,-0.2583345211205487
NASCAR_2025_5565_toyota_save_mart_350,NASCAR,Kaulig Racing,0.17269192698426059
NASCAR_2025_5565_toyota_save_mart_350,NASCAR,Legacy Motor Club,0.15166849905430915
NASCAR_2025_5565_toyota_save_mart_350,NASCAR,Live Fast Motorsports,1.0899322871910306
NASCAR_2025_5565_toyota_save_mart_350,NASCAR,RFK Racing,-0.08402296528856389
NASCAR_2025_5565_toyota_save_mart_350,NASCAR,Richard Childress Racing,-0.014986933358671515
NASCAR_2025_5565_toyota_save_mart_350,NASCAR,Rick Ware Racing,0.8937030239551016
NASCAR_2025_5565_toyota_save_mart_350,NASCAR,Spire Motorsports,0.41325694739297003
NASCAR_2025_5565_toyota_save_mart_350,NASCAR,Team Penske,-0.16497982325196756
NASCAR_2025_5565_toyota_save_mart_350,NASCAR,Trackhouse Racing,-0.019010584470368415
NASCAR_2025_5565_toyota_save_mart_350,NASCAR,Wood Brothers Racing,0.11861032135035512
NASCAR_2025_5566_iowa_corn_350,NASCAR,23XI Racing,-0.07993572540542002
NASCAR_2025_5566_iowa_corn_350,NASCAR,Front Row Motorsports,0.15439931929030487
NASCAR_2025_5566_iowa_corn_350,NASCAR,Garage 66,1.8548472768137632
NASCAR_2025_5566_iowa_corn_350,NASCAR,HYAK Motorsports,0.234726760315913
NASCAR_2025_5566_iowa_corn_350,NASCAR,Haas Factory Team,0.31737159111313196
NASCAR_2025_5566_iowa_corn_350,NASCAR,Hendrick Motorsports,-0.21603735361895718
NASCAR_2025_5566_iowa_corn_350,NASCAR,Joe Gibbs Racing,-0.2587724869218681
NASCAR_2025_5566_iowa_corn_350,NASCAR,Kaulig Racing,0.17306767189934374
NASCAR_2025_5566_iowa_corn_350,NASCAR,Legacy Motor Club,0.15412747456518058
NASCAR_2025_5566_iowa_corn_350,NASCAR,RFK Racing,-0.08598891547922578
NASCAR_2025_5566_iowa_corn_350,NASCAR,Richard Childress Racing,-0.014603715770767953
NASCAR_2025_5566_iowa_corn_350,NASCAR,Rick Ware Racing,0.8947207848404047
NASCAR_2025_5566_iowa_corn_350,NASCAR,Spire Motorsports,0.4140964415180697
NASCAR_2025_5566_iowa_corn_350,NASCAR,Team Penske,-0.16407749110520273
NASCAR_2025_5566_iowa_corn_350,NASCAR,Trackhouse Racing,-0.021427516935954564
NASCAR_2025_5566_iowa_corn_350,NASCAR,Wood Brothers Racing,0.12076172934490798
NASCAR_2025_5567_mobil_1_301,NASCAR,23XI Racing,-0.0805524260795279
NASCAR_2025_5567_mobil_1_301,NASCAR,Front Row Motorsports,0.15540011530125694
NASCAR_2025_5567_mobil_1_301,NASCAR,HYAK Motorsports,0.2403050912057327
NASCAR_2025_5567_mobil_1_301,NASCAR,Haas Factory Team,0.30819537350466114
NASCAR_2025_5567_mobil_1_301,NASCAR,Hendrick Motorsports,-0.2148908673610146
NASCAR_2025_5567_mobil_1_301,NASCAR,Joe Gibbs Racing,-0.25819302754912726
NASCAR_2025_5567_mobil_1_301,NASCAR,Kaulig Racing,0.17191632838047802
NASCAR_2025_5567_mobil_1_301,NASCAR,Legacy Motor Club,0.1489279528207203
NASCAR_2025_5567_mobil_1_301,NASCAR,RFK Racing,-0.08682493569700683
NASCAR_2025_5567_mobil_1_301,NASCAR,Richard Childress Racing,-0.01695973154746546
NASCAR_2025_5567_mobil_1_301,NASCAR,Rick Ware Racing,0.8920352218871201
NASCAR_2025_5567_mobil_1_301,NASCAR,Spire Motorsports,0.41467474835622653
NASCAR_2025_5567_mobil_1_301,NASCAR,Team Penske,-0.16261048761007502
NASCAR_2025_5567_mobil_1_301,NASCAR,Trackhouse Racing,-0.019557366823904375
NASCAR_2025_5567_mobil_1_301,NASCAR,Wood Brothers Racing,0.12261793149546069
NASCAR_2025_5568_cracker_barrel_400,NASCAR,23XI Racing,-0.07968035574416865
NASCAR_2025_5568_cracker_barrel_400,NASCAR,Front Row Motorsports,0.15559865566793624
NASCAR_2025_5568_cracker_barrel_400,NASCAR,Garage 66,1.839896494313329
NASCAR_2025_5568_cracker_barrel_400,NASCAR,HYAK Motorsports,0.24860421661560175
NASCAR_2025_5568_cracker_barrel_400,NASCAR,Haas Factory Team,0.31942883213709833
NASCAR_2025_5568_cracker_barrel_400,NASCAR,Hendrick Motorsports,-0.21628018892042936
NASCAR_2025_5568_cracker_barrel_400,NASCAR,Joe Gibbs Racing,-0.25841806971250086
NASCAR_2025_5568_cracker_barrel_400,NASCAR,Kaulig Racing,0.17182403665495868
NASCAR_2025_5568_cracker_barrel_400,NASCAR,Legacy Motor Club,0.1541101609838469
NASCAR_2025_5568_cracker_barrel_400,NASCAR,NY Racing Team,1.0042284981494691
NASCAR_2025_5568_cracker_barrel_400,NASCAR,RFK Racing,-0.08602418416364145
NASCAR_2025_5568_cracker_barrel_400,NASCAR,Richard Childress Racing,-0.014925591534917
NASCAR_2025_5568_cracker_barrel_400,NASCAR,Rick Ware Racing,0.8942608577185629
NASCAR_2025_5568_cracker_barrel_400,NASCAR,Spire Motorsports,0.4136458707608346
NASCAR_2025_5568_cracker_barrel_400,NASCAR,Team Penske,-0.16349261258268116
NASCAR_2025_5568_cracker_barrel_400,NASCAR,Trackhouse Racing,-0.020809420475585143
NASCAR_2025_5568_cracker_barrel_400,NASCAR,Wood Brothers Racing,0.11952379857438328
NASCAR_2025_5569_grant_park_165,NASCAR,23XI Racing,-0.07969803701890883
NASCAR_2025_5569_grant_park_165,NASCAR,Front Row Motorsports,0.15599602946486868
NASCAR_2025_5569_grant_park_165,NASCAR,Garage 66,1.9290665239294227
NASCAR_2025_5569_grant_park_165,NASCAR,HYAK Motorsports,0.24792702476049858
NASCAR_2025_5569_grant_park_165,NASCAR,Haas Factory Team,0.3154955362323885
NASCAR_2025_5569_grant_park_165,NASCAR,Hendrick Motorsports,-0.21690023490645374
NASCAR_2025_5569_grant_park_165,NASCAR,Joe Gibbs Racing,-0.2587563683967556
NASCAR_2025_5569_grant_park_165,NASCAR,Kaulig Racing,0.17314605140934022
NASCAR_2025_5569_grant_park_165,NASCAR,Legacy Motor Club,0.1540442089573186
NASCAR_2025_5569_grant_park_165,NASCAR,Live Fast Motorsports,1.0957247069760696
NASCAR_2025_5569_grant_park_165,NASCAR,RFK Racing,-0.0866496766362789
NASCAR_2025_5569_grant_park_165,NASCAR,Richard Childress Racing,-0.014466285128568217
NASCAR_2025_5569_grant_park_165,NASCAR,Rick Ware Racing,0.8963299478786771
NASCAR_2025_5569_grant_park_165,NASCAR,Spire Motorsports,0.41419232229734937
NASCAR_2025_5569_grant_park_165,NASCAR,Team Penske,-0.1649734268431523
NASCAR_2025_5569_grant_park_165,NASCAR,Trackhouse Racing,-0.01995972476873615
NASCAR_2025_5569_grant_park_165,NASCAR,Wood Brothers Racing,0.11976339477166319
NASCAR_2025_5570_the_great_american_getaway_400,NASCAR,23XI Racing,-0.08029123008325159
NASCAR_2025_5570_the_great_american_getaway_400,NASCAR,Front Row Motorsports,0.15473087400977079
NASCAR_2025_5570_the_great_american_getaway_400,NASCAR,HYAK Motorsports,0.24192351327059283
NASCAR_2025_5570_the_great_american_getaway_400,NASCAR,Haas Factory Team,0.3177606148552329
NASCAR_2025_5570_the_great_american_getaway_400,NASCAR,Hendrick Motorsports,-0.21608696068362188
NASCAR_2025_5570_the_great_american_getaway_400,NASCAR,Joe Gibbs Racing,-0.2578496367891681
NASCAR_2025_5570_the_great_american_getaway_400,NASCAR,Kaulig Racing,0.17057153584420234
NASCAR_2025_5570_the_great_american_getaway_400,NASCAR,Legacy Motor Club,0.15601268467076673
NASCAR_2025_5570_the_great_american_getaway_400,NASCAR,NY Racing Team,1.0240210236411285
NASCAR_2025_5570_the_great_american_getaway_400,NASCAR,RFK Racing,-0.08290536476710503
NASCAR_2025_5570_the_great_american_getaway_400,NASCAR,Richard Childress Racing,-0.015590895877564412
NASCAR_2025_5570_the_great_american_getaway_400,NASCAR,Rick Ware Racing,0.893741526527123
NASCAR_2025_5570_the_great_american_getaway_400,NASCAR,Spire Motorsports,0.4132687048485541
NASCAR_2025_5570_the_great_american_getaway_400,NASCAR,Team Penske,-0.16435779886244503
NASCAR_2025_5570_the_great_american_getaway_400,NASCAR,Trackhouse Racing,-0.021788727566461805
NASCAR_2025_5570_the_great_american_getaway_400,NASCAR,Wood Brothers Racing,0.12042318992311558
NASCAR_2025_5571_brickyard_400,NASCAR,23XI Racing,-0.07980419035296055
NASCAR_2025_5571_brickyard_400,NASCAR,Beard Motorsports,0.44079875886366404
NASCAR_2025_5571_brickyard_400,NASCAR,Front Row Motorsports,0.15571871855328626
NASCAR_2025_5571_brickyard_400,NASCAR,Garage 66,1.8667571563002467
NASCAR_2025_5571_brickyard_400,NASCAR,HYAK Motorsports,0.24187448060169484
NASCAR_2025_5571_brickyard_400,NASCAR,Haas Factory Team,0.31726872414205487
NASCAR_2025_5571_brickyard_400,NASCAR,Hendrick Motorsports,-0.21635702561289571
NASCAR_2025_5571_brickyard_400,NASCAR,Joe Gibbs Racing,-0.2590904038863947
NASCAR_2025_5571_brickyard_400,NASCAR,Kaulig Racing,0.16984730993258365
NASCAR_2025_5571_brickyard_400,NASCAR,Legacy Motor Club,0.15458179082378032
NASCAR_2025_5571_brickyard_400,NASCAR,Live Fast Motorsports,1.092238553797052
NASCAR_2025_5571_brickyard_400,NASCAR,RFK Racing,-0.08538417885149743
NASCAR_2025_5571_brickyard_400,NASCAR,Richard Childress Racing,-0.0148094705380513
NASCAR_2025_5571_brickyard_400,NASCAR,Rick Ware Racing,0.8951616401517941
NASCAR_2025_5571_brickyard_400,NASCAR,Spire Motorsports,0.4136587453601002
NASCAR_2025_5571_brickyard_400,NASCAR,Team Penske,-0.1646103258480913
NASCAR_2025_5571_brickyard_400,NASCAR,Trackhouse Racing,-0.022279073130909162
NASCAR_2025_5571_brickyard_400,NASCAR,Wood Brothers Racing,0.12043789993108425
NASCAR_2025_5572_cook_out_400,NASCAR,23XI Racing,-0.07962484037549458
NASCAR_2025_5572_cook_out_400,NASCAR,Front Row Motorsports,0.15546236995007265
NASCAR_2025_5572_cook_out_400,NASCAR,HYAK Motorsports,0.24662705838586277
NASCAR_2025_5572_cook_out_400,NASCAR,Haas Factory Team,0.31820138130221404
NASCAR_2025_5572_cook_out_400,NASCAR,Hendrick Motorsports,-0.21636221253826046
NASCAR_2025_5572_cook_out_400,NASCAR,Joe Gibbs Racing,-0.2591110842937051
NASCAR_2025_5572_cook_out_400,NASCAR,Kaulig Racing,0.17209969749002169
NASCAR_2025_5572_cook_out_400,NASCAR,Legacy Motor Club,0.15148443219522012
NASCAR_2025_5572_cook_out_400,NASCAR,RFK Racing,-0.08625876729084156
NASCAR_2025_5572_cook_out_400,NASCAR,Richard Childress Racing,-0.014675606433818288
NASCAR_2025_5572_cook_out_400,NASCAR,Rick Ware Racing,0.8960232509595871
NASCAR_2025_5572_cook_out_400,NASCAR,Spire Motorsports,0.4129025349886198
NASCAR_2025_5572_cook_out_400,NASCAR,Team Penske,-0.16389179347322538
NASCAR_2025_5572_cook_out_400,NASCAR,Trackhouse Racing,-0.020548576120769064
NASCAR_2025_5572_cook_out_400,NASCAR,Wood Brothers Racing,0.12021990376953563
NASCAR_2025_5573_firekeepers_casino_400,NASCAR,23XI Racing,-0.07965443724759275
NASCAR_2025_5573_firekeepers_casino_400,NASCAR,Front Row Motorsports,0.15585148889737324
NASCAR_2025_5573_firekeepers_casino_400,NASCAR,HYAK Motorsports,0.24330492886128902
NASCAR_2025_5573_firekeepers_casino_400,NASCAR,Haas Factory Team,0.30919991806913366
NASCAR_2025_5573_firekeepers_casino_400,NASCAR,Hendrick Motorsports,-0.21570033803938013
NASCAR_2025_5573_firekeepers_casino_400,NASCAR,Joe Gibbs Racing,-0.25900533648088253
NASCAR_2025_5573_firekeepers_casino_400,NASCAR,Kaulig Racing,0.17241179292361716
NASCAR_2025_5573_firekeepers_casino_400,NASCAR,Legacy Motor Club,0.15484883847459024
NASCAR_2025_5573_firekeepers_casino_400,NASCAR,RFK Racing,-0.08433943244060109
NASCAR_2025_5573_firekeepers_casino_400,NASCAR,Richard Childress Racing,-0.014795763095345242
NASCAR_2025_5573_firekeepers_casino_400,NASCAR,Rick Ware Racing,0.8940192568696129
NASCAR_2025_5573_firekeepers_casino_400,NASCAR,Spire Motorsports,0.4131117385859245
NASCAR_2025_5573_firekeepers_casino_400,NASCAR,Team Penske,-0.16516668294606715
NASCAR_2025_5573_firekeepers_casino_400,NASCAR,Trackhouse Racing,-0.021039801696110177
NASCAR_2025_5573_firekeepers_casino_400,NASCAR,Wood Brothers Racing,0.12042924081150767
NASCAR_2025_5574_coke_zero_sugar_400,NASCAR,23XI Racing,-0.07987166317440621
NASCAR_2025_5574_coke_zero_sugar_400,NASCAR,Front Row Motorsports,0.15628027140433481
NASCAR_2025_5574_coke_zero_sugar_400,NASCAR,Garage 66,1.9435325039179747
NASCAR_2025_5574_coke_zero_sugar_400,NASCAR,HYAK Motorsports,0.2540345392337751
NASCAR_2025_5574_coke_zero_sugar_400,NASCAR,Haas Factory Team,0.31971173947495407
NASCAR_2025_5574_coke_zero_sugar_400,NASCAR,Hendrick Motorsports,-0.21689342351987168
NASCAR_2025_5574_coke_zero_sugar_400,NASCAR,Joe Gibbs Racing,-0.2594370270903994
NASCAR_2025_5574_coke_zero_sugar_400,NASCAR,Kaulig Racing,0.17322790541440028
NASCAR_2025_5574_coke_zero_sugar_400,NASCAR,Legacy Motor Club,0.154181748499543
NASCAR_2025_5574_coke_zero_sugar_400,NASCAR,Live Fast Motorsports,1.098723737375337
NASCAR_2025_5574_coke_zero_sugar_400,NASCAR,NY Racing Team,1.0636566872188298
NASCAR_2025_5574_coke_zero_sugar_400,NASCAR,RFK Racing,-0.08604323777417335
NASCAR_2025_5574_coke_zero_sugar_400,NASCAR,Richard Childress Racing,-0.014741938701201851
NASCAR_2025_5574_coke_zero_sugar_400,NASCAR,Rick Ware Racing,0.8974673983530279
NASCAR_2025_5574_coke_zero_sugar_400,NASCAR,Spire Motorsports,0.41362160503257545
NASCAR_2025_5574_coke_zero_sugar_400,NASCAR,Team Penske,-0.1650119576884319
NASCAR_2025_5574_coke_zero_sugar_400,NASCAR,Trackhouse Racing,-0.0205734523460634
NASCAR_2025_5574_coke_zero_sugar_400,NASCAR,Wood Brothers Racing,0.1195489164067731
NASCAR_2025_5575_cook_out_southern_500,NASCAR,23XI Racing,-0.0789261419913154
NASCAR_2025_5575_cook_out_southern_500,NASCAR,Front Row Motorsports,0.1556712152148563
NASCAR_2025_5575_cook_out_southern_500,NASCAR,Garage 66,1.8573839617493657
NASCAR_2025_5575_cook_out_southern_500,NASCAR,HYAK Motorsports,0.2419518471158369
NASCAR_2025_5575_cook_out_southern_500,NASCAR,Haas Factory Team,0.3193603292040254
NASCAR_2025_5575_cook_out_southern_500,NASCAR,Hendrick Motorsports,-0.21689342351987168
NASCAR_2025_5575_cook_out_southern_500,NASCAR,Joe Gibbs Racing,-0.25854385484176334
NASCAR_2025_5575_cook_out_southern_500,NASCAR,Kaulig Racing,0.1731949574875762
NASCAR_2025_5575_cook_out_southern_500,NASCAR,Legacy Motor Club,0.15685211079681743
NASCAR_2025_5575_cook_out_southern_500,NASCAR,NY Racing Team,1.0125954412802394
NASCAR_2025_5575_cook_out_southern_500,NASCAR,RFK Racing,-0.08604323777417335
NASCAR_2025_5575_cook_out_southern_500,NASCAR,Richard Childress Racing,-0.014702628392688401
NASCAR_2025_5575_cook_out_southern_500,NASCAR,Rick Ware Racing,0.8951763365634227
NASCAR_2025_5575_cook_out_southern_500,NASCAR,Spire Motorsports,0.4135259243144757
NASCAR_2025_5575_cook_out_southern_500,NASCAR,Team Penske,-0.16494375658903407
NASCAR_2025_5575_cook_out_southern_500,NASCAR,Trackhouse Racing,-0.02100725395004949
NASCAR_2025_5575_cook_out_southern_500,NASCAR,Wood Brothers Racing,0.11825196351625028
NASCAR_2025_5576_quaker_state_400,NASCAR,23XI Racing,-0.07986379755467723
NASCAR_2025_5576_quaker_state_400,NASCAR,Front Row Motorsports,0.15602059512025596
NASCAR_2025_5576_quaker_state_400,NASCAR,Garage 66,1.8493424576193995
NASCAR_2025_5576_quaker_state_400,NASCAR,HYAK Motorsports,0.24973814791972115
NASCAR_2025_5576_quaker_state_400,NASCAR,Haas Factory Team,0.3109675842204254
NASCAR_2025_5576_quaker_state_400,NASCAR,Hendrick Motorsports,-0.21675508403169522
NASCAR_2025_5576_quaker_state_400,NASCAR,Joe Gibbs Racing,-0.2594370270903994
NASCAR_2025_5576_quaker_state_400,NASCAR,Kaulig Racing,0.1732840191882968
NASCAR_2025_5576_quaker_state_400,NASCAR,Legacy Motor Club,0.15470152286307012
NASCAR_2025_5576_quaker_state_400,NASCAR,Live Fast Motorsports,1.098569248881232
NASCAR_2025_5576_quaker_state_400,NASCAR,RFK Racing,-0.08573399480892735
NASCAR_2025_5576_quaker_state_400,NASCAR,Richard Childress Racing,-0.01697559485450787
NASCAR_2025_5576_quaker_state_400,NASCAR,Rick Ware Racing,0.8973859836875488
NASCAR_2025_5576_quaker_state_400,NASCAR,Spire Motorsports,0.4135576113370726
NASCAR_2025_5576_quaker_state_400,NASCAR,Team Penske,-0.16486412161127811
NASCAR_2025_5576_quaker_state_400,NASCAR,Trackhouse Racing,-0.020445656603370225
NASCAR_2025_5576_quaker_state_400,NASCAR,Wood Brothers Racing,0.11972699648845066
NASCAR_2025_5577_go_bowling_at_the_glen,NASCAR,23XI Racing,-0.08020817307655341
NASCAR_2025_5577_go_bowling_at_the_glen,NASCAR,Front Row Motorsports,0.15530072634257566
NASCAR_2025_5577_go_bowling_at_the_glen,NASCAR,Garage 66,1.9091108013656495
NASCAR_2025_5577_go_bowling_at_the_glen,NASCAR,HYAK Motorsports,0.2477465989664976
NASCAR_2025_5577_go_bowling_at_the_glen,NASCAR,Haas Factory Team,0.31433527109062825
NASCAR_2025_5577_go_bowling_at_the_glen,NASCAR,Hendrick Motorsports,-0.21689342351987168
NASCAR_2025_5577_go_bowling_at_the_glen,NASCAR,Joe Gibbs Racing,-0.258738512246155
NASCAR_2025_5577_go_bowling_at_the_glen,NASCAR,Kaulig Racing,0.17328855696406764
NASCAR_2025_5577_go_bowling_at_the_glen,NASCAR,Legacy Motor Club,0.15406547111761484
NASCAR_2025_5577_go_bowling_at_the_glen,NASCAR,Live Fast Motorsports,1.0914629129195461
NASCAR_2025_5577_go_bowling_at_the_glen,NASCAR,NY Racing Team,1.0331938235972298
NASCAR_2025_5577_go_bowling_at_the_glen,NASCAR,RFK Racing,-0.08562894959357184
NASCAR_2025_5577_go_bowling_at_the_glen,NASCAR,Richard Childress Racing,-0.014683453460136085
NASCAR_2025_5577_go_bowling_at_the_glen,NASCAR,Rick Ware Racing,0.8959506426811525
NASCAR_2025_5577_go_bowling_at_the_glen,NASCAR,Spire Motorsports,0.4137534609254373
NASCAR_2025_5577_go_bowling_at_the_glen,NASCAR,Team Penske,-0.16415258590172865
NASCAR_2025_5577_go_bowling_at_the_glen,NASCAR,Trackhouse Racing,-0.018182581666384045
NASCAR_2025_5577_go_bowling_at_the_glen,NASCAR,Wood Brothers Racing,0.11960190618779663
NASCAR_2025_5578_bass_pro_shops_night_race,NASCAR,23XI Racing,-0.07994658069872361
NASCAR_2025_5578_bass_pro_shops_night_race,NASCAR,Front Row Motorsports,0.1558319473994934
NASCAR_2025_5578_bass_pro_shops_night_race,NASCAR,Garage 66,1.93629792750697
NASCAR_2025_5578_bass_pro_shops_night_race,NASCAR,HYAK Motorsports,0.24972688553056918
NASCAR_2025_5578_bass_pro_shops_night_race,NASCAR,Haas Factory Team,0.31345332470808046
NASCAR_2025_5578_bass_pro_shops_night_race,NASCAR,Hendrick Motorsports,-0.2167836254423538
NASCAR_2025_5578_bass_pro_shops_night_race,NASCAR,Joe Gibbs Racing,-0.2590600599373031
NASCAR_2025_5578_bass_pro_shops_night_race,NASCAR,Kaulig Racing,0.17279499032116383
NASCAR_2025_5578_bass_pro_shops_night_race,NASCAR,Legacy Motor Club,0.15412747456518058
NASCAR_2025_5578_bass_pro_shops_night_race,NASCAR,RFK Racing,-0.08534374276853382
NASCAR_2025_5578_bass_pro_shops_night_race,NASCAR,Richard Childress Racing,-0.015492858533000801
NASCAR_2025_5578_bass_pro_shops_night_race,NASCAR,Rick Ware Racing,0.8967161549693986
NASCAR_2025_5578_bass_pro_shops_night_race,NASCAR,Spire Motorsports,0.4136425969395777
NASCAR_2025_5578_bass_pro_shops_night_race,NASCAR,Team Penske,-0.1647874614012926
NASCAR_2025_5578_bass_pro_shops_night_race,NASCAR,Trackhouse Racing,-0.02080255047009385
NASCAR_2025_5578_bass_pro_shops_night_race,NASCAR,Wood Brothers Racing,0.12206247845863674
NASCAR_2025_5579_hollywood_casino_400,NASCAR,23XI Racing,-0.07972068466055107
NASCAR_2025_5579_hollywood_casino_400,NASCAR,Front Row Motorsports,0.15566230800802855
NASCAR_2025_5579_hollywood_casino_400,NASCAR,HYAK Motorsports,0.24903942096430184
NASCAR_2025_5579_hollywood_casino_400,NASCAR,Haas Factory Team,0.3115485156352896
NASCAR_2025_5579_hollywood_casino_400,NASCAR,Hendrick Motorsports,-0.21568586150184765
NASCAR_2025_5579_hollywood_casino_400,NASCAR,Joe Gibbs Racing,-0.2570582563801263
NASCAR_2025_5579_hollywood_casino_400,NASCAR,Kaulig Racing,0.17245470434778254
NASCAR_2025_5579_hollywood_casino_400,NASCAR,Legacy Motor Club,0.15303202201515204
NASCAR_2025_5579_hollywood_casino_400,NASCAR,NY Racing Team,1.012671874992442
NASCAR_2025_5579_hollywood_casino_400,NASCAR,RFK Racing,-0.08608475153845045
NASCAR_2025_5579_hollywood_casino_400,NASCAR,Richard Childress Racing,-0.016657816940077137
NASCAR_2025_5579_hollywood_casino_400,NASCAR,Rick Ware Racing,0.8920652147007485
NASCAR_2025_5579_hollywood_casino_400,NASCAR,Spire Motorsports,0.41341640957625325
NASCAR_2025_5579_hollywood_casino_400,NASCAR,Team Penske,-0.1647138965925176
NASCAR_2025_5579_hollywood_casino_400,NASCAR,Trackhouse Racing,-0.02063552762582933
NASCAR_2025_5579_hollywood_casino_400,NASCAR,Wood Brothers Racing,0.11970123502202948
NASCAR_2025_5580_yellawood_500,NASCAR,23XI Racing,-0.07997078324871845
NASCAR_2025_5580_yellawood_500,NASCAR,Beard Motorsports,0.4525744523230653
NASCAR_2025_5580_yellawood_500,NASCAR,Front Row Motorsports,0.1559957120831101
NASCAR_2025_5580_yellawood_500,NASCAR,Garage 66,1.9618587403715118
NASCAR_2025_5580_yellawood_500,NASCAR,HYAK Motorsports,0.2510478745211394
NASCAR_2025_5580_yellawood_500,NASCAR,Haas Factory Team,0.31878952660108717
NASCAR_2025_5580_yellawood_500,NASCAR,Hendrick Motorsports,-0.21682351457937787
NASCAR_2025_5580_yellawood_500,NASCAR,Joe Gibbs Racing,-0.2594370270903994
NASCAR_2025_5580_yellawood_500,NASCAR,Kaulig Racing,0.1730714055136037
NASCAR_2025_5580_yellawood_500,NASCAR,Legacy Motor Club,0.15416783640466494
NASCAR_2025_5580_yellawood_500,NASCAR,Live Fast Motorsports,1.0992150732796981
NASCAR_2025_5580_yellawood_500,NASCAR,RFK Racing,-0.08604323777417335
NASCAR_2025_5580_yellawood_500,NASCAR,Richard Childress Racing,-0.014719002955640596
NASCAR_2025_5580_yellawood_500,NASCAR,Rick Ware Racing,0.897680040233437
NASCAR_2025_5580_yellawood_500,NASCAR,Spire Motorsports,0.41373376131342743
NASCAR_2025_5580_yellawood_500,NASCAR,Team Penske,-0.16505227072483525
NASCAR_2025_5580_yellawood_500,NASCAR,Trackhouse Racing,-0.02055147358400087
NASCAR_2025_5580_yellawood_500,NASCAR,Wood Brothers Racing,0.11964213121775007
NASCAR_2025_5581_bank_of_america_roval_400,NASCAR,23XI Racing,-0.07980367120606995
NASCAR_2025_5581_bank_of_america_roval_400,NASCAR,Front Row Motorsports,0.15527349573842986
NASCAR_2025_5581_bank_of_america_roval_400,NASCAR,Garage 66,1.9242456736037425
NASCAR_2025_5581_bank_of_america_roval_400,NASCAR,HYAK Motorsports,0.24805256923213173
NASCAR_2025_5581_bank_of_america_roval_400,NASCAR,Haas Factory Team,0.32042621056803144
NASCAR_2025_5581_bank_of_america_roval_400,NASCAR,Hendrick Motorsports,-0.2163487439079061
NASCAR_2025_5581_bank_of_america_roval_400,NASCAR,Joe Gibbs Racing,-0.25907979698925765
NASCAR_2025_5581_bank_of_america_roval_400,NASCAR,Kaulig Racing,0.17388405766161125
NASCAR_2025_5581_bank_of_america_roval_400,NASCAR,Legacy Motor Club,0.1512785377529421
NASCAR_2025_5581_bank_of_america_roval_400,NASCAR,RFK Racing,-0.08529192627784242
NASCAR_2025_5581_bank_of_america_roval_400,NASCAR,Richard Childress Racing,-0.016180439924909442
NASCAR_2025_5581_bank_of_america_roval_400,NASCAR,Rick Ware Racing,0.8953140811048534
NASCAR_2025_5581_bank_of_america_roval_400,NASCAR,Spire Motorsports,0.4135380721889602
NASCAR_2025_5581_bank_of_america_roval_400,NASCAR,Team Penske,-0.1648469560497843
NASCAR_2025_5581_bank_of_america_roval_400,NASCAR,Trackhouse Racing,-0.019194605420653495
NASCAR_2025_5581_bank_of_america_roval_400,NASCAR,Wood Brothers Racing,0.11922658064200077
NASCAR_2025_5582_south_point_400,NASCAR,23XI Racing,-0.07965093591666049
NASCAR_2025_5582_south_point_400,NASCAR,Front Row Motorsports,0.1555469155118141
NASCAR_2025_5582_south_point_400,NASCAR,HYAK Motorsports,0.24732852843860972
NASCAR_2025_5582_south_point_400,NASCAR,Haas Factory Team,0.3117608677115917
NASCAR_2025_5582_south_point_400,NASCAR,Hendrick Motorsports,-0.2148946047004799
NASCAR_2025_5582_south_point_400,NASCAR,Joe Gibbs Racing,-0.2576907837305163
NASCAR_2025_5582_south_point_400,NASCAR,Kaulig Racing,0.1713296630199242
NASCAR_2025_5582_south_point_400,NASCAR,Legacy Motor Club,0.15317555022639454
NASCAR_2025_5582_south_point_400,NASCAR,Live Fast Motorsports,1.0848485248931385
NASCAR_2025_5582_south_point_400,NASCAR,NY Racing Team,1.0210325505464664
NASCAR_2025_5582_south_point_400,NASCAR,RFK Racing,-0.08501873672465801
NASCAR_2025_5582_south_point_400,NASCAR,Richard Childress Racing,-0.014879477587137764
NASCAR_2025_5582_south_point_400,NASCAR,Rick Ware Racing,0.8932391923571035
NASCAR_2025_5582_south_point_400,NASCAR,Spire Motorsports,0.41356765875026064
NASCAR_2025_5582_south_point_400,NASCAR,Team Penske,-0.16482569067540098
NASCAR_2025_5582_south_point_400,NASCAR,Trackhouse Racing,-0.021030642728397397
NASCAR_2025_5582_south_point_400,NASCAR,Wood Brothers Racing,0.11814909054332717
NASCAR_2025_5583_straight_talk_wireless_400,NASCAR,23XI Racing,-0.07948496909779577
NASCAR_2025_5583_straight_talk_wireless_400,NASCAR,Front Row Motorsports,0.15605268669094371
NASCAR_2025_5583_straight_talk_wireless_400,NASCAR,HYAK Motorsports,0.24724658605748778
NASCAR_2025_5583_straight_talk_wireless_400,NASCAR,Haas Factory Team,0.30902102504830237
NASCAR_2025_5583_straight_talk_wireless_400,NASCAR,Hendrick Motorsports,-0.21537934241023718
NASCAR_2025_5583_straight_talk_wireless_400,NASCAR,Joe Gibbs Racing,-0.25882543635146354
NASCAR_2025_5583_straight_talk_wireless_400,NASCAR,Kaulig Racing,0.17356829870254809
NASCAR_2025_5583_straight_talk_wireless_400,NASCAR,Legacy Motor Club,0.15328110166304604
NASCAR_2025_5583_straight_talk_wireless_400,NASCAR,NY Racing Team,1.0123027828771554
NASCAR_2025_5583_straight_talk_wireless_400,NASCAR,RFK Racing,-0.08601652168253869
NASCAR_2025_5583_straight_talk_wireless_400,NASCAR,Richard Childress Racing,-0.015433283704019524
NASCAR_2025_5583_straight_talk_wireless_400,NASCAR,Rick Ware Racing,0.8947803019361678
NASCAR_2025_5583_straight_talk_wireless_400,NASCAR,Spire Motorsports,0.41359244602860323
NASCAR_2025_5583_straight_talk_wireless_400,NASCAR,Team Penske,-0.1641145522312866
NASCAR_2025_5583_straight_talk_wireless_400,NASCAR,Trackhouse Racing,-0.023167924404813314
NASCAR_2025_5583_straight_talk_wireless_400,NASCAR,Wood Brothers Racing,0.12020432352548836
NASCAR_2025_5584_xfinity_500,NASCAR,23XI Racing,-0.08027104321489517
NASCAR_2025_5584_xfinity_500,NASCAR,Front Row Motorsports,0.15585522232694965
NASCAR_2025_5584_xfinity_500,NASCAR,Garage 66,1.915068079316381
NASCAR_2025_5584_xfinity_500,NASCAR,HYAK Motorsports,0.24165658257987765
NASCAR_2025_5584_xfinity_500,NASCAR,Haas Factory Team,0.31869105310693274
NASCAR_2025_5584_xfinity_500,NASCAR,Hendrick Motorsports,-0.21496126715529987
NASCAR_2025_5584_xfinity_500,NASCAR,Joe Gibbs Racing,-0.2578836860391015
NASCAR_2025_5584_xfinity_500,NASCAR,Kaulig Racing,0.170951205774333
NASCAR_2025_5584_xfinity_500,NASCAR,Legacy Motor Club,0.15222425440780818
NASCAR_2025_5584_xfinity_500,NASCAR,RFK Racing,-0.08604323777417335
NASCAR_2025_5584_xfinity_500,NASCAR,Richard Childress Racing,-0.014741938701201851
NASCAR_2025_5584_xfinity_500,NASCAR,Rick Ware Racing,0.8932919626199173
NASCAR_2025_5584_xfinity_500,NASCAR,Spire Motorsports,0.4124617967906961
NASCAR_2025_5584_xfinity_500,NASCAR,Team Penske,-0.16311201576306514
NASCAR_2025_5584_xfinity_500,NASCAR,Trackhouse Racing,-0.020581731477976845
NASCAR_2025_5584_xfinity_500,NASCAR,Wood Brothers Racing,0.11992729129493172
NASCAR_2025_5585_nascar_cup_series_championship,NASCAR,23XI Racing,-0.08017827523292112
NASCAR_2025_5585_nascar_cup_series_championship,NASCAR,Front Row Motorsports,0.15602059512025596
NASCAR_2025_5585_nascar_cup_series_championship,NASCAR,Garage 66,1.9188973804547043
NASCAR_2025_5585_nascar_cup_series_championship,NASCAR,HYAK Motorsports,0.24844078353206497
NASCAR_2025_5585_nascar_cup_series_championship,NASCAR,Haas Factory Team,0.3122870616003452
NASCAR_2025_5585_nascar_cup_series_championship,NASCAR,Hendrick Motorsports,-0.21488985366568802
NASCAR_2025_5585_nascar_cup_series_championship,NASCAR,Joe Gibbs Racing,-0.2579409606227471
NASCAR_2025_5585_nascar_cup_series_championship,NASCAR,Kaulig Racing,0.16945851658965158
NASCAR_2025_5585_nascar_cup_series_championship,NASCAR,Legacy Motor Club,0.15151001033748018
NASCAR_2025_5585_nascar_cup_series_championship,NASCAR,NY Racing Team,1.03039159742412
NASCAR_2025_5585_nascar_cup_series_championship,NASCAR,RFK Racing,-0.08595111888668804
NASCAR_2025_5585_nascar_cup_series_championship,NASCAR,Richard Childress Racing,-0.015733135366580626
NASCAR_2025_5585_nascar_cup_series_championship,NASCAR,Rick Ware Racing,0.8931601096693353
NASCAR_2025_5585_nascar_cup_series_championship,NASCAR,Spire Motorsports,0.4129470692037743
NASCAR_2025_5585_nascar_cup_series_championship,NASCAR,Team Penske,-0.162562827355041
NASCAR_2025_5585_nascar_cup_series_championship,NASCAR,Trackhouse Racing,-0.021536759284846087
NASCAR_2025_5585_nascar_cup_series_championship,NASCAR,Wood Brothers Racing,0.12153365118760978
NASCAR_2026_5593_cook_out_clash_at_bowman_gray,NASCAR,23XI Racing,-0.08031015939413887
NASCAR_2026_5593_cook_out_clash_at_bowman_gray,NASCAR,Hendrick Motorsports,-0.2166069329788057
NASCAR_2026_5593_cook_out_clash_at_bowman_gray,NASCAR,Joe Gibbs Racing,-0.25850400820139563
NASCAR_2026_5593_cook_out_clash_at_bowman_gray,NASCAR,RFK Racing,-0.08529299328733134
NASCAR_2026_5593_cook_out_clash_at_bowman_gray,NASCAR,Richard Childress Racing,-0.016197309584866225
NASCAR_2026_5593_cook_out_clash_at_bowman_gray,NASCAR,Spire Motorsports,0.4142650174149086
NASCAR_2026_5593_cook_out_clash_at_bowman_gray,NASCAR,Team Penske,-0.16510240926989564
NASCAR_2026_5593_cook_out_clash_at_bowman_gray,NASCAR,Trackhouse Racing,-0.021580667608830244
NASCAR_2026_5593_cook_out_clash_at_bowman_gray,NASCAR,Wood Brothers Racing,0.1185223064767249
NASCAR_2026_5594_america_250_florida_duel_at_daytona,NASCAR,23XI Racing,-0.07993572540542002
NASCAR_2026_5594_america_250_florida_duel_at_daytona,NASCAR,Front Row Motorsports,0.15615837623902246
NASCAR_2026_5594_america_250_florida_duel_at_daytona,NASCAR,Garage 66,1.9614480441877504
NASCAR_2026_5594_america_250_florida_duel_at_daytona,NASCAR,Haas Factory Team,0.32045630940503295
NASCAR_2026_5594_america_250_florida_duel_at_daytona,NASCAR,Hendrick Motorsports,-0.21689342351987168
NASCAR_2026_5594_america_250_florida_duel_at_daytona,NASCAR,Kaulig Racing,0.17314605140934022
NASCAR_2026_5594_america_250_florida_duel_at_daytona,NASCAR,Legacy Motor Club,0.1537964934155755
NASCAR_2026_5594_america_250_florida_duel_at_daytona,NASCAR,RFK Racing,-0.08592926480286961
NASCAR_2026_5594_america_250_florida_duel_at_daytona,NASCAR,Richard Childress Racing,-0.014825307355238737
NASCAR_2026_5594_america_250_florida_duel_at_daytona,NASCAR,Rick Ware Racing,0.8972506699885235
NASCAR_2026_5594_america_250_florida_duel_at_daytona,NASCAR,Spire Motorsports,0.4136986872292601
NASCAR_2026_5594_america_250_florida_duel_at_daytona,NASCAR,Team Penske,-0.16504154027128878
NASCAR_2026_5594_america_250_florida_duel_at_daytona,NASCAR,Trackhouse Racing,-0.020581731477976845
NASCAR_2026_5595_america_250_florida_duel_at_daytona,NASCAR,23XI Racing,-0.07970755080217001
NASCAR_2026_5595_america_250_florida_duel_at_daytona,NASCAR,Beard Motorsports,0.4546660204898715
NASCAR_2026_5595_america_250_florida_duel_at_daytona,NASCAR,Front Row Motorsports,0.15605045889800542
NASCAR_2026_5595_america_250_florida_duel_at_daytona,NASCAR,HYAK Motorsports,0.24980561013280067
NASCAR_2026_5595_america_250_florida_duel_at_daytona,NASCAR,Hendrick Motorsports,-0.21689342351987168
NASCAR_2026_5595_america_250_florida_duel_at_daytona,NASCAR,JR Motorsports,-0.06970058280434284
NASCAR_2026_5595_america_250_florida_duel_at_daytona,NASCAR,Joe Gibbs Racing,-0.2597312975123597
NASCAR_2026_5595_america_250_florida_duel_at_daytona,NASCAR,Kaulig Racing,0.17348722585750914
NASCAR_2026_5595_america_250_florida_duel_at_daytona,NASCAR,Legacy Motor Club,0.15362254847652332
NASCAR_2026_5595_america_250_florida_duel_at_daytona,NASCAR,Live Fast Motorsports,1.0991695758851436
NASCAR_2026_5595_america_250_florida_duel_at_daytona,NASCAR,NY Racing Team,1.057881501399303
NASCAR_2026_5595_america_250_florida_duel_at_daytona,NASCAR,Spire Motorsports,0.41378633900242123
NASCAR_2026_5595_america_250_florida_duel_at_daytona,NASCAR,Team Penske,-0.1651526890358539
NASCAR_2026_5595_america_250_florida_duel_at_daytona,NASCAR,Trackhouse Racing,-0.01978871366723342
NASCAR_2026_5595_america_250_florida_duel_at_daytona,NASCAR,Wood Brothers Racing,0.11987692276825272
NASCAR_2026_5596_daytona_500,NASCAR,23XI Racing,-0.07985453952925545
NASCAR_2026_5596_daytona_500,NASCAR,Front Row Motorsports,0.15605731690409383
NASCAR_2026_5596_daytona_500,NASCAR,Garage 66,1.931448237742924
NASCAR_2026_5596_daytona_500,NASCAR,HYAK Motorsports,0.24972688553056918
NASCAR_2026_5596_daytona_500,NASCAR,Haas Factory Team,0.32045630940503295
NASCAR_2026_5596_daytona_500,NASCAR,Hendrick Motorsports,-0.21688385681710023
NASCAR_2026_5596_daytona_500,NASCAR,JR Motorsports,0.05462124241220943
NASCAR_2026_5596_daytona_500,NASCAR,Joe Gibbs Racing,-0.2593710838627149
NASCAR_2026_5596_daytona_500,NASCAR,Kaulig Racing,0.17308203225610416
NASCAR_2026_5596_daytona_500,NASCAR,Legacy Motor Club,0.15406189577485085
NASCAR_2026_5596_daytona_500,NASCAR,Live Fast Motorsports,1.102407032198665
NASCAR_2026_5596_daytona_500,NASCAR,RFK Racing,-0.08604323777417335
NASCAR_2026_5596_daytona_500,NASCAR,Richard Childress Racing,-0.014741938701201851
NASCAR_2026_5596_daytona_500,NASCAR,Rick Ware Racing,0.8973830243256901
NASCAR_2026_5596_daytona_500,NASCAR,Spire Motorsports,0.41342143045431473
NASCAR_2026_5596_daytona_500,NASCAR,Team Penske,-0.16505794877244997
NASCAR_2026_5596_daytona_500,NASCAR,Trackhouse Racing,-0.02060482378959742
NASCAR_2026_5596_daytona_500,NASCAR,Wood Brothers Racing,0.1197034712339908
NASCAR_2026_5597_autotrader_400,NASCAR,23XI Racing,-0.07975786172669432
NASCAR_2026_5597_autotrader_400,NASCAR,Front Row Motorsports,0.15603555712279957
NASCAR_2026_5597_autotrader_400,NASCAR,HYAK Motorsports,0.2491723067261367
NASCAR_2026_5597_autotrader_400,NASCAR,Haas Factory Team,0.3177000020307937
NASCAR_2026_5597_autotrader_400,NASCAR,Hendrick Motorsports,-0.2167265549052225
NASCAR_2026_5597_autotrader_400,NASCAR,Joe Gibbs Racing,-0.2592882743492927
NASCAR_2026_5597_autotrader_400,NASCAR,Kaulig Racing,0.17314605140934022
NASCAR_2026_5597_autotrader_400,NASCAR,Legacy Motor Club,0.15270101936090036
NASCAR_2026_5597_autotrader_400,NASCAR,Live Fast Motorsports,1.0975734416582872
NASCAR_2026_5597_autotrader_400,NASCAR,NY Racing Team,1.056625647581744
NASCAR_2026_5597_autotrader_400,NASCAR,RFK Racing,-0.08636801019178214
NASCAR_2026_5597_autotrader_400,NASCAR,Richard Childress Racing,-0.014741938701201851
NASCAR_2026_5597_autotrader_400,NASCAR,Rick Ware Racing,0.8972097791893084
NASCAR_2026_5597_autotrader_400,NASCAR,Spire Motorsports,0.41357726370589115
NASCAR_2026_5597_autotrader_400,NASCAR,Team Penske,-0.16483905477731428
NASCAR_2026_5597_autotrader_400,NASCAR,Trackhouse Racing,-0.020415005283321762
NASCAR_2026_5597_autotrader_400,NASCAR,Wood Brothers Racing,0.11989015922816068
NASCAR_2026_5598_duramax_texas_grand_prix,NASCAR,23XI Racing,-0.07964785670625371
NASCAR_2026_5598_duramax_texas_grand_prix,NASCAR,Front Row Motorsports,0.15560744492331946
NASCAR_2026_5598_duramax_texas_grand_prix,NASCAR,HYAK Motorsports,0.24104730032602711
NASCAR_2026_5598_duramax_texas_grand_prix,NASCAR,Haas Factory Team,0.3153998358713817
NASCAR_2026_5598_duramax_texas_grand_prix,NASCAR,Hendrick Motorsports,-0.21639149296390178
NASCAR_2026_5598_duramax_texas_grand_prix,NASCAR,Joe Gibbs Racing,-0.2584392678797055
NASCAR_2026_5598_duramax_texas_grand_prix,NASCAR,Kaulig Racing,0.17329886129947317
NASCAR_2026_5598_duramax_texas_grand_prix,NASCAR,Legacy Motor Club,0.15130785763353685
NASCAR_2026_5598_duramax_texas_grand_prix,NASCAR,RFK Racing,-0.0864259137372912
NASCAR_2026_5598_duramax_texas_grand_prix,NASCAR,Richard Childress Racing,-0.014817889334137222
NASCAR_2026_5598_duramax_texas_grand_prix,NASCAR,Rick Ware Racing,0.8939981812110666
NASCAR_2026_5598_duramax_texas_grand_prix,NASCAR,Spire Motorsports,0.41369548698814157
NASCAR_2026_5598_duramax_texas_grand_prix,NASCAR,Team Penske,-0.1645673636411738
NASCAR_2026_5598_duramax_texas_grand_prix,NASCAR,Trackhouse Racing,-0.01752402048317032
NASCAR_2026_5598_duramax_texas_grand_prix,NASCAR,Wood Brothers Racing,0.11833918066804572
NASCAR_2026_5599_straight_talk_wireless_500,NASCAR,23XI Racing,-0.07916302055218366
NASCAR_2026_5599_straight_talk_wireless_500,NASCAR,Front Row Motorsports,0.15521538871782276
NASCAR_2026_5599_straight_talk_wireless_500,NASCAR,HYAK Motorsports,0.2403931619100797
NASCAR_2026_5599_straight_talk_wireless_500,NASCAR,Haas Factory Team,0.3078374086442967
NASCAR_2026_5599_straight_talk_wireless_500,NASCAR,Hendrick Motorsports,-0.21666679045889026
NASCAR_2026_5599_straight_talk_wireless_500,NASCAR,Joe Gibbs Racing,-0.25558488645434596
NASCAR_2026_5599_straight_talk_wireless_500,NASCAR,Kaulig Racing,0.17174593128185214
NASCAR_2026_5599_straight_talk_wireless_500,NASCAR,Legacy Motor Club,0.15337229889463366
NASCAR_2026_5599_straight_talk_wireless_500,NASCAR,RFK Racing,-0.08604323777417335
NASCAR_2026_5599_straight_talk_wireless_500,NASCAR,Richard Childress Racing,-0.016448179631094365
NASCAR_2026_5599_straight_talk_wireless_500,NASCAR,Rick Ware Racing,0.8934202143996847
NASCAR_2026_5599_straight_talk_wireless_500,NASCAR,Spire Motorsports,0.41396412900935925
NASCAR_2026_5599_straight_talk_wireless_500,NASCAR,Team Penske,-0.1614573838811876
NASCAR_2026_5599_straight_talk_wireless_500,NASCAR,Trackhouse Racing,-0.021138419876668837
NASCAR_2026_5599_straight_talk_wireless_500,NASCAR,Wood Brothers Racing,0.11989925998133089
NASCAR_2026_5600_pennzoil_400,NASCAR,23XI Racing,-0.07951118085751221
NASCAR_2026_5600_pennzoil_400,NASCAR,Front Row Motorsports,0.15551965770729376
NASCAR_2026_5600_pennzoil_400,NASCAR,HYAK Motorsports,0.24045411199791067
NASCAR_2026_5600_pennzoil_400,NASCAR,Haas Factory Team,0.3112956009568291
NASCAR_2026_5600_pennzoil_400,NASCAR,Hendrick Motorsports,-0.21477718679006336
NASCAR_2026_5600_pennzoil_400,NASCAR,Joe Gibbs Racing,-0.257156006928277
NASCAR_2026_5600_pennzoil_400,NASCAR,Kaulig Racing,0.17019013770707336
NASCAR_2026_5600_pennzoil_400,NASCAR,Legacy Motor Club,0.15237573530351678
NASCAR_2026_5600_pennzoil_400,NASCAR,RFK Racing,-0.08362433199065246
NASCAR_2026_5600_pennzoil_400,NASCAR,Richard Childress Racing,-0.015610896018220976
NASCAR_2026_5600_pennzoil_400,NASCAR,Rick Ware Racing,0.8951552132426107
NASCAR_2026_5600_pennzoil_400,NASCAR,Spire Motorsports,0.4135796573491538
NASCAR_2026_5600_pennzoil_400,NASCAR,Team Penske,-0.16442698676215134
NASCAR_2026_5600_pennzoil_400,NASCAR,Trackhouse Racing,-0.024983851231686866
NASCAR_2026_5600_pennzoil_400,NASCAR,Wood Brothers Racing,0.11822411039993402
NASCAR_2026_5602_cook_out_400,NASCAR,23XI Racing,-0.07993572540542002
NASCAR_2026_5602_cook_out_400,NASCAR,Front Row Motorsports,0.1550852674839856
NASCAR_2026_5602_cook_out_400,NASCAR,HYAK Motorsports,0.2392487451918948
NASCAR_2026_5602_cook_out_400,NASCAR,Haas Factory Team,0.3099306759686486
NASCAR_2026_5602_cook_out_400,NASCAR,Hendrick Motorsports,-0.2158138038163993
NASCAR_2026_5602_cook_out_400,NASCAR,Joe Gibbs Racing,-0.257805141705447
NASCAR_2026_5602_cook_out_400,NASCAR,Kaulig Racing,0.17023724016842084
NASCAR_2026_5602_cook_out_400,NASCAR,Legacy Motor Club,0.15179438742676057
NASCAR_2026_5602_cook_out_400,NASCAR,RFK Racing,-0.0850373369858595
NASCAR_2026_5602_cook_out_400,NASCAR,Richard Childress Racing,-0.01663638076448223
NASCAR_2026_5602_cook_out_400,NASCAR,Rick Ware Racing,0.8931538256990535
NASCAR_2026_5602_cook_out_400,NASCAR,Spire Motorsports,0.4135355751111249
NASCAR_2026_5602_cook_out_400,NASCAR,Team Penske,-0.1626300428537739
NASCAR_2026_5602_cook_out_400,NASCAR,Trackhouse Racing,-0.020581731477976845
NASCAR_2026_5602_cook_out_400,NASCAR,Wood Brothers Racing,0.12142023516233762
NASCAR_2026_5603_goodyear_400,NASCAR,23XI Racing,-0.07926981935792476
NASCAR_2026_5603_goodyear_400,NASCAR,Front Row Motorsports,0.15487062935824875
NASCAR_2026_5603_goodyear_400,NASCAR,Garage 66,1.8485689218840118
NASCAR_2026_5603_goodyear_400,NASCAR,HYAK Motorsports,0.23909220594779534
NASCAR_2026_5603_goodyear_400,NASCAR,Haas Factory Team,0.307298671261642
NASCAR_2026_5603_goodyear_400,NASCAR,Hendrick Motorsports,-0.21642671692504553
NASCAR_2026_5603_goodyear_400,NASCAR,Joe Gibbs Racing,-0.258745006351473
NASCAR_2026_5603_goodyear_400,NASCAR,Kaulig Racing,0.16958864003068327
NASCAR_2026_5603_goodyear_400,NASCAR,Legacy Motor Club,0.15406655605690484
NASCAR_2026_5603_goodyear_400,NASCAR,RFK Racing,-0.08363594173120024
NASCAR_2026_5603_goodyear_400,NASCAR,Richard Childress Racing,-0.01538761015343228
NASCAR_2026_5603_goodyear_400,NASCAR,Rick Ware Racing,0.8925637931711886
NASCAR_2026_5603_goodyear_400,NASCAR,Spire Motorsports,0.41419532142692206
NASCAR_2026_5603_goodyear_400,NASCAR,Team Penske,-0.164505941066547
NASCAR_2026_5603_goodyear_400,NASCAR,Trackhouse Racing,-0.02067876486447193
NASCAR_2026_5603_goodyear_400,NASCAR,Wood Brothers Racing,0.11947924613975332
NASCAR_2026_5604_food_city_500,NASCAR,23XI Racing,-0.07932466554336635
NASCAR_2026_5604_food_city_500,NASCAR,Front Row Motorsports,0.1559958005008314
NASCAR_2026_5604_food_city_500,NASCAR,Garage 66,1.8664304530536184
NASCAR_2026_5604_food_city_500,NASCAR,HYAK Motorsports,0.24839274811034465
NASCAR_2026_5604_food_city_500,NASCAR,Haas Factory Team,0.30905295102201724
NASCAR_2026_5604_food_city_500,NASCAR,Hendrick Motorsports,-0.21689342351987168
NASCAR_2026_5604_food_city_500,NASCAR,Joe Gibbs Racing,-0.2580138050946462
NASCAR_2026_5604_food_city_500,NASCAR,Kaulig Racing,0.17190487785967723
NASCAR_2026_5604_food_city_500,NASCAR,Legacy Motor Club,0.15245894295272583
NASCAR_2026_5604_food_city_500,NASCAR,RFK Racing,-0.08520288840298458
NASCAR_2026_5604_food_city_500,NASCAR,Richard Childress Racing,-0.015352492493293592
NASCAR_2026_5604_food_city_500,NASCAR,Rick Ware Racing,0.8944366294068659
NASCAR_2026_5604_food_city_500,NASCAR,Spire Motorsports,0.4136458707608346
NASCAR_2026_5604_food_city_500,NASCAR,Team Penske,-0.16390026935155586
NASCAR_2026_5604_food_city_500,NASCAR,Trackhouse Racing,-0.024044685412832858
NASCAR_2026_5604_food_city_500,NASCAR,Wood Brothers Racing,0.11969580821451602
NASCAR_2026_5605_jack_link_s_500,NASCAR,23XI Racing,-0.08023294707285648
NASCAR_2026_5605_jack_link_s_500,NASCAR,Front Row Motorsports,0.1558860127363654
NASCAR_2026_5605_jack_link_s_500,NASCAR,Garage 66,1.9608915293417994
NASCAR_2026_5605_jack_link_s_500,NASCAR,HYAK Motorsports,0.25011063034389686
NASCAR_2026_5605_jack_link_s_500,NASCAR,Haas Factory Team,0.32308142026112147
NASCAR_2026_5605_jack_link_s_500,NASCAR,Hendrick Motorsports,-0.21688625525691366
NASCAR_2026_5605_jack_link_s_500,NASCAR,Joe Gibbs Racing,-0.2593744723465503
NASCAR_2026_5605_jack_link_s_500,NASCAR,Kaulig Racing,0.17291748334071877
NASCAR_2026_5605_jack_link_s_500,NASCAR,Legacy Motor Club,0.15428525631349255
NASCAR_2026_5605_jack_link_s_500,NASCAR,Live Fast Motorsports,1.097841239652997
NASCAR_2026_5605_jack_link_s_500,NASCAR,NY Racing Team,1.0595187804748092
NASCAR_2026_5605_jack_link_s_500,NASCAR,RFK Racing,-0.08622033497426806
NASCAR_2026_5605_jack_link_s_500,NASCAR,Richard Childress Racing,-0.014398793530403409
NASCAR_2026_5605_jack_link_s_500,NASCAR,Rick Ware Racing,0.8976568085218106
NASCAR_2026_5605_jack_link_s_500,NASCAR,Spire Motorsports,0.41369610162119436
NASCAR_2026_5605_jack_link_s_500,NASCAR,Team Penske,-0.1650963936108315
NASCAR_2026_5605_jack_link_s_500,NASCAR,Trackhouse Racing,-0.02033491395354421
NASCAR_2026_5605_jack_link_s_500,NASCAR,Wood Brothers Racing,0.11950848742946668
NASCAR_2026_5606_w_rth_400,NASCAR,23XI Racing,-0.07921556647109734
NASCAR_2026_5606_w_rth_400,NASCAR,Front Row Motorsports,0.15431094404798198
NASCAR_2026_5606_w_rth_400,NASCAR,Garage 66,1.8438663644923072
NASCAR_2026_5606_w_rth_400,NASCAR,HYAK Motorsports,0.2500949100063884
NASCAR_2026_5606_w_rth_400,NASCAR,Haas Factory Team,0.3090983034774019
NASCAR_2026_5606_w_rth_400,NASCAR,Hendrick Motorsports,-0.21593704671786007
NASCAR_2026_5606_w_rth_400,NASCAR,Joe Gibbs Racing,-0.25748347349262707
NASCAR_2026_5606_w_rth_400,NASCAR,Kaulig Racing,0.17132837857461
NASCAR_2026_5606_w_rth_400,NASCAR,Legacy Motor Club,0.15415887431734102
NASCAR_2026_5606_w_rth_400,NASCAR,RFK Racing,-0.08485458841522979
NASCAR_2026_5606_w_rth_400,NASCAR,Richard Childress Racing,-0.014642299913905695
NASCAR_2026_5606_w_rth_400,NASCAR,Rick Ware Racing,0.8944936604152254
NASCAR_2026_5606_w_rth_400,NASCAR,Spire Motorsports,0.4135175813908324
NASCAR_2026_5606_w_rth_400,NASCAR,Team Penske,-0.1648050812667699
NASCAR_2026_5606_w_rth_400,NASCAR,Trackhouse Racing,-0.02130264976504395
NASCAR_2026_5606_w_rth_400,NASCAR,Wood Brothers Racing,0.11869299960506281
NASCAR_2026_5607_adventhealth_400,NASCAR,23XI Racing,-0.07836601728782325
NASCAR_2026_5607_adventhealth_400,NASCAR,Front Row Motorsports,0.15503929637288982
NASCAR_2026_5607_adventhealth_400,NASCAR,HYAK Motorsports,0.24535664035931798
NASCAR_2026_5607_adventhealth_400,NASCAR,Haas Factory Team,0.310401918400301
NASCAR_2026_5607_adventhealth_400,NASCAR,Hendrick Motorsports,-0.2157880750178384
NASCAR_2026_5607_adventhealth_400,NASCAR,Joe Gibbs Racing,-0.2578300861112215
NASCAR_2026_5607_adventhealth_400,NASCAR,Kaulig Racing,0.16995098371215475
NASCAR_2026_5607_adventhealth_400,NASCAR,Legacy Motor Club,0.1523462391176612
NASCAR_2026_5607_adventhealth_400,NASCAR,RFK Racing,-0.0846389055835839
NASCAR_2026_5607_adventhealth_400,NASCAR,Richard Childress Racing,-0.015337099251876169
NASCAR_2026_5607_adventhealth_400,NASCAR,Rick Ware Racing,0.8923969814290492
NASCAR_2026_5607_adventhealth_400,NASCAR,Spire Motorsports,0.41340349951393607
NASCAR_2026_5607_adventhealth_400,NASCAR,Team Penske,-0.16524798621952147
NASCAR_2026_5607_adventhealth_400,NASCAR,Trackhouse Racing,-0.025153190614742846
NASCAR_2026_5607_adventhealth_400,NASCAR,Wood Brothers Racing,0.11911626852796264
NASCAR_2026_5609_nascar_all_star_race,NASCAR,23XI Racing,-0.08008940192817633
NASCAR_2026_5609_nascar_all_star_race,NASCAR,Front Row Motorsports,0.15572239376085253
NASCAR_2026_5609_nascar_all_star_race,NASCAR,HYAK Motorsports,0.24598931106839772
NASCAR_2026_5609_nascar_all_star_race,NASCAR,Hendrick Motorsports,-0.21683147686933513
NASCAR_2026_5609_nascar_all_star_race,NASCAR,Joe Gibbs Racing,-0.2578239185173307
NASCAR_2026_5609_nascar_all_star_race,NASCAR,Kaulig Racing,0.17280088455181986
NASCAR_2026_5609_nascar_all_star_race,NASCAR,Legacy Motor Club,0.15791943488143298
NASCAR_2026_5609_nascar_all_star_race,NASCAR,RFK Racing,-0.08604323777417335
NASCAR_2026_5609_nascar_all_star_race,NASCAR,Richard Childress Racing,-0.014714284788664087
NASCAR_2026_5609_nascar_all_star_race,NASCAR,Spire Motorsports,0.4132998238891216
NASCAR_2026_5609_nascar_all_star_race,NASCAR,Team Penske,-0.16504154027128878
NASCAR_2026_5609_nascar_all_star_race,NASCAR,Trackhouse Racing,-0.020420250590095033
NASCAR_2026_5609_nascar_all_star_race,NASCAR,Wood Brothers Racing,0.11862642266578144
NASCAR_2026_5610_coca_cola_600,NASCAR,23XI Racing,-0.080072083434921
NASCAR_2026_5610_coca_cola_600,NASCAR,Front Row Motorsports,0.1556025863188066
NASCAR_2026_5610_coca_cola_600,NASCAR,Garage 66,1.8462212821648567
NASCAR_2026_5610_coca_cola_600,NASCAR,HYAK Motorsports,0.2520545985643641
NASCAR_2026_5610_coca_cola_600,NASCAR,Haas Factory Team,0.319965111631198
NASCAR_2026_5610_coca_cola_600,NASCAR,Hendrick Motorsports,-0.21689342351987168
NASCAR_2026_5610_coca_cola_600,NASCAR,Joe Gibbs Racing,-0.25778583167644226
NASCAR_2026_5610_coca_cola_600,NASCAR,Kaulig Racing,0.17179095322090437
NASCAR_2026_5610_coca_cola_600,NASCAR,Legacy Motor Club,0.1539846052111349
NASCAR_2026_5610_coca_cola_600,NASCAR,Live Fast Motorsports,1.0856825256900904
NASCAR_2026_5610_coca_cola_600,NASCAR,RFK Racing,-0.08488311036636413
NASCAR_2026_5610_coca_cola_600,NASCAR,Richard Childress Racing,-0.01569941962161798
NASCAR_2026_5610_coca_cola_600,NASCAR,Rick Ware Racing,0.8942319379152038
NASCAR_2026_5610_coca_cola_600,NASCAR,Spire Motorsports,0.4136220170553517
NASCAR_2026_5610_coca_cola_600,NASCAR,Team Penske,-0.1644284302063487
NASCAR_2026_5610_coca_cola_600,NASCAR,Trackhouse Racing,-0.020032802593251207
NASCAR_2026_5610_coca_cola_600,NASCAR,Wood Brothers Racing,0.11912124798280617
NASCAR_2026_5611_cracker_barrel_400,NASCAR,23XI Racing,-0.07946430660797862
NASCAR_2026_5611_cracker_barrel_400,NASCAR,Front Row Motorsports,0.15547620196299797
NASCAR_2026_5611_cracker_barrel_400,NASCAR,Garage 66,1.8653165144780643
NASCAR_2026_5611_cracker_barrel_400,NASCAR,HYAK Motorsports,0.24795612262468603
NASCAR_2026_5611_cracker_barrel_400,NASCAR,Haas Factory Team,0.3145750732150529
NASCAR_2026_5611_cracker_barrel_400,NASCAR,Hendrick Motorsports,-0.21597468096714678
NASCAR_2026_5611_cracker_barrel_400,NASCAR,Joe Gibbs Racing,-0.25764324161905655
NASCAR_2026_5611_cracker_barrel_400,NASCAR,Kaulig Racing,0.1726324346225677
NASCAR_2026_5611_cracker_barrel_400,NASCAR,Legacy Motor Club,0.15418586935462752
NASCAR_2026_5611_cracker_barrel_400,NASCAR,RFK Racing,-0.08677037441267878
NASCAR_2026_5611_cracker_barrel_400,NASCAR,Richard Childress Racing,-0.01584845655009945
NASCAR_2026_5611_cracker_barrel_400,NASCAR,Rick Ware Racing,0.8936488322268994
NASCAR_2026_5611_cracker_barrel_400,NASCAR,Spire Motorsports,0.41377741400241425
NASCAR_2026_5611_cracker_barrel_400,NASCAR,Team Penske,-0.16498243036182586
NASCAR_2026_5611_cracker_barrel_400,NASCAR,Trackhouse Racing,-0.01969327646866747
NASCAR_2026_5611_cracker_barrel_400,NASCAR,Wood Brothers Racing,0.118794937149107
NASCAR_2026_5612_firekeepers_casino_400,NASCAR,23XI Racing,-0.07797616924104582
NASCAR_2026_5612_firekeepers_casino_400,NASCAR,Front Row Motorsports,0.15590218853701712
NASCAR_2026_5612_firekeepers_casino_400,NASCAR,HYAK Motorsports,0.24754587187938182
NASCAR_2026_5612_firekeepers_casino_400,NASCAR,Haas Factory Team,0.3195731086911116
NASCAR_2026_5612_firekeepers_casino_400,NASCAR,Hendrick Motorsports,-0.21608457534181877
NASCAR_2026_5612_firekeepers_casino_400,NASCAR,Joe Gibbs Racing,-0.25910767492640685
NASCAR_2026_5612_firekeepers_casino_400,NASCAR,Kaulig Racing,0.17282126169488643
NASCAR_2026_5612_firekeepers_casino_400,NASCAR,Legacy Motor Club,0.15549826494836538
NASCAR_2026_5612_firekeepers_casino_400,NASCAR,NY Racing Team,1.0312456655831699
NASCAR_2026_5612_firekeepers_casino_400,NASCAR,RFK Racing,-0.08604323777417335
NASCAR_2026_5612_firekeepers_casino_400,NASCAR,Richard Childress Racing,-0.01578893502677166
NASCAR_2026_5612_firekeepers_casino_400,NASCAR,Rick Ware Racing,0.8947334884415689
NASCAR_2026_5612_firekeepers_casino_400,NASCAR,Spire Motorsports,0.41467170187696606
NASCAR_2026_5612_firekeepers_casino_400,NASCAR,Team Penske,-0.16484131153055023
NASCAR_2026_5612_firekeepers_casino_400,NASCAR,Trackhouse Racing,-0.02252243162402094
NASCAR_2026_5612_firekeepers_casino_400,NASCAR,Wood Brothers Racing,0.11888777825956108
NASCAR_2026_5613_anduril_250,NASCAR,23XI Racing,-0.07911087408063648
NASCAR_2026_5613_anduril_250,NASCAR,Front Row Motorsports,0.15634996523330214
NASCAR_2026_5613_anduril_250,NASCAR,HYAK Motorsports,0.23996193584132827
NASCAR_2026_5613_anduril_250,NASCAR,Haas Factory Team,0.31781587195203204
NASCAR_2026_5613_anduril_250,NASCAR,Hendrick Motorsports,-0.21677183691275032
NASCAR_2026_5613_anduril_250,NASCAR,Joe Gibbs Racing,-0.2594370270903994
NASCAR_2026_5613_anduril_250,NASCAR,Kaulig Racing,0.17294003122688859
NASCAR_2026_5613_anduril_250,NASCAR,Legacy Motor Club,0.15258261896621608
NASCAR_2026_5613_anduril_250,NASCAR,RFK Racing,-0.08452811650776054
NASCAR_2026_5613_anduril_250,NASCAR,Richard Childress Racing,-0.014347335782313361
NASCAR_2026_5613_anduril_250,NASCAR,Rick Ware Racing,0.8947475201577313
NASCAR_2026_5613_anduril_250,NASCAR,Spire Motorsports,0.4140644479443467
NASCAR_2026_5613_anduril_250,NASCAR,Team Penske,-0.1650920972219446
NASCAR_2026_5613_anduril_250,NASCAR,Trackhouse Racing,-0.02045776862885429
NASCAR_2026_5613_anduril_250,NASCAR,Wood Brothers Racing,0.11775647169013731
NASCAR_2026_5614_great_american_getaway_400,NASCAR,23XI Racing,-0.07993572540542002
NASCAR_2026_5614_great_american_getaway_400,NASCAR,Beard Motorsports,0.4026827889430979
NASCAR_2026_5614_great_american_getaway_400,NASCAR,Front Row Motorsports,0.15533402500190047
NASCAR_2026_5614_great_american_getaway_400,NASCAR,HYAK Motorsports,0.24746125525306026
NASCAR_2026_5614_great_american_getaway_400,NASCAR,Haas Factory Team,0.31954002138764204
NASCAR_2026_5614_great_american_getaway_400,NASCAR,Hendrick Motorsports,-0.21574074056504985
NASCAR_2026_5614_great_american_getaway_400,NASCAR,Joe Gibbs Racing,-0.2584599958906705
NASCAR_2026_5614_great_american_getaway_400,NASCAR,Kaulig Racing,0.17104473209705348
NASCAR_2026_5614_great_american_getaway_400,NASCAR,Legacy Motor Club,0.1580447462620272
NASCAR_2026_5614_great_american_getaway_400,NASCAR,Live Fast Motorsports,1.0928144343772934
NASCAR_2026_5614_great_american_getaway_400,NASCAR,RFK Racing,-0.08575484802511711
NASCAR_2026_5614_great_american_getaway_400,NASCAR,Richard Childress Racing,-0.015006671961212234
NASCAR_2026_5614_great_american_getaway_400,NASCAR,Rick Ware Racing,0.8945060399202212
NASCAR_2026_5614_great_american_getaway_400,NASCAR,Spire Motorsports,0.4138323476726674
NASCAR_2026_5614_great_american_getaway_400,NASCAR,Team Penske,-0.16483925707679076
NASCAR_2026_5614_great_american_getaway_400,NASCAR,Trackhouse Racing,-0.022017601424050626
NASCAR_2026_5614_great_american_getaway_400,NASCAR,Wood Brothers Racing,0.11664104891196778
NASCAR_2026_5615_quaker_state_400,NASCAR,23XI Racing,-0.07925004884387017
NASCAR_2026_5615_quaker_state_400,NASCAR,Front Row Motorsports,0.15483554788853032
NASCAR_2026_5615_quaker_state_400,NASCAR,Garage 66,1.8804688798178462
NASCAR_2026_5615_quaker_state_400,NASCAR,HYAK Motorsports,0.2452242174483125
NASCAR_2026_5615_quaker_state_400,NASCAR,Haas Factory Team,0.31460114698632125
NASCAR_2026_5615_quaker_state_400,NASCAR,Hendrick Motorsports,-0.21651498229512295
NASCAR_2026_5615_quaker_state_400,NASCAR,Joe Gibbs Racing,-0.25900876701695363
NASCAR_2026_5615_quaker_state_400,NASCAR,Kaulig Racing,0.17255259292027647
NASCAR_2026_5615_quaker_state_400,NASCAR,Legacy Motor Club,0.1546212355287291
NASCAR_2026_5615_quaker_state_400,NASCAR,Live Fast Motorsports,1.0800034568601844
NASCAR_2026_5615_quaker_state_400,NASCAR,RFK Racing,-0.08715058092884666
NASCAR_2026_5615_quaker_state_400,NASCAR,Richard Childress Racing,-0.014721204122073742
NASCAR_2026_5615_quaker_state_400,NASCAR,Rick Ware Racing,0.8947600892022539
NASCAR_2026_5615_quaker_state_400,NASCAR,Spire Motorsports,0.41397783592811904
NASCAR_2026_5615_quaker_state_400,NASCAR,Team Penske,-0.1644090201866154
NASCAR_2026_5615_quaker_state_400,NASCAR,Trackhouse Racing,-0.020581731477976845
NASCAR_2026_5615_quaker_state_400,NASCAR,Wood Brothers Racing,0.11966955566121902
NASCAR_2026_5616_eero_400,NASCAR,23XI Racing,-0.07782982567228995
NASCAR_2026_5616_eero_400,NASCAR,Front Row Motorsports,0.15437444019372973
NASCAR_2026_5616_eero_400,NASCAR,HYAK Motorsports,0.24433947206733642
NASCAR_2026_5616_eero_400,NASCAR,Haas Factory Team,0.3110589824955763
NASCAR_2026_5616_eero_400,NASCAR,Hendrick Motorsports,-0.21525596789413545
NASCAR_2026_5616_eero_400,NASCAR,Joe Gibbs Racing,-0.2565954365722853
NASCAR_2026_5616_eero_400,NASCAR,Kaulig Racing,0.17208452973514313
NASCAR_2026_5616_eero_400,NASCAR,Legacy Motor Club,0.1547014791096918
NASCAR_2026_5616_eero_400,NASCAR,NY Racing Team,1.0151448552849467
NASCAR_2026_5616_eero_400,NASCAR,RFK Racing,-0.08691875979341808
NASCAR_2026_5616_eero_400,NASCAR,Richard Childress Racing,-0.015596967208930345
NASCAR_2026_5616_eero_400,NASCAR,Rick Ware Racing,0.8939167866436679
NASCAR_2026_5616_eero_400,NASCAR,Spire Motorsports,0.41321036529091226
NASCAR_2026_5616_eero_400,NASCAR,Team Penske,-0.16432157216917437
NASCAR_2026_5616_eero_400,NASCAR,Trackhouse Racing,-0.02233244200023249
NASCAR_2026_5616_eero_400,NASCAR,Wood Brothers Racing,0.11795354984555192
NASCAR_2026_5617_toyota_save_mart_350,NASCAR,23XI Racing,-0.08095214920023573
NASCAR_2026_5617_toyota_save_mart_350,NASCAR,Front Row Motorsports,0.15511741392622572
NASCAR_2026_5617_toyota_save_mart_350,NASCAR,HYAK Motorsports,0.2468246612778737
NASCAR_2026_5617_toyota_save_mart_350,NASCAR,Haas Factory Team,0.31572401665654864
NASCAR_2026_5617_toyota_save_mart_350,NASCAR,Hendrick Motorsports,-0.2161257168779689
NASCAR_2026_5617_toyota_save_mart_350,NASCAR,Joe Gibbs Racing,-0.25712440965001776
NASCAR_2026_5617_toyota_save_mart_350,NASCAR,Kaulig Racing,0.1727484811545405
NASCAR_2026_5617_toyota_save_mart_350,NASCAR,Legacy Motor Club,0.15312268568057844
NASCAR_2026_5617_toyota_save_mart_350,NASCAR,RFK Racing,-0.08604323777417335
NASCAR_2026_5617_toyota_save_mart_350,NASCAR,Richard Childress Racing,-0.015818586254401076
NASCAR_2026_5617_toyota_save_mart_350,NASCAR,Rick Ware Racing,0.893988188032004
NASCAR_2026_5617_toyota_save_mart_350,NASCAR,Spire Motorsports,0.41388679705351644
NASCAR_2026_5617_toyota_save_mart_350,NASCAR,Team Penske,-0.16473054694671063
NASCAR_2026_5617_toyota_save_mart_350,NASCAR,Trackhouse Racing,-0.017650171397106774
NASCAR_2026_5617_toyota_save_mart_350,NASCAR,Wood Brothers Racing,0.11832973453369933
NASCAR_2026_5618_window_world_450,NASCAR,23XI Racing,-0.07967198247162297
NASCAR_2026_5618_window_world_450,NASCAR,Front Row Motorsports,0.15571133962886063
NASCAR_2026_5618_window_world_450,NASCAR,Garage 66,1.8441750605320453
NASCAR_2026_5618_window_world_450,NASCAR,HYAK Motorsports,0.24393817521222
NASCAR_2026_5618_window_world_450,NASCAR,Haas Factory Team,0.3130208350497511
NASCAR_2026_5618_window_world_450,NASCAR,Hendrick Motorsports,-0.21690545446524262
NASCAR_2026_5618_window_world_450,NASCAR,Joe Gibbs Racing,-0.25766239489366094
NASCAR_2026_5618_window_world_450,NASCAR,Kaulig Racing,0.17180133036858616
NASCAR_2026_5618_window_world_450,NASCAR,Legacy Motor Club,0.15257106330676473
NASCAR_2026_5618_window_world_450,NASCAR,RFK Racing,-0.08557512370083573
NASCAR_2026_5618_window_world_450,NASCAR,Richard Childress Racing,-0.015324620416358794
NASCAR_2026_5618_window_world_450,NASCAR,Rick Ware Racing,0.8938001648888183
NASCAR_2026_5618_window_world_450,NASCAR,Spire Motorsports,0.4136458707608346
NASCAR_2026_5618_window_world_450,NASCAR,Team Penske,-0.16320477317890378
NASCAR_2026_5618_window_world_450,NASCAR,Trackhouse Racing,-0.021827832080824824
NASCAR_2026_5618_window_world_450,NASCAR,Wood Brothers Racing,0.12006154955183505
NASCAR_2026_5619_brickyard_400,NASCAR,23XI Racing,-0.07914177296603951
NASCAR_2026_5619_brickyard_400,NASCAR,Beard Motorsports,0.4052194202415011
NASCAR_2026_5619_brickyard_400,NASCAR,Front Row Motorsports,0.15476870082470257
NASCAR_2026_5619_brickyard_400,NASCAR,HYAK Motorsports,0.24627246360392105
NASCAR_2026_5619_brickyard_400,NASCAR,Haas Factory Team,0.3229334396469162
NASCAR_2026_5619_brickyard_400,NASCAR,Hendrick Motorsports,-0.2166607847057296
NASCAR_2026_5619_brickyard_400,NASCAR,Joe Gibbs Racing,-0.25809814723273894
NASCAR_2026_5619_brickyard_400,NASCAR,Kaulig Racing,0.17105322731264486
NASCAR_2026_5619_brickyard_400,NASCAR,Legacy Motor Club,0.15432869992932513
NASCAR_2026_5619_brickyard_400,NASCAR,Live Fast Motorsports,1.0867902801359752
NASCAR_2026_5619_brickyard_400,NASCAR,RFK Racing,-0.0846581964293713
NASCAR_2026_5619_brickyard_400,NASCAR,Richard Childress Racing,-0.01741027357972644
NASCAR_2026_5619_brickyard_400,NASCAR,Rick Ware Racing,0.8921801597079768
NASCAR_2026_5619_brickyard_400,NASCAR,Spire Motorsports,0.4148048430256777
NASCAR_2026_5619_brickyard_400,NASCAR,Team Penske,-0.1649835957250122
NASCAR_2026_5619_brickyard_400,NASCAR,Trackhouse Racing,-0.022147397066122086
NASCAR_2026_5619_brickyard_400,NASCAR,Wood Brothers Racing,0.1198900643703324
NASCAR_2026_5621_go_bowling_at_the_glen,NASCAR,23XI Racing,-0.07973691604278628
NASCAR_2026_5621_go_bowling_at_the_glen,NASCAR,Front Row Motorsports,0.15583085722850148
NASCAR_2026_5621_go_bowling_at_the_glen,NASCAR,Garage 66,1.920994031272125
NASCAR_2026_5621_go_bowling_at_the_glen,NASCAR,HYAK Motorsports,0.23604274058484484
NASCAR_2026_5621_go_bowling_at_the_glen,NASCAR,Haas Factory Team,0.32066615033513984
NASCAR_2026_5621_go_bowling_at_the_glen,NASCAR,Hendrick Motorsports,-0.2172979701038318
NASCAR_2026_5621_go_bowling_at_the_glen,NASCAR,Joe Gibbs Racing,-0.25930410927353476
NASCAR_2026_5621_go_bowling_at_the_glen,NASCAR,Kaulig Racing,0.17294332367341803
NASCAR_2026_5621_go_bowling_at_the_glen,NASCAR,Legacy Motor Club,0.15471768273366363
NASCAR_2026_5621_go_bowling_at_the_glen,NASCAR,Live Fast Motorsports,1.0906969327468583
NASCAR_2026_5621_go_bowling_at_the_glen,NASCAR,RFK Racing,-0.0856356578414255
NASCAR_2026_5621_go_bowling_at_the_glen,NASCAR,Richard Childress Racing,-0.014568953751238525
NASCAR_2026_5621_go_bowling_at_the_glen,NASCAR,Rick Ware Racing,0.8951335119826918
NASCAR_2026_5621_go_bowling_at_the_glen,NASCAR,Spire Motorsports,0.41409502819512667
NASCAR_2026_5621_go_bowling_at_the_glen,NASCAR,Team Penske,-0.16416963056228154
NASCAR_2026_5621_go_bowling_at_the_glen,NASCAR,Trackhouse Racing,-0.016046179902821298
NASCAR_2026_5621_go_bowling_at_the_glen,NASCAR,Wood Brothers Racing,0.11889955125848456
