race_id,series,year,race_file,team_key,team_race_relative_pace,team_race_relative_time
F1_2020_1031_austrian_grand_prix,F1,2020,1031_austrian_grand_prix,Alfa Romeo,0.43022688101086376,0.38900000000001
F1_2020_1031_austrian_grand_prix,F1,2020,1031_austrian_grand_prix,AlphaTauri,0.11420476900254115,0.10649999999999693
F1_2020_1031_austrian_grand_prix,F1,2020,1031_austrian_grand_prix,Ferrari,-0.14993458745576502,-0.12000000000000455
F1_2020_1031_austrian_grand_prix,F1,2020,1031_austrian_grand_prix,Haas F1 Team,0.8345732814159879,0.7250000000000085
F1_2020_1031_austrian_grand_prix,F1,2020,1031_austrian_grand_prix,McLaren,-0.46261856243562893,-0.4932500000000033
F1_2020_1031_austrian_grand_prix,F1,2020,1031_austrian_grand_prix,Mercedes,-1.3784207103319361,-1.2492499999999964
F1_2020_1031_austrian_grand_prix,F1,2020,1031_austrian_grand_prix,Racing Point,-0.4430983732635668,-0.46699999999999875
F1_2020_1031_austrian_grand_prix,F1,2020,1031_austrian_grand_prix,Red Bull,-1.0410599440300723,-0.7800000000000011
F1_2020_1031_austrian_grand_prix,F1,2020,1031_austrian_grand_prix,Renault,0.1659328133655734,0.14699999999999136
F1_2020_1031_austrian_grand_prix,F1,2020,1031_austrian_grand_prix,Williams,0.9468404371858624,0.7952500000000029
F1_2020_1032_styrian_grand_prix,F1,2020,1032_styrian_grand_prix,Alfa Romeo,0.38877403430500246,0.3475000000000037
F1_2020_1032_styrian_grand_prix,F1,2020,1032_styrian_grand_prix,AlphaTauri,0.2955221906057498,0.2524999999999977
F1_2020_1032_styrian_grand_prix,F1,2020,1032_styrian_grand_prix,Ferrari,-0.16357966688409878,-1.293999999999997
F1_2020_1032_styrian_grand_prix,F1,2020,1032_styrian_grand_prix,Haas F1 Team,0.32357798131211846,0.25250000000000483
F1_2020_1032_styrian_grand_prix,F1,2020,1032_styrian_grand_prix,McLaren,-0.17300552270987857,-0.13625000000000398
F1_2020_1032_styrian_grand_prix,F1,2020,1032_styrian_grand_prix,Mercedes,-0.9954717295640327,-0.8814999999999955
F1_2020_1032_styrian_grand_prix,F1,2020,1032_styrian_grand_prix,Racing Point,-0.30631015629616865,-0.2960000000000065
F1_2020_1032_styrian_grand_prix,F1,2020,1032_styrian_grand_prix,Red Bull,-0.6100044847788064,-0.5655000000000001
F1_2020_1032_styrian_grand_prix,F1,2020,1032_styrian_grand_prix,Renault,-0.18731257123446585,-0.17199999999999704
F1_2020_1032_styrian_grand_prix,F1,2020,1032_styrian_grand_prix,Williams,0.9794394134350038,0.8342500000000044
F1_2020_1033_hungarian_grand_prix,F1,2020,1033_hungarian_grand_prix,Alfa Romeo,0.1571180822016289,0.28000000000000114
F1_2020_1033_hungarian_grand_prix,F1,2020,1033_hungarian_grand_prix,AlphaTauri,0.3960987245566589,0.46699999999999875
F1_2020_1033_hungarian_grand_prix,F1,2020,1033_hungarian_grand_prix,Ferrari,0.06816389188464922,0.06900000000000261
F1_2020_1033_hungarian_grand_prix,F1,2020,1033_hungarian_grand_prix,Haas F1 Team,0.2784120746739506,0.3790000000000049
F1_2020_1033_hungarian_grand_prix,F1,2020,1033_hungarian_grand_prix,McLaren,0.12225528085003483,0.15000000000000568
F1_2020_1033_hungarian_grand_prix,F1,2020,1033_hungarian_grand_prix,Mercedes,-1.0977398378768624,-1.3189999999999955
F1_2020_1033_hungarian_grand_prix,F1,2020,1033_hungarian_grand_prix,Racing Point,-0.233988052877787,-0.3599999999999923
F1_2020_1033_hungarian_grand_prix,F1,2020,1033_hungarian_grand_prix,Red Bull,-0.39814938207866807,-0.5849999999999937
F1_2020_1033_hungarian_grand_prix,F1,2020,1033_hungarian_grand_prix,Renault,0,0
F1_2020_1033_hungarian_grand_prix,F1,2020,1033_hungarian_grand_prix,Williams,0.6374458358136375,0.78125
F1_2020_1034_british_grand_prix,F1,2020,1034_british_grand_prix,Alfa Romeo,0.576998892634686,0.5760000000000076
F1_2020_1034_british_grand_prix,F1,2020,1034_british_grand_prix,AlphaTauri,0.14222309794395008,0.12399999999999523
F1_2020_1034_british_grand_prix,F1,2020,1034_british_grand_prix,Ferrari,0,0
F1_2020_1034_british_grand_prix,F1,2020,1034_british_grand_prix,Haas F1 Team,0.030046083667399286,0.024500000000003297
F1_2020_1034_british_grand_prix,F1,2020,1034_british_grand_prix,McLaren,-0.20813536405051686,-0.18299999999999272
F1_2020_1034_british_grand_prix,F1,2020,1034_british_grand_prix,Mercedes,-1.7922306627721232,-1.6260000000000048
F1_2020_1034_british_grand_prix,F1,2020,1034_british_grand_prix,Racing Point,0.005305663105135864,0.0049999999999954525
F1_2020_1034_british_grand_prix,F1,2020,1034_british_grand_prix,Red Bull,-1.19414315716878,-1.0750000000000028
F1_2020_1034_british_grand_prix,F1,2020,1034_british_grand_prix,Renault,-0.017133098792272625,-0.015999999999998238
F1_2020_1034_british_grand_prix,F1,2020,1034_british_grand_prix,Williams,0.7022008063922712,0.5739999999999981
F1_2020_1035_70th_anniversary_grand_prix,F1,2020,1035_70th_anniversary_grand_prix,Alfa Romeo,1.067704627923356,1.1199999999999903
F1_2020_1035_70th_anniversary_grand_prix,F1,2020,1035_70th_anniversary_grand_prix,AlphaTauri,0,0
F1_2020_1035_70th_anniversary_grand_prix,F1,2020,1035_70th_anniversary_grand_prix,Ferrari,-0.15758571359243,-0.21100000000001273
F1_2020_1035_70th_anniversary_grand_prix,F1,2020,1035_70th_anniversary_grand_prix,Haas F1 Team,0.884733769122968,0.9522499999999994
F1_2020_1035_70th_anniversary_grand_prix,F1,2020,1035_70th_anniversary_grand_prix,McLaren,-0.0015404897343877092,-9.999999999976694e-4
F1_2020_1035_70th_anniversary_grand_prix,F1,2020,1035_70th_anniversary_grand_prix,Mercedes,-0.8656037630550655,-0.8462500000000048
F1_2020_1035_70th_anniversary_grand_prix,F1,2020,1035_70th_anniversary_grand_prix,Racing Point,-0.3912329798679385,-0.30325000000000557
F1_2020_1035_70th_anniversary_grand_prix,F1,2020,1035_70th_anniversary_grand_prix,Red Bull,-1.0408245553388662,-1.009999999999991
F1_2020_1035_70th_anniversary_grand_prix,F1,2020,1035_70th_anniversary_grand_prix,Renault,0.15957254714347002,0.1280000000000001
F1_2020_1035_70th_anniversary_grand_prix,F1,2020,1035_70th_anniversary_grand_prix,Williams,0.6871543682660783,0.6610000000000085
F1_2020_1036_spanish_grand_prix,F1,2020,1036_spanish_grand_prix,Alfa Romeo,0.37227879792543384,0.43849999999999767
F1_2020_1036_spanish_grand_prix,F1,2020,1036_spanish_grand_prix,AlphaTauri,-0.032707677112862155,-0.039749999999997954
F1_2020_1036_spanish_grand_prix,F1,2020,1036_spanish_grand_prix,Ferrari,0.011615304222452497,0.02049999999999841
F1_2020_1036_spanish_grand_prix,F1,2020,1036_spanish_grand_prix,Haas F1 Team,0.5865548189218612,0.6000000000000085
F1_2020_1036_spanish_grand_prix,F1,2020,1036_spanish_grand_prix,McLaren,-0.07909469065770362,-0.08300000000001262
F1_2020_1036_spanish_grand_prix,F1,2020,1036_spanish_grand_prix,Mercedes,-1.3918133476232115,-1.608000000000004
F1_2020_1036_spanish_grand_prix,F1,2020,1036_spanish_grand_prix,Racing Point,-0.10353147514926567,-0.14124999999999943
F1_2020_1036_spanish_grand_prix,F1,2020,1036_spanish_grand_prix,Red Bull,-0.6717533151841528,-0.758499999999998
F1_2020_1036_spanish_grand_prix,F1,2020,1036_spanish_grand_prix,Renault,0.26784881222153256,0.30750000000000455
F1_2020_1036_spanish_grand_prix,F1,2020,1036_spanish_grand_prix,Williams,0.6134250270785292,0.5619999999999976
F1_2020_1037_belgian_grand_prix,F1,2020,1037_belgian_grand_prix,Alfa Romeo,0.5114790038987442,0.5319999999999965
F1_2020_1037_belgian_grand_prix,F1,2020,1037_belgian_grand_prix,AlphaTauri,0.02241445271826113,0.03300000000000125
F1_2020_1037_belgian_grand_prix,F1,2020,1037_belgian_grand_prix,Ferrari,0.4113649491259112,0.4170000000000016
F1_2020_1037_belgian_grand_prix,F1,2020,1037_belgian_grand_prix,Haas F1 Team,0.7661256407098981,0.7924999999999898
F1_2020_1037_belgian_grand_prix,F1,2020,1037_belgian_grand_prix,McLaren,0,0
F1_2020_1037_belgian_grand_prix,F1,2020,1037_belgian_grand_prix,Mercedes,-1.1979943123717378,-1.5234999999999985
F1_2020_1037_belgian_grand_prix,F1,2020,1037_belgian_grand_prix,Racing Point,0,0
F1_2020_1037_belgian_grand_prix,F1,2020,1037_belgian_grand_prix,Red Bull,-0.30696789603111074,-0.3964999999999961
F1_2020_1037_belgian_grand_prix,F1,2020,1037_belgian_grand_prix,Renault,-0.38839417868319437,-0.4549999999999983
F1_2020_1037_belgian_grand_prix,F1,2020,1037_belgian_grand_prix,Williams,0.68771758374102,0.777000000000001
F1_2020_1038_italian_grand_prix,F1,2020,1038_italian_grand_prix,Alfa Romeo,0.5179971448327385,0.3609999999999971
F1_2020_1038_italian_grand_prix,F1,2020,1038_italian_grand_prix,AlphaTauri,0,0
F1_2020_1038_italian_grand_prix,F1,2020,1038_italian_grand_prix,Ferrari,0.7112232244942517,0.3754999999999953
F1_2020_1038_italian_grand_prix,F1,2020,1038_italian_grand_prix,Haas F1 Team,0.6729588397468195,0.4409999999999883
F1_2020_1038_italian_grand_prix,F1,2020,1038_italian_grand_prix,McLaren,-0.6280908407040031,-0.4232499999999959
F1_2020_1038_italian_grand_prix,F1,2020,1038_italian_grand_prix,Mercedes,-0.7363438383391411,-0.5644999999999953
F1_2020_1038_italian_grand_prix,F1,2020,1038_italian_grand_prix,Racing Point,-0.24516372794077956,-0.18800000000008765
F1_2020_1038_italian_grand_prix,F1,2020,1038_italian_grand_prix,Red Bull,0.31468278432164726,0.2259999999999991
F1_2020_1038_italian_grand_prix,F1,2020,1038_italian_grand_prix,Renault,-0.123377926683412,-0.07875000000000654
F1_2020_1038_italian_grand_prix,F1,2020,1038_italian_grand_prix,Williams,0.6906718103517002,0.5137499999999946
F1_2020_1039_tuscan_grand_prix,F1,2020,1039_tuscan_grand_prix,Alfa Romeo,0.47276249351161614,0.5245000000000033
F1_2020_1039_tuscan_grand_prix,F1,2020,1039_tuscan_grand_prix,AlphaTauri,0.11485588461910809,0.09049999999999159
F1_2020_1039_tuscan_grand_prix,F1,2020,1039_tuscan_grand_prix,Ferrari,0.46867925077554257,0.4829999999999899
F1_2020_1039_tuscan_grand_prix,F1,2020,1039_tuscan_grand_prix,Haas F1 Team,1.3686153049040453,1.4079999999999941
F1_2020_1039_tuscan_grand_prix,F1,2020,1039_tuscan_grand_prix,McLaren,0,0
F1_2020_1039_tuscan_grand_prix,F1,2020,1039_tuscan_grand_prix,Mercedes,-1.038042937748218,-1.0975000000000037
F1_2020_1039_tuscan_grand_prix,F1,2020,1039_tuscan_grand_prix,Racing Point,-0.166323118497207,-0.16549999999999443
F1_2020_1039_tuscan_grand_prix,F1,2020,1039_tuscan_grand_prix,Red Bull,-0.5616993312166458,-0.5649999999999906
F1_2020_1039_tuscan_grand_prix,F1,2020,1039_tuscan_grand_prix,Renault,-0.28651562949598425,-0.4440000000000026
F1_2020_1039_tuscan_grand_prix,F1,2020,1039_tuscan_grand_prix,Williams,0.6011050873378739,0.6615000000000038
F1_2020_1040_russian_grand_prix,F1,2020,1040_russian_grand_prix,Alfa Romeo,0.37665259997093237,0.548250000000003
F1_2020_1040_russian_grand_prix,F1,2020,1040_russian_grand_prix,AlphaTauri,-0.15500813109462896,-0.20400000000000063
F1_2020_1040_russian_grand_prix,F1,2020,1040_russian_grand_prix,Ferrari,0,0
F1_2020_1040_russian_grand_prix,F1,2020,1040_russian_grand_prix,Haas F1 Team,0.338134325917149,0.4962499999999892
F1_2020_1040_russian_grand_prix,F1,2020,1040_russian_grand_prix,McLaren,0.4204243505322189,0.5120000000000005
F1_2020_1040_russian_grand_prix,F1,2020,1040_russian_grand_prix,Mercedes,-0.9762865072752682,-1.3455000000000013
F1_2020_1040_russian_grand_prix,F1,2020,1040_russian_grand_prix,Racing Point,-0.6022049702332728,-0.9807500000000005
F1_2020_1040_russian_grand_prix,F1,2020,1040_russian_grand_prix,Red Bull,-0.6252711983578159,-0.8607499999999959
F1_2020_1040_russian_grand_prix,F1,2020,1040_russian_grand_prix,Renault,-0.26572220153356807,-0.4239999999999924
F1_2020_1040_russian_grand_prix,F1,2020,1040_russian_grand_prix,Williams,0.8440220676839763,1.1084999999999923
F1_2020_1041_eifel_grand_prix,F1,2020,1041_eifel_grand_prix,Alfa Romeo,0.230782837282261,0.3229999999999933
F1_2020_1041_eifel_grand_prix,F1,2020,1041_eifel_grand_prix,AlphaTauri,0.18316936443526116,0.26400000000001
F1_2020_1041_eifel_grand_prix,F1,2020,1041_eifel_grand_prix,Ferrari,0,0
F1_2020_1041_eifel_grand_prix,F1,2020,1041_eifel_grand_prix,Haas F1 Team,0.33895934924780835,0.44899999999999807
F1_2020_1041_eifel_grand_prix,F1,2020,1041_eifel_grand_prix,McLaren,-0.1087029447364279,-0.11400000000000432
F1_2020_1041_eifel_grand_prix,F1,2020,1041_eifel_grand_prix,Mercedes,-1.5955999808845958,-2.262500000000003
F1_2020_1041_eifel_grand_prix,F1,2020,1041_eifel_grand_prix,Racing Point,0,0
F1_2020_1041_eifel_grand_prix,F1,2020,1041_eifel_grand_prix,Red Bull,-0.9929648762305479,-1.796750000000003
F1_2020_1041_eifel_grand_prix,F1,2020,1041_eifel_grand_prix,Renault,-0.3562948187279666,-0.4819999999999993
F1_2020_1041_eifel_grand_prix,F1,2020,1041_eifel_grand_prix,Williams,0.45290600578219925,0.4899999999999949
F1_2020_1042_portuguese_grand_prix,F1,2020,1042_portuguese_grand_prix,Alfa Romeo,0.3315602221324152,0.39124999999999943
F1_2020_1042_portuguese_grand_prix,F1,2020,1042_portuguese_grand_prix,AlphaTauri,0.06079167026400503,0.0730000000000004
F1_2020_1042_portuguese_grand_prix,F1,2020,1042_portuguese_grand_prix,Ferrari,-0.2937982986798017,-0.32650000000001
F1_2020_1042_portuguese_grand_prix,F1,2020,1042_portuguese_grand_prix,Haas F1 Team,0.5992671805163816,0.6252499999999941
F1_2020_1042_portuguese_grand_prix,F1,2020,1042_portuguese_grand_prix,McLaren,-0.026678851635841785,-0.03450000000000841
F1_2020_1042_portuguese_grand_prix,F1,2020,1042_portuguese_grand_prix,Mercedes,-1.283224619769554,-1.4092500000000001
F1_2020_1042_portuguese_grand_prix,F1,2020,1042_portuguese_grand_prix,Racing Point,-0.16273427906420052,-0.15800000000000125
F1_2020_1042_portuguese_grand_prix,F1,2020,1042_portuguese_grand_prix,Red Bull,-0.6247938344481128,-0.6760000000000019
F1_2020_1042_portuguese_grand_prix,F1,2020,1042_portuguese_grand_prix,Renault,-0.03348266133145279,-0.03249999999999176
F1_2020_1042_portuguese_grand_prix,F1,2020,1042_portuguese_grand_prix,Williams,0.5472150692411668,0.6364999999999981
F1_2020_1043_emilia_romagna_grand_prix,F1,2020,1043_emilia_romagna_grand_prix,Alfa Romeo,0.4495348571183527,0.3100000000000023
F1_2020_1043_emilia_romagna_grand_prix,F1,2020,1043_emilia_romagna_grand_prix,AlphaTauri,-0.2049297207768787,-0.14074999999998994
F1_2020_1043_emilia_romagna_grand_prix,F1,2020,1043_emilia_romagna_grand_prix,Ferrari,-0.02435034577543827,-0.030000000000001137
F1_2020_1043_emilia_romagna_grand_prix,F1,2020,1043_emilia_romagna_grand_prix,Haas F1 Team,0.6437572211903674,0.46750000000000114
F1_2020_1043_emilia_romagna_grand_prix,F1,2020,1043_emilia_romagna_grand_prix,McLaren,-0.02476127503352222,-0.02599999999999625
F1_2020_1043_emilia_romagna_grand_prix,F1,2020,1043_emilia_romagna_grand_prix,Mercedes,-1.3946269719623579,-1.0272500000000022
F1_2020_1043_emilia_romagna_grand_prix,F1,2020,1043_emilia_romagna_grand_prix,Racing Point,-0.11651320022256359,-0.09250000000000114
F1_2020_1043_emilia_romagna_grand_prix,F1,2020,1043_emilia_romagna_grand_prix,Red Bull,-0.28710707110595407,-0.305499999999995
F1_2020_1043_emilia_romagna_grand_prix,F1,2020,1043_emilia_romagna_grand_prix,Renault,0.10426855077367687,0.06624999999999659
F1_2020_1043_emilia_romagna_grand_prix,F1,2020,1043_emilia_romagna_grand_prix,Williams,0.3946299227404991,0.2785000000000011
F1_2020_1044_turkish_grand_prix,F1,2020,1044_turkish_grand_prix,Alfa Romeo,0.2738969728990988,0.6084999999999994
F1_2020_1044_turkish_grand_prix,F1,2020,1044_turkish_grand_prix,AlphaTauri,0.1037117923193421,0.269999999999996
F1_2020_1044_turkish_grand_prix,F1,2020,1044_turkish_grand_prix,Ferrari,-0.45377086359753127,-1.1172500000000056
F1_2020_1044_turkish_grand_prix,F1,2020,1044_turkish_grand_prix,Haas F1 Team,0.3786906565028899,0.8567500000000052
F1_2020_1044_turkish_grand_prix,F1,2020,1044_turkish_grand_prix,McLaren,-0.3053967666066118,-0.7965000000000089
F1_2020_1044_turkish_grand_prix,F1,2020,1044_turkish_grand_prix,Mercedes,-0.22107232445817443,-0.4759999999999991
F1_2020_1044_turkish_grand_prix,F1,2020,1044_turkish_grand_prix,Racing Point,-0.0048792945616459495,-0.009500000000002728
F1_2020_1044_turkish_grand_prix,F1,2020,1044_turkish_grand_prix,Red Bull,-0.31161399057549233,-0.796999999999997
F1_2020_1044_turkish_grand_prix,F1,2020,1044_turkish_grand_prix,Renault,0.011632675465505577,0.032999999999994145
F1_2020_1044_turkish_grand_prix,F1,2020,1044_turkish_grand_prix,Williams,0.9404767753110518,1.9874999999999972
F1_2020_1045_bahrain_grand_prix,F1,2020,1045_bahrain_grand_prix,Alfa Romeo,0.5811353914297921,1.0972500000000025
F1_2020_1045_bahrain_grand_prix,F1,2020,1045_bahrain_grand_prix,AlphaTauri,0.06201955754719111,0.1904999999999859
F1_2020_1045_bahrain_grand_prix,F1,2020,1045_bahrain_grand_prix,Ferrari,0.1673325738049004,0.36350000000000193
F1_2020_1045_bahrain_grand_prix,F1,2020,1045_bahrain_grand_prix,Haas F1 Team,1.061696285731635,1.8284999999999911
F1_2020_1045_bahrain_grand_prix,F1,2020,1045_bahrain_grand_prix,McLaren,-0.32233428840178047,-0.607999999999997
F1_2020_1045_bahrain_grand_prix,F1,2020,1045_bahrain_grand_prix,Mercedes,-0.45430287677656167,-0.9919999999999973
F1_2020_1045_bahrain_grand_prix,F1,2020,1045_bahrain_grand_prix,Racing Point,-0.3667596210807511,-0.8029999999999973
F1_2020_1045_bahrain_grand_prix,F1,2020,1045_bahrain_grand_prix,Red Bull,-0.48549104902107376,-1.0150000000000006
F1_2020_1045_bahrain_grand_prix,F1,2020,1045_bahrain_grand_prix,Renault,-0.06510062082891296,-0.11525000000000318
F1_2020_1045_bahrain_grand_prix,F1,2020,1045_bahrain_grand_prix,Williams,0.515571377540776,1.1262499999999989
F1_2020_1046_sakhir_grand_prix,F1,2020,1046_sakhir_grand_prix,Alfa Romeo,0.56334819065062,0.3500000000000014
F1_2020_1046_sakhir_grand_prix,F1,2020,1046_sakhir_grand_prix,AlphaTauri,-0.16158911791484182,-0.1180000000000021
F1_2020_1046_sakhir_grand_prix,F1,2020,1046_sakhir_grand_prix,Ferrari,0.14148204864061037,0.09749999999999659
F1_2020_1046_sakhir_grand_prix,F1,2020,1046_sakhir_grand_prix,Haas F1 Team,1.0021719123295239,0.6829999999999998
F1_2020_1046_sakhir_grand_prix,F1,2020,1046_sakhir_grand_prix,McLaren,-0.1320706051293624,-0.11299999999999955
F1_2020_1046_sakhir_grand_prix,F1,2020,1046_sakhir_grand_prix,Mercedes,-0.8851892658140708,-0.5055000000000014
F1_2020_1046_sakhir_grand_prix,F1,2020,1046_sakhir_grand_prix,Racing Point,-0.1986180367620652,-0.12650000000000006
F1_2020_1046_sakhir_grand_prix,F1,2020,1046_sakhir_grand_prix,Red Bull,-0.0065925726934479055,-0.003999999999997783
F1_2020_1046_sakhir_grand_prix,F1,2020,1046_sakhir_grand_prix,Renault,-0.14135784353758507,-0.10849999999999937
F1_2020_1046_sakhir_grand_prix,F1,2020,1046_sakhir_grand_prix,Williams,0.6056603492964877,0.4309999999999974
F1_2020_1047_abu_dhabi_grand_prix,F1,2020,1047_abu_dhabi_grand_prix,Alfa Romeo,0.4211402479012251,0.6490000000000009
F1_2020_1047_abu_dhabi_grand_prix,F1,2020,1047_abu_dhabi_grand_prix,AlphaTauri,0.02279783679866961,0.04099999999999682
F1_2020_1047_abu_dhabi_grand_prix,F1,2020,1047_abu_dhabi_grand_prix,Ferrari,0.17561295610835415,0.2575000000000003
F1_2020_1047_abu_dhabi_grand_prix,F1,2020,1047_abu_dhabi_grand_prix,Haas F1 Team,1.134887436733859,1.6615000000000038
F1_2020_1047_abu_dhabi_grand_prix,F1,2020,1047_abu_dhabi_grand_prix,McLaren,-0.2754645903534727,-0.4159999999999968
F1_2020_1047_abu_dhabi_grand_prix,F1,2020,1047_abu_dhabi_grand_prix,Mercedes,-1.1849241739108172,-1.5289999999999964
F1_2020_1047_abu_dhabi_grand_prix,F1,2020,1047_abu_dhabi_grand_prix,Racing Point,0.011903300109276245,0.01999999999999602
F1_2020_1047_abu_dhabi_grand_prix,F1,2020,1047_abu_dhabi_grand_prix,Red Bull,-1.1969668522708667,-1.5232499999999973
F1_2020_1047_abu_dhabi_grand_prix,F1,2020,1047_abu_dhabi_grand_prix,Renault,0.013246097588642676,0.014000000000010004
F1_2020_1047_abu_dhabi_grand_prix,F1,2020,1047_abu_dhabi_grand_prix,Williams,0.7911041409744333,1.1030000000000086
F1_2021_1051_qatar_grand_prix,F1,2021,1051_qatar_grand_prix,Alfa Romeo,0.23722363430838347,0.3359999999999914
F1_2021_1051_qatar_grand_prix,F1,2021,1051_qatar_grand_prix,AlphaTauri,-0.02095395131333307,-0.03349999999999653
F1_2021_1051_qatar_grand_prix,F1,2021,1051_qatar_grand_prix,Alpine F1 Team,-0.14462735153771614,-0.19324999999999903
F1_2021_1051_qatar_grand_prix,F1,2021,1051_qatar_grand_prix,Aston Martin,-0.045510968199661356,-0.055499999999995
F1_2021_1051_qatar_grand_prix,F1,2021,1051_qatar_grand_prix,Ferrari,-0.013972882620990383,-0.04124999999999801
F1_2021_1051_qatar_grand_prix,F1,2021,1051_qatar_grand_prix,Haas F1 Team,0.9480861868670859,1.2510000000000048
F1_2021_1051_qatar_grand_prix,F1,2021,1051_qatar_grand_prix,McLaren,-0.00783120036385796,-0.009000000000000341
F1_2021_1051_qatar_grand_prix,F1,2021,1051_qatar_grand_prix,Mercedes,-0.8014090722477689,-1.3200000000000074
F1_2021_1051_qatar_grand_prix,F1,2021,1051_qatar_grand_prix,Red Bull,-0.953027394170672,-1.3485000000000014
F1_2021_1051_qatar_grand_prix,F1,2021,1051_qatar_grand_prix,Williams,0.7108989663635298,0.8930000000000007
F1_2021_1052_bahrain_grand_prix,F1,2021,1052_bahrain_grand_prix,Alfa Romeo,0.14267996796752094,0.18099999999999739
F1_2021_1052_bahrain_grand_prix,F1,2021,1052_bahrain_grand_prix,AlphaTauri,-0.03309672020146158,-0.10699999999999932
F1_2021_1052_bahrain_grand_prix,F1,2021,1052_bahrain_grand_prix,Alpine F1 Team,0.42080240104919586,0.5139999999999958
F1_2021_1052_bahrain_grand_prix,F1,2021,1052_bahrain_grand_prix,Aston Martin,0.4346333951635544,0.5339999999999918
F1_2021_1052_bahrain_grand_prix,F1,2021,1052_bahrain_grand_prix,Ferrari,-0.14828874114991714,-0.18550000000000466
F1_2021_1052_bahrain_grand_prix,F1,2021,1052_bahrain_grand_prix,Haas F1 Team,1.0241574794573935,1.2169999999999987
F1_2021_1052_bahrain_grand_prix,F1,2021,1052_bahrain_grand_prix,McLaren,-0.25202885904464273,-0.27949999999999164
F1_2021_1052_bahrain_grand_prix,F1,2021,1052_bahrain_grand_prix,Mercedes,-0.9032632207889668,-1.2439999999999998
F1_2021_1052_bahrain_grand_prix,F1,2021,1052_bahrain_grand_prix,Red Bull,-0.7328241066264132,-1.042500000000004
F1_2021_1052_bahrain_grand_prix,F1,2021,1052_bahrain_grand_prix,Williams,0.5987606316600119,0.8220000000000027
F1_2021_1053_emilia_romagna_grand_prix,F1,2021,1053_emilia_romagna_grand_prix,Alfa Romeo,0.21846626657027157,0.3500000000000014
F1_2021_1053_emilia_romagna_grand_prix,F1,2021,1053_emilia_romagna_grand_prix,AlphaTauri,0,0
F1_2021_1053_emilia_romagna_grand_prix,F1,2021,1053_emilia_romagna_grand_prix,Alpine F1 Team,0.24499410723553786,0.3725000000000023
F1_2021_1053_emilia_romagna_grand_prix,F1,2021,1053_emilia_romagna_grand_prix,Aston Martin,0.08587556967591599,0.16250000000000142
F1_2021_1053_emilia_romagna_grand_prix,F1,2021,1053_emilia_romagna_grand_prix,Ferrari,-0.6733345159148724,-0.9059999999999988
F1_2021_1053_emilia_romagna_grand_prix,F1,2021,1053_emilia_romagna_grand_prix,Haas F1 Team,1.058667699827057,1.3639999999999972
F1_2021_1053_emilia_romagna_grand_prix,F1,2021,1053_emilia_romagna_grand_prix,McLaren,-0.37420495871305026,-0.6710000000000065
F1_2021_1053_emilia_romagna_grand_prix,F1,2021,1053_emilia_romagna_grand_prix,Mercedes,-0.3405814494376001,-0.7819999999999965
F1_2021_1053_emilia_romagna_grand_prix,F1,2021,1053_emilia_romagna_grand_prix,Red Bull,-0.8172237752482719,-1.5189999999999912
F1_2021_1053_emilia_romagna_grand_prix,F1,2021,1053_emilia_romagna_grand_prix,Williams,0.04464211254490044,0.18200000000000216
F1_2021_1054_portuguese_grand_prix,F1,2021,1054_portuguese_grand_prix,Alfa Romeo,0.07173832118202021,0.08599999999999852
F1_2021_1054_portuguese_grand_prix,F1,2021,1054_portuguese_grand_prix,AlphaTauri,0.07481898419183024,0.07000000000000739
F1_2021_1054_portuguese_grand_prix,F1,2021,1054_portuguese_grand_prix,Alpine F1 Team,-0.14484119823595976,-0.16449999999999676
F1_2021_1054_portuguese_grand_prix,F1,2021,1054_portuguese_grand_prix,Aston Martin,0.11870196307608377,0.15500000000000114
F1_2021_1054_portuguese_grand_prix,F1,2021,1054_portuguese_grand_prix,Ferrari,-0.07195447388785647,-0.08300000000001262
F1_2021_1054_portuguese_grand_prix,F1,2021,1054_portuguese_grand_prix,Haas F1 Team,1.5446289554110801,1.4989999999999952
F1_2021_1054_portuguese_grand_prix,F1,2021,1054_portuguese_grand_prix,McLaren,-0.0961357069050858,-0.10800000000000409
F1_2021_1054_portuguese_grand_prix,F1,2021,1054_portuguese_grand_prix,Mercedes,-1.023736905408489,-1.1209999999999951
F1_2021_1054_portuguese_grand_prix,F1,2021,1054_portuguese_grand_prix,Red Bull,-0.7876283710191098,-0.8530000000000086
F1_2021_1054_portuguese_grand_prix,F1,2021,1054_portuguese_grand_prix,Williams,1.2642409060764428,1.186000000000007
F1_2021_1055_spanish_grand_prix,F1,2021,1055_spanish_grand_prix,Alfa Romeo,0.21101882981561212,0.27200000000000557
F1_2021_1055_spanish_grand_prix,F1,2021,1055_spanish_grand_prix,AlphaTauri,0.06370432289987453,0.06799999999999784
F1_2021_1055_spanish_grand_prix,F1,2021,1055_spanish_grand_prix,Alpine F1 Team,0.12375042293922495,0.20249999999999346
F1_2021_1055_spanish_grand_prix,F1,2021,1055_spanish_grand_prix,Aston Martin,0.08282318860513244,0.11700000000000443
F1_2021_1055_spanish_grand_prix,F1,2021,1055_spanish_grand_prix,Ferrari,-0.4604755162406115,-0.7730000000000032
F1_2021_1055_spanish_grand_prix,F1,2021,1055_spanish_grand_prix,Haas F1 Team,0.8639553588496516,1.2772500000000022
F1_2021_1055_spanish_grand_prix,F1,2021,1055_spanish_grand_prix,McLaren,-0.19890285448557254,-0.2927500000000052
F1_2021_1055_spanish_grand_prix,F1,2021,1055_spanish_grand_prix,Mercedes,-1.1334836278129936,-1.7319999999999993
F1_2021_1055_spanish_grand_prix,F1,2021,1055_spanish_grand_prix,Red Bull,-0.6962785974772385,-1.1600000000000037
F1_2021_1055_spanish_grand_prix,F1,2021,1055_spanish_grand_prix,Williams,0.4737944217335922,0.559500000000007
F1_2021_1056_monaco_grand_prix,F1,2021,1056_monaco_grand_prix,Alfa Romeo,0.21393897355382857,0.20775000000000432
F1_2021_1056_monaco_grand_prix,F1,2021,1056_monaco_grand_prix,AlphaTauri,0.017306327825240643,0.02125000000000199
F1_2021_1056_monaco_grand_prix,F1,2021,1056_monaco_grand_prix,Alpine F1 Team,0.2465978700659932,0.2502499999999941
F1_2021_1056_monaco_grand_prix,F1,2021,1056_monaco_grand_prix,Aston Martin,-0.13905673186235865,-0.18600000000000705
F1_2021_1056_monaco_grand_prix,F1,2021,1056_monaco_grand_prix,Ferrari,-0.7038900264304547,-0.8927499999999924
F1_2021_1056_monaco_grand_prix,F1,2021,1056_monaco_grand_prix,Haas F1 Team,1.3094684284845268,1.5379999999999967
F1_2021_1056_monaco_grand_prix,F1,2021,1056_monaco_grand_prix,McLaren,-0.18729660868205128,-0.2635000000000147
F1_2021_1056_monaco_grand_prix,F1,2021,1056_monaco_grand_prix,Mercedes,-0.46456242676544884,-0.5579999999999927
F1_2021_1056_monaco_grand_prix,F1,2021,1056_monaco_grand_prix,Red Bull,-0.6806883365047535,-0.8345000000000056
F1_2021_1056_monaco_grand_prix,F1,2021,1056_monaco_grand_prix,Williams,0.48018449878133557,0.5919999999999987
F1_2021_1057_azerbaijan_grand_prix,F1,2021,1057_azerbaijan_grand_prix,Alfa Romeo,0.266833177840917,0.3569999999999993
F1_2021_1057_azerbaijan_grand_prix,F1,2021,1057_azerbaijan_grand_prix,AlphaTauri,-0.16579249703778348,-0.18700000000001182
F1_2021_1057_azerbaijan_grand_prix,F1,2021,1057_azerbaijan_grand_prix,Alpine F1 Team,0.2786365705743492,0.40474999999999284
F1_2021_1057_azerbaijan_grand_prix,F1,2021,1057_azerbaijan_grand_prix,Aston Martin,-0.29371544158178736,-0.32099999999999795
F1_2021_1057_azerbaijan_grand_prix,F1,2021,1057_azerbaijan_grand_prix,Ferrari,-0.0893541479104939,-0.09499999999999886
F1_2021_1057_azerbaijan_grand_prix,F1,2021,1057_azerbaijan_grand_prix,Haas F1 Team,1.3876406657214415,1.5919999999999987
F1_2021_1057_azerbaijan_grand_prix,F1,2021,1057_azerbaijan_grand_prix,McLaren,-0.008774250114483552,-0.019249999999999545
F1_2021_1057_azerbaijan_grand_prix,F1,2021,1057_azerbaijan_grand_prix,Mercedes,-0.2517409647104349,-0.36274999999999835
F1_2021_1057_azerbaijan_grand_prix,F1,2021,1057_azerbaijan_grand_prix,Red Bull,-1.022379963853572,-1.1559999999999988
F1_2021_1057_azerbaijan_grand_prix,F1,2021,1057_azerbaijan_grand_prix,Williams,0.7657559339286508,0.8030000000000044
F1_2021_1058_styrian_grand_prix,F1,2021,1058_styrian_grand_prix,Alfa Romeo,0.08609051348144739,0.09600000000000364
F1_2021_1058_styrian_grand_prix,F1,2021,1058_styrian_grand_prix,AlphaTauri,0.07146505205060197,0.0799999999999983
F1_2021_1058_styrian_grand_prix,F1,2021,1058_styrian_grand_prix,Alpine F1 Team,0.10919802263016933,0.10024999999999551
F1_2021_1058_styrian_grand_prix,F1,2021,1058_styrian_grand_prix,Aston Martin,0.10067489321635997,0.09300000000000352
F1_2021_1058_styrian_grand_prix,F1,2021,1058_styrian_grand_prix,Ferrari,-0.4189869667621608,-0.48499999999999943
F1_2021_1058_styrian_grand_prix,F1,2021,1058_styrian_grand_prix,Haas F1 Team,1.178455589919163,1.0990000000000038
F1_2021_1058_styrian_grand_prix,F1,2021,1058_styrian_grand_prix,McLaren,-0.11177174925289121,-0.16575000000000273
F1_2021_1058_styrian_grand_prix,F1,2021,1058_styrian_grand_prix,Mercedes,-0.9004437124421466,-0.9945000000000022
F1_2021_1058_styrian_grand_prix,F1,2021,1058_styrian_grand_prix,Red Bull,-1.1684003861334962,-1.2635000000000076
F1_2021_1058_styrian_grand_prix,F1,2021,1058_styrian_grand_prix,Williams,0.3387969293983622,0.32750000000000057
F1_2021_1059_french_grand_prix,F1,2021,1059_french_grand_prix,Alfa Romeo,0.362441132550567,0.4964999999999975
F1_2021_1059_french_grand_prix,F1,2021,1059_french_grand_prix,AlphaTauri,0.052292011499289935,0.06200000000001182
F1_2021_1059_french_grand_prix,F1,2021,1059_french_grand_prix,Alpine F1 Team,0.05617870404177902,0.054000000000002046
F1_2021_1059_french_grand_prix,F1,2021,1059_french_grand_prix,Aston Martin,-0.024532837193980486,-0.03275000000000006
F1_2021_1059_french_grand_prix,F1,2021,1059_french_grand_prix,Ferrari,0.13498650062464765,0.16075000000000017
F1_2021_1059_french_grand_prix,F1,2021,1059_french_grand_prix,Haas F1 Team,0.9974160014501382,1.1899999999999977
F1_2021_1059_french_grand_prix,F1,2021,1059_french_grand_prix,McLaren,-0.17252285411040505,-0.20599999999999596
F1_2021_1059_french_grand_prix,F1,2021,1059_french_grand_prix,Mercedes,-1.214681481237636,-1.4130000000000038
F1_2021_1059_french_grand_prix,F1,2021,1059_french_grand_prix,Red Bull,-1.4881578206079564,-1.6424999999999983
F1_2021_1059_french_grand_prix,F1,2021,1059_french_grand_prix,Williams,0.4104136548721077,0.4407500000000013
F1_2021_1060_austrian_grand_prix,F1,2021,1060_austrian_grand_prix,Alfa Romeo,0.3369748816817912,0.2909999999999968
F1_2021_1060_austrian_grand_prix,F1,2021,1060_austrian_grand_prix,AlphaTauri,-0.161810939712169,-0.14000000000000057
F1_2021_1060_austrian_grand_prix,F1,2021,1060_austrian_grand_prix,Alpine F1 Team,0.15011205643937686,0.12099999999999511
F1_2021_1060_austrian_grand_prix,F1,2021,1060_austrian_grand_prix,Aston Martin,0,0
F1_2021_1060_austrian_grand_prix,F1,2021,1060_austrian_grand_prix,Ferrari,-0.09192047463540226,-0.07450000000000045
F1_2021_1060_austrian_grand_prix,F1,2021,1060_austrian_grand_prix,Haas F1 Team,1.3176527431828555,1.0832499999999996
F1_2021_1060_austrian_grand_prix,F1,2021,1060_austrian_grand_prix,McLaren,-0.3001028376137361,-0.25450000000000017
F1_2021_1060_austrian_grand_prix,F1,2021,1060_austrian_grand_prix,Mercedes,-0.6966181447891058,-0.5934999999999988
F1_2021_1060_austrian_grand_prix,F1,2021,1060_austrian_grand_prix,Red Bull,-0.721513283458413,-0.6230000000000047
F1_2021_1060_austrian_grand_prix,F1,2021,1060_austrian_grand_prix,Williams,0.3959448003078463,0.36650000000000205
F1_2021_1061_british_grand_prix,F1,2021,1061_british_grand_prix,Alfa Romeo,0.25659405488190234,0.2780000000000058
F1_2021_1061_british_grand_prix,F1,2021,1061_british_grand_prix,AlphaTauri,0.02534493453195106,0.028000000000005798
F1_2021_1061_british_grand_prix,F1,2021,1061_british_grand_prix,Alpine F1 Team,0,0
F1_2021_1061_british_grand_prix,F1,2021,1061_british_grand_prix,Aston Martin,0.055527822435878164,0.07000000000000739
F1_2021_1061_british_grand_prix,F1,2021,1061_british_grand_prix,Ferrari,-1.0000119538190577,-0.9842499999999959
F1_2021_1061_british_grand_prix,F1,2021,1061_british_grand_prix,Haas F1 Team,1.6014209610824257,1.6290000000000049
F1_2021_1061_british_grand_prix,F1,2021,1061_british_grand_prix,McLaren,-0.7739622506034236,-0.772750000000002
F1_2021_1061_british_grand_prix,F1,2021,1061_british_grand_prix,Mercedes,-1.3696518474218893,-1.4965000000000046
F1_2021_1061_british_grand_prix,F1,2021,1061_british_grand_prix,Red Bull,-0.03497825305821129,-0.027499999999996305
F1_2021_1061_british_grand_prix,F1,2021,1061_british_grand_prix,Williams,0.3793621152041242,0.36650000000000205
F1_2021_1062_hungarian_grand_prix,F1,2021,1062_hungarian_grand_prix,Alfa Romeo,0.24764553167213005,0.23875000000000313
F1_2021_1062_hungarian_grand_prix,F1,2021,1062_hungarian_grand_prix,AlphaTauri,-0.040796032882681035,-0.038500000000006196
F1_2021_1062_hungarian_grand_prix,F1,2021,1062_hungarian_grand_prix,Alpine F1 Team,-0.6042994911892874,-0.6059999999999945
F1_2021_1062_hungarian_grand_prix,F1,2021,1062_hungarian_grand_prix,Aston Martin,-0.68355886505675445,-0.6635000000000133
F1_2021_1062_hungarian_grand_prix,F1,2021,1062_hungarian_grand_prix,Ferrari,-0.5745479446936135,-0.49799999999999756
F1_2021_1062_hungarian_grand_prix,F1,2021,1062_hungarian_grand_prix,Haas F1 Team,0.7535204762019722,0.8365000000000009
F1_2021_1062_hungarian_grand_prix,F1,2021,1062_hungarian_grand_prix,McLaren,0.5812886853718411,0.5832500000000067
F1_2021_1062_hungarian_grand_prix,F1,2021,1062_hungarian_grand_prix,Mercedes,-1.0909743507964895,-0.9000000000000057
F1_2021_1062_hungarian_grand_prix,F1,2021,1062_hungarian_grand_prix,Red Bull,0.11302125891667991,0.15499999999999403
F1_2021_1062_hungarian_grand_prix,F1,2021,1062_hungarian_grand_prix,Williams,0.3496543599506228,0.3674999999999997
F1_2021_1063_belgian_grand_prix,F1,2021,1063_belgian_grand_prix,Alfa Romeo,0.9635702642588608,11.730499999999992
F1_2021_1063_belgian_grand_prix,F1,2021,1063_belgian_grand_prix,AlphaTauri,0.07187451355240526,0.8749999999999858
F1_2021_1063_belgian_grand_prix,F1,2021,1063_belgian_grand_prix,Alpine F1 Team,-0.18839336780850838,-2.2935000000000088
F1_2021_1063_belgian_grand_prix,F1,2021,1063_belgian_grand_prix,Aston Martin,0.19841472855524273,2.4154999999999944
F1_2021_1063_belgian_grand_prix,F1,2021,1063_belgian_grand_prix,Ferrari,-0.3278299241001773,-3.991000000000014
F1_2021_1063_belgian_grand_prix,F1,2021,1063_belgian_grand_prix,Haas F1 Team,1.0162645504804246,12.371999999999986
F1_2021_1063_belgian_grand_prix,F1,2021,1063_belgian_grand_prix,McLaren,-0.21151642559708206,-2.575000000000003
F1_2021_1063_belgian_grand_prix,F1,2021,1063_belgian_grand_prix,Mercedes,-0.4822163792107457,-5.870500000000007
F1_2021_1063_belgian_grand_prix,F1,2021,1063_belgian_grand_prix,Red Bull,0.059512097221391946,0.7244999999999919
F1_2021_1063_belgian_grand_prix,F1,2021,1063_belgian_grand_prix,Williams,-0.791687498992107,-9.638000000000005
F1_2021_1064_dutch_grand_prix,F1,2021,1064_dutch_grand_prix,Alfa Romeo,0.32931589332698313,0.41800000000000637
F1_2021_1064_dutch_grand_prix,F1,2021,1064_dutch_grand_prix,AlphaTauri,-0.0407466335985685,-0.056250000000005684
F1_2021_1064_dutch_grand_prix,F1,2021,1064_dutch_grand_prix,Alpine F1 Team,-0.07790072751173846,-0.0975000000000037
F1_2021_1064_dutch_grand_prix,F1,2021,1064_dutch_grand_prix,Aston Martin,0.21605875404557778,0.291249999999998
F1_2021_1064_dutch_grand_prix,F1,2021,1064_dutch_grand_prix,Ferrari,-0.36474000763224923,-0.4579999999999984
F1_2021_1064_dutch_grand_prix,F1,2021,1064_dutch_grand_prix,Haas F1 Team,0.9154596478888885,1.125
F1_2021_1064_dutch_grand_prix,F1,2021,1064_dutch_grand_prix,McLaren,0.01021074276305596,0.018499999999995964
F1_2021_1064_dutch_grand_prix,F1,2021,1064_dutch_grand_prix,Mercedes,-1.3819173998226981,-1.6599999999999966
F1_2021_1064_dutch_grand_prix,F1,2021,1064_dutch_grand_prix,Red Bull,-1.0241133069819377,-1.399000000000008
F1_2021_1064_dutch_grand_prix,F1,2021,1064_dutch_grand_prix,Williams,0.401382930555429,0.4894999999999996
F1_2021_1065_italian_grand_prix,F1,2021,1065_italian_grand_prix,Alfa Romeo,0.3946168504607358,0.3089999999999975
F1_2021_1065_italian_grand_prix,F1,2021,1065_italian_grand_prix,AlphaTauri,0.8468578860470333,4.077750000000009
F1_2021_1065_italian_grand_prix,F1,2021,1065_italian_grand_prix,Alpine F1 Team,0.14041292714205844,0.09549999999999415
F1_2021_1065_italian_grand_prix,F1,2021,1065_italian_grand_prix,Aston Martin,0.17903568086528232,0.11350000000000193
F1_2021_1065_italian_grand_prix,F1,2021,1065_italian_grand_prix,Ferrari,-0.4497397023418296,-0.29624999999999346
F1_2021_1065_italian_grand_prix,F1,2021,1065_italian_grand_prix,Haas F1 Team,1.7741984191647804,1.2820000000000107
F1_2021_1065_italian_grand_prix,F1,2021,1065_italian_grand_prix,McLaren,-0.8663429841398834,-0.5995000000000061
F1_2021_1065_italian_grand_prix,F1,2021,1065_italian_grand_prix,Mercedes,-0.5691189302228709,-0.4852500000000006
F1_2021_1065_italian_grand_prix,F1,2021,1065_italian_grand_prix,Red Bull,-0.6230027716206986,-0.4900000000000091
F1_2021_1065_italian_grand_prix,F1,2021,1065_italian_grand_prix,Williams,0.3051541672434022,0.24099999999999966
F1_2021_1066_russian_grand_prix,F1,2021,1066_russian_grand_prix,Alfa Romeo,0.14173696004938902,0.1880000000000024
F1_2021_1066_russian_grand_prix,F1,2021,1066_russian_grand_prix,AlphaTauri,0.24966511085416387,0.3114999999999952
F1_2021_1066_russian_grand_prix,F1,2021,1066_russian_grand_prix,Alpine F1 Team,-0.027801365122262844,-0.05200000000000671
F1_2021_1066_russian_grand_prix,F1,2021,1066_russian_grand_prix,Aston Martin,0.01519103468705053,0.021999999999998465
F1_2021_1066_russian_grand_prix,F1,2021,1066_russian_grand_prix,Ferrari,-0.2808149928429029,-0.3300000000000054
F1_2021_1066_russian_grand_prix,F1,2021,1066_russian_grand_prix,Haas F1 Team,1.5843932778278114,1.7067499999999924
F1_2021_1066_russian_grand_prix,F1,2021,1066_russian_grand_prix,McLaren,-0.49703734791067283,-0.5860000000000127
F1_2021_1066_russian_grand_prix,F1,2021,1066_russian_grand_prix,Mercedes,-0.06759984742080784,-0.0730000000000004
F1_2021_1066_russian_grand_prix,F1,2021,1066_russian_grand_prix,Red Bull,-0.2386001429338584,-0.3639999999999972
F1_2021_1066_russian_grand_prix,F1,2021,1066_russian_grand_prix,Williams,0.07185316169888688,0.11849999999999028
F1_2021_1067_turkish_grand_prix,F1,2021,1067_turkish_grand_prix,Alfa Romeo,0.2540091681734023,0.31150000000000944
F1_2021_1067_turkish_grand_prix,F1,2021,1067_turkish_grand_prix,AlphaTauri,-0.1386584126287261,-0.20550000000000068
F1_2021_1067_turkish_grand_prix,F1,2021,1067_turkish_grand_prix,Alpine F1 Team,0.3224949598132722,0.3960000000000008
F1_2021_1067_turkish_grand_prix,F1,2021,1067_turkish_grand_prix,Aston Martin,-0.06279415059947183,-0.08874999999999744
F1_2021_1067_turkish_grand_prix,F1,2021,1067_turkish_grand_prix,Ferrari,-0.5510302392501792,-0.964500000000001
F1_2021_1067_turkish_grand_prix,F1,2021,1067_turkish_grand_prix,Haas F1 Team,1.616095953752165,1.938750000000006
F1_2021_1067_turkish_grand_prix,F1,2021,1067_turkish_grand_prix,McLaren,-0.10877371881653182,-0.14299999999999358
F1_2021_1067_turkish_grand_prix,F1,2021,1067_turkish_grand_prix,Mercedes,-0.7107190681711686,-0.9849999999999994
F1_2021_1067_turkish_grand_prix,F1,2021,1067_turkish_grand_prix,Red Bull,-0.6538882028947868,-0.9264999999999972
F1_2021_1067_turkish_grand_prix,F1,2021,1067_turkish_grand_prix,Williams,0.32402876483465615,0.4234999999999971
F1_2021_1069_united_states_grand_prix,F1,2021,1069_united_states_grand_prix,Alfa Romeo,0.2171177936749875,0.3159999999999883
F1_2021_1069_united_states_grand_prix,F1,2021,1069_united_states_grand_prix,AlphaTauri,0.09083780021867745,0.12450000000001182
F1_2021_1069_united_states_grand_prix,F1,2021,1069_united_states_grand_prix,Alpine F1 Team,0.11857664224617089,0.16800000000000637
F1_2021_1069_united_states_grand_prix,F1,2021,1069_united_states_grand_prix,Aston Martin,0.20536126407553962,0.4069999999999965
F1_2021_1069_united_states_grand_prix,F1,2021,1069_united_states_grand_prix,Ferrari,-0.47758946701239663,-0.9215000000000089
F1_2021_1069_united_states_grand_prix,F1,2021,1069_united_states_grand_prix,Haas F1 Team,1.2025037063962973,1.9294999999999902
F1_2021_1069_united_states_grand_prix,F1,2021,1069_united_states_grand_prix,McLaren,-0.39947828017476694,-0.6722500000000053
F1_2021_1069_united_states_grand_prix,F1,2021,1069_united_states_grand_prix,Mercedes,-0.7467302786040987,-1.3449999999999989
F1_2021_1069_united_states_grand_prix,F1,2021,1069_united_states_grand_prix,Red Bull,-1.0137973631495103,-1.670500000000004
F1_2021_1069_united_states_grand_prix,F1,2021,1069_united_states_grand_prix,Williams,0.5787428570159201,1.036999999999999
F1_2021_1070_mexico_city_grand_prix,F1,2021,1070_mexico_city_grand_prix,Alfa Romeo,0.038630339006033354,0.05150000000000432
F1_2021_1070_mexico_city_grand_prix,F1,2021,1070_mexico_city_grand_prix,AlphaTauri,-0.335669641825331,-0.4922499999999985
F1_2021_1070_mexico_city_grand_prix,F1,2021,1070_mexico_city_grand_prix,Alpine F1 Team,0.12931343440680268,0.19975000000000165
F1_2021_1070_mexico_city_grand_prix,F1,2021,1070_mexico_city_grand_prix,Aston Martin,0.0044072809834986345,0.007500000000000284
F1_2021_1070_mexico_city_grand_prix,F1,2021,1070_mexico_city_grand_prix,Ferrari,-0.3068114332114045,-0.3637500000000031
F1_2021_1070_mexico_city_grand_prix,F1,2021,1070_mexico_city_grand_prix,Haas F1 Team,1.7391105451941828,2.1085000000000065
F1_2021_1070_mexico_city_grand_prix,F1,2021,1070_mexico_city_grand_prix,McLaren,0.172615508264787,0.24199999999999733
F1_2021_1070_mexico_city_grand_prix,F1,2021,1070_mexico_city_grand_prix,Mercedes,-0.47364118512006625,-0.6822499999999962
F1_2021_1070_mexico_city_grand_prix,F1,2021,1070_mexico_city_grand_prix,Red Bull,-1.0085800558312958,-1.3512500000000003
F1_2021_1070_mexico_city_grand_prix,F1,2021,1070_mexico_city_grand_prix,Williams,0.7603832326199795,1.0210000000000008
F1_2021_1071_s_o_paulo_grand_prix,F1,2021,1071_s_o_paulo_grand_prix,Alfa Romeo,0.22342836637076002,0.30424999999999613
F1_2021_1071_s_o_paulo_grand_prix,F1,2021,1071_s_o_paulo_grand_prix,AlphaTauri,0.02889042616819517,0.03549999999999898
F1_2021_1071_s_o_paulo_grand_prix,F1,2021,1071_s_o_paulo_grand_prix,Alpine F1 Team,0.025129837889917062,0.02049999999999841
F1_2021_1071_s_o_paulo_grand_prix,F1,2021,1071_s_o_paulo_grand_prix,Aston Martin,0.09791334541510413,0.14099999999999824
F1_2021_1071_s_o_paulo_grand_prix,F1,2021,1071_s_o_paulo_grand_prix,Ferrari,-0.48524665784044774,-0.6917500000000061
F1_2021_1071_s_o_paulo_grand_prix,F1,2021,1071_s_o_paulo_grand_prix,Haas F1 Team,0.8111688568740143,1.291000000000004
F1_2021_1071_s_o_paulo_grand_prix,F1,2021,1071_s_o_paulo_grand_prix,McLaren,-0.0337455213306645,-0.04049999999999443
F1_2021_1071_s_o_paulo_grand_prix,F1,2021,1071_s_o_paulo_grand_prix,Mercedes,-0.9115089559664968,-1.3909999999999911
F1_2021_1071_s_o_paulo_grand_prix,F1,2021,1071_s_o_paulo_grand_prix,Red Bull,-0.8733757398646271,-1.3815000000000026
F1_2021_1071_s_o_paulo_grand_prix,F1,2021,1071_s_o_paulo_grand_prix,Williams,0.4146483688975834,0.7050000000000125
F1_2021_1072_saudi_arabian_grand_prix,F1,2021,1072_saudi_arabian_grand_prix,Alfa Romeo,0.15493219422604423,0.3044999999999902
F1_2021_1072_saudi_arabian_grand_prix,F1,2021,1072_saudi_arabian_grand_prix,AlphaTauri,-0.007119657802134089,-0.006500000000002615
F1_2021_1072_saudi_arabian_grand_prix,F1,2021,1072_saudi_arabian_grand_prix,Alpine F1 Team,-0.05745465234811692,-0.07200000000000273
F1_2021_1072_saudi_arabian_grand_prix,F1,2021,1072_saudi_arabian_grand_prix,Aston Martin,0.3401666779092246,0.49049999999999017
F1_2021_1072_saudi_arabian_grand_prix,F1,2021,1072_saudi_arabian_grand_prix,Ferrari,-0.18145497932718407,-0.3394999999999939
F1_2021_1072_saudi_arabian_grand_prix,F1,2021,1072_saudi_arabian_grand_prix,Haas F1 Team,1.1998097452386722,1.8492499999999978
F1_2021_1072_saudi_arabian_grand_prix,F1,2021,1072_saudi_arabian_grand_prix,McLaren,-0.1279589498556873,-0.18525000000000347
F1_2021_1072_saudi_arabian_grand_prix,F1,2021,1072_saudi_arabian_grand_prix,Mercedes,-0.7191117852688262,-1.2162499999999952
F1_2021_1072_saudi_arabian_grand_prix,F1,2021,1072_saudi_arabian_grand_prix,Red Bull,-0.6866847360229165,-1.2334999999999994
F1_2021_1072_saudi_arabian_grand_prix,F1,2021,1072_saudi_arabian_grand_prix,Williams,0.5602290736220457,0.7537500000000037
F1_2021_1073_abu_dhabi_grand_prix,F1,2021,1073_abu_dhabi_grand_prix,Alfa Romeo,0.469428622167047,0.37300000000000466
F1_2021_1073_abu_dhabi_grand_prix,F1,2021,1073_abu_dhabi_grand_prix,AlphaTauri,-0.10984520553141845,-0.09900000000000375
F1_2021_1073_abu_dhabi_grand_prix,F1,2021,1073_abu_dhabi_grand_prix,Alpine F1 Team,0.10624961908290399,0.11000000000001364
F1_2021_1073_abu_dhabi_grand_prix,F1,2021,1073_abu_dhabi_grand_prix,Aston Martin,0.30086961339823326,0.3464999999999918
F1_2021_1073_abu_dhabi_grand_prix,F1,2021,1073_abu_dhabi_grand_prix,Ferrari,-0.17002787586360232,-0.19950000000000045
F1_2021_1073_abu_dhabi_grand_prix,F1,2021,1073_abu_dhabi_grand_prix,Haas F1 Team,1.05725578714929,1.1270000000000095
F1_2021_1073_abu_dhabi_grand_prix,F1,2021,1073_abu_dhabi_grand_prix,McLaren,-0.07904838538359032,-0.08975000000000222
F1_2021_1073_abu_dhabi_grand_prix,F1,2021,1073_abu_dhabi_grand_prix,Mercedes,-0.6598824118708114,-0.7560000000000002
F1_2021_1073_abu_dhabi_grand_prix,F1,2021,1073_abu_dhabi_grand_prix,Red Bull,-1.5040225102719305,-1.57350000000001
F1_2021_1073_abu_dhabi_grand_prix,F1,2021,1073_abu_dhabi_grand_prix,Williams,0.9785354253621117,0.9927499999999938
F1_2022_1074_bahrain_grand_prix,F1,2022,1074_bahrain_grand_prix,Alfa Romeo,0,0
F1_2022_1074_bahrain_grand_prix,F1,2022,1074_bahrain_grand_prix,AlphaTauri,-0.006181879412971579,-0.009499999999995623
F1_2022_1074_bahrain_grand_prix,F1,2022,1074_bahrain_grand_prix,Alpine F1 Team,0,0
F1_2022_1074_bahrain_grand_prix,F1,2022,1074_bahrain_grand_prix,Aston Martin,0.5098894028539448,0.8885000000000005
F1_2022_1074_bahrain_grand_prix,F1,2022,1074_bahrain_grand_prix,Ferrari,-0.861224787728381,-1.4230000000000018
F1_2022_1074_bahrain_grand_prix,F1,2022,1074_bahrain_grand_prix,Haas F1 Team,0,0
F1_2022_1074_bahrain_grand_prix,F1,2022,1074_bahrain_grand_prix,McLaren,0.6450115475333873,1.0700000000000074
F1_2022_1074_bahrain_grand_prix,F1,2022,1074_bahrain_grand_prix,Mercedes,-0.41888848856040606,-0.6914999999999978
F1_2022_1074_bahrain_grand_prix,F1,2022,1074_bahrain_grand_prix,Red Bull,-0.7834968182355535,-1.288499999999999
F1_2022_1074_bahrain_grand_prix,F1,2022,1074_bahrain_grand_prix,Williams,0.9802636822030446,1.4112500000000026
F1_2022_1075_saudi_arabian_grand_prix,F1,2022,1075_saudi_arabian_grand_prix,Alfa Romeo,0.19608281634961702,0.2610000000000099
F1_2022_1075_saudi_arabian_grand_prix,F1,2022,1075_saudi_arabian_grand_prix,AlphaTauri,0.22599273778890905,0.2890000000000015
F1_2022_1075_saudi_arabian_grand_prix,F1,2022,1075_saudi_arabian_grand_prix,Alpine F1 Team,-0.018698637540978565,-0.03499999999999659
F1_2022_1075_saudi_arabian_grand_prix,F1,2022,1075_saudi_arabian_grand_prix,Aston Martin,0.7113142004148065,0.8849999999999909
F1_2022_1075_saudi_arabian_grand_prix,F1,2022,1075_saudi_arabian_grand_prix,Ferrari,-1.3741405594548175,-1.657749999999993
F1_2022_1075_saudi_arabian_grand_prix,F1,2022,1075_saudi_arabian_grand_prix,Haas F1 Team,-0.05902336791638585,-0.08600000000000563
F1_2022_1075_saudi_arabian_grand_prix,F1,2022,1075_saudi_arabian_grand_prix,McLaren,0.15412860476393722,0.2154999999999987
F1_2022_1075_saudi_arabian_grand_prix,F1,2022,1075_saudi_arabian_grand_prix,Mercedes,-0.43012648697956724,-0.5939999999999941
F1_2022_1075_saudi_arabian_grand_prix,F1,2022,1075_saudi_arabian_grand_prix,Red Bull,-1.3976146279278163,-1.6100000000000065
F1_2022_1075_saudi_arabian_grand_prix,F1,2022,1075_saudi_arabian_grand_prix,Williams,0.9411745599721568,1.157500000000006
F1_2022_1076_australian_grand_prix,F1,2022,1076_australian_grand_prix,Alfa Romeo,0.18607302548073307,0.22450000000000614
F1_2022_1076_australian_grand_prix,F1,2022,1076_australian_grand_prix,AlphaTauri,0.31314566273091143,0.305499999999995
F1_2022_1076_australian_grand_prix,F1,2022,1076_australian_grand_prix,Alpine F1 Team,0,0
F1_2022_1076_australian_grand_prix,F1,2022,1076_australian_grand_prix,Aston Martin,0.42086705818284603,0.4609999999999985
F1_2022_1076_australian_grand_prix,F1,2022,1076_australian_grand_prix,Ferrari,-1.9883500522617046,-1.7890000000000015
F1_2022_1076_australian_grand_prix,F1,2022,1076_australian_grand_prix,Haas F1 Team,0.2235242689212515,0.2635000000000005
F1_2022_1076_australian_grand_prix,F1,2022,1076_australian_grand_prix,McLaren,-0.2138908667837646,-0.24450000000000927
F1_2022_1076_australian_grand_prix,F1,2022,1076_australian_grand_prix,Mercedes,-0.8059497782075254,-0.8434999999999988
F1_2022_1076_australian_grand_prix,F1,2022,1076_australian_grand_prix,Red Bull,-1.1803693783767994,-1.1909999999999954
F1_2022_1076_australian_grand_prix,F1,2022,1076_australian_grand_prix,Williams,0.32097279006668916,0.30049999999999955
F1_2022_1077_emilia_romagna_grand_prix,F1,2022,1077_emilia_romagna_grand_prix,Alfa Romeo,-0.11696505605874807,-0.08950000000001523
F1_2022_1077_emilia_romagna_grand_prix,F1,2022,1077_emilia_romagna_grand_prix,AlphaTauri,0.07755829931823353,0.12249999999998806
F1_2022_1077_emilia_romagna_grand_prix,F1,2022,1077_emilia_romagna_grand_prix,Alpine F1 Team,0.28697301467064873,0.2537500000000037
F1_2022_1077_emilia_romagna_grand_prix,F1,2022,1077_emilia_romagna_grand_prix,Aston Martin,0.10701977067520414,0.09999999999999432
F1_2022_1077_emilia_romagna_grand_prix,F1,2022,1077_emilia_romagna_grand_prix,Ferrari,-1.576771149467353,-1.4607500000000044
F1_2022_1077_emilia_romagna_grand_prix,F1,2022,1077_emilia_romagna_grand_prix,Haas F1 Team,0.008013811799383734,0.007000000000005002
F1_2022_1077_emilia_romagna_grand_prix,F1,2022,1077_emilia_romagna_grand_prix,McLaren,0.014245058957417258,0.010500000000000398
F1_2022_1077_emilia_romagna_grand_prix,F1,2022,1077_emilia_romagna_grand_prix,Mercedes,-0.046506520647145874,-0.04099999999999682
F1_2022_1077_emilia_romagna_grand_prix,F1,2022,1077_emilia_romagna_grand_prix,Red Bull,-1.552189454002038,-1.4297500000000056
F1_2022_1077_emilia_romagna_grand_prix,F1,2022,1077_emilia_romagna_grand_prix,Williams,0.43830446430962455,0.3534999999999897
F1_2022_1078_miami_grand_prix,F1,2022,1078_miami_grand_prix,Alfa Romeo,-0.3752243134038036,-0.5529999999999973
F1_2022_1078_miami_grand_prix,F1,2022,1078_miami_grand_prix,AlphaTauri,0.1954888396343599,0.23499999999999943
F1_2022_1078_miami_grand_prix,F1,2022,1078_miami_grand_prix,Alpine F1 Team,0.10894842199161649,0.117999999999995
F1_2022_1078_miami_grand_prix,F1,2022,1078_miami_grand_prix,Aston Martin,0.2628370806036912,0.269999999999996
F1_2022_1078_miami_grand_prix,F1,2022,1078_miami_grand_prix,Ferrari,-1.155307317909634,-1.3757500000000036
F1_2022_1078_miami_grand_prix,F1,2022,1078_miami_grand_prix,Haas F1 Team,0.02527103501462282,0.0277499999999975
F1_2022_1078_miami_grand_prix,F1,2022,1078_miami_grand_prix,McLaren,0.1681544220948466,0.2325000000000017
F1_2022_1078_miami_grand_prix,F1,2022,1078_miami_grand_prix,Mercedes,-0.34119946979426824,-0.43899999999999295
F1_2022_1078_miami_grand_prix,F1,2022,1078_miami_grand_prix,Red Bull,-1.152499257603238,-1.4400000000000048
F1_2022_1078_miami_grand_prix,F1,2022,1078_miami_grand_prix,Williams,0.5124834991575778,0.6910000000000025
F1_2022_1079_spanish_grand_prix,F1,2022,1079_spanish_grand_prix,Alfa Romeo,0.0031475385234730467,0.0034999999999882903
F1_2022_1079_spanish_grand_prix,F1,2022,1079_spanish_grand_prix,AlphaTauri,0.07158349868092967,0.11849999999999739
F1_2022_1079_spanish_grand_prix,F1,2022,1079_spanish_grand_prix,Alpine F1 Team,-0.08238380918760603,-0.2740000000000009
F1_2022_1079_spanish_grand_prix,F1,2022,1079_spanish_grand_prix,Aston Martin,0.28652997898656585,0.5117499999999993
F1_2022_1079_spanish_grand_prix,F1,2022,1079_spanish_grand_prix,Ferrari,-0.7513240691555428,-1.15625
F1_2022_1079_spanish_grand_prix,F1,2022,1079_spanish_grand_prix,Haas F1 Team,0.46067024886965036,0.7474999999999881
F1_2022_1079_spanish_grand_prix,F1,2022,1079_spanish_grand_prix,McLaren,0.04364072846463335,0.07849999999999824
F1_2022_1079_spanish_grand_prix,F1,2022,1079_spanish_grand_prix,Mercedes,-0.6319816806505022,-1.1105000000000018
F1_2022_1079_spanish_grand_prix,F1,2022,1079_spanish_grand_prix,Red Bull,-0.8441058788014574,-1.4394999999999953
F1_2022_1079_spanish_grand_prix,F1,2022,1079_spanish_grand_prix,Williams,0.821263407565574,1.2690000000000055
F1_2022_1080_monaco_grand_prix,F1,2022,1080_monaco_grand_prix,Alfa Romeo,0.2433116775908073,0.45000000000000284
F1_2022_1080_monaco_grand_prix,F1,2022,1080_monaco_grand_prix,AlphaTauri,0.13739561383373108,0.2189999999999941
F1_2022_1080_monaco_grand_prix,F1,2022,1080_monaco_grand_prix,Alpine F1 Team,0,0
F1_2022_1080_monaco_grand_prix,F1,2022,1080_monaco_grand_prix,Aston Martin,0.0967627299569661,0.16249999999999432
F1_2022_1080_monaco_grand_prix,F1,2022,1080_monaco_grand_prix,Ferrari,-0.6870024604402111,-1.3644999999999996
F1_2022_1080_monaco_grand_prix,F1,2022,1080_monaco_grand_prix,Haas F1 Team,0.3768980279848369,1.0057500000000061
F1_2022_1080_monaco_grand_prix,F1,2022,1080_monaco_grand_prix,McLaren,-0.12290573305419532,-0.4309999999999974
F1_2022_1080_monaco_grand_prix,F1,2022,1080_monaco_grand_prix,Mercedes,-0.04855967033368147,-0.0592500000000058
F1_2022_1080_monaco_grand_prix,F1,2022,1080_monaco_grand_prix,Red Bull,-0.5553168615365054,-1.3285000000000053
F1_2022_1080_monaco_grand_prix,F1,2022,1080_monaco_grand_prix,Williams,0.22161670794678737,0.42175000000000296
F1_2022_1081_azerbaijan_grand_prix,F1,2022,1081_azerbaijan_grand_prix,Alfa Romeo,0.31633218254243367,0.39099999999999824
F1_2022_1081_azerbaijan_grand_prix,F1,2022,1081_azerbaijan_grand_prix,AlphaTauri,-0.09714845275465643,-0.13700000000000045
F1_2022_1081_azerbaijan_grand_prix,F1,2022,1081_azerbaijan_grand_prix,Alpine F1 Team,0.12364581498584719,0.17900000000000205
F1_2022_1081_azerbaijan_grand_prix,F1,2022,1081_azerbaijan_grand_prix,Aston Martin,0.11663031994191786,0.2049999999999983
F1_2022_1081_azerbaijan_grand_prix,F1,2022,1081_azerbaijan_grand_prix,Ferrari,-1.5772289097348031,-2.1244999999999976
F1_2022_1081_azerbaijan_grand_prix,F1,2022,1081_azerbaijan_grand_prix,Haas F1 Team,0.308033403590294,0.4410000000000025
F1_2022_1081_azerbaijan_grand_prix,F1,2022,1081_azerbaijan_grand_prix,McLaren,0.02010938982385949,0.02549999999999386
F1_2022_1081_azerbaijan_grand_prix,F1,2022,1081_azerbaijan_grand_prix,Mercedes,-0.5034220632242331,-0.6937500000000014
F1_2022_1081_azerbaijan_grand_prix,F1,2022,1081_azerbaijan_grand_prix,Red Bull,-1.5172240075447254,-1.683000000000007
F1_2022_1081_azerbaijan_grand_prix,F1,2022,1081_azerbaijan_grand_prix,Williams,0.6677888460095978,0.9074999999999989
F1_2022_1082_canadian_grand_prix,F1,2022,1082_canadian_grand_prix,Alfa Romeo,0,0
F1_2022_1082_canadian_grand_prix,F1,2022,1082_canadian_grand_prix,AlphaTauri,0.3239178639267208,0.29349999999999454
F1_2022_1082_canadian_grand_prix,F1,2022,1082_canadian_grand_prix,Alpine F1 Team,-0.22114298932050896,-0.22700000000000387
F1_2022_1082_canadian_grand_prix,F1,2022,1082_canadian_grand_prix,Aston Martin,0.2326999882769993,0.2120000000000033
F1_2022_1082_canadian_grand_prix,F1,2022,1082_canadian_grand_prix,Ferrari,-0.8615146089391854,-0.9260000000000019
F1_2022_1082_canadian_grand_prix,F1,2022,1082_canadian_grand_prix,Haas F1 Team,0.2801571409875967,0.23875000000000313
F1_2022_1082_canadian_grand_prix,F1,2022,1082_canadian_grand_prix,McLaren,0.3052614269469838,0.28699999999999193
F1_2022_1082_canadian_grand_prix,F1,2022,1082_canadian_grand_prix,Mercedes,-1.032743606748074,-0.9930000000000021
F1_2022_1082_canadian_grand_prix,F1,2022,1082_canadian_grand_prix,Red Bull,-1.4133720577967646,-1.3325000000000031
F1_2022_1082_canadian_grand_prix,F1,2022,1082_canadian_grand_prix,Williams,0.6780844327004178,0.7149999999999892
F1_2022_1083_british_grand_prix,F1,2022,1083_british_grand_prix,Alfa Romeo,0.27788004919590037,0.2804999999999964
F1_2022_1083_british_grand_prix,F1,2022,1083_british_grand_prix,AlphaTauri,0.8686338130076547,0.9200000000000017
F1_2022_1083_british_grand_prix,F1,2022,1083_british_grand_prix,Alpine F1 Team,-0.13998026957666543,-0.177500000000002
F1_2022_1083_british_grand_prix,F1,2022,1083_british_grand_prix,Aston Martin,0.17747668463117083,0.20700000000000074
F1_2022_1083_british_grand_prix,F1,2022,1083_british_grand_prix,Ferrari,-1.5108629689409243,-1.5985000000000085
F1_2022_1083_british_grand_prix,F1,2022,1083_british_grand_prix,Haas F1 Team,0.15472731640053344,0.16150000000000375
F1_2022_1083_british_grand_prix,F1,2022,1083_british_grand_prix,McLaren,-0.09017043664176957,-0.10199999999998965
F1_2022_1083_british_grand_prix,F1,2022,1083_british_grand_prix,Mercedes,-1.541984059039765,-1.7070000000000078
F1_2022_1083_british_grand_prix,F1,2022,1083_british_grand_prix,Red Bull,-0.5356189114673285,-0.8740000000000094
F1_2022_1083_british_grand_prix,F1,2022,1083_british_grand_prix,Williams,0.3790753507179264,0.4919999999999902
F1_2022_1084_austrian_grand_prix,F1,2022,1084_austrian_grand_prix,Alfa Romeo,0.16364097957363585,0.1700000000000017
F1_2022_1084_austrian_grand_prix,F1,2022,1084_austrian_grand_prix,AlphaTauri,0.4359401051678793,0.3784999999999954
F1_2022_1084_austrian_grand_prix,F1,2022,1084_austrian_grand_prix,Alpine F1 Team,-0.053826123225903855,-0.045999999999999375
F1_2022_1084_austrian_grand_prix,F1,2022,1084_austrian_grand_prix,Aston Martin,0.2115425633211161,0.18175000000000097
F1_2022_1084_austrian_grand_prix,F1,2022,1084_austrian_grand_prix,Ferrari,-1.2799550972870766,-1.1877500000000012
F1_2022_1084_austrian_grand_prix,F1,2022,1084_austrian_grand_prix,Haas F1 Team,-0.011586792003366488,-0.007750000000001478
F1_2022_1084_austrian_grand_prix,F1,2022,1084_austrian_grand_prix,McLaren,0,0
F1_2022_1084_austrian_grand_prix,F1,2022,1084_austrian_grand_prix,Mercedes,-0.41785441851047894,-0.4410000000000025
F1_2022_1084_austrian_grand_prix,F1,2022,1084_austrian_grand_prix,Red Bull,-0.7788881632599274,-0.7109999999999985
F1_2022_1084_austrian_grand_prix,F1,2022,1084_austrian_grand_prix,Williams,0.4357878292170188,0.39724999999999966
F1_2022_1085_french_grand_prix,F1,2022,1085_french_grand_prix,Alfa Romeo,0.30729457917029096,0.2920000000000016
F1_2022_1085_french_grand_prix,F1,2022,1085_french_grand_prix,AlphaTauri,0.34738870762038865,0.36625000000000085
F1_2022_1085_french_grand_prix,F1,2022,1085_french_grand_prix,Alpine F1 Team,-0.10195738910148072,-0.10500000000000398
F1_2022_1085_french_grand_prix,F1,2022,1085_french_grand_prix,Aston Martin,0.08450424090004072,0.09975000000000023
F1_2022_1085_french_grand_prix,F1,2022,1085_french_grand_prix,Ferrari,-1.5260112248608362,-1.3215000000000003
F1_2022_1085_french_grand_prix,F1,2022,1085_french_grand_prix,Haas F1 Team,0.17030251914406633,0.18275000000000574
F1_2022_1085_french_grand_prix,F1,2022,1085_french_grand_prix,McLaren,0.0030251415112604522,0.0025000000000048317
F1_2022_1085_french_grand_prix,F1,2022,1085_french_grand_prix,Mercedes,-1.068831241432168,-1.1484999999999985
F1_2022_1085_french_grand_prix,F1,2022,1085_french_grand_prix,Red Bull,-1.2766884263580713,-1.3004999999999995
F1_2022_1085_french_grand_prix,F1,2022,1085_french_grand_prix,Williams,0.35531252175430994,0.40074999999999505
F1_2022_1086_hungarian_grand_prix,F1,2022,1086_hungarian_grand_prix,Alfa Romeo,0.33101635814984404,0.3294999999999959
F1_2022_1086_hungarian_grand_prix,F1,2022,1086_hungarian_grand_prix,AlphaTauri,0.2336016404304825,0.28350000000000364
F1_2022_1086_hungarian_grand_prix,F1,2022,1086_hungarian_grand_prix,Alpine F1 Team,0.36228293449331705,0.44299999999999784
F1_2022_1086_hungarian_grand_prix,F1,2022,1086_hungarian_grand_prix,Aston Martin,0.03465522058036221,0.022999999999996135
F1_2022_1086_hungarian_grand_prix,F1,2022,1086_hungarian_grand_prix,Ferrari,-0.9570259926677332,-1.152000000000001
F1_2022_1086_hungarian_grand_prix,F1,2022,1086_hungarian_grand_prix,Haas F1 Team,0.43010774363089954,0.5577499999999986
F1_2022_1086_hungarian_grand_prix,F1,2022,1086_hungarian_grand_prix,McLaren,0.01548513272421544,0.019000000000005457
F1_2022_1086_hungarian_grand_prix,F1,2022,1086_hungarian_grand_prix,Mercedes,-0.8548396984777685,-1.010249999999992
F1_2022_1086_hungarian_grand_prix,F1,2022,1086_hungarian_grand_prix,Red Bull,-0.8366243192195308,-1.1854999999999976
F1_2022_1086_hungarian_grand_prix,F1,2022,1086_hungarian_grand_prix,Williams,0.36905801725093834,0.44924999999999926
F1_2022_1087_belgian_grand_prix,F1,2022,1087_belgian_grand_prix,Alfa Romeo,0.23493743089656327,0.4130000000000109
F1_2022_1087_belgian_grand_prix,F1,2022,1087_belgian_grand_prix,AlphaTauri,0.15806260120823554,0.2920000000000158
F1_2022_1087_belgian_grand_prix,F1,2022,1087_belgian_grand_prix,Alpine F1 Team,-0.05119876295764318,-0.10824999999999818
F1_2022_1087_belgian_grand_prix,F1,2022,1087_belgian_grand_prix,Aston Martin,-0.011639776047265831,-0.045000000000001705
F1_2022_1087_belgian_grand_prix,F1,2022,1087_belgian_grand_prix,Ferrari,-0.36334085929641224,-0.8132499999999965
F1_2022_1087_belgian_grand_prix,F1,2022,1087_belgian_grand_prix,Haas F1 Team,0.4004293023566087,0.6907500000000013
F1_2022_1087_belgian_grand_prix,F1,2022,1087_belgian_grand_prix,McLaren,0.2531048839046248,0.5607499999999987
F1_2022_1087_belgian_grand_prix,F1,2022,1087_belgian_grand_prix,Mercedes,-0.8331773185782427,-1.3654999999999902
F1_2022_1087_belgian_grand_prix,F1,2022,1087_belgian_grand_prix,Red Bull,-0.9784638231834053,-1.6899999999999977
F1_2022_1087_belgian_grand_prix,F1,2022,1087_belgian_grand_prix,Williams,0.31696601772862326,0.644999999999996
F1_2022_1088_dutch_grand_prix,F1,2022,1088_dutch_grand_prix,Alfa Romeo,0.48349578140143457,0.472999999999999
F1_2022_1088_dutch_grand_prix,F1,2022,1088_dutch_grand_prix,AlphaTauri,0.22403068695207864,0.21049999999999613
F1_2022_1088_dutch_grand_prix,F1,2022,1088_dutch_grand_prix,Alpine F1 Team,-0.05234599767290646,-0.06474999999999653
F1_2022_1088_dutch_grand_prix,F1,2022,1088_dutch_grand_prix,Aston Martin,0.007628493795107974,0.00549999999999784
F1_2022_1088_dutch_grand_prix,F1,2022,1088_dutch_grand_prix,Ferrari,-0.502713474317364,-0.5919999999999987
F1_2022_1088_dutch_grand_prix,F1,2022,1088_dutch_grand_prix,Haas F1 Team,0.4852040159924544,0.4507499999999922
F1_2022_1088_dutch_grand_prix,F1,2022,1088_dutch_grand_prix,McLaren,0.071173722994221,0.07699999999999818
F1_2022_1088_dutch_grand_prix,F1,2022,1088_dutch_grand_prix,Mercedes,-0.8145743383547782,-0.9127499999999955
F1_2022_1088_dutch_grand_prix,F1,2022,1088_dutch_grand_prix,Red Bull,-0.8168648149031414,-0.8959999999999866
F1_2022_1088_dutch_grand_prix,F1,2022,1088_dutch_grand_prix,Williams,0.6648101807408088,0.70150000000001
F1_2022_1089_italian_grand_prix,F1,2022,1089_italian_grand_prix,Alfa Romeo,0.14718405597005868,0.22749999999999204
F1_2022_1089_italian_grand_prix,F1,2022,1089_italian_grand_prix,AlphaTauri,0.08016126599147431,0.08950000000001523
F1_2022_1089_italian_grand_prix,F1,2022,1089_italian_grand_prix,Alpine F1 Team,0.056202245892376455,0.0697500000000062
F1_2022_1089_italian_grand_prix,F1,2022,1089_italian_grand_prix,Aston Martin,0.6090063351816468,0.43574999999999164
F1_2022_1089_italian_grand_prix,F1,2022,1089_italian_grand_prix,Ferrari,-1.164657093805133,-1.538250000000005
F1_2022_1089_italian_grand_prix,F1,2022,1089_italian_grand_prix,Haas F1 Team,0.46110809464873115,0.5072499999999991
F1_2022_1089_italian_grand_prix,F1,2022,1089_italian_grand_prix,McLaren,-0.028162806069769897,-0.022500000000000853
F1_2022_1089_italian_grand_prix,F1,2022,1089_italian_grand_prix,Mercedes,-0.6044739142988849,-0.7372500000000031
F1_2022_1089_italian_grand_prix,F1,2022,1089_italian_grand_prix,Red Bull,-1.1019487766101224,-1.3299999999999983
F1_2022_1089_italian_grand_prix,F1,2022,1089_italian_grand_prix,Williams,0.1467403261550956,0.1974999999999909
F1_2022_1091_singapore_grand_prix,F1,2022,1091_singapore_grand_prix,Alfa Romeo,0.5463088861991935,0.8744999999999976
F1_2022_1091_singapore_grand_prix,F1,2022,1091_singapore_grand_prix,AlphaTauri,0.01705856487954344,0.029000000000010573
F1_2022_1091_singapore_grand_prix,F1,2022,1091_singapore_grand_prix,Alpine F1 Team,0.05334498200422777,0.08474999999999966
F1_2022_1091_singapore_grand_prix,F1,2022,1091_singapore_grand_prix,Aston Martin,0.017551476536835788,0.046750000000002956
F1_2022_1091_singapore_grand_prix,F1,2022,1091_singapore_grand_prix,Ferrari,-1.1348572699724142,-1.916249999999991
F1_2022_1091_singapore_grand_prix,F1,2022,1091_singapore_grand_prix,Haas F1 Team,0.28291981650370623,0.5994999999999919
F1_2022_1091_singapore_grand_prix,F1,2022,1091_singapore_grand_prix,McLaren,-0.04818262862183163,-0.11424999999999841
F1_2022_1091_singapore_grand_prix,F1,2022,1091_singapore_grand_prix,Mercedes,0.0071235779568464015,0.013999999999995794
F1_2022_1091_singapore_grand_prix,F1,2022,1091_singapore_grand_prix,Red Bull,-0.7297087314806382,-1.5982500000000002
F1_2022_1091_singapore_grand_prix,F1,2022,1091_singapore_grand_prix,Williams,0.9729350617936722,1.7842500000000001
F1_2022_1092_japanese_grand_prix,F1,2022,1092_japanese_grand_prix,Alfa Romeo,0.48050384182529726,0.6402499999999947
F1_2022_1092_japanese_grand_prix,F1,2022,1092_japanese_grand_prix,AlphaTauri,0.12866300294010558,0.2632499999999993
F1_2022_1092_japanese_grand_prix,F1,2022,1092_japanese_grand_prix,Alpine F1 Team,-0.32944639319049107,-0.5320000000000036
F1_2022_1092_japanese_grand_prix,F1,2022,1092_japanese_grand_prix,Aston Martin,-0.0922354030540365,-0.13399999999998613
F1_2022_1092_japanese_grand_prix,F1,2022,1092_japanese_grand_prix,Ferrari,-0.36791985055893583,-0.5232499999999973
F1_2022_1092_japanese_grand_prix,F1,2022,1092_japanese_grand_prix,Haas F1 Team,0.46361655815758945,0.7350000000000136
F1_2022_1092_japanese_grand_prix,F1,2022,1092_japanese_grand_prix,McLaren,0.3314439752974968,0.568000000000012
F1_2022_1092_japanese_grand_prix,F1,2022,1092_japanese_grand_prix,Mercedes,-0.29337969564735744,-0.42900000000000205
F1_2022_1092_japanese_grand_prix,F1,2022,1092_japanese_grand_prix,Red Bull,-0.9217257268157328,-1.4594999999999985
F1_2022_1092_japanese_grand_prix,F1,2022,1092_japanese_grand_prix,Williams,0.4807397110702309,0.8100000000000094
F1_2022_1093_united_states_grand_prix,F1,2022,1093_united_states_grand_prix,Alfa Romeo,0.2180320044704442,0.21399999999999864
F1_2022_1093_united_states_grand_prix,F1,2022,1093_united_states_grand_prix,AlphaTauri,0,0
F1_2022_1093_united_states_grand_prix,F1,2022,1093_united_states_grand_prix,Alpine F1 Team,0.23803533365767798,0.32449999999998624
F1_2022_1093_united_states_grand_prix,F1,2022,1093_united_states_grand_prix,Aston Martin,-0.30771388707423664,-0.27649999999999864
F1_2022_1093_united_states_grand_prix,F1,2022,1093_united_states_grand_prix,Ferrari,-1.1064876341240544,-1.194500000000005
F1_2022_1093_united_states_grand_prix,F1,2022,1093_united_states_grand_prix,Haas F1 Team,0.39694553127718124,0.48699999999999477
F1_2022_1093_united_states_grand_prix,F1,2022,1093_united_states_grand_prix,McLaren,0.09141054016221534,0.11399999999999721
F1_2022_1093_united_states_grand_prix,F1,2022,1093_united_states_grand_prix,Mercedes,-1.296356034542527,-1.4719999999999942
F1_2022_1093_united_states_grand_prix,F1,2022,1093_united_states_grand_prix,Red Bull,-1.5484138263093727,-1.75
F1_2022_1093_united_states_grand_prix,F1,2022,1093_united_states_grand_prix,Williams,0.7868311158608676,1.0120000000000005
F1_2022_1094_mexico_city_grand_prix,F1,2022,1094_mexico_city_grand_prix,Alfa Romeo,0.2098488380858894,0.21025000000000205
F1_2022_1094_mexico_city_grand_prix,F1,2022,1094_mexico_city_grand_prix,AlphaTauri,0.14517507807168334,0.14099999999999113
F1_2022_1094_mexico_city_grand_prix,F1,2022,1094_mexico_city_grand_prix,Alpine F1 Team,-0.010819404818655912,-0.01100000000000989
F1_2022_1094_mexico_city_grand_prix,F1,2022,1094_mexico_city_grand_prix,Aston Martin,0.22632826150282176,0.242999999999995
F1_2022_1094_mexico_city_grand_prix,F1,2022,1094_mexico_city_grand_prix,Ferrari,-0.4905662778335058,-0.5137500000000017
F1_2022_1094_mexico_city_grand_prix,F1,2022,1094_mexico_city_grand_prix,Haas F1 Team,0.658298036463111,0.7230000000000061
F1_2022_1094_mexico_city_grand_prix,F1,2022,1094_mexico_city_grand_prix,McLaren,0.05181205356119342,0.05525000000000091
F1_2022_1094_mexico_city_grand_prix,F1,2022,1094_mexico_city_grand_prix,Mercedes,-1.1061004301401283,-1.1829999999999927
F1_2022_1094_mexico_city_grand_prix,F1,2022,1094_mexico_city_grand_prix,Red Bull,-1.1704029429014933,-1.23899999999999
F1_2022_1094_mexico_city_grand_prix,F1,2022,1094_mexico_city_grand_prix,Williams,0.6074700891745584,0.6020000000000039
F1_2022_1095_s_o_paulo_grand_prix,F1,2022,1095_s_o_paulo_grand_prix,Alfa Romeo,0.09189784518389861,0.07699999999999818
F1_2022_1095_s_o_paulo_grand_prix,F1,2022,1095_s_o_paulo_grand_prix,AlphaTauri,0.31920532178392547,0.326749999999997
F1_2022_1095_s_o_paulo_grand_prix,F1,2022,1095_s_o_paulo_grand_prix,Alpine F1 Team,-0.012823130509178764,-0.023250000000004434
F1_2022_1095_s_o_paulo_grand_prix,F1,2022,1095_s_o_paulo_grand_prix,Aston Martin,0.09762785235562019,0.1287500000000037
F1_2022_1095_s_o_paulo_grand_prix,F1,2022,1095_s_o_paulo_grand_prix,Ferrari,-0.6595089322271315,-0.8267500000000041
F1_2022_1095_s_o_paulo_grand_prix,F1,2022,1095_s_o_paulo_grand_prix,Haas F1 Team,0.32356847575391157,0.3464999999999989
F1_2022_1095_s_o_paulo_grand_prix,F1,2022,1095_s_o_paulo_grand_prix,McLaren,0.21486312255110945,0.2432500000000033
F1_2022_1095_s_o_paulo_grand_prix,F1,2022,1095_s_o_paulo_grand_prix,Mercedes,-0.960039907655136,-0.9590000000000032
F1_2022_1095_s_o_paulo_grand_prix,F1,2022,1095_s_o_paulo_grand_prix,Red Bull,-0.5666844014692223,-0.599250000000005
F1_2022_1095_s_o_paulo_grand_prix,F1,2022,1095_s_o_paulo_grand_prix,Williams,0.7796483814111789,0.722999999999999
F1_2022_1096_abu_dhabi_grand_prix,F1,2022,1096_abu_dhabi_grand_prix,Alfa Romeo,0.5360029066128168,0.4930000000000092
F1_2022_1096_abu_dhabi_grand_prix,F1,2022,1096_abu_dhabi_grand_prix,AlphaTauri,0.33529907515081087,0.32349999999998147
F1_2022_1096_abu_dhabi_grand_prix,F1,2022,1096_abu_dhabi_grand_prix,Alpine F1 Team,-0.12437093147146323,-0.17799999999999727
F1_2022_1096_abu_dhabi_grand_prix,F1,2022,1096_abu_dhabi_grand_prix,Aston Martin,0.010668312518510812,0.013999999999995794
F1_2022_1096_abu_dhabi_grand_prix,F1,2022,1096_abu_dhabi_grand_prix,Ferrari,-0.8043003684607732,-0.9514999999999958
F1_2022_1096_abu_dhabi_grand_prix,F1,2022,1096_abu_dhabi_grand_prix,Haas F1 Team,0.8865426962930404,0.9475000000000051
F1_2022_1096_abu_dhabi_grand_prix,F1,2022,1096_abu_dhabi_grand_prix,McLaren,0,0
F1_2022_1096_abu_dhabi_grand_prix,F1,2022,1096_abu_dhabi_grand_prix,Mercedes,-0.7414477200367234,-0.7669999999999959
F1_2022_1096_abu_dhabi_grand_prix,F1,2022,1096_abu_dhabi_grand_prix,Red Bull,-0.9555686417695536,-1.1350000000000051
F1_2022_1096_abu_dhabi_grand_prix,F1,2022,1096_abu_dhabi_grand_prix,Williams,0.6441237970180053,0.6670000000000016
F1_2023_1098_bahrain_grand_prix,F1,2023,1098_bahrain_grand_prix,Alfa Romeo,0.330868074726202,0.3580000000000041
F1_2023_1098_bahrain_grand_prix,F1,2023,1098_bahrain_grand_prix,AlphaTauri,0.47865818950723693,0.3675000000000068
F1_2023_1098_bahrain_grand_prix,F1,2023,1098_bahrain_grand_prix,Alpine F1 Team,0.03291339372916094,0.022999999999996135
F1_2023_1098_bahrain_grand_prix,F1,2023,1098_bahrain_grand_prix,Aston Martin,-0.4543083358197936,-0.41425000000000267
F1_2023_1098_bahrain_grand_prix,F1,2023,1098_bahrain_grand_prix,Ferrari,-0.5889877745083011,-0.5250000000000057
F1_2023_1098_bahrain_grand_prix,F1,2023,1098_bahrain_grand_prix,Haas F1 Team,0.3736823534800738,0.37725000000000364
F1_2023_1098_bahrain_grand_prix,F1,2023,1098_bahrain_grand_prix,McLaren,0.0476592697798501,0.04550000000000409
F1_2023_1098_bahrain_grand_prix,F1,2023,1098_bahrain_grand_prix,Mercedes,-0.2954087157323948,-0.2540000000000049
F1_2023_1098_bahrain_grand_prix,F1,2023,1098_bahrain_grand_prix,Red Bull,-1.0263522891274062,-1.1184999999999974
F1_2023_1098_bahrain_grand_prix,F1,2023,1098_bahrain_grand_prix,Williams,0.23201922444431602,0.17900000000000205
F1_2023_1099_saudi_arabian_grand_prix,F1,2023,1099_saudi_arabian_grand_prix,Alfa Romeo,0.6236392762411658,0.6935000000000002
F1_2023_1099_saudi_arabian_grand_prix,F1,2023,1099_saudi_arabian_grand_prix,AlphaTauri,0.31401008064703123,0.3365000000000009
F1_2023_1099_saudi_arabian_grand_prix,F1,2023,1099_saudi_arabian_grand_prix,Alpine F1 Team,-0.08952893071286269,-0.10199999999998965
F1_2023_1099_saudi_arabian_grand_prix,F1,2023,1099_saudi_arabian_grand_prix,Aston Martin,-1.0502476992665766,-1.0309999999999917
F1_2023_1099_saudi_arabian_grand_prix,F1,2023,1099_saudi_arabian_grand_prix,Ferrari,-0.6004286376660981,-0.6150000000000091
F1_2023_1099_saudi_arabian_grand_prix,F1,2023,1099_saudi_arabian_grand_prix,Haas F1 Team,0.18192659696473001,0.2184999999999988
F1_2023_1099_saudi_arabian_grand_prix,F1,2023,1099_saudi_arabian_grand_prix,McLaren,0.5541943339672624,0.5777499999999947
F1_2023_1099_saudi_arabian_grand_prix,F1,2023,1099_saudi_arabian_grand_prix,Mercedes,-0.7887500958071111,-0.8165000000000049
F1_2023_1099_saudi_arabian_grand_prix,F1,2023,1099_saudi_arabian_grand_prix,Red Bull,-1.5471753118555878,-1.6767500000000055
F1_2023_1099_saudi_arabian_grand_prix,F1,2023,1099_saudi_arabian_grand_prix,Williams,0.695234010324002,0.7077499999999972
F1_2023_1100_australian_grand_prix,F1,2023,1100_australian_grand_prix,Alfa Romeo,0.9695951877631367,0.8379999999999939
F1_2023_1100_australian_grand_prix,F1,2023,1100_australian_grand_prix,AlphaTauri,1.0287065725742883,0.796999999999997
F1_2023_1100_australian_grand_prix,F1,2023,1100_australian_grand_prix,Alpine F1 Team,-0.13009695254137313,-0.14550000000000551
F1_2023_1100_australian_grand_prix,F1,2023,1100_australian_grand_prix,Aston Martin,-0.33274072906750274,-0.3235000000000028
F1_2023_1100_australian_grand_prix,F1,2023,1100_australian_grand_prix,Ferrari,-0.40507202675793663,-0.4172500000000028
F1_2023_1100_australian_grand_prix,F1,2023,1100_australian_grand_prix,Haas F1 Team,0.2078216730250534,0.24899999999999523
F1_2023_1100_australian_grand_prix,F1,2023,1100_australian_grand_prix,McLaren,0.0989473369057,0.1039999999999992
F1_2023_1100_australian_grand_prix,F1,2023,1100_australian_grand_prix,Mercedes,-0.5093561231407266,-0.4339999999999975
F1_2023_1100_australian_grand_prix,F1,2023,1100_australian_grand_prix,Red Bull,-0.5335380050623137,-0.42849999999999255
F1_2023_1100_australian_grand_prix,F1,2023,1100_australian_grand_prix,Williams,1.0134025125292885,0.8785000000000025
F1_2023_1101_azerbaijan_grand_prix,F1,2023,1101_azerbaijan_grand_prix,Alfa Romeo,0.6873116406179175,0.7194999999999965
F1_2023_1101_azerbaijan_grand_prix,F1,2023,1101_azerbaijan_grand_prix,AlphaTauri,0.21591573154261276,0.18900000000000006
F1_2023_1101_azerbaijan_grand_prix,F1,2023,1101_azerbaijan_grand_prix,Alpine F1 Team,0.18454780234301613,0.17199999999999704
F1_2023_1101_azerbaijan_grand_prix,F1,2023,1101_azerbaijan_grand_prix,Aston Martin,-0.7876110549422315,-0.7254999999999967
F1_2023_1101_azerbaijan_grand_prix,F1,2023,1101_azerbaijan_grand_prix,Ferrari,-0.7878974767908011,-0.859499999999997
F1_2023_1101_azerbaijan_grand_prix,F1,2023,1101_azerbaijan_grand_prix,Haas F1 Team,0.29259939795017864,0.29699999999999704
F1_2023_1101_azerbaijan_grand_prix,F1,2023,1101_azerbaijan_grand_prix,McLaren,0.22991341683026856,0.22800000000000153
F1_2023_1101_azerbaijan_grand_prix,F1,2023,1101_azerbaijan_grand_prix,Mercedes,-0.488036615602821,-0.47999999999998977
F1_2023_1101_azerbaijan_grand_prix,F1,2023,1101_azerbaijan_grand_prix,Red Bull,-1.7079508635487455,-1.6359999999999957
F1_2023_1101_azerbaijan_grand_prix,F1,2023,1101_azerbaijan_grand_prix,Williams,0.5312935480071566,0.5150000000000006
F1_2023_1102_miami_grand_prix,F1,2023,1102_miami_grand_prix,Alfa Romeo,0.14993621736925566,0.1287500000000108
F1_2023_1102_miami_grand_prix,F1,2023,1102_miami_grand_prix,AlphaTauri,0.20731402492941572,0.17300000000000182
F1_2023_1102_miami_grand_prix,F1,2023,1102_miami_grand_prix,Alpine F1 Team,-0.07443809736673852,-0.05700000000000216
F1_2023_1102_miami_grand_prix,F1,2023,1102_miami_grand_prix,Aston Martin,-0.32828349665281825,-0.24850000000000705
F1_2023_1102_miami_grand_prix,F1,2023,1102_miami_grand_prix,Ferrari,-0.3131207555350798,-0.2499999999999929
F1_2023_1102_miami_grand_prix,F1,2023,1102_miami_grand_prix,Haas F1 Team,0.11458745842415138,0.11049999999999471
F1_2023_1102_miami_grand_prix,F1,2023,1102_miami_grand_prix,McLaren,0.6596634596793571,0.5827499999999972
F1_2023_1102_miami_grand_prix,F1,2023,1102_miami_grand_prix,Mercedes,-0.4394032010030862,-0.31724999999999426
F1_2023_1102_miami_grand_prix,F1,2023,1102_miami_grand_prix,Red Bull,-1.4039487802568758,-1.0037500000000037
F1_2023_1102_miami_grand_prix,F1,2023,1102_miami_grand_prix,Williams,0.4931042716063783,0.36549999999999727
F1_2023_1104_monaco_grand_prix,F1,2023,1104_monaco_grand_prix,Alfa Romeo,0.38523719150713426,0.5302499999999952
F1_2023_1104_monaco_grand_prix,F1,2023,1104_monaco_grand_prix,AlphaTauri,0.18721378151980894,0.2839999999999989
F1_2023_1104_monaco_grand_prix,F1,2023,1104_monaco_grand_prix,Alpine F1 Team,-0.3250274025196179,-0.4272500000000008
F1_2023_1104_monaco_grand_prix,F1,2023,1104_monaco_grand_prix,Aston Martin,-0.1314522876241825,-0.15999999999998238
F1_2023_1104_monaco_grand_prix,F1,2023,1104_monaco_grand_prix,Ferrari,-0.2609915833324932,-0.305499999999995
F1_2023_1104_monaco_grand_prix,F1,2023,1104_monaco_grand_prix,Haas F1 Team,0.5615175405175101,0.8614999999999924
F1_2023_1104_monaco_grand_prix,F1,2023,1104_monaco_grand_prix,McLaren,0.031155318551785213,0.041499999999999204
F1_2023_1104_monaco_grand_prix,F1,2023,1104_monaco_grand_prix,Mercedes,-0.243697295753284,-0.38100000000001444
F1_2023_1104_monaco_grand_prix,F1,2023,1104_monaco_grand_prix,Red Bull,-0.5009485828234895,-0.6350000000000051
F1_2023_1104_monaco_grand_prix,F1,2023,1104_monaco_grand_prix,Williams,0.405663949030081,0.48850000000000193
F1_2023_1105_spanish_grand_prix,F1,2023,1105_spanish_grand_prix,Alfa Romeo,0.28329446252373813,0.2604999999999933
F1_2023_1105_spanish_grand_prix,F1,2023,1105_spanish_grand_prix,AlphaTauri,0.07854852144048752,0.09850000000000136
F1_2023_1105_spanish_grand_prix,F1,2023,1105_spanish_grand_prix,Alpine F1 Team,3.122048346307303e-4,5.000000000023874e-4
F1_2023_1105_spanish_grand_prix,F1,2023,1105_spanish_grand_prix,Aston Martin,-0.03475142182310125,-0.03650000000001086
F1_2023_1105_spanish_grand_prix,F1,2023,1105_spanish_grand_prix,Ferrari,-0.23952942005297176,-0.23400000000000176
F1_2023_1105_spanish_grand_prix,F1,2023,1105_spanish_grand_prix,Haas F1 Team,0.11857333772987161,0.14375000000000426
F1_2023_1105_spanish_grand_prix,F1,2023,1105_spanish_grand_prix,McLaren,0.11077016878501728,0.11149999999999238
F1_2023_1105_spanish_grand_prix,F1,2023,1105_spanish_grand_prix,Mercedes,-0.4615979727795831,-0.5462500000000006
F1_2023_1105_spanish_grand_prix,F1,2023,1105_spanish_grand_prix,Red Bull,-0.6760701118682569,-0.6724999999999994
F1_2023_1105_spanish_grand_prix,F1,2023,1105_spanish_grand_prix,Williams,0.5875476867191993,0.5147499999999994
F1_2023_1106_canadian_grand_prix,F1,2023,1106_canadian_grand_prix,Alfa Romeo,0.3529702777071707,0.2839999999999989
F1_2023_1106_canadian_grand_prix,F1,2023,1106_canadian_grand_prix,AlphaTauri,0.3101248087976014,0.20699999999999363
F1_2023_1106_canadian_grand_prix,F1,2023,1106_canadian_grand_prix,Alpine F1 Team,-0.008221166795900963,-0.006000000000000227
F1_2023_1106_canadian_grand_prix,F1,2023,1106_canadian_grand_prix,Aston Martin,-0.32407352689921254,-0.32099999999999795
F1_2023_1106_canadian_grand_prix,F1,2023,1106_canadian_grand_prix,Ferrari,-0.8750347278838917,-0.6600000000000037
F1_2023_1106_canadian_grand_prix,F1,2023,1106_canadian_grand_prix,Haas F1 Team,0.4933467733573546,0.41499999999999915
F1_2023_1106_canadian_grand_prix,F1,2023,1106_canadian_grand_prix,McLaren,0.01728528192963368,0.013500000000007617
F1_2023_1106_canadian_grand_prix,F1,2023,1106_canadian_grand_prix,Mercedes,-0.5726479744244748,-0.5710000000000051
F1_2023_1106_canadian_grand_prix,F1,2023,1106_canadian_grand_prix,Red Bull,-0.9554148606696371,-0.7125000000000057
F1_2023_1106_canadian_grand_prix,F1,2023,1106_canadian_grand_prix,Williams,0.44052416115728765,0.3219999999999956
F1_2023_1107_austrian_grand_prix,F1,2023,1107_austrian_grand_prix,Alfa Romeo,0.5255463618464398,0.5045000000000002
F1_2023_1107_austrian_grand_prix,F1,2023,1107_austrian_grand_prix,AlphaTauri,0.658348625663793,0.5604999999999905
F1_2023_1107_austrian_grand_prix,F1,2023,1107_austrian_grand_prix,Alpine F1 Team,0.10020177515244136,0.10250000000000625
F1_2023_1107_austrian_grand_prix,F1,2023,1107_austrian_grand_prix,Aston Martin,-0.34133554027828045,-0.30100000000000193
F1_2023_1107_austrian_grand_prix,F1,2023,1107_austrian_grand_prix,Ferrari,-0.6838265344110935,-0.6479999999999961
F1_2023_1107_austrian_grand_prix,F1,2023,1107_austrian_grand_prix,Haas F1 Team,1.113761203775056,0.9680000000000035
F1_2023_1107_austrian_grand_prix,F1,2023,1107_austrian_grand_prix,McLaren,-0.0044116841273371555,-0.0025000000000048317
F1_2023_1107_austrian_grand_prix,F1,2023,1107_austrian_grand_prix,Mercedes,-0.13654906256891003,-0.10999999999999943
F1_2023_1107_austrian_grand_prix,F1,2023,1107_austrian_grand_prix,Red Bull,-0.9768738814826387,-1.0190000000000055
F1_2023_1107_austrian_grand_prix,F1,2023,1107_austrian_grand_prix,Williams,0.2235634873385819,0.22450000000000614
F1_2023_1108_british_grand_prix,F1,2023,1108_british_grand_prix,Alfa Romeo,0.9625345980494223,0.5215000000000032
F1_2023_1108_british_grand_prix,F1,2023,1108_british_grand_prix,AlphaTauri,0.7825444315244448,0.48100000000000165
F1_2023_1108_british_grand_prix,F1,2023,1108_british_grand_prix,Alpine F1 Team,0.01079804734611689,0.012750000000004036
F1_2023_1108_british_grand_prix,F1,2023,1108_british_grand_prix,Aston Martin,0.037891699705680446,0.02549999999999386
F1_2023_1108_british_grand_prix,F1,2023,1108_british_grand_prix,Ferrari,-0.34189861858936543,-0.22475000000000733
F1_2023_1108_british_grand_prix,F1,2023,1108_british_grand_prix,Haas F1 Team,0.9031482496127906,0.5392500000000027
F1_2023_1108_british_grand_prix,F1,2023,1108_british_grand_prix,McLaren,-0.9514839427148988,-0.5550000000000068
F1_2023_1108_british_grand_prix,F1,2023,1108_british_grand_prix,Mercedes,-0.7167394091962958,-0.4139999999999944
F1_2023_1108_british_grand_prix,F1,2023,1108_british_grand_prix,Red Bull,-0.9536510830183593,-0.5997500000000002
F1_2023_1108_british_grand_prix,F1,2023,1108_british_grand_prix,Williams,0.22282407559353873,0.1285000000000025
F1_2023_1109_hungarian_grand_prix,F1,2023,1109_hungarian_grand_prix,Alfa Romeo,0.4134581951100259,0.38350000000000506
F1_2023_1109_hungarian_grand_prix,F1,2023,1109_hungarian_grand_prix,AlphaTauri,0.31757291911742114,0.30100000000000904
F1_2023_1109_hungarian_grand_prix,F1,2023,1109_hungarian_grand_prix,Alpine F1 Team,2.6793192318845156,21.505499999999998
F1_2023_1109_hungarian_grand_prix,F1,2023,1109_hungarian_grand_prix,Aston Martin,-0.04966728680434272,-0.055999999999997385
F1_2023_1109_hungarian_grand_prix,F1,2023,1109_hungarian_grand_prix,Ferrari,-0.3674309773500481,-0.3815000000000026
F1_2023_1109_hungarian_grand_prix,F1,2023,1109_hungarian_grand_prix,Haas F1 Team,0.6798448738128692,0.6080000000000041
F1_2023_1109_hungarian_grand_prix,F1,2023,1109_hungarian_grand_prix,McLaren,-0.44213064359299004,-0.42199999999999704
F1_2023_1109_hungarian_grand_prix,F1,2023,1109_hungarian_grand_prix,Mercedes,-0.6253721029122337,-0.6445000000000007
F1_2023_1109_hungarian_grand_prix,F1,2023,1109_hungarian_grand_prix,Red Bull,-1.0503384488889853,-1.0665000000000049
F1_2023_1109_hungarian_grand_prix,F1,2023,1109_hungarian_grand_prix,Williams,0.3536444968365117,0.3334999999999866
F1_2023_1110_belgian_grand_prix,F1,2023,1110_belgian_grand_prix,Alfa Romeo,0.10730412322617686,0.11900000000001398
F1_2023_1110_belgian_grand_prix,F1,2023,1110_belgian_grand_prix,AlphaTauri,0.09662161776531414,0.10375000000000512
F1_2023_1110_belgian_grand_prix,F1,2023,1110_belgian_grand_prix,Alpine F1 Team,0.006635649364506054,0.006000000000000227
F1_2023_1110_belgian_grand_prix,F1,2023,1110_belgian_grand_prix,Aston Martin,-0.035981399514748366,-0.08550000000000324
F1_2023_1110_belgian_grand_prix,F1,2023,1110_belgian_grand_prix,Ferrari,-0.11642144991508399,-0.24049999999999727
F1_2023_1110_belgian_grand_prix,F1,2023,1110_belgian_grand_prix,Haas F1 Team,0.3355609885330362,0.48450000000000415
F1_2023_1110_belgian_grand_prix,F1,2023,1110_belgian_grand_prix,McLaren,0.11574016361535087,0.14150000000000773
F1_2023_1110_belgian_grand_prix,F1,2023,1110_belgian_grand_prix,Mercedes,-0.16960336617348298,-0.3574999999999875
F1_2023_1110_belgian_grand_prix,F1,2023,1110_belgian_grand_prix,Red Bull,-0.905346162958468,-1.3469999999999942
F1_2023_1110_belgian_grand_prix,F1,2023,1110_belgian_grand_prix,Williams,0.07083596192243768,0.08199999999999363
F1_2023_1111_dutch_grand_prix,F1,2023,1111_dutch_grand_prix,Alfa Romeo,0.4387772696689701,0.49549999999999983
F1_2023_1111_dutch_grand_prix,F1,2023,1111_dutch_grand_prix,AlphaTauri,0.44144512410175774,0.5880000000000081
F1_2023_1111_dutch_grand_prix,F1,2023,1111_dutch_grand_prix,Alpine F1 Team,-0.1889224543654232,-0.277000000000001
F1_2023_1111_dutch_grand_prix,F1,2023,1111_dutch_grand_prix,Aston Martin,-0.1987774679149215,-0.3020000000000067
F1_2023_1111_dutch_grand_prix,F1,2023,1111_dutch_grand_prix,Ferrari,0.006800488454468239,0.006500000000002615
F1_2023_1111_dutch_grand_prix,F1,2023,1111_dutch_grand_prix,Haas F1 Team,0.41626910219460894,0.4619999999999962
F1_2023_1111_dutch_grand_prix,F1,2023,1111_dutch_grand_prix,McLaren,-0.07917296582704873,-0.09924999999999784
F1_2023_1111_dutch_grand_prix,F1,2023,1111_dutch_grand_prix,Mercedes,-0.0415116775460123,-0.03100000000000591
F1_2023_1111_dutch_grand_prix,F1,2023,1111_dutch_grand_prix,Red Bull,-0.7633337337853778,-0.9557499999999948
F1_2023_1111_dutch_grand_prix,F1,2023,1111_dutch_grand_prix,Williams,-0.08679702445667858,-0.08899999999999864
F1_2023_1112_italian_grand_prix,F1,2023,1112_italian_grand_prix,Alfa Romeo,0.24118420894025236,0.208500000000015
F1_2023_1112_italian_grand_prix,F1,2023,1112_italian_grand_prix,AlphaTauri,0.006545177666666025,0.006000000000000227
F1_2023_1112_italian_grand_prix,F1,2023,1112_italian_grand_prix,Alpine F1 Team,0.4374570353142575,0.36599999999999966
F1_2023_1112_italian_grand_prix,F1,2023,1112_italian_grand_prix,Aston Martin,0.20482875750116616,0.1837500000000034
F1_2023_1112_italian_grand_prix,F1,2023,1112_italian_grand_prix,Ferrari,-0.65088477280511,-0.6119999999999948
F1_2023_1112_italian_grand_prix,F1,2023,1112_italian_grand_prix,Haas F1 Team,0.3440929347251963,0.2947499999999934
F1_2023_1112_italian_grand_prix,F1,2023,1112_italian_grand_prix,McLaren,-0.009786665827268275,-0.007499999999993179
F1_2023_1112_italian_grand_prix,F1,2023,1112_italian_grand_prix,Mercedes,-0.3081100134227501,-0.33499999999999375
F1_2023_1112_italian_grand_prix,F1,2023,1112_italian_grand_prix,Red Bull,-0.9880798196815422,-0.7534999999999954
F1_2023_1112_italian_grand_prix,F1,2023,1112_italian_grand_prix,Williams,0.238317432415296,0.1977499999999992
F1_2023_1113_singapore_grand_prix,F1,2023,1113_singapore_grand_prix,Alfa Romeo,0.6476547646450679,0.5514999999999972
F1_2023_1113_singapore_grand_prix,F1,2023,1113_singapore_grand_prix,AlphaTauri,0.5251049582070683,0.3307500000000019
F1_2023_1113_singapore_grand_prix,F1,2023,1113_singapore_grand_prix,Alpine F1 Team,0.04010539313517561,0.03049999999999642
F1_2023_1113_singapore_grand_prix,F1,2023,1113_singapore_grand_prix,Aston Martin,-0.1022759760268429,-0.09250000000000114
F1_2023_1113_singapore_grand_prix,F1,2023,1113_singapore_grand_prix,Ferrari,-0.6038672012015913,-0.5380000000000038
F1_2023_1113_singapore_grand_prix,F1,2023,1113_singapore_grand_prix,Haas F1 Team,0.2745762606498105,0.19200000000000017
F1_2023_1113_singapore_grand_prix,F1,2023,1113_singapore_grand_prix,McLaren,-0.0900176891336407,-0.10925000000000296
F1_2023_1113_singapore_grand_prix,F1,2023,1113_singapore_grand_prix,Mercedes,-0.8976303218561604,-0.8080000000000069
F1_2023_1113_singapore_grand_prix,F1,2023,1113_singapore_grand_prix,Red Bull,-0.13428826621520135,-0.12300000000000466
F1_2023_1113_singapore_grand_prix,F1,2023,1113_singapore_grand_prix,Williams,0.20751877082454165,0.13750000000001705
F1_2023_1114_japanese_grand_prix,F1,2023,1114_japanese_grand_prix,Alfa Romeo,0.39978153240870773,0.41899999999999693
F1_2023_1114_japanese_grand_prix,F1,2023,1114_japanese_grand_prix,AlphaTauri,0.3110500364486225,0.39399999999999835
F1_2023_1114_japanese_grand_prix,F1,2023,1114_japanese_grand_prix,Alpine F1 Team,0.11941881348246292,0.1592500000000001
F1_2023_1114_japanese_grand_prix,F1,2023,1114_japanese_grand_prix,Aston Martin,0.08309871616152668,0.11550000000000438
F1_2023_1114_japanese_grand_prix,F1,2023,1114_japanese_grand_prix,Ferrari,-0.40406737226427036,-0.5679999999999978
F1_2023_1114_japanese_grand_prix,F1,2023,1114_japanese_grand_prix,Haas F1 Team,0.2293842824243989,0.24175000000000324
F1_2023_1114_japanese_grand_prix,F1,2023,1114_japanese_grand_prix,McLaren,-0.7631669977643097,-0.9524999999999864
F1_2023_1114_japanese_grand_prix,F1,2023,1114_japanese_grand_prix,Mercedes,-0.16462827055762605,-0.24799999999999045
F1_2023_1114_japanese_grand_prix,F1,2023,1114_japanese_grand_prix,Red Bull,-1.0685654983108037,-1.3299999999999983
F1_2023_1114_japanese_grand_prix,F1,2023,1114_japanese_grand_prix,Williams,0.6072381957273647,0.7395000000000067
F1_2023_1115_qatar_grand_prix,F1,2023,1115_qatar_grand_prix,Alfa Romeo,0.12022980241079632,0.11250000000001137
F1_2023_1115_qatar_grand_prix,F1,2023,1115_qatar_grand_prix,AlphaTauri,0.7252342896331541,0.8449999999999989
F1_2023_1115_qatar_grand_prix,F1,2023,1115_qatar_grand_prix,Alpine F1 Team,-0.03788201501854137,-0.044000000000004036
F1_2023_1115_qatar_grand_prix,F1,2023,1115_qatar_grand_prix,Aston Martin,-0.01911204718381747,-0.01650000000000773
F1_2023_1115_qatar_grand_prix,F1,2023,1115_qatar_grand_prix,Ferrari,-0.5250019081826629,-0.5900000000000034
F1_2023_1115_qatar_grand_prix,F1,2023,1115_qatar_grand_prix,Haas F1 Team,0.39618432237439283,0.46750000000000114
F1_2023_1115_qatar_grand_prix,F1,2023,1115_qatar_grand_prix,McLaren,-0.9233345498300995,-1.1580000000000013
F1_2023_1115_qatar_grand_prix,F1,2023,1115_qatar_grand_prix,Mercedes,-0.49092208980435614,-0.6817500000000081
F1_2023_1115_qatar_grand_prix,F1,2023,1115_qatar_grand_prix,Red Bull,-0.338422780132866,-0.4450000000000074
F1_2023_1115_qatar_grand_prix,F1,2023,1115_qatar_grand_prix,Williams,0.1786436375924146,0.21949999999999648
F1_2023_1116_united_states_grand_prix,F1,2023,1116_united_states_grand_prix,Alfa Romeo,0.8562380986613378,0.8460000000000036
F1_2023_1116_united_states_grand_prix,F1,2023,1116_united_states_grand_prix,AlphaTauri,0.4153468982333193,0.2909999999999968
F1_2023_1116_united_states_grand_prix,F1,2023,1116_united_states_grand_prix,Alpine F1 Team,0,0
F1_2023_1116_united_states_grand_prix,F1,2023,1116_united_states_grand_prix,Aston Martin,-0.15574944421950257,-0.14300000000000068
F1_2023_1116_united_states_grand_prix,F1,2023,1116_united_states_grand_prix,Ferrari,-0.45082753427968375,-0.375
F1_2023_1116_united_states_grand_prix,F1,2023,1116_united_states_grand_prix,Haas F1 Team,0.8416932651915688,0.625
F1_2023_1116_united_states_grand_prix,F1,2023,1116_united_states_grand_prix,McLaren,-0.7389981858946012,-0.6490000000000009
F1_2023_1116_united_states_grand_prix,F1,2023,1116_united_states_grand_prix,Mercedes,-0.8044865737939202,-0.6610000000000014
F1_2023_1116_united_states_grand_prix,F1,2023,1116_united_states_grand_prix,Red Bull,-0.6979313737143357,-0.6397499999999994
F1_2023_1116_united_states_grand_prix,F1,2023,1116_united_states_grand_prix,Williams,0.47307252977917924,0.4717500000000001
F1_2023_1117_mexico_city_grand_prix,F1,2023,1117_mexico_city_grand_prix,Alfa Romeo,0.6252191637091864,0.465750000000007
F1_2023_1117_mexico_city_grand_prix,F1,2023,1117_mexico_city_grand_prix,AlphaTauri,-0.21496307235709042,-0.2179999999999893
F1_2023_1117_mexico_city_grand_prix,F1,2023,1117_mexico_city_grand_prix,Alpine F1 Team,0.4206041639874083,0.31475000000001074
F1_2023_1117_mexico_city_grand_prix,F1,2023,1117_mexico_city_grand_prix,Aston Martin,0.6072068047134561,0.4750000000000085
F1_2023_1117_mexico_city_grand_prix,F1,2023,1117_mexico_city_grand_prix,Ferrari,-0.8344228403698155,-0.6280000000000001
F1_2023_1117_mexico_city_grand_prix,F1,2023,1117_mexico_city_grand_prix,Haas F1 Team,0.27809958509331273,0.2560000000000002
F1_2023_1117_mexico_city_grand_prix,F1,2023,1117_mexico_city_grand_prix,McLaren,-0.36270295489951365,-0.40750000000000597
F1_2023_1117_mexico_city_grand_prix,F1,2023,1117_mexico_city_grand_prix,Mercedes,-0.6902292342997333,-0.5630000000000024
F1_2023_1117_mexico_city_grand_prix,F1,2023,1117_mexico_city_grand_prix,Red Bull,-1.5828409892890918,-1.2719999999999914
F1_2023_1117_mexico_city_grand_prix,F1,2023,1117_mexico_city_grand_prix,Williams,0.2875203175353499,0.23024999999999807
F1_2023_1118_s_o_paulo_grand_prix,F1,2023,1118_s_o_paulo_grand_prix,Alfa Romeo,0.6500622604285411,0.42099999999999227
F1_2023_1118_s_o_paulo_grand_prix,F1,2023,1118_s_o_paulo_grand_prix,AlphaTauri,0,0
F1_2023_1118_s_o_paulo_grand_prix,F1,2023,1118_s_o_paulo_grand_prix,Alpine F1 Team,0.08034484243591329,0.06799999999999784
F1_2023_1118_s_o_paulo_grand_prix,F1,2023,1118_s_o_paulo_grand_prix,Aston Martin,-0.16847444640764647,-0.13674999999999216
F1_2023_1118_s_o_paulo_grand_prix,F1,2023,1118_s_o_paulo_grand_prix,Ferrari,-0.023876423827060605,-0.015999999999998238
F1_2023_1118_s_o_paulo_grand_prix,F1,2023,1118_s_o_paulo_grand_prix,Haas F1 Team,0.8353849654302656,0.5644999999999953
F1_2023_1118_s_o_paulo_grand_prix,F1,2023,1118_s_o_paulo_grand_prix,McLaren,-0.27268345719688575,-0.22850000000000392
F1_2023_1118_s_o_paulo_grand_prix,F1,2023,1118_s_o_paulo_grand_prix,Mercedes,0.1530709586396549,0.09499999999999886
F1_2023_1118_s_o_paulo_grand_prix,F1,2023,1118_s_o_paulo_grand_prix,Red Bull,-0.548934598388114,-0.5172500000000042
F1_2023_1118_s_o_paulo_grand_prix,F1,2023,1118_s_o_paulo_grand_prix,Williams,1.0806029133070962,0.8210000000000122
F1_2023_1119_las_vegas_grand_prix,F1,2023,1119_las_vegas_grand_prix,Alfa Romeo,1.0161407811205023,1.286999999999999
F1_2023_1119_las_vegas_grand_prix,F1,2023,1119_las_vegas_grand_prix,AlphaTauri,0.5631103882416715,0.7019999999999982
F1_2023_1119_las_vegas_grand_prix,F1,2023,1119_las_vegas_grand_prix,Alpine F1 Team,-0.1565361543172807,-0.17499999999998295
F1_2023_1119_las_vegas_grand_prix,F1,2023,1119_las_vegas_grand_prix,Aston Martin,0,0
F1_2023_1119_las_vegas_grand_prix,F1,2023,1119_las_vegas_grand_prix,Ferrari,-0.47277248502206665,-0.5919999999999987
F1_2023_1119_las_vegas_grand_prix,F1,2023,1119_las_vegas_grand_prix,Haas F1 Team,0.23137003492020783,0.33800000000000807
F1_2023_1119_las_vegas_grand_prix,F1,2023,1119_las_vegas_grand_prix,McLaren,-0.4314351927661786,-0.5405000000000015
F1_2023_1119_las_vegas_grand_prix,F1,2023,1119_las_vegas_grand_prix,Mercedes,-0.3210078330361461,-0.472999999999999
F1_2023_1119_las_vegas_grand_prix,F1,2023,1119_las_vegas_grand_prix,Red Bull,-0.7291693492708645,-0.9410000000000025
F1_2023_1119_las_vegas_grand_prix,F1,2023,1119_las_vegas_grand_prix,Williams,0.2063098687792613,0.25500000000000966
F1_2023_1120_abu_dhabi_grand_prix,F1,2023,1120_abu_dhabi_grand_prix,Alfa Romeo,0.9242684723846954,0.7169999999999916
F1_2023_1120_abu_dhabi_grand_prix,F1,2023,1120_abu_dhabi_grand_prix,AlphaTauri,0.03234982673920044,0.03349999999998943
F1_2023_1120_abu_dhabi_grand_prix,F1,2023,1120_abu_dhabi_grand_prix,Alpine F1 Team,0.30433274086093953,0.27649999999999864
F1_2023_1120_abu_dhabi_grand_prix,F1,2023,1120_abu_dhabi_grand_prix,Aston Martin,-0.03673466004877394,-0.019750000000001933
F1_2023_1120_abu_dhabi_grand_prix,F1,2023,1120_abu_dhabi_grand_prix,Ferrari,-0.332968157203146,-0.27000000000001023
F1_2023_1120_abu_dhabi_grand_prix,F1,2023,1120_abu_dhabi_grand_prix,Haas F1 Team,0.8115515036918003,0.5930000000000035
F1_2023_1120_abu_dhabi_grand_prix,F1,2023,1120_abu_dhabi_grand_prix,McLaren,-0.47658753386329555,-0.3617499999999936
F1_2023_1120_abu_dhabi_grand_prix,F1,2023,1120_abu_dhabi_grand_prix,Mercedes,-0.4167491096258089,-0.38300000000000267
F1_2023_1120_abu_dhabi_grand_prix,F1,2023,1120_abu_dhabi_grand_prix,Red Bull,-1.0439094562862201,-0.8329999999999984
F1_2023_1120_abu_dhabi_grand_prix,F1,2023,1120_abu_dhabi_grand_prix,Williams,0.43116863568275987,0.3922499999999971
F1_2024_1121_bahrain_grand_prix,F1,2024,1121_bahrain_grand_prix,Alpine F1 Team,0.6081634304478472,0.6720000000000041
F1_2024_1121_bahrain_grand_prix,F1,2024,1121_bahrain_grand_prix,Aston Martin,0.0828827168832014,0.07774999999999466
F1_2024_1121_bahrain_grand_prix,F1,2024,1121_bahrain_grand_prix,Ferrari,-0.5772397266966973,-0.6300000000000097
F1_2024_1121_bahrain_grand_prix,F1,2024,1121_bahrain_grand_prix,Haas F1 Team,0.29573506614596595,0.32475000000000165
F1_2024_1121_bahrain_grand_prix,F1,2024,1121_bahrain_grand_prix,McLaren,-0.3183955477313066,-0.3509999999999991
F1_2024_1121_bahrain_grand_prix,F1,2024,1121_bahrain_grand_prix,Mercedes,-0.35125983569770464,-0.38700000000000045
F1_2024_1121_bahrain_grand_prix,F1,2024,1121_bahrain_grand_prix,RB F1 Team,0.43365834275169246,0.4164999999999921
F1_2024_1121_bahrain_grand_prix,F1,2024,1121_bahrain_grand_prix,Red Bull,-1.0146843184663195,-1.054000000000002
F1_2024_1121_bahrain_grand_prix,F1,2024,1121_bahrain_grand_prix,Sauber,0.6879980294779152,0.7710000000000008
F1_2024_1121_bahrain_grand_prix,F1,2024,1121_bahrain_grand_prix,Williams,0.494408913591143,0.35949999999998283
F1_2024_1122_saudi_arabian_grand_prix,F1,2024,1122_saudi_arabian_grand_prix,Alpine F1 Team,1.0695637022763909,1.0132500000000135
F1_2024_1122_saudi_arabian_grand_prix,F1,2024,1122_saudi_arabian_grand_prix,Aston Martin,-0.34419545543365176,-0.4265000000000043
F1_2024_1122_saudi_arabian_grand_prix,F1,2024,1122_saudi_arabian_grand_prix,Ferrari,-0.4558881581372689,-0.4797500000000028
F1_2024_1122_saudi_arabian_grand_prix,F1,2024,1122_saudi_arabian_grand_prix,Haas F1 Team,0.2095040424786827,0.2560000000000002
F1_2024_1122_saudi_arabian_grand_prix,F1,2024,1122_saudi_arabian_grand_prix,McLaren,-0.5400897921814484,-0.583999999999989
F1_2024_1122_saudi_arabian_grand_prix,F1,2024,1122_saudi_arabian_grand_prix,Mercedes,-0.4412895654205023,-0.4549999999999983
F1_2024_1122_saudi_arabian_grand_prix,F1,2024,1122_saudi_arabian_grand_prix,RB F1 Team,0.960691855880071,0.9630000000000081
F1_2024_1122_saudi_arabian_grand_prix,F1,2024,1122_saudi_arabian_grand_prix,Red Bull,-1.2157386900094647,-1.413249999999998
F1_2024_1122_saudi_arabian_grand_prix,F1,2024,1122_saudi_arabian_grand_prix,Sauber,0.6775195945430545,0.7475000000000023
F1_2024_1122_saudi_arabian_grand_prix,F1,2024,1122_saudi_arabian_grand_prix,Williams,0.9262024188334045,0.8855000000000075
F1_2024_1123_australian_grand_prix,F1,2024,1123_australian_grand_prix,Alpine F1 Team,0.38846407598731125,0.375
F1_2024_1123_australian_grand_prix,F1,2024,1123_australian_grand_prix,Aston Martin,0,0
F1_2024_1123_australian_grand_prix,F1,2024,1123_australian_grand_prix,Ferrari,-1.1295480202100858,-1.0374999999999943
F1_2024_1123_australian_grand_prix,F1,2024,1123_australian_grand_prix,Haas F1 Team,0.31039630341544133,0.36225000000000307
F1_2024_1123_australian_grand_prix,F1,2024,1123_australian_grand_prix,McLaren,-1.0651759617508822,-0.8859999999999957
F1_2024_1123_australian_grand_prix,F1,2024,1123_australian_grand_prix,Mercedes,-0.09395643416118615,-0.07124999999999915
F1_2024_1123_australian_grand_prix,F1,2024,1123_australian_grand_prix,RB F1 Team,0.11948527076196207,0.15424999999999756
F1_2024_1123_australian_grand_prix,F1,2024,1123_australian_grand_prix,Red Bull,-0.3958616557865388,-0.5510000000000161
F1_2024_1123_australian_grand_prix,F1,2024,1123_australian_grand_prix,Sauber,0.2905843457247672,0.27600000000000335
F1_2024_1123_australian_grand_prix,F1,2024,1123_australian_grand_prix,Williams,0.28302341691407257,0.4099999999999966
F1_2024_1124_japanese_grand_prix,F1,2024,1124_japanese_grand_prix,Alpine F1 Team,1.0903507091955338,1.4505000000000905
F1_2024_1124_japanese_grand_prix,F1,2024,1124_japanese_grand_prix,Aston Martin,0,0
F1_2024_1124_japanese_grand_prix,F1,2024,1124_japanese_grand_prix,Ferrari,-0.3627464784028776,-0.5159999999999911
F1_2024_1124_japanese_grand_prix,F1,2024,1124_japanese_grand_prix,Haas F1 Team,0.7255529613949298,1.0609999999999928
F1_2024_1124_japanese_grand_prix,F1,2024,1124_japanese_grand_prix,McLaren,-0.12338350708505105,-0.2504999999999953
F1_2024_1124_japanese_grand_prix,F1,2024,1124_japanese_grand_prix,Mercedes,-0.15681701841609122,-0.32499999999998863
F1_2024_1124_japanese_grand_prix,F1,2024,1124_japanese_grand_prix,RB F1 Team,0.5057158421692775,0.7939999999999969
F1_2024_1124_japanese_grand_prix,F1,2024,1124_japanese_grand_prix,Red Bull,-0.69445773138141,-0.9320000000000022
F1_2024_1124_japanese_grand_prix,F1,2024,1124_japanese_grand_prix,Sauber,0.6648060404754575,0.987000000000009
F1_2024_1124_japanese_grand_prix,F1,2024,1124_japanese_grand_prix,Williams,0.09387166072278667,0.12999999999999545
F1_2024_1125_chinese_grand_prix,F1,2024,1125_chinese_grand_prix,Alpine F1 Team,0.11065829543973689,0.14075000000000415
F1_2024_1125_chinese_grand_prix,F1,2024,1125_chinese_grand_prix,Aston Martin,-0.20428008335877626,-0.3299999999999983
F1_2024_1125_chinese_grand_prix,F1,2024,1125_chinese_grand_prix,Ferrari,-0.2999842247311497,-0.45700000000000074
F1_2024_1125_chinese_grand_prix,F1,2024,1125_chinese_grand_prix,Haas F1 Team,0.4283691444978042,0.6484999999999985
F1_2024_1125_chinese_grand_prix,F1,2024,1125_chinese_grand_prix,McLaren,-0.2353772005573788,-0.45699999999999363
F1_2024_1125_chinese_grand_prix,F1,2024,1125_chinese_grand_prix,Mercedes,0,0
F1_2024_1125_chinese_grand_prix,F1,2024,1125_chinese_grand_prix,RB F1 Team,0.2515019337891359,0.4102499999999978
F1_2024_1125_chinese_grand_prix,F1,2024,1125_chinese_grand_prix,Red Bull,-1.1032926887856087,-1.2647500000000065
F1_2024_1125_chinese_grand_prix,F1,2024,1125_chinese_grand_prix,Sauber,0.09828569774616505,0.14850000000000563
F1_2024_1125_chinese_grand_prix,F1,2024,1125_chinese_grand_prix,Williams,0.45667952355126984,0.7860000000000014
F1_2024_1126_miami_grand_prix,F1,2024,1126_miami_grand_prix,Alpine F1 Team,0.27603804692578754,0.19299999999999784
F1_2024_1126_miami_grand_prix,F1,2024,1126_miami_grand_prix,Aston Martin,0.21442857089837994,0.1560000000000059
F1_2024_1126_miami_grand_prix,F1,2024,1126_miami_grand_prix,Ferrari,-0.9937651543232503,-0.7879999999999967
F1_2024_1126_miami_grand_prix,F1,2024,1126_miami_grand_prix,Haas F1 Team,0.2398627835578118,0.22100000000000364
F1_2024_1126_miami_grand_prix,F1,2024,1126_miami_grand_prix,McLaren,-1.1305198959947071,-0.8367500000000092
F1_2024_1126_miami_grand_prix,F1,2024,1126_miami_grand_prix,Mercedes,-0.16218153964554866,-0.09850000000000136
F1_2024_1126_miami_grand_prix,F1,2024,1126_miami_grand_prix,RB F1 Team,0.22631338856600058,0.26250000000000284
F1_2024_1126_miami_grand_prix,F1,2024,1126_miami_grand_prix,Red Bull,-0.9942230939577515,-0.7530000000000001
F1_2024_1126_miami_grand_prix,F1,2024,1126_miami_grand_prix,Sauber,0.8218241217952874,0.494000000000014
F1_2024_1126_miami_grand_prix,F1,2024,1126_miami_grand_prix,Williams,0.3530539605168481,0.2990000000000066
F1_2024_1127_emilia_romagna_grand_prix,F1,2024,1127_emilia_romagna_grand_prix,Alpine F1 Team,0.5299763513662983,0.6009999999999991
F1_2024_1127_emilia_romagna_grand_prix,F1,2024,1127_emilia_romagna_grand_prix,Aston Martin,0.21759481813199183,0.24799999999999045
F1_2024_1127_emilia_romagna_grand_prix,F1,2024,1127_emilia_romagna_grand_prix,Ferrari,-0.625266592929361,-0.7685000000000031
F1_2024_1127_emilia_romagna_grand_prix,F1,2024,1127_emilia_romagna_grand_prix,Haas F1 Team,0.3765056235589148,0.45275000000000887
F1_2024_1127_emilia_romagna_grand_prix,F1,2024,1127_emilia_romagna_grand_prix,McLaren,-0.6904544628000744,-0.8600000000000065
F1_2024_1127_emilia_romagna_grand_prix,F1,2024,1127_emilia_romagna_grand_prix,Mercedes,-0.4859925285056906,-0.6430000000000007
F1_2024_1127_emilia_romagna_grand_prix,F1,2024,1127_emilia_romagna_grand_prix,RB F1 Team,0.3163320609382804,0.4452499999999944
F1_2024_1127_emilia_romagna_grand_prix,F1,2024,1127_emilia_romagna_grand_prix,Red Bull,-0.5447243600785472,-0.6927500000000038
F1_2024_1127_emilia_romagna_grand_prix,F1,2024,1127_emilia_romagna_grand_prix,Sauber,0.8001556235112697,0.830750000000009
F1_2024_1127_emilia_romagna_grand_prix,F1,2024,1127_emilia_romagna_grand_prix,Williams,0.43012311141154314,0.46649999999999636
F1_2024_1128_monaco_grand_prix,F1,2024,1128_monaco_grand_prix,Alpine F1 Team,0.33084245498541676,0.5255000000000081
F1_2024_1128_monaco_grand_prix,F1,2024,1128_monaco_grand_prix,Aston Martin,0.45684273986651314,0.603500000000011
F1_2024_1128_monaco_grand_prix,F1,2024,1128_monaco_grand_prix,Ferrari,-0.752625524777144,-0.9614999999999938
F1_2024_1128_monaco_grand_prix,F1,2024,1128_monaco_grand_prix,McLaren,-0.8090493269899371,-0.9104999999999919
F1_2024_1128_monaco_grand_prix,F1,2024,1128_monaco_grand_prix,Mercedes,-0.7020902760898635,-0.9325000000000045
F1_2024_1128_monaco_grand_prix,F1,2024,1128_monaco_grand_prix,RB F1 Team,0.39437538848172327,0.47449999999999193
F1_2024_1128_monaco_grand_prix,F1,2024,1128_monaco_grand_prix,Red Bull,-0.7686627276281792,-0.9647499999999951
F1_2024_1128_monaco_grand_prix,F1,2024,1128_monaco_grand_prix,Sauber,0.8536206469073037,0.9212500000000006
F1_2024_1128_monaco_grand_prix,F1,2024,1128_monaco_grand_prix,Williams,0.4392311058880147,0.552500000000002
F1_2024_1129_canadian_grand_prix,F1,2024,1129_canadian_grand_prix,Alpine F1 Team,0.1515684418266861,0.19950000000000045
F1_2024_1129_canadian_grand_prix,F1,2024,1129_canadian_grand_prix,Aston Martin,-0.035262549599081,-0.042250000000002785
F1_2024_1129_canadian_grand_prix,F1,2024,1129_canadian_grand_prix,Ferrari,0.2322875200939583,0.2612499999999969
F1_2024_1129_canadian_grand_prix,F1,2024,1129_canadian_grand_prix,Haas F1 Team,0.06979265136528191,0.14099999999999113
F1_2024_1129_canadian_grand_prix,F1,2024,1129_canadian_grand_prix,McLaren,-1.0830034558847603,-1.2454999999999927
F1_2024_1129_canadian_grand_prix,F1,2024,1129_canadian_grand_prix,Mercedes,-0.9209256859852604,-1.1982499999999945
F1_2024_1129_canadian_grand_prix,F1,2024,1129_canadian_grand_prix,RB F1 Team,0.0938189313731819,0.11299999999999955
F1_2024_1129_canadian_grand_prix,F1,2024,1129_canadian_grand_prix,Red Bull,-0.33289350536460827,-0.4934999999999974
F1_2024_1129_canadian_grand_prix,F1,2024,1129_canadian_grand_prix,Sauber,0.617942960864695,0.8282500000000041
F1_2024_1129_canadian_grand_prix,F1,2024,1129_canadian_grand_prix,Williams,0.09127921048018096,0.13624999999999687
F1_2024_1130_spanish_grand_prix,F1,2024,1130_spanish_grand_prix,Alpine F1 Team,-0.04215114003440983,-0.054500000000004434
F1_2024_1130_spanish_grand_prix,F1,2024,1130_spanish_grand_prix,Aston Martin,0.2514654949476628,0.2945000000000064
F1_2024_1130_spanish_grand_prix,F1,2024,1130_spanish_grand_prix,Ferrari,-0.4830490871958615,-0.6129999999999995
F1_2024_1130_spanish_grand_prix,F1,2024,1130_spanish_grand_prix,Haas F1 Team,0.21864313739603244,0.2874999999999872
F1_2024_1130_spanish_grand_prix,F1,2024,1130_spanish_grand_prix,McLaren,-0.5861170103078317,-0.8577500000000029
F1_2024_1130_spanish_grand_prix,F1,2024,1130_spanish_grand_prix,Mercedes,-0.5138529428748524,-0.7042500000000018
F1_2024_1130_spanish_grand_prix,F1,2024,1130_spanish_grand_prix,RB F1 Team,0.4962242140104513,0.6049999999999898
F1_2024_1130_spanish_grand_prix,F1,2024,1130_spanish_grand_prix,Red Bull,-0.5141128733069753,-0.7180000000000035
F1_2024_1130_spanish_grand_prix,F1,2024,1130_spanish_grand_prix,Sauber,0.5125135209630578,0.6415000000000006
F1_2024_1130_spanish_grand_prix,F1,2024,1130_spanish_grand_prix,Williams,0.9177959785306318,1.0515000000000043
F1_2024_1131_austrian_grand_prix,F1,2024,1131_austrian_grand_prix,Alpine F1 Team,0.0725268774140419,0.08174999999999955
F1_2024_1131_austrian_grand_prix,F1,2024,1131_austrian_grand_prix,Aston Martin,0.22056541458249304,0.23400000000000887
F1_2024_1131_austrian_grand_prix,F1,2024,1131_austrian_grand_prix,Ferrari,-0.6678406953547555,-0.666249999999998
F1_2024_1131_austrian_grand_prix,F1,2024,1131_austrian_grand_prix,Haas F1 Team,0.03913760565763302,0.036999999999999034
F1_2024_1131_austrian_grand_prix,F1,2024,1131_austrian_grand_prix,McLaren,-0.7780628475570714,-0.7137500000000045
F1_2024_1131_austrian_grand_prix,F1,2024,1131_austrian_grand_prix,Mercedes,-0.6491717580484786,-0.634999999999998
F1_2024_1131_austrian_grand_prix,F1,2024,1131_austrian_grand_prix,RB F1 Team,0.1309206821182697,0.15474999999999284
F1_2024_1131_austrian_grand_prix,F1,2024,1131_austrian_grand_prix,Red Bull,-0.4704450091513659,-0.5065000000000026
F1_2024_1131_austrian_grand_prix,F1,2024,1131_austrian_grand_prix,Sauber,0.46532671782786394,0.4555000000000007
F1_2024_1131_austrian_grand_prix,F1,2024,1131_austrian_grand_prix,Williams,0.4163319199222437,0.40499999999999403
F1_2024_1132_british_grand_prix,F1,2024,1132_british_grand_prix,Alpine F1 Team,0.967515819285436,1.0229999999999961
F1_2024_1132_british_grand_prix,F1,2024,1132_british_grand_prix,Aston Martin,-0.02297229971358564,-0.021000000000000796
F1_2024_1132_british_grand_prix,F1,2024,1132_british_grand_prix,Ferrari,-0.2906840605540638,-0.3230000000000004
F1_2024_1132_british_grand_prix,F1,2024,1132_british_grand_prix,Haas F1 Team,0.12500920821152361,0.12024999999999153
F1_2024_1132_british_grand_prix,F1,2024,1132_british_grand_prix,McLaren,-0.8022437570265719,-0.899249999999995
F1_2024_1132_british_grand_prix,F1,2024,1132_british_grand_prix,Mercedes,-1.0347426596662668,-1.0100000000000051
F1_2024_1132_british_grand_prix,F1,2024,1132_british_grand_prix,RB F1 Team,0.4018000755433062,0.4510000000000005
F1_2024_1132_british_grand_prix,F1,2024,1132_british_grand_prix,Red Bull,-0.5294083961584877,-0.5945000000000036
F1_2024_1132_british_grand_prix,F1,2024,1132_british_grand_prix,Sauber,1.071752203893368,1.1400000000000006
F1_2024_1132_british_grand_prix,F1,2024,1132_british_grand_prix,Williams,0.22276568484486117,0.20649999999999125
F1_2024_1133_hungarian_grand_prix,F1,2024,1133_hungarian_grand_prix,Alpine F1 Team,0.38764600833238133,0.26549999999998875
F1_2024_1133_hungarian_grand_prix,F1,2024,1133_hungarian_grand_prix,Aston Martin,-0.0014922075871459971,-7.499999999964757e-4
F1_2024_1133_hungarian_grand_prix,F1,2024,1133_hungarian_grand_prix,Ferrari,-0.6682852422852613,-0.7239999999999895
F1_2024_1133_hungarian_grand_prix,F1,2024,1133_hungarian_grand_prix,Haas F1 Team,0.30058303029778577,0.29100000000001103
F1_2024_1133_hungarian_grand_prix,F1,2024,1133_hungarian_grand_prix,McLaren,-0.8203731673850796,-1.0495000000000019
F1_2024_1133_hungarian_grand_prix,F1,2024,1133_hungarian_grand_prix,Mercedes,-0.5822793750069061,-0.5990000000000038
F1_2024_1133_hungarian_grand_prix,F1,2024,1133_hungarian_grand_prix,RB F1 Team,0.15655320263611608,0.18224999999999625
F1_2024_1133_hungarian_grand_prix,F1,2024,1133_hungarian_grand_prix,Red Bull,-0.5420454129994198,-0.5120000000000005
F1_2024_1133_hungarian_grand_prix,F1,2024,1133_hungarian_grand_prix,Sauber,0.46073530310655597,0.4619999999999962
F1_2024_1133_hungarian_grand_prix,F1,2024,1133_hungarian_grand_prix,Williams,0.3309618714941305,0.3087499999999963
F1_2024_1134_belgian_grand_prix,F1,2024,1134_belgian_grand_prix,Alpine F1 Team,0.07769241594102001,0.16400000000000148
F1_2024_1134_belgian_grand_prix,F1,2024,1134_belgian_grand_prix,Aston Martin,0.4160186790225972,0.4344999999999928
F1_2024_1134_belgian_grand_prix,F1,2024,1134_belgian_grand_prix,Ferrari,-0.5114368679142581,-0.8250000000000028
F1_2024_1134_belgian_grand_prix,F1,2024,1134_belgian_grand_prix,Haas F1 Team,0.5939460420004613,0.7894999999999968
F1_2024_1134_belgian_grand_prix,F1,2024,1134_belgian_grand_prix,McLaren,-0.6813923592220752,-0.9330000000000069
F1_2024_1134_belgian_grand_prix,F1,2024,1134_belgian_grand_prix,Mercedes,-0.5410060230185098,-0.9939999999999998
F1_2024_1134_belgian_grand_prix,F1,2024,1134_belgian_grand_prix,RB F1 Team,0.3142724045392344,0.4030000000000058
F1_2024_1134_belgian_grand_prix,F1,2024,1134_belgian_grand_prix,Red Bull,-0.5411745458106233,-0.7454999999999927
F1_2024_1134_belgian_grand_prix,F1,2024,1134_belgian_grand_prix,Sauber,0.31844549960318336,0.4820000000000064
F1_2024_1134_belgian_grand_prix,F1,2024,1134_belgian_grand_prix,Williams,0.36869699873167694,0.5159999999999982
F1_2024_1135_dutch_grand_prix,F1,2024,1135_dutch_grand_prix,Alpine F1 Team,0.24454471440888972,0.2562499999999943
F1_2024_1135_dutch_grand_prix,F1,2024,1135_dutch_grand_prix,Aston Martin,0.19856283334029812,0.18999999999999773
F1_2024_1135_dutch_grand_prix,F1,2024,1135_dutch_grand_prix,Ferrari,-0.5370822920064313,-0.5352499999999978
F1_2024_1135_dutch_grand_prix,F1,2024,1135_dutch_grand_prix,Haas F1 Team,0.44310478731234937,0.42949999999999733
F1_2024_1135_dutch_grand_prix,F1,2024,1135_dutch_grand_prix,McLaren,-0.7737274987010632,-0.7072500000000019
F1_2024_1135_dutch_grand_prix,F1,2024,1135_dutch_grand_prix,Mercedes,-0.5626492954414823,-0.5619999999999976
F1_2024_1135_dutch_grand_prix,F1,2024,1135_dutch_grand_prix,RB F1 Team,0.3918078287415507,0.36350000000000193
F1_2024_1135_dutch_grand_prix,F1,2024,1135_dutch_grand_prix,Red Bull,-0.4809764290285265,-0.4682500000000047
F1_2024_1135_dutch_grand_prix,F1,2024,1135_dutch_grand_prix,Sauber,0.9035911393766688,0.9284999999999997
F1_2024_1135_dutch_grand_prix,F1,2024,1135_dutch_grand_prix,Williams,0.8026293861101177,0.6897499999999965
F1_2024_1136_italian_grand_prix,F1,2024,1136_italian_grand_prix,Alpine F1 Team,0.4547627678609872,0.6445000000000078
F1_2024_1136_italian_grand_prix,F1,2024,1136_italian_grand_prix,Aston Martin,0.03415315186451778,0.05924999999999869
F1_2024_1136_italian_grand_prix,F1,2024,1136_italian_grand_prix,Ferrari,-0.5800958587773646,-0.8724999999999952
F1_2024_1136_italian_grand_prix,F1,2024,1136_italian_grand_prix,Haas F1 Team,0.08306762560380881,0.11225000000000307
F1_2024_1136_italian_grand_prix,F1,2024,1136_italian_grand_prix,McLaren,-1.077504231624841,-1.2889999999999873
F1_2024_1136_italian_grand_prix,F1,2024,1136_italian_grand_prix,Mercedes,-0.8078933563519184,-0.8810000000000002
F1_2024_1136_italian_grand_prix,F1,2024,1136_italian_grand_prix,RB F1 Team,0.3971795346260407,0.37025000000000574
F1_2024_1136_italian_grand_prix,F1,2024,1136_italian_grand_prix,Red Bull,-0.5006552663060002,-0.6280000000000001
F1_2024_1136_italian_grand_prix,F1,2024,1136_italian_grand_prix,Sauber,0.894698379528029,1.064
F1_2024_1136_italian_grand_prix,F1,2024,1136_italian_grand_prix,Williams,0.326901923794709,0.3994999999999962
F1_2024_1137_azerbaijan_grand_prix,F1,2024,1137_azerbaijan_grand_prix,Alpine F1 Team,0.749914065037698,0.890500000000003
F1_2024_1137_azerbaijan_grand_prix,F1,2024,1137_azerbaijan_grand_prix,Aston Martin,0.031429892247509306,0.03224999999999767
F1_2024_1137_azerbaijan_grand_prix,F1,2024,1137_azerbaijan_grand_prix,Ferrari,-0.8589412347178942,-0.991500000000002
F1_2024_1137_azerbaijan_grand_prix,F1,2024,1137_azerbaijan_grand_prix,Haas F1 Team,0.027216708351014314,0.02400000000000091
F1_2024_1137_azerbaijan_grand_prix,F1,2024,1137_azerbaijan_grand_prix,McLaren,-0.5429409210714313,-0.664999999999992
F1_2024_1137_azerbaijan_grand_prix,F1,2024,1137_azerbaijan_grand_prix,Mercedes,-0.360412529155845,-0.49175000000000324
F1_2024_1137_azerbaijan_grand_prix,F1,2024,1137_azerbaijan_grand_prix,RB F1 Team,0.9221395981872227,1.2565000000000026
F1_2024_1137_azerbaijan_grand_prix,F1,2024,1137_azerbaijan_grand_prix,Red Bull,-0.5302762474992355,-0.6967499999999944
F1_2024_1137_azerbaijan_grand_prix,F1,2024,1137_azerbaijan_grand_prix,Sauber,0.7727805522204318,0.9185000000000088
F1_2024_1137_azerbaijan_grand_prix,F1,2024,1137_azerbaijan_grand_prix,Williams,-0.004509476088635429,-0.005000000000002558
F1_2024_1138_singapore_grand_prix,F1,2024,1138_singapore_grand_prix,Alpine F1 Team,0.481916309243456,0.5019999999999953
F1_2024_1138_singapore_grand_prix,F1,2024,1138_singapore_grand_prix,Aston Martin,0.23351832562176633,0.23049999999999216
F1_2024_1138_singapore_grand_prix,F1,2024,1138_singapore_grand_prix,Ferrari,-0.11031914191835224,-0.12000000000000455
F1_2024_1138_singapore_grand_prix,F1,2024,1138_singapore_grand_prix,Haas F1 Team,0.10341099144520419,0.09575000000000244
F1_2024_1138_singapore_grand_prix,F1,2024,1138_singapore_grand_prix,McLaren,-1.1932487553957853,-1.3089999999999975
F1_2024_1138_singapore_grand_prix,F1,2024,1138_singapore_grand_prix,Mercedes,-0.4115740137313003,-0.5180000000000007
F1_2024_1138_singapore_grand_prix,F1,2024,1138_singapore_grand_prix,RB F1 Team,0.059378343133417825,0.07200000000000273
F1_2024_1138_singapore_grand_prix,F1,2024,1138_singapore_grand_prix,Red Bull,-0.3649035692745821,-0.5060000000000002
F1_2024_1138_singapore_grand_prix,F1,2024,1138_singapore_grand_prix,Sauber,0.6664170381493327,0.6709999999999923
F1_2024_1138_singapore_grand_prix,F1,2024,1138_singapore_grand_prix,Williams,-0.0456883680564349,-0.046999999999997044
F1_2024_1139_united_states_grand_prix,F1,2024,1139_united_states_grand_prix,Alpine F1 Team,0.39170642651098087,0.37274999999999636
F1_2024_1139_united_states_grand_prix,F1,2024,1139_united_states_grand_prix,Aston Martin,0.5109898787677416,0.5742499999999922
F1_2024_1139_united_states_grand_prix,F1,2024,1139_united_states_grand_prix,Ferrari,-1.3295485267374991,-1.2722499999999997
F1_2024_1139_united_states_grand_prix,F1,2024,1139_united_states_grand_prix,Haas F1 Team,-0.15263167351586673,-0.17199999999999704
F1_2024_1139_united_states_grand_prix,F1,2024,1139_united_states_grand_prix,McLaren,-1.0242446435871453,-1.0389999999999944
F1_2024_1139_united_states_grand_prix,F1,2024,1139_united_states_grand_prix,Mercedes,-0.4494354638440573,-0.4482500000000087
F1_2024_1139_united_states_grand_prix,F1,2024,1139_united_states_grand_prix,RB F1 Team,0.09213382943882832,0.07800000000000296
F1_2024_1139_united_states_grand_prix,F1,2024,1139_united_states_grand_prix,Red Bull,-0.4062312003770231,-0.49175000000000324
F1_2024_1139_united_states_grand_prix,F1,2024,1139_united_states_grand_prix,Sauber,0.7952093133140774,0.8389999999999986
F1_2024_1139_united_states_grand_prix,F1,2024,1139_united_states_grand_prix,Williams,0.3922470787884993,0.3649999999999949
F1_2024_1140_mexico_city_grand_prix,F1,2024,1140_mexico_city_grand_prix,Alpine F1 Team,0.3662137986134345,0.31099999999999994
F1_2024_1140_mexico_city_grand_prix,F1,2024,1140_mexico_city_grand_prix,Aston Martin,0.35579190593037413,0.3915000000000006
F1_2024_1140_mexico_city_grand_prix,F1,2024,1140_mexico_city_grand_prix,Ferrari,-1.0915982878194435,-0.9590000000000032
F1_2024_1140_mexico_city_grand_prix,F1,2024,1140_mexico_city_grand_prix,Haas F1 Team,-0.020952268752708902,-0.01649999999997931
F1_2024_1140_mexico_city_grand_prix,F1,2024,1140_mexico_city_grand_prix,McLaren,-0.8682963997947537,-0.7299999999999969
F1_2024_1140_mexico_city_grand_prix,F1,2024,1140_mexico_city_grand_prix,Mercedes,-0.4280465281423591,-0.44199999999999307
F1_2024_1140_mexico_city_grand_prix,F1,2024,1140_mexico_city_grand_prix,RB F1 Team,0.4159571945747204,0.3439999999999941
F1_2024_1140_mexico_city_grand_prix,F1,2024,1140_mexico_city_grand_prix,Red Bull,-0.11153654186698123,-0.1314999999999955
F1_2024_1140_mexico_city_grand_prix,F1,2024,1140_mexico_city_grand_prix,Sauber,0.747189434072906,0.6319999999999979
F1_2024_1140_mexico_city_grand_prix,F1,2024,1140_mexico_city_grand_prix,Williams,0.2763453471373871,0.25799999999999557
F1_2024_1141_s_o_paulo_grand_prix,F1,2024,1141_s_o_paulo_grand_prix,Alpine F1 Team,-0.3768831996671551,-0.30350000000000676
F1_2024_1141_s_o_paulo_grand_prix,F1,2024,1141_s_o_paulo_grand_prix,Aston Martin,0.017846402413138472,0.02599999999999625
F1_2024_1141_s_o_paulo_grand_prix,F1,2024,1141_s_o_paulo_grand_prix,Ferrari,-0.172140347989712,-0.12250000000000227
F1_2024_1141_s_o_paulo_grand_prix,F1,2024,1141_s_o_paulo_grand_prix,Haas F1 Team,0.4090505996746697,0.28350000000000364
F1_2024_1141_s_o_paulo_grand_prix,F1,2024,1141_s_o_paulo_grand_prix,McLaren,-0.22496651719979527,-0.2565000000000026
F1_2024_1141_s_o_paulo_grand_prix,F1,2024,1141_s_o_paulo_grand_prix,Mercedes,-0.10903461265334148,-0.08950000000000102
F1_2024_1141_s_o_paulo_grand_prix,F1,2024,1141_s_o_paulo_grand_prix,RB F1 Team,0,0
F1_2024_1141_s_o_paulo_grand_prix,F1,2024,1141_s_o_paulo_grand_prix,Red Bull,-0.10120058450591862,-0.12925000000000608
F1_2024_1141_s_o_paulo_grand_prix,F1,2024,1141_s_o_paulo_grand_prix,Sauber,1.1166880675088482,1.0749999999999886
F1_2024_1141_s_o_paulo_grand_prix,F1,2024,1141_s_o_paulo_grand_prix,Williams,0.7527107802740962,0.5710000000000051
F1_2024_1142_las_vegas_grand_prix,F1,2024,1142_las_vegas_grand_prix,Alpine F1 Team,0.38306111196183423,0.3402499999999975
F1_2024_1142_las_vegas_grand_prix,F1,2024,1142_las_vegas_grand_prix,Aston Martin,0.2388367455762366,0.21649999999999636
F1_2024_1142_las_vegas_grand_prix,F1,2024,1142_las_vegas_grand_prix,Ferrari,-0.6271186560371715,-0.7132500000000022
F1_2024_1142_las_vegas_grand_prix,F1,2024,1142_las_vegas_grand_prix,Haas F1 Team,0.10290542230383042,0.21250000000000568
F1_2024_1142_las_vegas_grand_prix,F1,2024,1142_las_vegas_grand_prix,McLaren,-0.05244891439487603,-0.06349999999999056
F1_2024_1142_las_vegas_grand_prix,F1,2024,1142_las_vegas_grand_prix,Mercedes,-0.6483546750159874,-0.8830000000000098
F1_2024_1142_las_vegas_grand_prix,F1,2024,1142_las_vegas_grand_prix,RB F1 Team,0.3385721845656361,0.4069999999999965
F1_2024_1142_las_vegas_grand_prix,F1,2024,1142_las_vegas_grand_prix,Red Bull,-0.25954838515274836,-0.3885000000000076
F1_2024_1142_las_vegas_grand_prix,F1,2024,1142_las_vegas_grand_prix,Sauber,0.36950836125597286,0.41899999999999693
F1_2024_1142_las_vegas_grand_prix,F1,2024,1142_las_vegas_grand_prix,Williams,0.22662226599143415,0.17100000000000648
F1_2024_1143_qatar_grand_prix,F1,2024,1143_qatar_grand_prix,Alpine F1 Team,0,0
F1_2024_1143_qatar_grand_prix,F1,2024,1143_qatar_grand_prix,Aston Martin,0.07109783435076103,0.10575000000000045
F1_2024_1143_qatar_grand_prix,F1,2024,1143_qatar_grand_prix,Ferrari,-0.6640003199508947,-0.7475000000000023
F1_2024_1143_qatar_grand_prix,F1,2024,1143_qatar_grand_prix,Haas F1 Team,0.2369488927744094,0.315499999999993
F1_2024_1143_qatar_grand_prix,F1,2024,1143_qatar_grand_prix,McLaren,-0.8626748962198167,-1.0389999999999873
F1_2024_1143_qatar_grand_prix,F1,2024,1143_qatar_grand_prix,Mercedes,-0.2904231609979465,-0.3850000000000051
F1_2024_1143_qatar_grand_prix,F1,2024,1143_qatar_grand_prix,RB F1 Team,0.9192712835551802,0.9305000000000021
F1_2024_1143_qatar_grand_prix,F1,2024,1143_qatar_grand_prix,Red Bull,-0.582708570524941,-0.8909999999999911
F1_2024_1143_qatar_grand_prix,F1,2024,1143_qatar_grand_prix,Sauber,0.4271546366520109,0.5585000000000022
F1_2024_1143_qatar_grand_prix,F1,2024,1143_qatar_grand_prix,Williams,0.8031255726068115,0.8674999999999926
F1_2024_1144_abu_dhabi_grand_prix,F1,2024,1144_abu_dhabi_grand_prix,Alpine F1 Team,0.6305409171351923,0.605000000000004
F1_2024_1144_abu_dhabi_grand_prix,F1,2024,1144_abu_dhabi_grand_prix,Aston Martin,0.10202757180044193,0.07299999999999329
F1_2024_1144_abu_dhabi_grand_prix,F1,2024,1144_abu_dhabi_grand_prix,Ferrari,-0.7233325805664914,-0.6784999999999997
F1_2024_1144_abu_dhabi_grand_prix,F1,2024,1144_abu_dhabi_grand_prix,Haas F1 Team,0.26116987659770446,0.177500000000002
F1_2024_1144_abu_dhabi_grand_prix,F1,2024,1144_abu_dhabi_grand_prix,McLaren,-0.7997919311683409,-0.722999999999999
F1_2024_1144_abu_dhabi_grand_prix,F1,2024,1144_abu_dhabi_grand_prix,Mercedes,-0.30337966156868823,-0.21075000000000443
F1_2024_1144_abu_dhabi_grand_prix,F1,2024,1144_abu_dhabi_grand_prix,RB F1 Team,0.6178121365442032,0.546999999999997
F1_2024_1144_abu_dhabi_grand_prix,F1,2024,1144_abu_dhabi_grand_prix,Red Bull,-0.38083996825326977,-0.29400000000001114
F1_2024_1144_abu_dhabi_grand_prix,F1,2024,1144_abu_dhabi_grand_prix,Sauber,0.11561297968382518,0.09000000000000341
F1_2024_1144_abu_dhabi_grand_prix,F1,2024,1144_abu_dhabi_grand_prix,Williams,0.5741132293252281,0.38750000000000284
F1_2025_1145_australian_grand_prix,F1,2025,1145_australian_grand_prix,Alpine F1 Team,0,0
F1_2025_1145_australian_grand_prix,F1,2025,1145_australian_grand_prix,Aston Martin,0.03924013922230735,0.043000000000006366
F1_2025_1145_australian_grand_prix,F1,2025,1145_australian_grand_prix,Ferrari,-0.09202416768986066,-0.2044999999999888
F1_2025_1145_australian_grand_prix,F1,2025,1145_australian_grand_prix,Haas F1 Team,0.9831721589775578,1.3670000000000044
F1_2025_1145_australian_grand_prix,F1,2025,1145_australian_grand_prix,McLaren,-1.3087663123861055,-1.7620000000000005
F1_2025_1145_australian_grand_prix,F1,2025,1145_australian_grand_prix,Mercedes,-0.3138067022119805,-0.5245000000000033
F1_2025_1145_australian_grand_prix,F1,2025,1145_australian_grand_prix,RB F1 Team,0,0
F1_2025_1145_australian_grand_prix,F1,2025,1145_australian_grand_prix,Red Bull,-0.03401045208734947,-0.15899999999999181
F1_2025_1145_australian_grand_prix,F1,2025,1145_australian_grand_prix,Sauber,0.3171085073599914,0.5139999999999958
F1_2025_1145_australian_grand_prix,F1,2025,1145_australian_grand_prix,Williams,-0.01750333847332957,-0.042999999999992156
F1_2025_1146_chinese_grand_prix,F1,2025,1146_chinese_grand_prix,Alpine F1 Team,0.45009832390986493,0.31450000000000955
F1_2025_1146_chinese_grand_prix,F1,2025,1146_chinese_grand_prix,Aston Martin,0.3760815256010206,0.3879999999999981
F1_2025_1146_chinese_grand_prix,F1,2025,1146_chinese_grand_prix,Ferrari,-0.7905379590553221,-0.6569999999999965
F1_2025_1146_chinese_grand_prix,F1,2025,1146_chinese_grand_prix,Haas F1 Team,0.11425293016978463,0.09600000000000364
F1_2025_1146_chinese_grand_prix,F1,2025,1146_chinese_grand_prix,McLaren,-0.9413984185709896,-0.7282500000000027
F1_2025_1146_chinese_grand_prix,F1,2025,1146_chinese_grand_prix,Mercedes,-0.23380595330252774,-0.23400000000000176
F1_2025_1146_chinese_grand_prix,F1,2025,1146_chinese_grand_prix,RB F1 Team,6.35672283770405e-4,4.99999999995282e-4
F1_2025_1146_chinese_grand_prix,F1,2025,1146_chinese_grand_prix,Red Bull,-0.272043474166535,-0.23825000000000074
F1_2025_1146_chinese_grand_prix,F1,2025,1146_chinese_grand_prix,Sauber,0.8613965400589552,0.6504999999999939
F1_2025_1146_chinese_grand_prix,F1,2025,1146_chinese_grand_prix,Williams,0.1996057390878685,0.14799999999999613
F1_2025_1147_japanese_grand_prix,F1,2025,1147_japanese_grand_prix,Alpine F1 Team,0.3741292754965649,0.23900000000000432
F1_2025_1147_japanese_grand_prix,F1,2025,1147_japanese_grand_prix,Aston Martin,0.4445186381151578,0.28250000000000597
F1_2025_1147_japanese_grand_prix,F1,2025,1147_japanese_grand_prix,Ferrari,-0.6312426032127874,-0.39049999999999585
F1_2025_1147_japanese_grand_prix,F1,2025,1147_japanese_grand_prix,Haas F1 Team,0.4306587578870922,0.30324999999999136
F1_2025_1147_japanese_grand_prix,F1,2025,1147_japanese_grand_prix,McLaren,-1.0719997968588282,-0.7319999999999993
F1_2025_1147_japanese_grand_prix,F1,2025,1147_japanese_grand_prix,Mercedes,-0.7618958767980333,-0.5214999999999961
F1_2025_1147_japanese_grand_prix,F1,2025,1147_japanese_grand_prix,RB F1 Team,0.16963926964758258,0.12599999999999767
F1_2025_1147_japanese_grand_prix,F1,2025,1147_japanese_grand_prix,Red Bull,-0.17278460647696434,-0.14675000000000438
F1_2025_1147_japanese_grand_prix,F1,2025,1147_japanese_grand_prix,Sauber,0.9518520669593015,0.6204999999999998
F1_2025_1147_japanese_grand_prix,F1,2025,1147_japanese_grand_prix,Williams,0.02520470284904476,0.016999999999995907
F1_2025_1148_bahrain_grand_prix,F1,2025,1148_bahrain_grand_prix,Alpine F1 Team,-0.038239376505986786,-0.030999999999998806
F1_2025_1148_bahrain_grand_prix,F1,2025,1148_bahrain_grand_prix,Aston Martin,0.6388283795298446,0.6317500000000038
F1_2025_1148_bahrain_grand_prix,F1,2025,1148_bahrain_grand_prix,Ferrari,-0.7051484061934226,-0.6489999999999938
F1_2025_1148_bahrain_grand_prix,F1,2025,1148_bahrain_grand_prix,Haas F1 Team,0.062497508589612075,0.06099999999999994
F1_2025_1148_bahrain_grand_prix,F1,2025,1148_bahrain_grand_prix,McLaren,-1.0626577717700378,-1.0109999999999957
F1_2025_1148_bahrain_grand_prix,F1,2025,1148_bahrain_grand_prix,Mercedes,-0.3297910526973572,-0.40749999999999886
F1_2025_1148_bahrain_grand_prix,F1,2025,1148_bahrain_grand_prix,RB F1 Team,0.35374756102166643,0.30399999999998784
F1_2025_1148_bahrain_grand_prix,F1,2025,1148_bahrain_grand_prix,Red Bull,-0.02540800889093522,-0.024499999999989086
F1_2025_1148_bahrain_grand_prix,F1,2025,1148_bahrain_grand_prix,Sauber,0.7920755269903345,0.6284999999999883
F1_2025_1148_bahrain_grand_prix,F1,2025,1148_bahrain_grand_prix,Williams,0.03963888641891696,0.05700000000000216
F1_2025_1149_saudi_arabian_grand_prix,F1,2025,1149_saudi_arabian_grand_prix,Alpine F1 Team,0.806580543832299,0.8839999999999932
F1_2025_1149_saudi_arabian_grand_prix,F1,2025,1149_saudi_arabian_grand_prix,Aston Martin,0.4657392458416411,0.47400000000000375
F1_2025_1149_saudi_arabian_grand_prix,F1,2025,1149_saudi_arabian_grand_prix,Ferrari,-0.7725487327597969,-0.7614999999999981
F1_2025_1149_saudi_arabian_grand_prix,F1,2025,1149_saudi_arabian_grand_prix,Haas F1 Team,0.5891370858518137,0.625
F1_2025_1149_saudi_arabian_grand_prix,F1,2025,1149_saudi_arabian_grand_prix,McLaren,-1.0415426383513018,-1.1524999999999963
F1_2025_1149_saudi_arabian_grand_prix,F1,2025,1149_saudi_arabian_grand_prix,Mercedes,-0.5610057991480062,-0.6640000000000015
F1_2025_1149_saudi_arabian_grand_prix,F1,2025,1149_saudi_arabian_grand_prix,RB F1 Team,0.050497295584231675,0.045000000000001705
F1_2025_1149_saudi_arabian_grand_prix,F1,2025,1149_saudi_arabian_grand_prix,Red Bull,-1.2127568119315082,-1.2262500000000003
F1_2025_1149_saudi_arabian_grand_prix,F1,2025,1149_saudi_arabian_grand_prix,Sauber,0.7957807697613716,0.8079999999999927
F1_2025_1149_saudi_arabian_grand_prix,F1,2025,1149_saudi_arabian_grand_prix,Williams,0.03204238960926568,0.03250000000000597
F1_2025_1150_miami_grand_prix,F1,2025,1150_miami_grand_prix,Alpine F1 Team,0.4920637855608754,0.36950000000000216
F1_2025_1150_miami_grand_prix,F1,2025,1150_miami_grand_prix,Aston Martin,1.0925439710709817,0.8580000000000041
F1_2025_1150_miami_grand_prix,F1,2025,1150_miami_grand_prix,Ferrari,-0.12261804703165027,-0.11350000000000193
F1_2025_1150_miami_grand_prix,F1,2025,1150_miami_grand_prix,Haas F1 Team,0.48453081360637507,0.3517500000000098
F1_2025_1150_miami_grand_prix,F1,2025,1150_miami_grand_prix,McLaren,-1.3163911356073474,-1.1017500000000027
F1_2025_1150_miami_grand_prix,F1,2025,1150_miami_grand_prix,Mercedes,-0.2384565787767268,-0.1947500000000062
F1_2025_1150_miami_grand_prix,F1,2025,1150_miami_grand_prix,RB F1 Team,0.37029090792790287,0.2909999999999968
F1_2025_1150_miami_grand_prix,F1,2025,1150_miami_grand_prix,Red Bull,-0.06898795693619274,-0.050499999999999545
F1_2025_1150_miami_grand_prix,F1,2025,1150_miami_grand_prix,Sauber,0.3628109452799788,0.2674999999999983
F1_2025_1150_miami_grand_prix,F1,2025,1150_miami_grand_prix,Williams,-0.14889061729637262,-0.11149999999999238
F1_2025_1151_emilia_romagna_grand_prix,F1,2025,1151_emilia_romagna_grand_prix,Alpine F1 Team,0.32757685397461994,0.2874999999999943
F1_2025_1151_emilia_romagna_grand_prix,F1,2025,1151_emilia_romagna_grand_prix,Aston Martin,0.10363938901261538,0.09975000000000023
F1_2025_1151_emilia_romagna_grand_prix,F1,2025,1151_emilia_romagna_grand_prix,Ferrari,-0.3059239859374304,-0.25950000000000273
F1_2025_1151_emilia_romagna_grand_prix,F1,2025,1151_emilia_romagna_grand_prix,Haas F1 Team,0.3179727375284318,0.25800000000000267
F1_2025_1151_emilia_romagna_grand_prix,F1,2025,1151_emilia_romagna_grand_prix,McLaren,-1.1124603409126912,-1
F1_2025_1151_emilia_romagna_grand_prix,F1,2025,1151_emilia_romagna_grand_prix,Mercedes,-0.009328915256105231,-0.00549999999999784
F1_2025_1151_emilia_romagna_grand_prix,F1,2025,1151_emilia_romagna_grand_prix,RB F1 Team,0.06666418369061249,0.07099999999999795
F1_2025_1151_emilia_romagna_grand_prix,F1,2025,1151_emilia_romagna_grand_prix,Red Bull,-0.19361663162150833,-0.30675000000000097
F1_2025_1151_emilia_romagna_grand_prix,F1,2025,1151_emilia_romagna_grand_prix,Sauber,0.34380824863733955,0.25
F1_2025_1151_emilia_romagna_grand_prix,F1,2025,1151_emilia_romagna_grand_prix,Williams,-0.17629229864629298,-0.18099999999999739
F1_2025_1152_monaco_grand_prix,F1,2025,1152_monaco_grand_prix,Alpine F1 Team,0.23847217687753272,0.49550000000000693
F1_2025_1152_monaco_grand_prix,F1,2025,1152_monaco_grand_prix,Aston Martin,0.09049502436608398,0.1872499999999988
F1_2025_1152_monaco_grand_prix,F1,2025,1152_monaco_grand_prix,Ferrari,-0.7582539757646428,-1.8624999999999972
F1_2025_1152_monaco_grand_prix,F1,2025,1152_monaco_grand_prix,Haas F1 Team,0.0883260817558932,0.21800000000000352
F1_2025_1152_monaco_grand_prix,F1,2025,1152_monaco_grand_prix,McLaren,-0.9599824862992357,-2.2439999999999927
F1_2025_1152_monaco_grand_prix,F1,2025,1152_monaco_grand_prix,Mercedes,0.28394346339484733,0.7554999999999978
F1_2025_1152_monaco_grand_prix,F1,2025,1152_monaco_grand_prix,RB F1 Team,-0.042331820521888566,-0.11424999999999841
F1_2025_1152_monaco_grand_prix,F1,2025,1152_monaco_grand_prix,Red Bull,-0.13798574181664114,-0.17074999999999818
F1_2025_1152_monaco_grand_prix,F1,2025,1152_monaco_grand_prix,Sauber,0.3453970778738677,0.5419999999999945
F1_2025_1152_monaco_grand_prix,F1,2025,1152_monaco_grand_prix,Williams,0.02567843128663011,0.037750000000002615
F1_2025_1153_spanish_grand_prix,F1,2025,1153_spanish_grand_prix,Alpine F1 Team,0.30554028722047816,0.4239999999999924
F1_2025_1153_spanish_grand_prix,F1,2025,1153_spanish_grand_prix,Aston Martin,0.26161764434861645,0.3240000000000052
F1_2025_1153_spanish_grand_prix,F1,2025,1153_spanish_grand_prix,Ferrari,-0.4409275888563371,-0.6470000000000056
F1_2025_1153_spanish_grand_prix,F1,2025,1153_spanish_grand_prix,Haas F1 Team,0.5171949170616721,0.6314999999999955
F1_2025_1153_spanish_grand_prix,F1,2025,1153_spanish_grand_prix,McLaren,-0.8518654110188641,-1.152000000000001
F1_2025_1153_spanish_grand_prix,F1,2025,1153_spanish_grand_prix,Mercedes,-0.29020487056750166,-0.40500000000000114
F1_2025_1153_spanish_grand_prix,F1,2025,1153_spanish_grand_prix,RB F1 Team,0.0686924399060565,0.10000000000000142
F1_2025_1153_spanish_grand_prix,F1,2025,1153_spanish_grand_prix,Red Bull,-0.27654767127948215,-0.3689999999999998
F1_2025_1153_spanish_grand_prix,F1,2025,1153_spanish_grand_prix,Sauber,0.20875852568694359,0.3439999999999941
F1_2025_1153_spanish_grand_prix,F1,2025,1153_spanish_grand_prix,Williams,0.3203832556734659,0.5985000000000014
F1_2025_1154_canadian_grand_prix,F1,2025,1154_canadian_grand_prix,Alpine F1 Team,0.4712041334611573,0.42199999999999704
F1_2025_1154_canadian_grand_prix,F1,2025,1154_canadian_grand_prix,Aston Martin,0,0
F1_2025_1154_canadian_grand_prix,F1,2025,1154_canadian_grand_prix,Ferrari,-0.7348171960228989,-0.7082500000000067
F1_2025_1154_canadian_grand_prix,F1,2025,1154_canadian_grand_prix,Haas F1 Team,0.24154301283175111,0.2152499999999975
F1_2025_1154_canadian_grand_prix,F1,2025,1154_canadian_grand_prix,McLaren,-1.155775420249367,-1.0692499999999967
F1_2025_1154_canadian_grand_prix,F1,2025,1154_canadian_grand_prix,Mercedes,-1.277460024296801,-1.1337500000000063
F1_2025_1154_canadian_grand_prix,F1,2025,1154_canadian_grand_prix,RB F1 Team,0.5502754431852959,0.47699999999999676
F1_2025_1154_canadian_grand_prix,F1,2025,1154_canadian_grand_prix,Red Bull,0.0012305336165968368,0.0015000000000000568
F1_2025_1154_canadian_grand_prix,F1,2025,1154_canadian_grand_prix,Sauber,0.33618758216319794,0.26200000000000045
F1_2025_1154_canadian_grand_prix,F1,2025,1154_canadian_grand_prix,Williams,0.19371438734537286,0.19599999999999795
F1_2025_1155_austrian_grand_prix,F1,2025,1155_austrian_grand_prix,Alpine F1 Team,0.3974688631520223,0.3680000000000092
F1_2025_1155_austrian_grand_prix,F1,2025,1155_austrian_grand_prix,Aston Martin,0.24354232386316949,0.23699999999999477
F1_2025_1155_austrian_grand_prix,F1,2025,1155_austrian_grand_prix,Ferrari,-0.7438416692416937,-0.7620000000000005
F1_2025_1155_austrian_grand_prix,F1,2025,1155_austrian_grand_prix,Haas F1 Team,0.11712978587113228,0.12100000000000932
F1_2025_1155_austrian_grand_prix,F1,2025,1155_austrian_grand_prix,McLaren,-1.1155582254259928,-1.1857499999999916
F1_2025_1155_austrian_grand_prix,F1,2025,1155_austrian_grand_prix,Mercedes,-0.06838483659861967,-0.06450000000000955
F1_2025_1155_austrian_grand_prix,F1,2025,1155_austrian_grand_prix,RB F1 Team,0.19740797425964715,0.15499999999998693
F1_2025_1155_austrian_grand_prix,F1,2025,1155_austrian_grand_prix,Red Bull,0.22632682039475896,0.22000000000001307
F1_2025_1155_austrian_grand_prix,F1,2025,1155_austrian_grand_prix,Sauber,0,0
F1_2025_1155_austrian_grand_prix,F1,2025,1155_austrian_grand_prix,Williams,-0.06605084298174871,-0.04375000000000995
F1_2025_1156_british_grand_prix,F1,2025,1156_british_grand_prix,Alpine F1 Team,0.038114968020502904,0.05999999999998806
F1_2025_1156_british_grand_prix,F1,2025,1156_british_grand_prix,Aston Martin,0,0
F1_2025_1156_british_grand_prix,F1,2025,1156_british_grand_prix,Ferrari,-0.06297962734963448,-0.05000000000000426
F1_2025_1156_british_grand_prix,F1,2025,1156_british_grand_prix,Haas F1 Team,0.1413780351583941,0.16599999999999682
F1_2025_1156_british_grand_prix,F1,2025,1156_british_grand_prix,McLaren,-1.0708775689367827,-1.5640000000000072
F1_2025_1156_british_grand_prix,F1,2025,1156_british_grand_prix,Mercedes,-0.02241046782941384,-0.04200000000000159
F1_2025_1156_british_grand_prix,F1,2025,1156_british_grand_prix,RB F1 Team,-0.32526673186546606,-1.1125000000000043
F1_2025_1156_british_grand_prix,F1,2025,1156_british_grand_prix,Red Bull,0.1647870337311353,0.2849999999999966
F1_2025_1156_british_grand_prix,F1,2025,1156_british_grand_prix,Sauber,-0.10618438096260333,-0.18099999999999739
F1_2025_1156_british_grand_prix,F1,2025,1156_british_grand_prix,Williams,0.13968506560120164,0.1869999999999905
F1_2025_1157_belgian_grand_prix,F1,2025,1157_belgian_grand_prix,Alpine F1 Team,0.5175807254219565,0.5079999999999814
F1_2025_1157_belgian_grand_prix,F1,2025,1157_belgian_grand_prix,Aston Martin,0.35410647753505875,0.33149999999999125
F1_2025_1157_belgian_grand_prix,F1,2025,1157_belgian_grand_prix,Ferrari,-0.5920638344277235,-0.592250000000007
F1_2025_1157_belgian_grand_prix,F1,2025,1157_belgian_grand_prix,Haas F1 Team,0.26285206927197347,0.3059999999999974
F1_2025_1157_belgian_grand_prix,F1,2025,1157_belgian_grand_prix,McLaren,-1.4042975624407008,-1.2530000000000001
F1_2025_1157_belgian_grand_prix,F1,2025,1157_belgian_grand_prix,Mercedes,-0.12822259543548958,-0.10550000000000637
F1_2025_1157_belgian_grand_prix,F1,2025,1157_belgian_grand_prix,RB F1 Team,0,0
F1_2025_1157_belgian_grand_prix,F1,2025,1157_belgian_grand_prix,Red Bull,-0.41992684219202986,-0.4615000000000009
F1_2025_1157_belgian_grand_prix,F1,2025,1157_belgian_grand_prix,Sauber,0,0
F1_2025_1157_belgian_grand_prix,F1,2025,1157_belgian_grand_prix,Williams,-0.1340103210089092,-0.11925000000000097
F1_2025_1158_hungarian_grand_prix,F1,2025,1158_hungarian_grand_prix,Alpine F1 Team,0.5337878425491942,0.5100000000000051
F1_2025_1158_hungarian_grand_prix,F1,2025,1158_hungarian_grand_prix,Aston Martin,-0.11095270593620017,-0.10950000000000415
F1_2025_1158_hungarian_grand_prix,F1,2025,1158_hungarian_grand_prix,Ferrari,-0.037578784811352545,-0.028999999999996362
F1_2025_1158_hungarian_grand_prix,F1,2025,1158_hungarian_grand_prix,Haas F1 Team,0.5398284086542979,0.5570000000000022
F1_2025_1158_hungarian_grand_prix,F1,2025,1158_hungarian_grand_prix,McLaren,-1.0314728520634697,-1.1099999999999994
F1_2025_1158_hungarian_grand_prix,F1,2025,1158_hungarian_grand_prix,Mercedes,-0.16150082949354672,-0.17900000000000205
F1_2025_1158_hungarian_grand_prix,F1,2025,1158_hungarian_grand_prix,RB F1 Team,0.003596653234798841,0.003999999999990678
F1_2025_1158_hungarian_grand_prix,F1,2025,1158_hungarian_grand_prix,Red Bull,0.01271628269474507,0.013999999999995794
F1_2025_1158_hungarian_grand_prix,F1,2025,1158_hungarian_grand_prix,Sauber,-0.013460380366240159,-0.01649999999999352
F1_2025_1158_hungarian_grand_prix,F1,2025,1158_hungarian_grand_prix,Williams,0.25448126170101604,0.23700000000000188
F1_2025_1159_dutch_grand_prix,F1,2025,1159_dutch_grand_prix,Alpine F1 Team,0.5001486442559389,0.48099999999999454
F1_2025_1159_dutch_grand_prix,F1,2025,1159_dutch_grand_prix,Aston Martin,0.2260459642102444,0.15800000000000125
F1_2025_1159_dutch_grand_prix,F1,2025,1159_dutch_grand_prix,Ferrari,-0.670885452449669,-0.5107500000000016
F1_2025_1159_dutch_grand_prix,F1,2025,1159_dutch_grand_prix,Haas F1 Team,0.6158844469300183,0.5420000000000016
F1_2025_1159_dutch_grand_prix,F1,2025,1159_dutch_grand_prix,McLaren,-1.5950243652305043,-1.3830000000000027
F1_2025_1159_dutch_grand_prix,F1,2025,1159_dutch_grand_prix,Mercedes,-0.3491336447776705,-0.37950000000000017
F1_2025_1159_dutch_grand_prix,F1,2025,1159_dutch_grand_prix,RB F1 Team,-0.35658497333427563,-0.36599999999999966
F1_2025_1159_dutch_grand_prix,F1,2025,1159_dutch_grand_prix,Red Bull,0,0
F1_2025_1159_dutch_grand_prix,F1,2025,1159_dutch_grand_prix,Sauber,0.6208487775829297,0.5057500000000061
F1_2025_1159_dutch_grand_prix,F1,2025,1159_dutch_grand_prix,Williams,-0.04708457744318114,-0.0350000000000108
F1_2025_1160_italian_grand_prix,F1,2025,1160_italian_grand_prix,Alpine F1 Team,0.6014104322121432,0.417500000000004
F1_2025_1160_italian_grand_prix,F1,2025,1160_italian_grand_prix,Aston Martin,0.270896102202639,0.1839999999999975
F1_2025_1160_italian_grand_prix,F1,2025,1160_italian_grand_prix,Ferrari,-0.6410487969485061,-0.4892499999999984
F1_2025_1160_italian_grand_prix,F1,2025,1160_italian_grand_prix,Haas F1 Team,0.15128448739430728,0.10349999999999682
F1_2025_1160_italian_grand_prix,F1,2025,1160_italian_grand_prix,McLaren,-0.8836208717245195,-0.7245000000000061
F1_2025_1160_italian_grand_prix,F1,2025,1160_italian_grand_prix,Mercedes,-0.29886723513485836,-0.21375000000000455
F1_2025_1160_italian_grand_prix,F1,2025,1160_italian_grand_prix,RB F1 Team,0.24632751203682784,0.22000000000000597
F1_2025_1160_italian_grand_prix,F1,2025,1160_italian_grand_prix,Red Bull,-0.15580433376535252,-0.15500000000000114
F1_2025_1160_italian_grand_prix,F1,2025,1160_italian_grand_prix,Sauber,0.022537935796694605,0.011749999999999261
F1_2025_1160_italian_grand_prix,F1,2025,1160_italian_grand_prix,Williams,-9.80698971323243e-4,-5.000000000023874e-4
F1_2025_1161_azerbaijan_grand_prix,F1,2025,1161_azerbaijan_grand_prix,Alpine F1 Team,1.2096849452882277,0.9845000000000041
F1_2025_1161_azerbaijan_grand_prix,F1,2025,1161_azerbaijan_grand_prix,Aston Martin,0.7135266399642748,0.6660000000000039
F1_2025_1161_azerbaijan_grand_prix,F1,2025,1161_azerbaijan_grand_prix,Ferrari,-0.2300124301159172,-0.242999999999995
F1_2025_1161_azerbaijan_grand_prix,F1,2025,1161_azerbaijan_grand_prix,Haas F1 Team,0.8245583906120934,0.75
F1_2025_1161_azerbaijan_grand_prix,F1,2025,1161_azerbaijan_grand_prix,McLaren,-0.25064728833385114,-0.23899999999999721
F1_2025_1161_azerbaijan_grand_prix,F1,2025,1161_azerbaijan_grand_prix,Mercedes,-0.5847256117326658,-0.5260000000000034
F1_2025_1161_azerbaijan_grand_prix,F1,2025,1161_azerbaijan_grand_prix,RB F1 Team,-0.20808167450940457,-0.15350000000000108
F1_2025_1161_azerbaijan_grand_prix,F1,2025,1161_azerbaijan_grand_prix,Red Bull,-0.6736822384286159,-0.6345000000000027
F1_2025_1161_azerbaijan_grand_prix,F1,2025,1161_azerbaijan_grand_prix,Sauber,0.28779816994337387,0.2909999999999968
F1_2025_1161_azerbaijan_grand_prix,F1,2025,1161_azerbaijan_grand_prix,Williams,-0.29942049491682166,-0.31450000000000244
F1_2025_1162_singapore_grand_prix,F1,2025,1162_singapore_grand_prix,Alpine F1 Team,0.4097189752103486,0.5635000000000048
F1_2025_1162_singapore_grand_prix,F1,2025,1162_singapore_grand_prix,Aston Martin,0.04390002435685051,0.04349999999999454
F1_2025_1162_singapore_grand_prix,F1,2025,1162_singapore_grand_prix,Ferrari,-0.8218773988540524,-1.0405000000000086
F1_2025_1162_singapore_grand_prix,F1,2025,1162_singapore_grand_prix,Haas F1 Team,0.28006897906395795,0.3789999999999907
F1_2025_1162_singapore_grand_prix,F1,2025,1162_singapore_grand_prix,McLaren,-0.8908099158977388,-1.1629999999999967
F1_2025_1162_singapore_grand_prix,F1,2025,1162_singapore_grand_prix,Mercedes,-0.8136133208442663,-1.0432500000000076
F1_2025_1162_singapore_grand_prix,F1,2025,1162_singapore_grand_prix,RB F1 Team,0.2109278611230348,0.3504999999999967
F1_2025_1162_singapore_grand_prix,F1,2025,1162_singapore_grand_prix,Red Bull,-0.26651049436009766,-0.4025000000000034
F1_2025_1162_singapore_grand_prix,F1,2025,1162_singapore_grand_prix,Sauber,0.35678640746117085,0.41824999999999335
F1_2025_1162_singapore_grand_prix,F1,2025,1162_singapore_grand_prix,Williams,0.35573689951394133,0.4189999999999827
F1_2025_1163_united_states_grand_prix,F1,2025,1163_united_states_grand_prix,Alpine F1 Team,0.9209645669433917,0.7285000000000039
F1_2025_1163_united_states_grand_prix,F1,2025,1163_united_states_grand_prix,Aston Martin,0.19667675451380176,0.17275000000000063
F1_2025_1163_united_states_grand_prix,F1,2025,1163_united_states_grand_prix,Ferrari,-0.9055087252044467,-0.714500000000001
F1_2025_1163_united_states_grand_prix,F1,2025,1163_united_states_grand_prix,Haas F1 Team,0.21532271734268948,0.18899999999999295
F1_2025_1163_united_states_grand_prix,F1,2025,1163_united_states_grand_prix,McLaren,-0.8811283120055594,-0.6997500000000016
F1_2025_1163_united_states_grand_prix,F1,2025,1163_united_states_grand_prix,Mercedes,-0.3900889857467406,-0.3155000000000001
F1_2025_1163_united_states_grand_prix,F1,2025,1163_united_states_grand_prix,RB F1 Team,0.45192888431409084,0.357999999999997
F1_2025_1163_united_states_grand_prix,F1,2025,1163_united_states_grand_prix,Red Bull,-0.4268648064319024,-0.36649999999999494
F1_2025_1163_united_states_grand_prix,F1,2025,1163_united_states_grand_prix,Sauber,0.0687315443115863,0.044749999999993406
F1_2025_1163_united_states_grand_prix,F1,2025,1163_united_states_grand_prix,Williams,7.171981850487369e-4,5.000000000023874e-4
F1_2025_1164_mexico_city_grand_prix,F1,2025,1164_mexico_city_grand_prix,Alpine F1 Team,0.9676700278930803,0.8799999999999955
F1_2025_1164_mexico_city_grand_prix,F1,2025,1164_mexico_city_grand_prix,Aston Martin,0.1481445345806525,0.11700000000000443
F1_2025_1164_mexico_city_grand_prix,F1,2025,1164_mexico_city_grand_prix,Ferrari,-0.2903010083679272,-0.3850000000000051
F1_2025_1164_mexico_city_grand_prix,F1,2025,1164_mexico_city_grand_prix,Haas F1 Team,-0.008500525492197384,-0.016000000000005343
F1_2025_1164_mexico_city_grand_prix,F1,2025,1164_mexico_city_grand_prix,McLaren,-0.5067477119157195,-0.5760000000000005
F1_2025_1164_mexico_city_grand_prix,F1,2025,1164_mexico_city_grand_prix,Mercedes,-0.389116809975254,-0.37650000000000006
F1_2025_1164_mexico_city_grand_prix,F1,2025,1164_mexico_city_grand_prix,RB F1 Team,0.3595259665577364,0.3924999999999983
F1_2025_1164_mexico_city_grand_prix,F1,2025,1164_mexico_city_grand_prix,Red Bull,-0.15299747660523405,-0.15049999999999386
F1_2025_1164_mexico_city_grand_prix,F1,2025,1164_mexico_city_grand_prix,Sauber,0.3888349434266217,0.4380000000000024
F1_2025_1164_mexico_city_grand_prix,F1,2025,1164_mexico_city_grand_prix,Williams,0.1758812826211487,0.1629999999999967
F1_2025_1165_s_o_paulo_grand_prix,F1,2025,1165_s_o_paulo_grand_prix,Alpine F1 Team,0.1731572562217444,0.13049999999999784
F1_2025_1165_s_o_paulo_grand_prix,F1,2025,1165_s_o_paulo_grand_prix,Aston Martin,0.10949399233912521,0.11300000000000665
F1_2025_1165_s_o_paulo_grand_prix,F1,2025,1165_s_o_paulo_grand_prix,Ferrari,0.501055027485192,0.4827500000000029
F1_2025_1165_s_o_paulo_grand_prix,F1,2025,1165_s_o_paulo_grand_prix,Haas F1 Team,0,0
F1_2025_1165_s_o_paulo_grand_prix,F1,2025,1165_s_o_paulo_grand_prix,McLaren,-0.6579986281696215,-0.5590000000000046
F1_2025_1165_s_o_paulo_grand_prix,F1,2025,1165_s_o_paulo_grand_prix,Mercedes,-0.379593335314953,-0.36700000000000443
F1_2025_1165_s_o_paulo_grand_prix,F1,2025,1165_s_o_paulo_grand_prix,RB F1 Team,0.2914988774781279,0.2990000000000066
F1_2025_1165_s_o_paulo_grand_prix,F1,2025,1165_s_o_paulo_grand_prix,Red Bull,-0.2399584935128133,-0.247000000000007
F1_2025_1165_s_o_paulo_grand_prix,F1,2025,1165_s_o_paulo_grand_prix,Sauber,0.4383836048652735,0.47775000000000034
F1_2025_1165_s_o_paulo_grand_prix,F1,2025,1165_s_o_paulo_grand_prix,Williams,0.27962050690828383,0.2680000000000078
F1_2025_1166_las_vegas_grand_prix,F1,2025,1166_las_vegas_grand_prix,Alpine F1 Team,1.0697667848831616,1.0050000000000026
F1_2025_1166_las_vegas_grand_prix,F1,2025,1166_las_vegas_grand_prix,Aston Martin,0.6665524954149556,0.4900000000000091
F1_2025_1166_las_vegas_grand_prix,F1,2025,1166_las_vegas_grand_prix,Ferrari,-0.11910628351580882,-0.1147500000000079
F1_2025_1166_las_vegas_grand_prix,F1,2025,1166_las_vegas_grand_prix,Haas F1 Team,0.24437254266953723,0.25200000000000955
F1_2025_1166_las_vegas_grand_prix,F1,2025,1166_las_vegas_grand_prix,McLaren,-0.5646540838600477,-0.514249999999997
F1_2025_1166_las_vegas_grand_prix,F1,2025,1166_las_vegas_grand_prix,Mercedes,-0.31143693378901965,-0.2890000000000015
F1_2025_1166_las_vegas_grand_prix,F1,2025,1166_las_vegas_grand_prix,RB F1 Team,0.01901520540648139,0.01274999999999693
F1_2025_1166_las_vegas_grand_prix,F1,2025,1166_las_vegas_grand_prix,Red Bull,-0.38013225694385666,-0.4070000000000036
F1_2025_1166_las_vegas_grand_prix,F1,2025,1166_las_vegas_grand_prix,Sauber,0,0
F1_2025_1166_las_vegas_grand_prix,F1,2025,1166_las_vegas_grand_prix,Williams,-0.18510395503698418,-0.20050000000000523
F1_2025_1167_qatar_grand_prix,F1,2025,1167_qatar_grand_prix,Alpine F1 Team,0.5100120047618715,0.38424999999999443
F1_2025_1167_qatar_grand_prix,F1,2025,1167_qatar_grand_prix,Aston Martin,0,0
F1_2025_1167_qatar_grand_prix,F1,2025,1167_qatar_grand_prix,Ferrari,0.14915151439217034,0.1532499999999999
F1_2025_1167_qatar_grand_prix,F1,2025,1167_qatar_grand_prix,Haas F1 Team,0.24193107708072384,0.2044999999999959
F1_2025_1167_qatar_grand_prix,F1,2025,1167_qatar_grand_prix,McLaren,-1.8836669660542276,-1.304000000000002
F1_2025_1167_qatar_grand_prix,F1,2025,1167_qatar_grand_prix,Mercedes,-0.5612496473415747,-0.41150000000000375
F1_2025_1167_qatar_grand_prix,F1,2025,1167_qatar_grand_prix,RB F1 Team,-0.04016431279241151,-0.03499999999999659
F1_2025_1167_qatar_grand_prix,F1,2025,1167_qatar_grand_prix,Red Bull,-0.1567818661567067,-0.15074999999999505
F1_2025_1167_qatar_grand_prix,F1,2025,1167_qatar_grand_prix,Sauber,0.4849178872573436,0.465999999999994
F1_2025_1167_qatar_grand_prix,F1,2025,1167_qatar_grand_prix,Williams,-0.041496009309631536,-0.02599999999999625
F1_2025_1168_abu_dhabi_grand_prix,F1,2025,1168_abu_dhabi_grand_prix,Alpine F1 Team,0.07542589123644165,0.05775000000000574
F1_2025_1168_abu_dhabi_grand_prix,F1,2025,1168_abu_dhabi_grand_prix,Aston Martin,0.10364920905598432,0.09299999999999642
F1_2025_1168_abu_dhabi_grand_prix,F1,2025,1168_abu_dhabi_grand_prix,Ferrari,-0.8007803666436448,-0.5949999999999989
F1_2025_1168_abu_dhabi_grand_prix,F1,2025,1168_abu_dhabi_grand_prix,Haas F1 Team,0.1837017669383445,0.15474999999999994
F1_2025_1168_abu_dhabi_grand_prix,F1,2025,1168_abu_dhabi_grand_prix,McLaren,-1.2136689821143534,-0.8840000000000003
F1_2025_1168_abu_dhabi_grand_prix,F1,2025,1168_abu_dhabi_grand_prix,Mercedes,-0.03573739320192008,-0.02449999999999619
F1_2025_1168_abu_dhabi_grand_prix,F1,2025,1168_abu_dhabi_grand_prix,RB F1 Team,0.3592124825703464,0.24474999999999625
F1_2025_1168_abu_dhabi_grand_prix,F1,2025,1168_abu_dhabi_grand_prix,Red Bull,-0.386817867407817,-0.3962499999999949
F1_2025_1168_abu_dhabi_grand_prix,F1,2025,1168_abu_dhabi_grand_prix,Sauber,0.20811644724021042,0.1735000000000042
F1_2025_1168_abu_dhabi_grand_prix,F1,2025,1168_abu_dhabi_grand_prix,Williams,0.13320382934623742,0.09250000000000114
F1_2026_1169_australian_grand_prix,F1,2026,1169_australian_grand_prix,Alpine F1 Team,0.3036876237520457,0.5837499999999949
F1_2026_1169_australian_grand_prix,F1,2026,1169_australian_grand_prix,Aston Martin,1.1287384376333973,1.8449999999999918
F1_2026_1169_australian_grand_prix,F1,2026,1169_australian_grand_prix,Audi,-0.04541184061398376,-0.08149999999999125
F1_2026_1169_australian_grand_prix,F1,2026,1169_australian_grand_prix,Cadillac,1.51498558509653,2.275749999999995
F1_2026_1169_australian_grand_prix,F1,2026,1169_australian_grand_prix,Ferrari,-0.8254493213289792,-1.3804999999999978
F1_2026_1169_australian_grand_prix,F1,2026,1169_australian_grand_prix,Haas F1 Team,0.003894682806197136,0.009000000000000341
F1_2026_1169_australian_grand_prix,F1,2026,1169_australian_grand_prix,McLaren,-0.5535022372123217,-1.0507500000000007
F1_2026_1169_australian_grand_prix,F1,2026,1169_australian_grand_prix,Mercedes,-0.9419202361666967,-1.5364999999999966
F1_2026_1169_australian_grand_prix,F1,2026,1169_australian_grand_prix,RB F1 Team,0.09971543442207666,0.16850000000000165
F1_2026_1169_australian_grand_prix,F1,2026,1169_australian_grand_prix,Red Bull,-0.5845242865947775,-1.0030000000000001
F1_2026_1169_australian_grand_prix,F1,2026,1169_australian_grand_prix,Williams,0.36115525394189324,0.588000000000001
F1_2026_1170_chinese_grand_prix,F1,2026,1170_chinese_grand_prix,Alpine F1 Team,-0.1180029396594853,-0.17849999999999966
F1_2026_1170_chinese_grand_prix,F1,2026,1170_chinese_grand_prix,Aston Martin,1.3159879319629346,1.788499999999999
F1_2026_1170_chinese_grand_prix,F1,2026,1170_chinese_grand_prix,Audi,0.11703869538602825,0.12975000000000136
F1_2026_1170_chinese_grand_prix,F1,2026,1170_chinese_grand_prix,Cadillac,1.3127049044962364,1.8739999999999952
F1_2026_1170_chinese_grand_prix,F1,2026,1170_chinese_grand_prix,Ferrari,-0.6961660933927609,-1.0274999999999963
F1_2026_1170_chinese_grand_prix,F1,2026,1170_chinese_grand_prix,Haas F1 Team,-0.02712896434654468,-0.03999999999999204
F1_2026_1170_chinese_grand_prix,F1,2026,1170_chinese_grand_prix,Mercedes,-1.2104525761695202,-1.661999999999992
F1_2026_1170_chinese_grand_prix,F1,2026,1170_chinese_grand_prix,RB F1 Team,0.14005799842753114,0.22424999999999784
F1_2026_1170_chinese_grand_prix,F1,2026,1170_chinese_grand_prix,Red Bull,0,0
F1_2026_1170_chinese_grand_prix,F1,2026,1170_chinese_grand_prix,Williams,0.5087635468936825,0.7137499999999974
F1_2026_1171_japanese_grand_prix,F1,2026,1171_japanese_grand_prix,Alpine F1 Team,-0.05432357950614107,-0.0759999999999934
F1_2026_1171_japanese_grand_prix,F1,2026,1171_japanese_grand_prix,Aston Martin,1.5647697498596453,1.9242500000000007
F1_2026_1171_japanese_grand_prix,F1,2026,1171_japanese_grand_prix,Audi,0.10237904560858055,0.13275000000000858
F1_2026_1171_japanese_grand_prix,F1,2026,1171_japanese_grand_prix,Cadillac,1.3923305832459245,1.8385000000000034
F1_2026_1171_japanese_grand_prix,F1,2026,1171_japanese_grand_prix,Ferrari,-0.8736137260610513,-1.2979999999999947
F1_2026_1171_japanese_grand_prix,F1,2026,1171_japanese_grand_prix,Haas F1 Team,0,0
F1_2026_1171_japanese_grand_prix,F1,2026,1171_japanese_grand_prix,McLaren,-0.9674317671362794,-1.264000000000003
F1_2026_1171_japanese_grand_prix,F1,2026,1171_japanese_grand_prix,Mercedes,-1.0747989057643481,-1.5094999999999956
F1_2026_1171_japanese_grand_prix,F1,2026,1171_japanese_grand_prix,RB F1 Team,0.0660832896883294,0.08050000000001489
F1_2026_1171_japanese_grand_prix,F1,2026,1171_japanese_grand_prix,Red Bull,-0.1985464860406049,-0.2820000000000107
F1_2026_1171_japanese_grand_prix,F1,2026,1171_japanese_grand_prix,Williams,0.3773597315895754,0.4759999999999991
F1_2026_1172_miami_grand_prix,F1,2026,1172_miami_grand_prix,Alpine F1 Team,-0.27349601298057774,-0.4795000000000016
F1_2026_1172_miami_grand_prix,F1,2026,1172_miami_grand_prix,Aston Martin,0.7328428129053833,1.4009999999999962
F1_2026_1172_miami_grand_prix,F1,2026,1172_miami_grand_prix,Audi,0.05288457000753141,0.170499999999997
F1_2026_1172_miami_grand_prix,F1,2026,1172_miami_grand_prix,Cadillac,1.3325151840660203,1.7944999999999993
F1_2026_1172_miami_grand_prix,F1,2026,1172_miami_grand_prix,Ferrari,-0.5276669427524107,-0.9505000000000052
F1_2026_1172_miami_grand_prix,F1,2026,1172_miami_grand_prix,Haas F1 Team,0.16878924814028096,0.271250000000002
F1_2026_1172_miami_grand_prix,F1,2026,1172_miami_grand_prix,McLaren,-0.8555594126659988,-1.5252499999999998
F1_2026_1172_miami_grand_prix,F1,2026,1172_miami_grand_prix,Mercedes,-0.7247743680214946,-1.4249999999999972
F1_2026_1172_miami_grand_prix,F1,2026,1172_miami_grand_prix,RB F1 Team,0.41396915958806874,0.796999999999997
F1_2026_1172_miami_grand_prix,F1,2026,1172_miami_grand_prix,Red Bull,-0.34573027990808347,-0.6329999999999956
F1_2026_1172_miami_grand_prix,F1,2026,1172_miami_grand_prix,Williams,0.00535595816064406,0.005999999999993122
F1_2026_1173_canadian_grand_prix,F1,2026,1173_canadian_grand_prix,Alpine F1 Team,0.009821691184915743,0.01650000000000773
F1_2026_1173_canadian_grand_prix,F1,2026,1173_canadian_grand_prix,Aston Martin,1.4040592341017542,2.5729999999999933
F1_2026_1173_canadian_grand_prix,F1,2026,1173_canadian_grand_prix,Audi,0.14777402299840506,0.25500000000000966
F1_2026_1173_canadian_grand_prix,F1,2026,1173_canadian_grand_prix,Cadillac,1.0271760850265506,1.9100000000000037
F1_2026_1173_canadian_grand_prix,F1,2026,1173_canadian_grand_prix,Ferrari,-0.6747530008407252,-1.1114999999999995
F1_2026_1173_canadian_grand_prix,F1,2026,1173_canadian_grand_prix,Haas F1 Team,0.36157894181315886,0.5685000000000002
F1_2026_1173_canadian_grand_prix,F1,2026,1173_canadian_grand_prix,McLaren,-0.1004650548328101,-0.31400000000000716
F1_2026_1173_canadian_grand_prix,F1,2026,1173_canadian_grand_prix,Mercedes,-0.835919368035182,-1.5444999999999993
F1_2026_1173_canadian_grand_prix,F1,2026,1173_canadian_grand_prix,RB F1 Team,0.12088910991773442,0.19899999999999807
F1_2026_1173_canadian_grand_prix,F1,2026,1173_canadian_grand_prix,Red Bull,-0.6575559250158747,-1.073750000000004
F1_2026_1173_canadian_grand_prix,F1,2026,1173_canadian_grand_prix,Williams,0.0189858873564214,0.03450000000000131
F1_2026_1174_monaco_grand_prix,F1,2026,1174_monaco_grand_prix,Alpine F1 Team,0,0
F1_2026_1174_monaco_grand_prix,F1,2026,1174_monaco_grand_prix,Aston Martin,0.35546999602238427,0.5585000000000093
F1_2026_1174_monaco_grand_prix,F1,2026,1174_monaco_grand_prix,Audi,0.20736507871555218,0.47050000000000125
F1_2026_1174_monaco_grand_prix,F1,2026,1174_monaco_grand_prix,Cadillac,0.5645853026792321,1.1997500000000016
F1_2026_1174_monaco_grand_prix,F1,2026,1174_monaco_grand_prix,Ferrari,-1.088256673421331,-1.742999999999995
F1_2026_1174_monaco_grand_prix,F1,2026,1174_monaco_grand_prix,Haas F1 Team,0.27585879362579885,0.47399999999998954
F1_2026_1174_monaco_grand_prix,F1,2026,1174_monaco_grand_prix,McLaren,-0.3250730775514377,-0.45400000000000773
F1_2026_1174_monaco_grand_prix,F1,2026,1174_monaco_grand_prix,Mercedes,-0.84570552517652,-1.9074999999999989
F1_2026_1174_monaco_grand_prix,F1,2026,1174_monaco_grand_prix,RB F1 Team,0.022287453271103406,0.026499999999998636
F1_2026_1174_monaco_grand_prix,F1,2026,1174_monaco_grand_prix,Red Bull,-0.2584192885456942,-0.737000000000009
F1_2026_1174_monaco_grand_prix,F1,2026,1174_monaco_grand_prix,Williams,0.11254411586586355,0.17825000000000557
F1_2026_1175_barcelona_catalunya_grand_prix,F1,2026,1175_barcelona_catalunya_grand_prix,Alpine F1 Team,0.1042047532212196,0.2292500000000004
F1_2026_1175_barcelona_catalunya_grand_prix,F1,2026,1175_barcelona_catalunya_grand_prix,Aston Martin,0.9175032072073648,1.7220000000000084
F1_2026_1175_barcelona_catalunya_grand_prix,F1,2026,1175_barcelona_catalunya_grand_prix,Audi,0.10713104284185129,0.24849999999999284
F1_2026_1175_barcelona_catalunya_grand_prix,F1,2026,1175_barcelona_catalunya_grand_prix,Cadillac,0.8789977895510379,1.7417500000000103
F1_2026_1175_barcelona_catalunya_grand_prix,F1,2026,1175_barcelona_catalunya_grand_prix,Ferrari,-0.7810910617004014,-1.7904999999999944
F1_2026_1175_barcelona_catalunya_grand_prix,F1,2026,1175_barcelona_catalunya_grand_prix,Haas F1 Team,0.505686535717994,0.8582500000000053
F1_2026_1175_barcelona_catalunya_grand_prix,F1,2026,1175_barcelona_catalunya_grand_prix,McLaren,-0.6186416381758195,-1.4569999999999936
F1_2026_1175_barcelona_catalunya_grand_prix,F1,2026,1175_barcelona_catalunya_grand_prix,Mercedes,-0.7941900969348976,-1.6834999999999951
F1_2026_1175_barcelona_catalunya_grand_prix,F1,2026,1175_barcelona_catalunya_grand_prix,RB F1 Team,0.1420898141533225,0.26575000000000415
F1_2026_1175_barcelona_catalunya_grand_prix,F1,2026,1175_barcelona_catalunya_grand_prix,Red Bull,-0.4389993423509703,-1.2905000000000015
F1_2026_1175_barcelona_catalunya_grand_prix,F1,2026,1175_barcelona_catalunya_grand_prix,Williams,0.35236771437299486,0.8289999999999935
F1_2026_1176_austrian_grand_prix,F1,2026,1176_austrian_grand_prix,Alpine F1 Team,0.2896150641014822,0.4785000000000039
F1_2026_1176_austrian_grand_prix,F1,2026,1176_austrian_grand_prix,Aston Martin,1.350826900424117,1.7319999999999993
F1_2026_1176_austrian_grand_prix,F1,2026,1176_austrian_grand_prix,Audi,0.10827259849491186,0.20250000000000057
F1_2026_1176_austrian_grand_prix,F1,2026,1176_austrian_grand_prix,Cadillac,0.9495944886345747,2.408999999999992
F1_2026_1176_austrian_grand_prix,F1,2026,1176_austrian_grand_prix,Ferrari,-0.564142013324065,-0.9124999999999943
F1_2026_1176_austrian_grand_prix,F1,2026,1176_austrian_grand_prix,Haas F1 Team,0.5567700512904407,0.8125
F1_2026_1176_austrian_grand_prix,F1,2026,1176_austrian_grand_prix,McLaren,-0.5490606733605434,-0.8265000000000029
F1_2026_1176_austrian_grand_prix,F1,2026,1176_austrian_grand_prix,Mercedes,-0.796404513644427,-1.2339999999999947
F1_2026_1176_austrian_grand_prix,F1,2026,1176_austrian_grand_prix,RB F1 Team,0,0
F1_2026_1176_austrian_grand_prix,F1,2026,1176_austrian_grand_prix,Red Bull,-0.5473028551203465,-0.9749999999999943
F1_2026_1176_austrian_grand_prix,F1,2026,1176_austrian_grand_prix,Williams,0.7662260636860093,1.0180000000000007
F1_2026_1177_british_grand_prix,F1,2026,1177_british_grand_prix,Alpine F1 Team,0.04387791702290347,0.10325000000000273
F1_2026_1177_british_grand_prix,F1,2026,1177_british_grand_prix,Aston Martin,1.8154796923340508,2.9479999999999933
F1_2026_1177_british_grand_prix,F1,2026,1177_british_grand_prix,Audi,0,0
F1_2026_1177_british_grand_prix,F1,2026,1177_british_grand_prix,Cadillac,0.9264399044337498,1.620500000000007
F1_2026_1177_british_grand_prix,F1,2026,1177_british_grand_prix,Ferrari,-0.799040491582082,-1.4562499999999972
F1_2026_1177_british_grand_prix,F1,2026,1177_british_grand_prix,Haas F1 Team,0.5382436412022273,0.9109999999999872
F1_2026_1177_british_grand_prix,F1,2026,1177_british_grand_prix,McLaren,-0.44088815647062574,-0.8947499999999877
F1_2026_1177_british_grand_prix,F1,2026,1177_british_grand_prix,Mercedes,-0.8018126914925583,-1.4907500000000056
F1_2026_1177_british_grand_prix,F1,2026,1177_british_grand_prix,RB F1 Team,-0.10068896083860629,-0.2292500000000004
F1_2026_1177_british_grand_prix,F1,2026,1177_british_grand_prix,Red Bull,-0.532812992855511,-1.149000000000001
F1_2026_1177_british_grand_prix,F1,2026,1177_british_grand_prix,Williams,0.4346954705695304,0.7722499999999997
F1_2026_1178_belgian_grand_prix,F1,2026,1178_belgian_grand_prix,Alpine F1 Team,0.06313513475343072,0.12049999999999983
F1_2026_1178_belgian_grand_prix,F1,2026,1178_belgian_grand_prix,Aston Martin,1.982404793766749,3.464499999999987
F1_2026_1178_belgian_grand_prix,F1,2026,1178_belgian_grand_prix,Audi,-0.0011460981258151553,-0.003999999999997783
F1_2026_1178_belgian_grand_prix,F1,2026,1178_belgian_grand_prix,Cadillac,0.9755730255747025,1.9724999999999966
F1_2026_1178_belgian_grand_prix,F1,2026,1178_belgian_grand_prix,Ferrari,-0.7704446238075856,-1.5249999999999986
F1_2026_1178_belgian_grand_prix,F1,2026,1178_belgian_grand_prix,Haas F1 Team,0.2995337510727652,0.5412500000000051
F1_2026_1178_belgian_grand_prix,F1,2026,1178_belgian_grand_prix,McLaren,-0.5540300861875941,-1.2109999999999985
F1_2026_1178_belgian_grand_prix,F1,2026,1178_belgian_grand_prix,Mercedes,-0.9239913463860563,-1.6849999999999952
F1_2026_1178_belgian_grand_prix,F1,2026,1178_belgian_grand_prix,RB F1 Team,-5.38530943092217e-4,-0.0017500000000012506
F1_2026_1178_belgian_grand_prix,F1,2026,1178_belgian_grand_prix,Red Bull,-0.7309327091558617,-1.3815000000000168
F1_2026_1178_belgian_grand_prix,F1,2026,1178_belgian_grand_prix,Williams,0.3279810696009643,0.6640000000000015
F1_2026_1179_hungarian_grand_prix,F1,2026,1179_hungarian_grand_prix,Alpine F1 Team,0.2645136270581516,0.3610000000000042
F1_2026_1179_hungarian_grand_prix,F1,2026,1179_hungarian_grand_prix,Aston Martin,0.23391177588387546,0.40749999999999886
F1_2026_1179_hungarian_grand_prix,F1,2026,1179_hungarian_grand_prix,Audi,0.005457216108572572,0.006000000000000227
F1_2026_1179_hungarian_grand_prix,F1,2026,1179_hungarian_grand_prix,Cadillac,1.2642947555007709,1.7770000000000081
F1_2026_1179_hungarian_grand_prix,F1,2026,1179_hungarian_grand_prix,Ferrari,-0.8817210775233313,-1.4795000000000016
F1_2026_1179_hungarian_grand_prix,F1,2026,1179_hungarian_grand_prix,Haas F1 Team,0.5848473104248824,0.8687499999999986
F1_2026_1179_hungarian_grand_prix,F1,2026,1179_hungarian_grand_prix,McLaren,-1.0334959825953653,-1.8529999999999944
F1_2026_1179_hungarian_grand_prix,F1,2026,1179_hungarian_grand_prix,Mercedes,-0.573888016031504,-1.1297499999999943
F1_2026_1179_hungarian_grand_prix,F1,2026,1179_hungarian_grand_prix,RB F1 Team,0,0
F1_2026_1179_hungarian_grand_prix,F1,2026,1179_hungarian_grand_prix,Red Bull,-0.6687765156505661,-1.1909999999999883
F1_2026_1179_hungarian_grand_prix,F1,2026,1179_hungarian_grand_prix,Williams,0.8591052546680694,1.3242499999999993
IndyCar_2020_5285_gmr_grand_prix,IndyCar,2020,5285_gmr_grand_prix,NA,0,0
IndyCar_2020_5286_104th_running_of_the_indianapolis_500,IndyCar,2020,5286_104th_running_of_the_indianapolis_500,NA,0,0
IndyCar_2020_5290_genesys_300,IndyCar,2020,5290_genesys_300,NA,0,0
IndyCar_2020_5293_iowa_indycar_250s_race_1,IndyCar,2020,5293_iowa_indycar_250s_race_1,NA,0,0
IndyCar_2020_5294_honda_indy_200_at_mid_ohio_race_1,IndyCar,2020,5294_honda_indy_200_at_mid_ohio_race_1,NA,0,0
IndyCar_2020_5295_bommarito_automotive_group_race_1,IndyCar,2020,5295_bommarito_automotive_group_race_1,NA,0,0
IndyCar_2020_5297_rev_group_grand_prix_race_1,IndyCar,2020,5297_rev_group_grand_prix_race_1,NA,0,0
IndyCar_2020_5298_firestone_grand_prix_of_st_petersburg,IndyCar,2020,5298_firestone_grand_prix_of_st_petersburg,NA,0,0
IndyCar_2020_5353_iowa_indycar_250s_race_2,IndyCar,2020,5353_iowa_indycar_250s_race_2,NA,0,0
IndyCar_2020_5355_indycar_harvest_gp_race_1,IndyCar,2020,5355_indycar_harvest_gp_race_1,NA,0,0
IndyCar_2020_5356_rev_group_grand_prix_race_2,IndyCar,2020,5356_rev_group_grand_prix_race_2,NA,0,0
IndyCar_2020_5357_honda_indy_200_at_mid_ohio_race_2,IndyCar,2020,5357_honda_indy_200_at_mid_ohio_race_2,NA,0,0
IndyCar_2020_5358_bommarito_automotive_group_race_2,IndyCar,2020,5358_bommarito_automotive_group_race_2,NA,0,0
IndyCar_2020_5359_indycar_harvest_gp_race_2,IndyCar,2020,5359_indycar_harvest_gp_race_2,NA,0,0
IndyCar_2021_5283_acura_grand_prix_of_long_beach,IndyCar,2021,5283_acura_grand_prix_of_long_beach,NA,0,0
IndyCar_2021_5287_chevrolet_detroit_grand_prix_race_1,IndyCar,2021,5287_chevrolet_detroit_grand_prix_race_1,NA,0,0
IndyCar_2021_5288_chevrolet_detroit_grand_prix_race_2,IndyCar,2021,5288_chevrolet_detroit_grand_prix_race_2,NA,0,0
IndyCar_2021_5289_honda_indy_grand_prix_of_alabama,IndyCar,2021,5289_honda_indy_grand_prix_of_alabama,NA,0,0
IndyCar_2021_5296_grand_prix_of_portland,IndyCar,2021,5296_grand_prix_of_portland,NA,0,0
IndyCar_2021_5354_firestone_grand_prix_of_monterey,IndyCar,2021,5354_firestone_grand_prix_of_monterey,NA,0,0
IndyCar_2021_5360_firestone_grand_prix_of_st_petersburg,IndyCar,2021,5360_firestone_grand_prix_of_st_petersburg,NA,0,0
IndyCar_2021_5361_bommarito_automotive_group_500,IndyCar,2021,5361_bommarito_automotive_group_500,NA,0,0
IndyCar_2021_5362_big_machine_music_city_grand_prix,IndyCar,2021,5362_big_machine_music_city_grand_prix,NA,0,0
IndyCar_2021_5363_honda_indy_200_at_mid_ohio,IndyCar,2021,5363_honda_indy_200_at_mid_ohio,NA,0,0
IndyCar_2021_5364_big_machine_spiked_coolers_grand_prix,IndyCar,2021,5364_big_machine_spiked_coolers_grand_prix,NA,0,0
IndyCar_2021_5365_105th_running_of_the_indianapolis_500,IndyCar,2021,5365_105th_running_of_the_indianapolis_500,NA,0,0
IndyCar_2021_5366_gmr_grand_prix,IndyCar,2021,5366_gmr_grand_prix,NA,0,0
IndyCar_2021_5367_xpel_375,IndyCar,2021,5367_xpel_375,NA,0,0
IndyCar_2021_5368_genesys_300,IndyCar,2021,5368_genesys_300,NA,0,0
IndyCar_2021_5369_rev_group_grand_prix,IndyCar,2021,5369_rev_group_grand_prix,NA,0,0
IndyCar_2022_5370_firestone_grand_prix_of_monterey,IndyCar,2022,5370_firestone_grand_prix_of_monterey,NA,0,0
IndyCar_2022_5371_acura_grand_prix_of_long_beach,IndyCar,2022,5371_acura_grand_prix_of_long_beach,NA,0,0
IndyCar_2022_5372_honda_indy_grand_prix_of_alabama,IndyCar,2022,5372_honda_indy_grand_prix_of_alabama,NA,0,0
IndyCar_2022_5373_gmr_grand_prix,IndyCar,2022,5373_gmr_grand_prix,NA,0,0
IndyCar_2022_5374_106th_running_of_the_indianapolis_500,IndyCar,2022,5374_106th_running_of_the_indianapolis_500,NA,0,0
IndyCar_2022_5375_chevrolet_detroit_grand_prix,IndyCar,2022,5375_chevrolet_detroit_grand_prix,NA,0,0
IndyCar_2022_5376_sonsio_grand_prix_at_road_america,IndyCar,2022,5376_sonsio_grand_prix_at_road_america,NA,0,0
IndyCar_2022_5377_xpel_375,IndyCar,2022,5377_xpel_375,NA,0,0
IndyCar_2022_5378_honda_indy_200_at_mid_ohio,IndyCar,2022,5378_honda_indy_200_at_mid_ohio,NA,0,0
IndyCar_2022_5379_hy_veedeals_com_250,IndyCar,2022,5379_hy_veedeals_com_250,NA,0,0
IndyCar_2022_5380_hy_vee_salute_to_farmers_300,IndyCar,2022,5380_hy_vee_salute_to_farmers_300,NA,0,0
IndyCar_2022_5381_gallagher_grand_prix,IndyCar,2022,5381_gallagher_grand_prix,NA,0,0
IndyCar_2022_5382_big_machine_music_city_grand_prix,IndyCar,2022,5382_big_machine_music_city_grand_prix,NA,0,0
IndyCar_2022_5383_bommarito_automotive_group_500,IndyCar,2022,5383_bommarito_automotive_group_500,NA,0,0
IndyCar_2022_5384_grand_prix_of_portland,IndyCar,2022,5384_grand_prix_of_portland,NA,0,0
IndyCar_2022_5385_honda_indy_toronto,IndyCar,2022,5385_honda_indy_toronto,NA,0,0
IndyCar_2022_5386_firestone_grand_prix_of_st_petersburg,IndyCar,2022,5386_firestone_grand_prix_of_st_petersburg,NA,0,0
IndyCar_2023_5421_firestone_grand_prix_of_st_petersburg,IndyCar,2023,5421_firestone_grand_prix_of_st_petersburg,NA,0,0
IndyCar_2023_5422_bommarito_automotive_group_500,IndyCar,2023,5422_bommarito_automotive_group_500,NA,0,0
IndyCar_2023_5423_big_machine_music_city_grand_prix,IndyCar,2023,5423_big_machine_music_city_grand_prix,NA,0,0
IndyCar_2023_5424_gallagher_grand_prix,IndyCar,2023,5424_gallagher_grand_prix,NA,0,0
IndyCar_2023_5425_hy_vee_one_step_250,IndyCar,2023,5425_hy_vee_one_step_250,NA,0,0
IndyCar_2023_5426_hy_vee_homefront_250,IndyCar,2023,5426_hy_vee_homefront_250,NA,0,0
IndyCar_2023_5427_honda_indy_toronto,IndyCar,2023,5427_honda_indy_toronto,NA,0,0
IndyCar_2023_5428_bitnile_com_grand_prix_of_portland,IndyCar,2023,5428_bitnile_com_grand_prix_of_portland,NA,0,0
IndyCar_2023_5429_honda_indy_200_at_mid_ohio,IndyCar,2023,5429_honda_indy_200_at_mid_ohio,NA,0,0
IndyCar_2023_5430_chevrolet_detroit_grand_prix,IndyCar,2023,5430_chevrolet_detroit_grand_prix,NA,0,0
IndyCar_2023_5431_107th_running_of_the_indianapolis_500,IndyCar,2023,5431_107th_running_of_the_indianapolis_500,NA,0,0
IndyCar_2023_5432_gmr_grand_prix,IndyCar,2023,5432_gmr_grand_prix,NA,0,0
IndyCar_2023_5433_children_s_of_alabama_indy_grand_prix,IndyCar,2023,5433_children_s_of_alabama_indy_grand_prix,NA,0,0
IndyCar_2023_5434_acura_grand_prix_of_long_beach,IndyCar,2023,5434_acura_grand_prix_of_long_beach,NA,0,0
IndyCar_2023_5435_ppg_375,IndyCar,2023,5435_ppg_375,NA,0,0
IndyCar_2023_5436_sonsio_grand_prix_at_road_america,IndyCar,2023,5436_sonsio_grand_prix_at_road_america,NA,0,0
IndyCar_2023_5437_firestone_grand_prix_of_monterey,IndyCar,2023,5437_firestone_grand_prix_of_monterey,NA,0,0
IndyCar_2024_5452_chevrolet_detroit_grand_prix,IndyCar,2024,5452_chevrolet_detroit_grand_prix,NA,0,0
IndyCar_2024_5453_acura_grand_prix_of_long_beach,IndyCar,2024,5453_acura_grand_prix_of_long_beach,NA,0,0
IndyCar_2024_5454_firestone_grand_prix_of_st_petersburg,IndyCar,2024,5454_firestone_grand_prix_of_st_petersburg,NA,0,0
IndyCar_2024_5455_hy_vee_milwaukee_mile_250_race_1,IndyCar,2024,5455_hy_vee_milwaukee_mile_250_race_1,NA,0,0
IndyCar_2024_5457_sonsio_grand_prix,IndyCar,2024,5457_sonsio_grand_prix,NA,0,0
IndyCar_2024_5458_bommarito_automotive_group_500,IndyCar,2024,5458_bommarito_automotive_group_500,NA,0,0
IndyCar_2024_5459_honda_indy_200_at_mid_ohio,IndyCar,2024,5459_honda_indy_200_at_mid_ohio,NA,0,0
IndyCar_2024_5460_big_machine_music_city_grand_prix,IndyCar,2024,5460_big_machine_music_city_grand_prix,NA,0,0
IndyCar_2024_5461_bitnile_com_grand_prix_of_portland,IndyCar,2024,5461_bitnile_com_grand_prix_of_portland,NA,0,0
IndyCar_2024_5462_ontario_honda_dealers_indy_toronto,IndyCar,2024,5462_ontario_honda_dealers_indy_toronto,NA,0,0
IndyCar_2024_5463_hy_vee_one_step_250,IndyCar,2024,5463_hy_vee_one_step_250,NA,0,0
IndyCar_2024_5464_xpel_grand_prix_at_road_america,IndyCar,2024,5464_xpel_grand_prix_at_road_america,NA,0,0
IndyCar_2024_5465_108th_running_of_the_indianapolis_500,IndyCar,2024,5465_108th_running_of_the_indianapolis_500,NA,0,0
IndyCar_2024_5466_hy_vee_homefront_250,IndyCar,2024,5466_hy_vee_homefront_250,NA,0,0
IndyCar_2024_5467_firestone_grand_prix_of_monterey,IndyCar,2024,5467_firestone_grand_prix_of_monterey,NA,0,0
IndyCar_2024_5468_children_s_of_alabama_indy_grand_prix,IndyCar,2024,5468_children_s_of_alabama_indy_grand_prix,NA,0,0
IndyCar_2024_5469_hy_vee_milwaukee_mile_250_race_2,IndyCar,2024,5469_hy_vee_milwaukee_mile_250_race_2,NA,0,0
IndyCar_2025_5498_borchetta_bourbon_music_city_grand_prix,IndyCar,2025,5498_borchetta_bourbon_music_city_grand_prix,NA,0,0
IndyCar_2025_5499_acura_grand_prix_of_long_beach,IndyCar,2025,5499_acura_grand_prix_of_long_beach,NA,0,0
IndyCar_2025_5500_children_s_of_alabama_indy_grand_prix,IndyCar,2025,5500_children_s_of_alabama_indy_grand_prix,NA,0,0
IndyCar_2025_5501_sonsio_grand_prix,IndyCar,2025,5501_sonsio_grand_prix,NA,0,0
IndyCar_2025_5502_109th_running_of_the_indianapolis_500,IndyCar,2025,5502_109th_running_of_the_indianapolis_500,NA,0,0
IndyCar_2025_5503_chevrolet_detroit_grand_prix,IndyCar,2025,5503_chevrolet_detroit_grand_prix,NA,0,0
IndyCar_2025_5504_bommarito_automotive_group_500,IndyCar,2025,5504_bommarito_automotive_group_500,NA,0,0
IndyCar_2025_5505_the_thermal_club_indycar_grand_prix,IndyCar,2025,5505_the_thermal_club_indycar_grand_prix,NA,0,0
IndyCar_2025_5506_xpel_grand_prix_at_road_america,IndyCar,2025,5506_xpel_grand_prix_at_road_america,NA,0,0
IndyCar_2025_5507_synk_275,IndyCar,2025,5507_synk_275,NA,0,0
IndyCar_2025_5508_farm_to_finish_275,IndyCar,2025,5508_farm_to_finish_275,NA,0,0
IndyCar_2025_5509_ontario_honda_dealers_indy_toronto,IndyCar,2025,5509_ontario_honda_dealers_indy_toronto,NA,0,0
IndyCar_2025_5510_java_house_grand_prix_of_monterey,IndyCar,2025,5510_java_house_grand_prix_of_monterey,NA,0,0
IndyCar_2025_5511_bitnile_com_grand_prix_of_portland,IndyCar,2025,5511_bitnile_com_grand_prix_of_portland,NA,0,0
IndyCar_2025_5512_snap_on_milwaukee_mile_250,IndyCar,2025,5512_snap_on_milwaukee_mile_250,NA,0,0
IndyCar_2025_5513_honda_indy_200_at_mid_ohio,IndyCar,2025,5513_honda_indy_200_at_mid_ohio,NA,0,0
IndyCar_2025_5514_firestone_grand_prix_of_st_petersburg,IndyCar,2025,5514_firestone_grand_prix_of_st_petersburg,NA,0,0
IndyCar_2026_5515_firestone_grand_prix_of_st_petersburg,IndyCar,2026,5515_firestone_grand_prix_of_st_petersburg,NA,0,0
IndyCar_2026_5517_java_house_grand_prix_of_arlington,IndyCar,2026,5517_java_house_grand_prix_of_arlington,NA,0,0
IndyCar_2026_5518_good_ranchers_250,IndyCar,2026,5518_good_ranchers_250,NA,0,0
IndyCar_2026_5523_honda_indy_200_at_mid_ohio,IndyCar,2026,5523_honda_indy_200_at_mid_ohio,NA,0,0
IndyCar_2026_5524_bommarito_automotive_group_500,IndyCar,2026,5524_bommarito_automotive_group_500,NA,0,0
IndyCar_2026_5525_chevrolet_detroit_grand_prix,IndyCar,2026,5525_chevrolet_detroit_grand_prix,NA,0,0
IndyCar_2026_5526_110th_running_of_the_indianapolis_500,IndyCar,2026,5526_110th_running_of_the_indianapolis_500,NA,0,0
IndyCar_2026_5527_sonsio_grand_prix,IndyCar,2026,5527_sonsio_grand_prix,NA,0,0
IndyCar_2026_5528_children_s_of_alabama_indy_grand_prix,IndyCar,2026,5528_children_s_of_alabama_indy_grand_prix,NA,0,0
IndyCar_2026_5529_acura_grand_prix_of_long_beach,IndyCar,2026,5529_acura_grand_prix_of_long_beach,NA,0,0
IndyCar_2026_5530_xpel_grand_prix_at_road_america,IndyCar,2026,5530_xpel_grand_prix_at_road_america,NA,0,0
IndyCar_2026_5531_borchetta_bourbon_music_city_grand_prix,IndyCar,2026,5531_borchetta_bourbon_music_city_grand_prix,NA,0,0
NASCAR_2020_4868_busch_clash_at_daytona,NASCAR,2020,4868_busch_clash_at_daytona,Chip Ganassi Racing,0.36868954138253185,0.07225000000000037
NASCAR_2020_4868_busch_clash_at_daytona,NASCAR,2020,4868_busch_clash_at_daytona,Hendrick Motorsports,0.45077905396251605,0.07624999999999815
NASCAR_2020_4868_busch_clash_at_daytona,NASCAR,2020,4868_busch_clash_at_daytona,Joe Gibbs Racing,-0.1337961565646075,-0.012500000000002842
NASCAR_2020_4868_busch_clash_at_daytona,NASCAR,2020,4868_busch_clash_at_daytona,Richard Childress Racing,0.1877499845747008,0.05799999999999983
NASCAR_2020_4868_busch_clash_at_daytona,NASCAR,2020,4868_busch_clash_at_daytona,Roush Fenway Racing,-0.03308177826714157,-0.017000000000003013
NASCAR_2020_4868_busch_clash_at_daytona,NASCAR,2020,4868_busch_clash_at_daytona,Stewart-Haas Racing,-0.11490475050280038,-0.021999999999998465
NASCAR_2020_4868_busch_clash_at_daytona,NASCAR,2020,4868_busch_clash_at_daytona,Team Penske,-0.07923282461492678,-0.011000000000002785
NASCAR_2020_4869_bluegreen_vacations_duel_1_at_daytona,NASCAR,2020,4869_bluegreen_vacations_duel_1_at_daytona,Front Row Motorsports,-0.10082874311189943,-0.01325000000000287
NASCAR_2020_4869_bluegreen_vacations_duel_1_at_daytona,NASCAR,2020,4869_bluegreen_vacations_duel_1_at_daytona,Gaunt Brothers Racing,0.02893837016543812,0.012499999999995737
NASCAR_2020_4869_bluegreen_vacations_duel_1_at_daytona,NASCAR,2020,4869_bluegreen_vacations_duel_1_at_daytona,Hendrick Motorsports,0.004369401291872531,0.0024999999999977263
NASCAR_2020_4869_bluegreen_vacations_duel_1_at_daytona,NASCAR,2020,4869_bluegreen_vacations_duel_1_at_daytona,JTG Daugherty Racing,0,0
NASCAR_2020_4869_bluegreen_vacations_duel_1_at_daytona,NASCAR,2020,4869_bluegreen_vacations_duel_1_at_daytona,Joe Gibbs Racing,-0.0012335983700597216,-5.000000000023874e-4
NASCAR_2020_4869_bluegreen_vacations_duel_1_at_daytona,NASCAR,2020,4869_bluegreen_vacations_duel_1_at_daytona,Kaulig Racing,-0.015452770089478561,-0.014000000000002899
NASCAR_2020_4869_bluegreen_vacations_duel_1_at_daytona,NASCAR,2020,4869_bluegreen_vacations_duel_1_at_daytona,Leavine Family Racing,-0.007799391516328493,-0.0030000000000001137
NASCAR_2020_4869_bluegreen_vacations_duel_1_at_daytona,NASCAR,2020,4869_bluegreen_vacations_duel_1_at_daytona,Motorsports Business Management,1.4340375039938735,2.1679999999999993
NASCAR_2020_4869_bluegreen_vacations_duel_1_at_daytona,NASCAR,2020,4869_bluegreen_vacations_duel_1_at_daytona,Petty Ware Racing,2.547260184167679,2.6069999999999993
NASCAR_2020_4869_bluegreen_vacations_duel_1_at_daytona,NASCAR,2020,4869_bluegreen_vacations_duel_1_at_daytona,Premium Motorsports,0.32973025215844237,0.06350000000000477
NASCAR_2020_4869_bluegreen_vacations_duel_1_at_daytona,NASCAR,2020,4869_bluegreen_vacations_duel_1_at_daytona,Richard Childress Racing,-0.05125406516391713,-0.009000000000014552
NASCAR_2020_4869_bluegreen_vacations_duel_1_at_daytona,NASCAR,2020,4869_bluegreen_vacations_duel_1_at_daytona,Richard Petty Motorsports,0.018503975550808172,0.0029999999999930083
NASCAR_2020_4869_bluegreen_vacations_duel_1_at_daytona,NASCAR,2020,4869_bluegreen_vacations_duel_1_at_daytona,Roush Fenway Racing,-0.05155391457913253,-0.00549999999999784
NASCAR_2020_4869_bluegreen_vacations_duel_1_at_daytona,NASCAR,2020,4869_bluegreen_vacations_duel_1_at_daytona,StarCom Racing,0.7330969391916873,0.17150000000000176
NASCAR_2020_4869_bluegreen_vacations_duel_1_at_daytona,NASCAR,2020,4869_bluegreen_vacations_duel_1_at_daytona,Stewart-Haas Racing,-0.0013153804620656523,-7.500000000000284e-4
NASCAR_2020_4869_bluegreen_vacations_duel_1_at_daytona,NASCAR,2020,4869_bluegreen_vacations_duel_1_at_daytona,Team Penske,0,0
NASCAR_2020_4870_bluegreen_vacations_duel_2_at_daytona,NASCAR,2020,4870_bluegreen_vacations_duel_2_at_daytona,Beard Motorsports,0.5575896976403824,0.1599999999999966
NASCAR_2020_4870_bluegreen_vacations_duel_2_at_daytona,NASCAR,2020,4870_bluegreen_vacations_duel_2_at_daytona,Chip Ganassi Racing,0,0
NASCAR_2020_4870_bluegreen_vacations_duel_2_at_daytona,NASCAR,2020,4870_bluegreen_vacations_duel_2_at_daytona,Front Row Motorsports,-0.022717027342746138,-0.0024999999999977263
NASCAR_2020_4870_bluegreen_vacations_duel_2_at_daytona,NASCAR,2020,4870_bluegreen_vacations_duel_2_at_daytona,GO FAS Racing,0.6108155558531729,0.13649999999999807
NASCAR_2020_4870_bluegreen_vacations_duel_2_at_daytona,NASCAR,2020,4870_bluegreen_vacations_duel_2_at_daytona,Germain Racing,-0.0033639925631541432,-0.0030000000000001137
NASCAR_2020_4870_bluegreen_vacations_duel_2_at_daytona,NASCAR,2020,4870_bluegreen_vacations_duel_2_at_daytona,Hendrick Motorsports,0,0
NASCAR_2020_4870_bluegreen_vacations_duel_2_at_daytona,NASCAR,2020,4870_bluegreen_vacations_duel_2_at_daytona,Joe Gibbs Racing,-0.044811929901063086,-0.021999999999998465
NASCAR_2020_4870_bluegreen_vacations_duel_2_at_daytona,NASCAR,2020,4870_bluegreen_vacations_duel_2_at_daytona,Motorsports Business Management,0.7815516939792917,0.4412500000000037
NASCAR_2020_4870_bluegreen_vacations_duel_2_at_daytona,NASCAR,2020,4870_bluegreen_vacations_duel_2_at_daytona,Premium Motorsports,0,0
NASCAR_2020_4870_bluegreen_vacations_duel_2_at_daytona,NASCAR,2020,4870_bluegreen_vacations_duel_2_at_daytona,Richard Childress Racing,-0.11578075510400287,-0.040500000000001535
NASCAR_2020_4870_bluegreen_vacations_duel_2_at_daytona,NASCAR,2020,4870_bluegreen_vacations_duel_2_at_daytona,Rick Ware Racing,0.11792665498315594,0.01774999999999949
NASCAR_2020_4870_bluegreen_vacations_duel_2_at_daytona,NASCAR,2020,4870_bluegreen_vacations_duel_2_at_daytona,Spire Motorsports,-0.050535020298498365,-0.005750000000002586
NASCAR_2020_4870_bluegreen_vacations_duel_2_at_daytona,NASCAR,2020,4870_bluegreen_vacations_duel_2_at_daytona,Stewart-Haas Racing,-0.03448984260274089,-0.006250000000001421
NASCAR_2020_4870_bluegreen_vacations_duel_2_at_daytona,NASCAR,2020,4870_bluegreen_vacations_duel_2_at_daytona,Wood Brothers Racing,-0.015248953390314755,-0.006250000000001421
NASCAR_2020_4871_daytona_500,NASCAR,2020,4871_daytona_500,Beard Motorsports,0.058526852961349435,0.022999999999996135
NASCAR_2020_4871_daytona_500,NASCAR,2020,4871_daytona_500,Chip Ganassi Racing,-0.0022870535367074743,-0.0015000000000000568
NASCAR_2020_4871_daytona_500,NASCAR,2020,4871_daytona_500,Front Row Motorsports,0.02866524163022481,0.016500000000000625
NASCAR_2020_4871_daytona_500,NASCAR,2020,4871_daytona_500,GO FAS Racing,0.2698260688434584,0.12100000000000222
NASCAR_2020_4871_daytona_500,NASCAR,2020,4871_daytona_500,Germain Racing,-0.11590142932104058,-0.037499999999994316
NASCAR_2020_4871_daytona_500,NASCAR,2020,4871_daytona_500,Hendrick Motorsports,-0.16351281062819745,-0.05600000000000449
NASCAR_2020_4871_daytona_500,NASCAR,2020,4871_daytona_500,JTG Daugherty Racing,-0.02944642704863283,-0.00999999999999801
NASCAR_2020_4871_daytona_500,NASCAR,2020,4871_daytona_500,Joe Gibbs Racing,0.01614753874732585,0.0070000000000014495
NASCAR_2020_4871_daytona_500,NASCAR,2020,4871_daytona_500,Kaulig Racing,0.057789359536024584,0.021999999999994913
NASCAR_2020_4871_daytona_500,NASCAR,2020,4871_daytona_500,Leavine Family Racing,0.03169155557222216,0.02049999999999841
NASCAR_2020_4871_daytona_500,NASCAR,2020,4871_daytona_500,Motorsports Business Management,0.008672533508726292,0.0020000000000024443
NASCAR_2020_4871_daytona_500,NASCAR,2020,4871_daytona_500,Petty Ware Racing,1.0901021370485466,0.5295000000000023
NASCAR_2020_4871_daytona_500,NASCAR,2020,4871_daytona_500,Premium Motorsports,0.2422702839772131,0.09900000000000375
NASCAR_2020_4871_daytona_500,NASCAR,2020,4871_daytona_500,Richard Childress Racing,-0.038409402865769084,-0.01999999999999602
NASCAR_2020_4871_daytona_500,NASCAR,2020,4871_daytona_500,Richard Petty Motorsports,0.1461649572937252,0.04650000000000176
NASCAR_2020_4871_daytona_500,NASCAR,2020,4871_daytona_500,Rick Ware Racing,0.03236123163827281,0.014000000000002899
NASCAR_2020_4871_daytona_500,NASCAR,2020,4871_daytona_500,Roush Fenway Racing,-0.041222254467672234,-0.016999999999995907
NASCAR_2020_4871_daytona_500,NASCAR,2020,4871_daytona_500,Spire Motorsports,-0.05156771121156033,-0.02699999999999747
NASCAR_2020_4871_daytona_500,NASCAR,2020,4871_daytona_500,StarCom Racing,0.22669910481500732,0.0689999999999884
NASCAR_2020_4871_daytona_500,NASCAR,2020,4871_daytona_500,Stewart-Haas Racing,0.07280588768996518,0.027000000000001023
NASCAR_2020_4871_daytona_500,NASCAR,2020,4871_daytona_500,Team Penske,-0.03533577227230219,-0.017000000000003013
NASCAR_2020_4871_daytona_500,NASCAR,2020,4871_daytona_500,Wood Brothers Racing,-0.05407867977822345,-0.018000000000000682
NASCAR_2020_4873_pennzoil_400,NASCAR,2020,4873_pennzoil_400,Chip Ganassi Racing,-0.1944107841885613,-0.1680000000000028
NASCAR_2020_4873_pennzoil_400,NASCAR,2020,4873_pennzoil_400,Front Row Motorsports,0.19261585820414542,0.14649999999999963
NASCAR_2020_4873_pennzoil_400,NASCAR,2020,4873_pennzoil_400,GO FAS Racing,0.4584532625300436,0.323500000000001
NASCAR_2020_4873_pennzoil_400,NASCAR,2020,4873_pennzoil_400,Gaunt Brothers Racing,0.4399986857758081,0.30799999999999983
NASCAR_2020_4873_pennzoil_400,NASCAR,2020,4873_pennzoil_400,Germain Racing,0.11292329697366696,0.08500000000000085
NASCAR_2020_4873_pennzoil_400,NASCAR,2020,4873_pennzoil_400,Hendrick Motorsports,-0.3664916835524012,-0.27449999999999974
NASCAR_2020_4873_pennzoil_400,NASCAR,2020,4873_pennzoil_400,JTG Daugherty Racing,-0.005472273807790445,-0.0070000000000014495
NASCAR_2020_4873_pennzoil_400,NASCAR,2020,4873_pennzoil_400,Joe Gibbs Racing,-0.03647950854859957,-0.027000000000001023
NASCAR_2020_4873_pennzoil_400,NASCAR,2020,4873_pennzoil_400,Leavine Family Racing,0.1548778697505808,0.11299999999999955
NASCAR_2020_4873_pennzoil_400,NASCAR,2020,4873_pennzoil_400,Motorsports Business Management,2.928770552158747,2.0214999999999996
NASCAR_2020_4873_pennzoil_400,NASCAR,2020,4873_pennzoil_400,Petty Ware Racing,2.4371486223391265,1.7019999999999982
NASCAR_2020_4873_pennzoil_400,NASCAR,2020,4873_pennzoil_400,Premium Motorsports,0.7781534887130944,0.5350000000000001
NASCAR_2020_4873_pennzoil_400,NASCAR,2020,4873_pennzoil_400,Richard Childress Racing,-0.04557081647476163,-0.03950000000000031
NASCAR_2020_4873_pennzoil_400,NASCAR,2020,4873_pennzoil_400,Richard Petty Motorsports,0.07681870578821191,0.05450000000000088
NASCAR_2020_4873_pennzoil_400,NASCAR,2020,4873_pennzoil_400,Rick Ware Racing,1.2406727337267103,0.8890000000000029
NASCAR_2020_4873_pennzoil_400,NASCAR,2020,4873_pennzoil_400,Roush Fenway Racing,-0.04975515018975644,-0.0400000000000027
NASCAR_2020_4873_pennzoil_400,NASCAR,2020,4873_pennzoil_400,Spire Motorsports,2.4030748108723694,1.8337499999999967
NASCAR_2020_4873_pennzoil_400,NASCAR,2020,4873_pennzoil_400,StarCom Racing,1.8628690427917585,1.3610000000000042
NASCAR_2020_4873_pennzoil_400,NASCAR,2020,4873_pennzoil_400,Stewart-Haas Racing,-0.01855988832688077,-0.015499999999999403
NASCAR_2020_4873_pennzoil_400,NASCAR,2020,4873_pennzoil_400,Team Penske,-0.37671417810607005,-0.2859999999999978
NASCAR_2020_4873_pennzoil_400,NASCAR,2020,4873_pennzoil_400,Wood Brothers Racing,-0.1512465745702499,-0.11500000000000199
NASCAR_2020_4874_fanshield_500,NASCAR,2020,4874_fanshield_500,Chip Ganassi Racing,-0.1469695382362829,-0.0832499999999996
NASCAR_2020_4874_fanshield_500,NASCAR,2020,4874_fanshield_500,Front Row Motorsports,0.23030713688561105,0.1252500000000012
NASCAR_2020_4874_fanshield_500,NASCAR,2020,4874_fanshield_500,GO FAS Racing,0.14890799949945027,0.10475000000000101
NASCAR_2020_4874_fanshield_500,NASCAR,2020,4874_fanshield_500,Gaunt Brothers Racing,0.8599124298168186,0.4109999999999996
NASCAR_2020_4874_fanshield_500,NASCAR,2020,4874_fanshield_500,Germain Racing,0.05228796122148312,0.030500000000001748
NASCAR_2020_4874_fanshield_500,NASCAR,2020,4874_fanshield_500,Hendrick Motorsports,-0.15039556891048936,-0.08699999999999974
NASCAR_2020_4874_fanshield_500,NASCAR,2020,4874_fanshield_500,JTG Daugherty Racing,0.1608815388407988,0.0849999999999973
NASCAR_2020_4874_fanshield_500,NASCAR,2020,4874_fanshield_500,Joe Gibbs Racing,-0.22082603452071295,-0.11699999999999733
NASCAR_2020_4874_fanshield_500,NASCAR,2020,4874_fanshield_500,Leavine Family Racing,0.04792560825086635,0.023999999999999133
NASCAR_2020_4874_fanshield_500,NASCAR,2020,4874_fanshield_500,Motorsports Business Management,2.4345000476715875,1.076500000000003
NASCAR_2020_4874_fanshield_500,NASCAR,2020,4874_fanshield_500,Petty Ware Racing,2.5219321847583194,1.1585
NASCAR_2020_4874_fanshield_500,NASCAR,2020,4874_fanshield_500,Premium Motorsports,0.9319857545109581,0.4299999999999997
NASCAR_2020_4874_fanshield_500,NASCAR,2020,4874_fanshield_500,Richard Childress Racing,-0.2959657960138887,-0.1559999999999988
NASCAR_2020_4874_fanshield_500,NASCAR,2020,4874_fanshield_500,Richard Petty Motorsports,0.5190565005279348,0.25924999999999976
NASCAR_2020_4874_fanshield_500,NASCAR,2020,4874_fanshield_500,Rick Ware Racing,1.1451370788379807,0.573500000000001
NASCAR_2020_4874_fanshield_500,NASCAR,2020,4874_fanshield_500,Roush Fenway Racing,0.015771200567425047,0.010999999999999233
NASCAR_2020_4874_fanshield_500,NASCAR,2020,4874_fanshield_500,Spire Motorsports,2.197109138709313,1.008750000000001
NASCAR_2020_4874_fanshield_500,NASCAR,2020,4874_fanshield_500,StarCom Racing,1.9195995353025808,0.9077499999999983
NASCAR_2020_4874_fanshield_500,NASCAR,2020,4874_fanshield_500,Stewart-Haas Racing,-0.24988339787655206,-0.1382500000000011
NASCAR_2020_4874_fanshield_500,NASCAR,2020,4874_fanshield_500,Team Penske,-0.4859025416201912,-0.24649999999999928
NASCAR_2020_4874_fanshield_500,NASCAR,2020,4874_fanshield_500,Wood Brothers Racing,-0.10938368565687223,-0.06874999999999964
NASCAR_2020_4875_auto_club_400,NASCAR,2020,4875_auto_club_400,Chip Ganassi Racing,-0.13011924007561593,-0.13149999999999906
NASCAR_2020_4875_auto_club_400,NASCAR,2020,4875_auto_club_400,Front Row Motorsports,0.1902897945448613,0.20300000000000296
NASCAR_2020_4875_auto_club_400,NASCAR,2020,4875_auto_club_400,GO FAS Racing,0.5500774313339827,0.59375
NASCAR_2020_4875_auto_club_400,NASCAR,2020,4875_auto_club_400,Gaunt Brothers Racing,0.6415788872673399,0.6045000000000016
NASCAR_2020_4875_auto_club_400,NASCAR,2020,4875_auto_club_400,Germain Racing,0.34412736903924335,0.3562499999999993
NASCAR_2020_4875_auto_club_400,NASCAR,2020,4875_auto_club_400,Hendrick Motorsports,-0.3290599053615039,-0.3384999999999998
NASCAR_2020_4875_auto_club_400,NASCAR,2020,4875_auto_club_400,JTG Daugherty Racing,0.22067571549946394,0.2094999999999949
NASCAR_2020_4875_auto_club_400,NASCAR,2020,4875_auto_club_400,Joe Gibbs Racing,-0.27453825701939866,-0.2842500000000001
NASCAR_2020_4875_auto_club_400,NASCAR,2020,4875_auto_club_400,Leavine Family Racing,0.08022685164491855,0.09049999999999869
NASCAR_2020_4875_auto_club_400,NASCAR,2020,4875_auto_club_400,Motorsports Business Management,4.124196772141198,4.1235
NASCAR_2020_4875_auto_club_400,NASCAR,2020,4875_auto_club_400,Petty Ware Racing,1.7899485416214045,1.7190000000000012
NASCAR_2020_4875_auto_club_400,NASCAR,2020,4875_auto_club_400,Premium Motorsports,0.7197758987809258,0.6859999999999999
NASCAR_2020_4875_auto_club_400,NASCAR,2020,4875_auto_club_400,Richard Childress Racing,-0.10415007994924468,-0.11149999999999949
NASCAR_2020_4875_auto_club_400,NASCAR,2020,4875_auto_club_400,Richard Petty Motorsports,0.1676808342843087,0.16525000000000034
NASCAR_2020_4875_auto_club_400,NASCAR,2020,4875_auto_club_400,Rick Ware Racing,1.328119200777748,1.3057499999999962
NASCAR_2020_4875_auto_club_400,NASCAR,2020,4875_auto_club_400,Roush Fenway Racing,-0.058480465571284966,-0.06300000000000239
NASCAR_2020_4875_auto_club_400,NASCAR,2020,4875_auto_club_400,Spire Motorsports,2.3594101651595047,2.478999999999999
NASCAR_2020_4875_auto_club_400,NASCAR,2020,4875_auto_club_400,StarCom Racing,2.0040805844211484,1.9455000000000027
NASCAR_2020_4875_auto_club_400,NASCAR,2020,4875_auto_club_400,Stewart-Haas Racing,-0.04085134239067792,-0.048500000000000654
NASCAR_2020_4875_auto_club_400,NASCAR,2020,4875_auto_club_400,Team Penske,-0.35404873807329673,-0.3847499999999968
NASCAR_2020_4875_auto_club_400,NASCAR,2020,4875_auto_club_400,Wood Brothers Racing,-0.20747547467557992,-0.21250000000000213
NASCAR_2020_4885_coca_cola_600,NASCAR,2020,4885_coca_cola_600,B.J. McLeod Motorsports,1.571822635951545,0.9217500000000012
NASCAR_2020_4885_coca_cola_600,NASCAR,2020,4885_coca_cola_600,Chip Ganassi Racing,-0.06917343615887153,-0.053999999999998494
NASCAR_2020_4885_coca_cola_600,NASCAR,2020,4885_coca_cola_600,Front Row Motorsports,0.15099527501895735,0.10474999999999923
NASCAR_2020_4885_coca_cola_600,NASCAR,2020,4885_coca_cola_600,GO FAS Racing,0.35713183270224647,0.22300000000000253
NASCAR_2020_4885_coca_cola_600,NASCAR,2020,4885_coca_cola_600,Gaunt Brothers Racing,0.6799274936300528,0.4327500000000022
NASCAR_2020_4885_coca_cola_600,NASCAR,2020,4885_coca_cola_600,Germain Racing,0.22927220956799801,0.1595000000000013
NASCAR_2020_4885_coca_cola_600,NASCAR,2020,4885_coca_cola_600,Hendrick Motorsports,-0.3897486917552501,-0.2710000000000008
NASCAR_2020_4885_coca_cola_600,NASCAR,2020,4885_coca_cola_600,JTG Daugherty Racing,0.09963760174852507,0.06500000000000128
NASCAR_2020_4885_coca_cola_600,NASCAR,2020,4885_coca_cola_600,Joe Gibbs Racing,-0.3060882523525573,-0.21249999999999858
NASCAR_2020_4885_coca_cola_600,NASCAR,2020,4885_coca_cola_600,Leavine Family Racing,-0.13195679460065196,-0.09799999999999898
NASCAR_2020_4885_coca_cola_600,NASCAR,2020,4885_coca_cola_600,Motorsports Business Management,2.059203329931993,1.229000000000001
NASCAR_2020_4885_coca_cola_600,NASCAR,2020,4885_coca_cola_600,Petty Ware Racing,2.0645507474680507,1.1999999999999993
NASCAR_2020_4885_coca_cola_600,NASCAR,2020,4885_coca_cola_600,Premium Motorsports,1.238960007192138,0.7317499999999999
NASCAR_2020_4885_coca_cola_600,NASCAR,2020,4885_coca_cola_600,Richard Childress Racing,-0.1953232014341243,-0.14199999999999946
NASCAR_2020_4885_coca_cola_600,NASCAR,2020,4885_coca_cola_600,Richard Petty Motorsports,7.486044368169596e-4,4.999999999988347e-4
NASCAR_2020_4885_coca_cola_600,NASCAR,2020,4885_coca_cola_600,Rick Ware Racing,1.4989740710928845,0.9235000000000007
NASCAR_2020_4885_coca_cola_600,NASCAR,2020,4885_coca_cola_600,Roush Fenway Racing,-0.09661395584240343,-0.06449999999999889
NASCAR_2020_4885_coca_cola_600,NASCAR,2020,4885_coca_cola_600,Spire Motorsports,0.03754164474101142,0.02400000000000091
NASCAR_2020_4885_coca_cola_600,NASCAR,2020,4885_coca_cola_600,StarCom Racing,1.8071776401654558,1.0945
NASCAR_2020_4885_coca_cola_600,NASCAR,2020,4885_coca_cola_600,Stewart-Haas Racing,-0.04923960696293309,-0.03399999999999892
NASCAR_2020_4885_coca_cola_600,NASCAR,2020,4885_coca_cola_600,Team Penske,-0.26611913267137083,-0.18700000000000117
NASCAR_2020_4885_coca_cola_600,NASCAR,2020,4885_coca_cola_600,Tommy Baldwin Racing,1.9126086671785194,1.1350000000000016
NASCAR_2020_4885_coca_cola_600,NASCAR,2020,4885_coca_cola_600,Wood Brothers Racing,-0.009584107473340814,-0.007499999999998508
NASCAR_2020_4886_pocono_organics_325_in_partnership_with_rodale_institute,NASCAR,2020,4886_pocono_organics_325_in_partnership_with_rodale_institute,B.J. McLeod Motorsports,1.8374960908232747,3.014000000000003
NASCAR_2020_4886_pocono_organics_325_in_partnership_with_rodale_institute,NASCAR,2020,4886_pocono_organics_325_in_partnership_with_rodale_institute,Chip Ganassi Racing,-0.09593992841264248,-0.1787499999999973
NASCAR_2020_4886_pocono_organics_325_in_partnership_with_rodale_institute,NASCAR,2020,4886_pocono_organics_325_in_partnership_with_rodale_institute,Front Row Motorsports,0.004823538375235902,0.006999999999997897
NASCAR_2020_4886_pocono_organics_325_in_partnership_with_rodale_institute,NASCAR,2020,4886_pocono_organics_325_in_partnership_with_rodale_institute,GO FAS Racing,0.1786896298156681,0.3730000000000011
NASCAR_2020_4886_pocono_organics_325_in_partnership_with_rodale_institute,NASCAR,2020,4886_pocono_organics_325_in_partnership_with_rodale_institute,Gaunt Brothers Racing,0.9018505668066584,1.3272499999999994
NASCAR_2020_4886_pocono_organics_325_in_partnership_with_rodale_institute,NASCAR,2020,4886_pocono_organics_325_in_partnership_with_rodale_institute,Germain Racing,0.3627389589877984,0.5840000000000032
NASCAR_2020_4886_pocono_organics_325_in_partnership_with_rodale_institute,NASCAR,2020,4886_pocono_organics_325_in_partnership_with_rodale_institute,Hendrick Motorsports,-0.10510163917827385,-0.18850000000000477
NASCAR_2020_4886_pocono_organics_325_in_partnership_with_rodale_institute,NASCAR,2020,4886_pocono_organics_325_in_partnership_with_rodale_institute,JTG Daugherty Racing,0,0
NASCAR_2020_4886_pocono_organics_325_in_partnership_with_rodale_institute,NASCAR,2020,4886_pocono_organics_325_in_partnership_with_rodale_institute,Joe Gibbs Racing,-0.28971433757036075,-0.5352499999999978
NASCAR_2020_4886_pocono_organics_325_in_partnership_with_rodale_institute,NASCAR,2020,4886_pocono_organics_325_in_partnership_with_rodale_institute,Leavine Family Racing,-0.14133821105394162,-0.2644999999999982
NASCAR_2020_4886_pocono_organics_325_in_partnership_with_rodale_institute,NASCAR,2020,4886_pocono_organics_325_in_partnership_with_rodale_institute,Motorsports Business Management,2.0942006537561113,3.105000000000004
NASCAR_2020_4886_pocono_organics_325_in_partnership_with_rodale_institute,NASCAR,2020,4886_pocono_organics_325_in_partnership_with_rodale_institute,Petty Ware Racing,2.4448547416890962,3.536999999999999
NASCAR_2020_4886_pocono_organics_325_in_partnership_with_rodale_institute,NASCAR,2020,4886_pocono_organics_325_in_partnership_with_rodale_institute,Premium Motorsports,0.9674727297912304,1.5139999999999993
NASCAR_2020_4886_pocono_organics_325_in_partnership_with_rodale_institute,NASCAR,2020,4886_pocono_organics_325_in_partnership_with_rodale_institute,Richard Childress Racing,0.024501441968335883,0.04099999999999682
NASCAR_2020_4886_pocono_organics_325_in_partnership_with_rodale_institute,NASCAR,2020,4886_pocono_organics_325_in_partnership_with_rodale_institute,Richard Petty Motorsports,0.10076455934030958,0.19399999999999906
NASCAR_2020_4886_pocono_organics_325_in_partnership_with_rodale_institute,NASCAR,2020,4886_pocono_organics_325_in_partnership_with_rodale_institute,Rick Ware Racing,1.7832371108225598,2.7519999999999953
NASCAR_2020_4886_pocono_organics_325_in_partnership_with_rodale_institute,NASCAR,2020,4886_pocono_organics_325_in_partnership_with_rodale_institute,Roush Fenway Racing,-0.09095221428506146,-0.18149999999999622
NASCAR_2020_4886_pocono_organics_325_in_partnership_with_rodale_institute,NASCAR,2020,4886_pocono_organics_325_in_partnership_with_rodale_institute,Spire Motorsports,2.0261639873956097,2.974249999999998
NASCAR_2020_4886_pocono_organics_325_in_partnership_with_rodale_institute,NASCAR,2020,4886_pocono_organics_325_in_partnership_with_rodale_institute,StarCom Racing,1.0715365054688748,1.6555
NASCAR_2020_4886_pocono_organics_325_in_partnership_with_rodale_institute,NASCAR,2020,4886_pocono_organics_325_in_partnership_with_rodale_institute,Stewart-Haas Racing,-0.14924496372707521,-0.28300000000000125
NASCAR_2020_4886_pocono_organics_325_in_partnership_with_rodale_institute,NASCAR,2020,4886_pocono_organics_325_in_partnership_with_rodale_institute,Team Penske,-0.25995084806471225,-0.45624999999999716
NASCAR_2020_4886_pocono_organics_325_in_partnership_with_rodale_institute,NASCAR,2020,4886_pocono_organics_325_in_partnership_with_rodale_institute,Tommy Baldwin Racing,2.0890878923991156,3.179000000000009
NASCAR_2020_4886_pocono_organics_325_in_partnership_with_rodale_institute,NASCAR,2020,4886_pocono_organics_325_in_partnership_with_rodale_institute,Wood Brothers Racing,-0.2512629888004375,-0.4174999999999969
NASCAR_2020_4890_coke_zero_sugar_400,NASCAR,2020,4890_coke_zero_sugar_400,Beard Motorsports,0.22341436632557893,0.09650000000000247
NASCAR_2020_4890_coke_zero_sugar_400,NASCAR,2020,4890_coke_zero_sugar_400,Chip Ganassi Racing,-0.16141335302203424,-0.09199999999999875
NASCAR_2020_4890_coke_zero_sugar_400,NASCAR,2020,4890_coke_zero_sugar_400,Front Row Motorsports,-0.02404943838411415,-0.014750000000002927
NASCAR_2020_4890_coke_zero_sugar_400,NASCAR,2020,4890_coke_zero_sugar_400,GO FAS Racing,-0.010813032350309584,-0.0034999999999953957
NASCAR_2020_4890_coke_zero_sugar_400,NASCAR,2020,4890_coke_zero_sugar_400,Gaunt Brothers Racing,-0.04956291044738147,-0.03300000000000125
NASCAR_2020_4890_coke_zero_sugar_400,NASCAR,2020,4890_coke_zero_sugar_400,Germain Racing,-0.019813863229902143,-0.015000000000000568
NASCAR_2020_4890_coke_zero_sugar_400,NASCAR,2020,4890_coke_zero_sugar_400,Hendrick Motorsports,-0.10685860363247968,-0.06799999999999784
NASCAR_2020_4890_coke_zero_sugar_400,NASCAR,2020,4890_coke_zero_sugar_400,JTG Daugherty Racing,0.07266575680944773,0.05150000000000077
NASCAR_2020_4890_coke_zero_sugar_400,NASCAR,2020,4890_coke_zero_sugar_400,Joe Gibbs Racing,-0.0037557104643187026,-0.0024999999999977263
NASCAR_2020_4890_coke_zero_sugar_400,NASCAR,2020,4890_coke_zero_sugar_400,Leavine Family Racing,-0.13199393348222205,-0.09250000000000114
NASCAR_2020_4890_coke_zero_sugar_400,NASCAR,2020,4890_coke_zero_sugar_400,Motorsports Business Management,1.599002812306571,1.233000000000004
NASCAR_2020_4890_coke_zero_sugar_400,NASCAR,2020,4890_coke_zero_sugar_400,Petty Ware Racing,0.9822063196739388,0.5915000000000035
NASCAR_2020_4890_coke_zero_sugar_400,NASCAR,2020,4890_coke_zero_sugar_400,Premium Motorsports,0.030075063475986805,0.0175000000000054
NASCAR_2020_4890_coke_zero_sugar_400,NASCAR,2020,4890_coke_zero_sugar_400,Richard Childress Racing,-0.10389487921575731,-0.059499999999999886
NASCAR_2020_4890_coke_zero_sugar_400,NASCAR,2020,4890_coke_zero_sugar_400,Richard Petty Motorsports,-0.013172487192212626,-0.012000000000000455
NASCAR_2020_4890_coke_zero_sugar_400,NASCAR,2020,4890_coke_zero_sugar_400,Rick Ware Racing,1.7407456452939325,1.0742499999999993
NASCAR_2020_4890_coke_zero_sugar_400,NASCAR,2020,4890_coke_zero_sugar_400,Roush Fenway Racing,0.011615458236241648,0.006499999999995509
NASCAR_2020_4890_coke_zero_sugar_400,NASCAR,2020,4890_coke_zero_sugar_400,Spire Motorsports,0.5126585602532807,0.25349999999999895
NASCAR_2020_4890_coke_zero_sugar_400,NASCAR,2020,4890_coke_zero_sugar_400,StarCom Racing,0.45180816219856723,0.1875
NASCAR_2020_4890_coke_zero_sugar_400,NASCAR,2020,4890_coke_zero_sugar_400,Stewart-Haas Racing,0.0801735401980225,0.04800000000000182
NASCAR_2020_4890_coke_zero_sugar_400,NASCAR,2020,4890_coke_zero_sugar_400,Team Penske,-4.936042803143352e-4,-2.500000000011937e-4
NASCAR_2020_4890_coke_zero_sugar_400,NASCAR,2020,4890_coke_zero_sugar_400,Tommy Baldwin Racing,2.7777527663572887,2.9185000000000016
NASCAR_2020_4890_coke_zero_sugar_400,NASCAR,2020,4890_coke_zero_sugar_400,Wood Brothers Racing,-0.002972228721575665,-0.0020000000000024443
NASCAR_2020_4891_quaker_state_400,NASCAR,2020,4891_quaker_state_400,Chip Ganassi Racing,-0.15443103311453216,-0.1524999999999963
NASCAR_2020_4891_quaker_state_400,NASCAR,2020,4891_quaker_state_400,Front Row Motorsports,0.09287668093812444,0.07500000000000284
NASCAR_2020_4891_quaker_state_400,NASCAR,2020,4891_quaker_state_400,GO FAS Racing,0.5083109606214872,0.35800000000000054
NASCAR_2020_4891_quaker_state_400,NASCAR,2020,4891_quaker_state_400,Gaunt Brothers Racing,0.5253514491752286,0.3424999999999976
NASCAR_2020_4891_quaker_state_400,NASCAR,2020,4891_quaker_state_400,Germain Racing,0.01473301086173749,0.019000000000001904
NASCAR_2020_4891_quaker_state_400,NASCAR,2020,4891_quaker_state_400,Hendrick Motorsports,-0.208512732922601,-0.17950000000000088
NASCAR_2020_4891_quaker_state_400,NASCAR,2020,4891_quaker_state_400,JTG Daugherty Racing,0.14827576600546943,0.11450000000000138
NASCAR_2020_4891_quaker_state_400,NASCAR,2020,4891_quaker_state_400,Joe Gibbs Racing,-0.13303247994133122,-0.125
NASCAR_2020_4891_quaker_state_400,NASCAR,2020,4891_quaker_state_400,Leavine Family Racing,0,0
NASCAR_2020_4891_quaker_state_400,NASCAR,2020,4891_quaker_state_400,Motorsports Business Management,2.850295244947608,2.0135000000000005
NASCAR_2020_4891_quaker_state_400,NASCAR,2020,4891_quaker_state_400,Petty Ware Racing,2.1101081348098263,1.492499999999998
NASCAR_2020_4891_quaker_state_400,NASCAR,2020,4891_quaker_state_400,Premium Motorsports,0.9555340144760166,0.6340000000000003
NASCAR_2020_4891_quaker_state_400,NASCAR,2020,4891_quaker_state_400,Richard Childress Racing,-0.0775174152465222,-0.10549999999999926
NASCAR_2020_4891_quaker_state_400,NASCAR,2020,4891_quaker_state_400,Richard Petty Motorsports,0.25383433035052144,0.16999999999999815
NASCAR_2020_4891_quaker_state_400,NASCAR,2020,4891_quaker_state_400,Rick Ware Racing,1.6086002088272526,1.1074999999999946
NASCAR_2020_4891_quaker_state_400,NASCAR,2020,4891_quaker_state_400,Roush Fenway Racing,-0.016623447309815353,-0.01600000000000179
NASCAR_2020_4891_quaker_state_400,NASCAR,2020,4891_quaker_state_400,Spire Motorsports,1.8585970397369123,1.3200000000000003
NASCAR_2020_4891_quaker_state_400,NASCAR,2020,4891_quaker_state_400,StarCom Racing,2.0592014825636413,1.493500000000001
NASCAR_2020_4891_quaker_state_400,NASCAR,2020,4891_quaker_state_400,Stewart-Haas Racing,-0.18624987465616588,-0.1542500000000011
NASCAR_2020_4891_quaker_state_400,NASCAR,2020,4891_quaker_state_400,Team Penske,-0.30494004105856626,-0.25099999999999945
NASCAR_2020_4891_quaker_state_400,NASCAR,2020,4891_quaker_state_400,Wood Brothers Racing,-0.28399420860176505,-0.24299999999999855
NASCAR_2020_4892_foxwoods_resort_casino_301,NASCAR,2020,4892_foxwoods_resort_casino_301,Chip Ganassi Racing,-0.08367501340982608,-0.054999999999999716
NASCAR_2020_4892_foxwoods_resort_casino_301,NASCAR,2020,4892_foxwoods_resort_casino_301,Front Row Motorsports,0.07409673495344772,0.03999999999999915
NASCAR_2020_4892_foxwoods_resort_casino_301,NASCAR,2020,4892_foxwoods_resort_casino_301,GO FAS Racing,0.4477199757395273,0.23049999999999926
NASCAR_2020_4892_foxwoods_resort_casino_301,NASCAR,2020,4892_foxwoods_resort_casino_301,Gaunt Brothers Racing,0.6561470148765913,0.35900000000000176
NASCAR_2020_4892_foxwoods_resort_casino_301,NASCAR,2020,4892_foxwoods_resort_casino_301,Germain Racing,0.2278074637701228,0.1269999999999989
NASCAR_2020_4892_foxwoods_resort_casino_301,NASCAR,2020,4892_foxwoods_resort_casino_301,Hendrick Motorsports,-0.18989693418359174,-0.12300000000000111
NASCAR_2020_4892_foxwoods_resort_casino_301,NASCAR,2020,4892_foxwoods_resort_casino_301,JTG Daugherty Racing,-0.05643298993396767,-0.0365000000000002
NASCAR_2020_4892_foxwoods_resort_casino_301,NASCAR,2020,4892_foxwoods_resort_casino_301,Joe Gibbs Racing,-0.3188529390599114,-0.18049999999999855
NASCAR_2020_4892_foxwoods_resort_casino_301,NASCAR,2020,4892_foxwoods_resort_casino_301,Leavine Family Racing,-0.25096199727855184,-0.13899999999999757
NASCAR_2020_4892_foxwoods_resort_casino_301,NASCAR,2020,4892_foxwoods_resort_casino_301,Motorsports Business Management,1.5852846651809878,0.7605000000000004
NASCAR_2020_4892_foxwoods_resort_casino_301,NASCAR,2020,4892_foxwoods_resort_casino_301,Petty Ware Racing,2.281706102404558,1.1329999999999991
NASCAR_2020_4892_foxwoods_resort_casino_301,NASCAR,2020,4892_foxwoods_resort_casino_301,Premium Motorsports,0.7632549772372113,0.4299999999999997
NASCAR_2020_4892_foxwoods_resort_casino_301,NASCAR,2020,4892_foxwoods_resort_casino_301,Richard Childress Racing,-0.11398179501761616,-0.0730000000000004
NASCAR_2020_4892_foxwoods_resort_casino_301,NASCAR,2020,4892_foxwoods_resort_casino_301,Richard Petty Motorsports,0.28945384918578754,0.17275000000000063
NASCAR_2020_4892_foxwoods_resort_casino_301,NASCAR,2020,4892_foxwoods_resort_casino_301,Rick Ware Racing,1.3112969358599253,0.6605000000000008
NASCAR_2020_4892_foxwoods_resort_casino_301,NASCAR,2020,4892_foxwoods_resort_casino_301,Roush Fenway Racing,0.15174617233305643,0.09999999999999964
NASCAR_2020_4892_foxwoods_resort_casino_301,NASCAR,2020,4892_foxwoods_resort_casino_301,Spire Motorsports,1.9014278317543196,0.9849999999999994
NASCAR_2020_4892_foxwoods_resort_casino_301,NASCAR,2020,4892_foxwoods_resort_casino_301,StarCom Racing,2.0568144410288505,1.0100000000000016
NASCAR_2020_4892_foxwoods_resort_casino_301,NASCAR,2020,4892_foxwoods_resort_casino_301,Stewart-Haas Racing,-0.2885904355877043,-0.16749999999999865
NASCAR_2020_4892_foxwoods_resort_casino_301,NASCAR,2020,4892_foxwoods_resort_casino_301,Team Penske,-0.425709537212677,-0.24499999999999744
NASCAR_2020_4892_foxwoods_resort_casino_301,NASCAR,2020,4892_foxwoods_resort_casino_301,Wood Brothers Racing,-0.2953244189700845,-0.17100000000000293
NASCAR_2020_4893_pocono_350,NASCAR,2020,4893_pocono_350,B.J. McLeod Motorsports,2.070355640656922,3.1529999999999987
NASCAR_2020_4893_pocono_350,NASCAR,2020,4893_pocono_350,Chip Ganassi Racing,-0.17145002817087548,-0.2849999999999966
NASCAR_2020_4893_pocono_350,NASCAR,2020,4893_pocono_350,Front Row Motorsports,0.018614393534740228,0.031999999999996476
NASCAR_2020_4893_pocono_350,NASCAR,2020,4893_pocono_350,GO FAS Racing,0.07409268548962643,0.16150000000000375
NASCAR_2020_4893_pocono_350,NASCAR,2020,4893_pocono_350,Gaunt Brothers Racing,0.6093097435303775,0.9799999999999969
NASCAR_2020_4893_pocono_350,NASCAR,2020,4893_pocono_350,Germain Racing,0.14564368772199,0.24900000000000233
NASCAR_2020_4893_pocono_350,NASCAR,2020,4893_pocono_350,Hendrick Motorsports,-0.10568881028368009,-0.22800000000000153
NASCAR_2020_4893_pocono_350,NASCAR,2020,4893_pocono_350,JTG Daugherty Racing,0.045537850368401814,0.10199999999999676
NASCAR_2020_4893_pocono_350,NASCAR,2020,4893_pocono_350,Joe Gibbs Racing,-0.30881303006999133,-0.5520000000000067
NASCAR_2020_4893_pocono_350,NASCAR,2020,4893_pocono_350,Leavine Family Racing,-0.297388705972609,-0.4860000000000042
NASCAR_2020_4893_pocono_350,NASCAR,2020,4893_pocono_350,Motorsports Business Management,1.8901601452538745,2.897500000000001
NASCAR_2020_4893_pocono_350,NASCAR,2020,4893_pocono_350,Petty Ware Racing,1.8065501813116567,2.9720000000000013
NASCAR_2020_4893_pocono_350,NASCAR,2020,4893_pocono_350,Premium Motorsports,0.6344577227232595,1.1070000000000029
NASCAR_2020_4893_pocono_350,NASCAR,2020,4893_pocono_350,Richard Childress Racing,-0.056248759033224,-0.08750000000000568
NASCAR_2020_4893_pocono_350,NASCAR,2020,4893_pocono_350,Richard Petty Motorsports,0.03202490011877751,0.04899999999999949
NASCAR_2020_4893_pocono_350,NASCAR,2020,4893_pocono_350,Rick Ware Racing,1.0551955850341697,1.838000000000008
NASCAR_2020_4893_pocono_350,NASCAR,2020,4893_pocono_350,Roush Fenway Racing,0.08703421238287996,0.1529999999999987
NASCAR_2020_4893_pocono_350,NASCAR,2020,4893_pocono_350,Spire Motorsports,1.1897425797099506,1.866500000000002
NASCAR_2020_4893_pocono_350,NASCAR,2020,4893_pocono_350,StarCom Racing,1.525726371038876,2.289500000000004
NASCAR_2020_4893_pocono_350,NASCAR,2020,4893_pocono_350,Stewart-Haas Racing,-0.13707447917430418,-0.2580000000000062
NASCAR_2020_4893_pocono_350,NASCAR,2020,4893_pocono_350,Team Penske,-0.2506370296958601,-0.44650000000000034
NASCAR_2020_4893_pocono_350,NASCAR,2020,4893_pocono_350,Tommy Baldwin Racing,1.7640807447277442,2.8459999999999965
NASCAR_2020_4893_pocono_350,NASCAR,2020,4893_pocono_350,Wood Brothers Racing,-0.24092800225735347,-0.4335000000000022
NASCAR_2020_4894_go_bowling_235_at_the_daytona_road_course,NASCAR,2020,4894_go_bowling_235_at_the_daytona_road_course,Beard Motorsports,0.4977936277320911,1.3600000000000065
NASCAR_2020_4894_go_bowling_235_at_the_daytona_road_course,NASCAR,2020,4894_go_bowling_235_at_the_daytona_road_course,Chip Ganassi Racing,0,0
NASCAR_2020_4894_go_bowling_235_at_the_daytona_road_course,NASCAR,2020,4894_go_bowling_235_at_the_daytona_road_course,Front Row Motorsports,0.050122976543986765,0.24899999999999523
NASCAR_2020_4894_go_bowling_235_at_the_daytona_road_course,NASCAR,2020,4894_go_bowling_235_at_the_daytona_road_course,GO FAS Racing,0.576666264172313,1.5989999999999966
NASCAR_2020_4894_go_bowling_235_at_the_daytona_road_course,NASCAR,2020,4894_go_bowling_235_at_the_daytona_road_course,Gaunt Brothers Racing,0.3900025802174181,1.2139999999999986
NASCAR_2020_4894_go_bowling_235_at_the_daytona_road_course,NASCAR,2020,4894_go_bowling_235_at_the_daytona_road_course,Germain Racing,0.1556189136977198,0.37999999999999545
NASCAR_2020_4894_go_bowling_235_at_the_daytona_road_course,NASCAR,2020,4894_go_bowling_235_at_the_daytona_road_course,Hendrick Motorsports,-0.3810175304224831,-1.3562499999999957
NASCAR_2020_4894_go_bowling_235_at_the_daytona_road_course,NASCAR,2020,4894_go_bowling_235_at_the_daytona_road_course,JTG Daugherty Racing,0,0
NASCAR_2020_4894_go_bowling_235_at_the_daytona_road_course,NASCAR,2020,4894_go_bowling_235_at_the_daytona_road_course,Joe Gibbs Racing,-0.48630081936022374,-1.5849999999999937
NASCAR_2020_4894_go_bowling_235_at_the_daytona_road_course,NASCAR,2020,4894_go_bowling_235_at_the_daytona_road_course,Leavine Family Racing,-0.40161828890402895,-1.2235000000000014
NASCAR_2020_4894_go_bowling_235_at_the_daytona_road_course,NASCAR,2020,4894_go_bowling_235_at_the_daytona_road_course,Motorsports Business Management,0.7339495872072197,2.2065000000000055
NASCAR_2020_4894_go_bowling_235_at_the_daytona_road_course,NASCAR,2020,4894_go_bowling_235_at_the_daytona_road_course,Petty Ware Racing,0.6388625105529707,1.788499999999999
NASCAR_2020_4894_go_bowling_235_at_the_daytona_road_course,NASCAR,2020,4894_go_bowling_235_at_the_daytona_road_course,Premium Motorsports,0.9346997308155991,2.545000000000016
NASCAR_2020_4894_go_bowling_235_at_the_daytona_road_course,NASCAR,2020,4894_go_bowling_235_at_the_daytona_road_course,Richard Childress Racing,0.1215510245147541,0.3889999999999958
NASCAR_2020_4894_go_bowling_235_at_the_daytona_road_course,NASCAR,2020,4894_go_bowling_235_at_the_daytona_road_course,Richard Petty Motorsports,0.08863735628165219,0.2980000000000018
NASCAR_2020_4894_go_bowling_235_at_the_daytona_road_course,NASCAR,2020,4894_go_bowling_235_at_the_daytona_road_course,Rick Ware Racing,0.9770379051249881,3.0789999999999935
NASCAR_2020_4894_go_bowling_235_at_the_daytona_road_course,NASCAR,2020,4894_go_bowling_235_at_the_daytona_road_course,Roush Fenway Racing,0.10228726000076883,0.37349999999999994
NASCAR_2020_4894_go_bowling_235_at_the_daytona_road_course,NASCAR,2020,4894_go_bowling_235_at_the_daytona_road_course,Spire Motorsports,1.0610022980446419,3.8845000000000027
NASCAR_2020_4894_go_bowling_235_at_the_daytona_road_course,NASCAR,2020,4894_go_bowling_235_at_the_daytona_road_course,StarCom Racing,1.8983374940356934,5.534999999999997
NASCAR_2020_4894_go_bowling_235_at_the_daytona_road_course,NASCAR,2020,4894_go_bowling_235_at_the_daytona_road_course,Stewart-Haas Racing,-0.21969139196309032,-0.909000000000006
NASCAR_2020_4894_go_bowling_235_at_the_daytona_road_course,NASCAR,2020,4894_go_bowling_235_at_the_daytona_road_course,Team Penske,-0.2431017759471026,-0.8230000000000075
NASCAR_2020_4894_go_bowling_235_at_the_daytona_road_course,NASCAR,2020,4894_go_bowling_235_at_the_daytona_road_course,Wood Brothers Racing,-0.10160267489138118,-0.5829999999999984
NASCAR_2020_4895_consumers_energy_400,NASCAR,2020,4895_consumers_energy_400,Chip Ganassi Racing,-0.08596914251469992,-0.09099999999999753
NASCAR_2020_4895_consumers_energy_400,NASCAR,2020,4895_consumers_energy_400,Front Row Motorsports,0.47099177902249567,0.35300000000000153
NASCAR_2020_4895_consumers_energy_400,NASCAR,2020,4895_consumers_energy_400,GO FAS Racing,0.09227989128574762,0.07975000000000065
NASCAR_2020_4895_consumers_energy_400,NASCAR,2020,4895_consumers_energy_400,Gaunt Brothers Racing,0.5990045308341401,0.4385000000000012
NASCAR_2020_4895_consumers_energy_400,NASCAR,2020,4895_consumers_energy_400,Germain Racing,0.18536174382454196,0.16249999999999432
NASCAR_2020_4895_consumers_energy_400,NASCAR,2020,4895_consumers_energy_400,Hendrick Motorsports,-0.17781250030659668,-0.17499999999999716
NASCAR_2020_4895_consumers_energy_400,NASCAR,2020,4895_consumers_energy_400,JTG Daugherty Racing,0.0647712081771636,0.05549999999999855
NASCAR_2020_4895_consumers_energy_400,NASCAR,2020,4895_consumers_energy_400,Joe Gibbs Racing,-0.3870775216297434,-0.328750000000003
NASCAR_2020_4895_consumers_energy_400,NASCAR,2020,4895_consumers_energy_400,Leavine Family Racing,-0.3887434603373486,-0.339500000000001
NASCAR_2020_4895_consumers_energy_400,NASCAR,2020,4895_consumers_energy_400,Motorsports Business Management,2.9282393121166908,2.155999999999999
NASCAR_2020_4895_consumers_energy_400,NASCAR,2020,4895_consumers_energy_400,Petty Ware Racing,1.9479751271523964,1.4869999999999948
NASCAR_2020_4895_consumers_energy_400,NASCAR,2020,4895_consumers_energy_400,Premium Motorsports,1.3925780692344267,1.0130000000000017
NASCAR_2020_4895_consumers_energy_400,NASCAR,2020,4895_consumers_energy_400,Richard Childress Racing,-0.13300388095220755,-0.13175000000000026
NASCAR_2020_4895_consumers_energy_400,NASCAR,2020,4895_consumers_energy_400,Richard Petty Motorsports,0.07023438090066045,0.059499999999999886
NASCAR_2020_4895_consumers_energy_400,NASCAR,2020,4895_consumers_energy_400,Rick Ware Racing,1.212949006990344,0.9619999999999962
NASCAR_2020_4895_consumers_energy_400,NASCAR,2020,4895_consumers_energy_400,Roush Fenway Racing,0,0
NASCAR_2020_4895_consumers_energy_400,NASCAR,2020,4895_consumers_energy_400,Spire Motorsports,1.7109765604195522,1.302500000000002
NASCAR_2020_4895_consumers_energy_400,NASCAR,2020,4895_consumers_energy_400,StarCom Racing,1.8213219282930804,1.3340000000000032
NASCAR_2020_4895_consumers_energy_400,NASCAR,2020,4895_consumers_energy_400,Stewart-Haas Racing,-0.2927860757885744,-0.2579999999999991
NASCAR_2020_4895_consumers_energy_400,NASCAR,2020,4895_consumers_energy_400,Team Penske,-0.32367790505438454,-0.27149999999999963
NASCAR_2020_4895_consumers_energy_400,NASCAR,2020,4895_consumers_energy_400,Tommy Baldwin Racing,1.9390799176518223,1.4609999999999985
NASCAR_2020_4895_consumers_energy_400,NASCAR,2020,4895_consumers_energy_400,Wood Brothers Racing,-0.29820925374982543,-0.24200000000000088
NASCAR_2020_4896_bass_pro_shops_nra_night_race,NASCAR,2020,4896_bass_pro_shops_nra_night_race,B.J. McLeod Motorsports,2.2121007554960164,0.8514999999999979
NASCAR_2020_4896_bass_pro_shops_nra_night_race,NASCAR,2020,4896_bass_pro_shops_nra_night_race,Chip Ganassi Racing,-0.07312910291280672,-0.03200000000000003
NASCAR_2020_4896_bass_pro_shops_nra_night_race,NASCAR,2020,4896_bass_pro_shops_nra_night_race,Front Row Motorsports,0.06018825280561839,0.02499999999999858
NASCAR_2020_4896_bass_pro_shops_nra_night_race,NASCAR,2020,4896_bass_pro_shops_nra_night_race,GO FAS Racing,0.41065317260254663,0.1645000000000003
NASCAR_2020_4896_bass_pro_shops_nra_night_race,NASCAR,2020,4896_bass_pro_shops_nra_night_race,Gaunt Brothers Racing,0.20234187925810884,0.07700000000000173
NASCAR_2020_4896_bass_pro_shops_nra_night_race,NASCAR,2020,4896_bass_pro_shops_nra_night_race,Germain Racing,0.10919411863279589,0.04150000000000276
NASCAR_2020_4896_bass_pro_shops_nra_night_race,NASCAR,2020,4896_bass_pro_shops_nra_night_race,Hendrick Motorsports,-0.21997442760131442,-0.08650000000000091
NASCAR_2020_4896_bass_pro_shops_nra_night_race,NASCAR,2020,4896_bass_pro_shops_nra_night_race,JTG Daugherty Racing,-0.024180987888389502,-0.011000000000001009
NASCAR_2020_4896_bass_pro_shops_nra_night_race,NASCAR,2020,4896_bass_pro_shops_nra_night_race,Joe Gibbs Racing,-0.15457042017841277,-0.06449999999999978
NASCAR_2020_4896_bass_pro_shops_nra_night_race,NASCAR,2020,4896_bass_pro_shops_nra_night_race,Leavine Family Racing,-0.1459431279149607,-0.0627500000000003
NASCAR_2020_4896_bass_pro_shops_nra_night_race,NASCAR,2020,4896_bass_pro_shops_nra_night_race,Motorsports Business Management,1.6547909533131628,0.615499999999999
NASCAR_2020_4896_bass_pro_shops_nra_night_race,NASCAR,2020,4896_bass_pro_shops_nra_night_race,Petty Ware Racing,2.778309288448835,1.0649999999999995
NASCAR_2020_4896_bass_pro_shops_nra_night_race,NASCAR,2020,4896_bass_pro_shops_nra_night_race,Premium Motorsports,1.2150104043408088,0.43900000000000006
NASCAR_2020_4896_bass_pro_shops_nra_night_race,NASCAR,2020,4896_bass_pro_shops_nra_night_race,Richard Childress Racing,-0.13530931691025574,-0.05600000000000094
NASCAR_2020_4896_bass_pro_shops_nra_night_race,NASCAR,2020,4896_bass_pro_shops_nra_night_race,Richard Petty Motorsports,-0.013920051537844475,-0.006000000000000227
NASCAR_2020_4896_bass_pro_shops_nra_night_race,NASCAR,2020,4896_bass_pro_shops_nra_night_race,Rick Ware Racing,1.2800476722705803,0.49199999999999733
NASCAR_2020_4896_bass_pro_shops_nra_night_race,NASCAR,2020,4896_bass_pro_shops_nra_night_race,Roush Fenway Racing,0.018416534075858318,0.007999999999999119
NASCAR_2020_4896_bass_pro_shops_nra_night_race,NASCAR,2020,4896_bass_pro_shops_nra_night_race,Spire Motorsports,1.6594237257181164,0.6365000000000016
NASCAR_2020_4896_bass_pro_shops_nra_night_race,NASCAR,2020,4896_bass_pro_shops_nra_night_race,StarCom Racing,1.6750317711258855,0.6434999999999995
NASCAR_2020_4896_bass_pro_shops_nra_night_race,NASCAR,2020,4896_bass_pro_shops_nra_night_race,Stewart-Haas Racing,-0.1673337335519905,-0.06625000000000192
NASCAR_2020_4896_bass_pro_shops_nra_night_race,NASCAR,2020,4896_bass_pro_shops_nra_night_race,Team Penske,-0.15082696782924407,-0.06099999999999994
NASCAR_2020_4896_bass_pro_shops_nra_night_race,NASCAR,2020,4896_bass_pro_shops_nra_night_race,Tommy Baldwin Racing,1.6617477442516209,0.7995000000000037
NASCAR_2020_4896_bass_pro_shops_nra_night_race,NASCAR,2020,4896_bass_pro_shops_nra_night_race,Wood Brothers Racing,-0.15278907372337797,-0.06099999999999994
NASCAR_2020_4897_cook_out_southern_500,NASCAR,2020,4897_cook_out_southern_500,Chip Ganassi Racing,-0.14164961057541828,-0.11699999999999733
NASCAR_2020_4897_cook_out_southern_500,NASCAR,2020,4897_cook_out_southern_500,Front Row Motorsports,0.13540153217060225,0.10074999999999967
NASCAR_2020_4897_cook_out_southern_500,NASCAR,2020,4897_cook_out_southern_500,GO FAS Racing,0.37654923929399736,0.2594999999999992
NASCAR_2020_4897_cook_out_southern_500,NASCAR,2020,4897_cook_out_southern_500,Gaunt Brothers Racing,0.616695035279542,0.45700000000000074
NASCAR_2020_4897_cook_out_southern_500,NASCAR,2020,4897_cook_out_southern_500,Germain Racing,0.3290303431625087,0.2345000000000006
NASCAR_2020_4897_cook_out_southern_500,NASCAR,2020,4897_cook_out_southern_500,Hendrick Motorsports,-0.3155722996177345,-0.2555000000000014
NASCAR_2020_4897_cook_out_southern_500,NASCAR,2020,4897_cook_out_southern_500,JTG Daugherty Racing,0,0
NASCAR_2020_4897_cook_out_southern_500,NASCAR,2020,4897_cook_out_southern_500,Joe Gibbs Racing,-0.44338707438280756,-0.3595000000000006
NASCAR_2020_4897_cook_out_southern_500,NASCAR,2020,4897_cook_out_southern_500,Leavine Family Racing,0.01425980680628687,0.011499999999998067
NASCAR_2020_4897_cook_out_southern_500,NASCAR,2020,4897_cook_out_southern_500,Motorsports Business Management,2.3290436995328276,1.6080000000000005
NASCAR_2020_4897_cook_out_southern_500,NASCAR,2020,4897_cook_out_southern_500,Petty Ware Racing,2.4025836117156287,1.7970000000000006
NASCAR_2020_4897_cook_out_southern_500,NASCAR,2020,4897_cook_out_southern_500,Premium Motorsports,0.8116034397553498,0.5835000000000008
NASCAR_2020_4897_cook_out_southern_500,NASCAR,2020,4897_cook_out_southern_500,Richard Childress Racing,-0.10238731275101057,-0.09024999999999928
NASCAR_2020_4897_cook_out_southern_500,NASCAR,2020,4897_cook_out_southern_500,Richard Petty Motorsports,0.03587836128820121,0.029000000000003467
NASCAR_2020_4897_cook_out_southern_500,NASCAR,2020,4897_cook_out_southern_500,Rick Ware Racing,1.2673395244468937,0.8504999999999985
NASCAR_2020_4897_cook_out_southern_500,NASCAR,2020,4897_cook_out_southern_500,Roush Fenway Racing,0,0
NASCAR_2020_4897_cook_out_southern_500,NASCAR,2020,4897_cook_out_southern_500,Spire Motorsports,1.1935032127003131,0.8824999999999985
NASCAR_2020_4897_cook_out_southern_500,NASCAR,2020,4897_cook_out_southern_500,StarCom Racing,1.5890112047681182,1.165000000000001
NASCAR_2020_4897_cook_out_southern_500,NASCAR,2020,4897_cook_out_southern_500,Stewart-Haas Racing,-0.20136133669082992,-0.16949999999999932
NASCAR_2020_4897_cook_out_southern_500,NASCAR,2020,4897_cook_out_southern_500,Team Penske,-0.10199131841413833,-0.0835000000000008
NASCAR_2020_4897_cook_out_southern_500,NASCAR,2020,4897_cook_out_southern_500,Tommy Baldwin Racing,1.584765060266641,1.1439999999999984
NASCAR_2020_4897_cook_out_southern_500,NASCAR,2020,4897_cook_out_southern_500,Wood Brothers Racing,0.21834164452746374,0.17700000000000138
NASCAR_2020_4898_big_machine_hand_sanitizer_400,NASCAR,2020,4898_big_machine_hand_sanitizer_400,B.J. McLeod Motorsports,1.4150365375671803,2.2040000000000006
NASCAR_2020_4898_big_machine_hand_sanitizer_400,NASCAR,2020,4898_big_machine_hand_sanitizer_400,Chip Ganassi Racing,-0.06677694223199217,-0.13449999999999918
NASCAR_2020_4898_big_machine_hand_sanitizer_400,NASCAR,2020,4898_big_machine_hand_sanitizer_400,Front Row Motorsports,0.0012590548578076078,0.0015000000000000568
NASCAR_2020_4898_big_machine_hand_sanitizer_400,NASCAR,2020,4898_big_machine_hand_sanitizer_400,GO FAS Racing,0.27319324728974526,0.31450000000000244
NASCAR_2020_4898_big_machine_hand_sanitizer_400,NASCAR,2020,4898_big_machine_hand_sanitizer_400,Gaunt Brothers Racing,0.5050790068919,0.8539999999999992
NASCAR_2020_4898_big_machine_hand_sanitizer_400,NASCAR,2020,4898_big_machine_hand_sanitizer_400,Germain Racing,0,0
NASCAR_2020_4898_big_machine_hand_sanitizer_400,NASCAR,2020,4898_big_machine_hand_sanitizer_400,Hendrick Motorsports,-0.14637022829084462,-0.26500000000000057
NASCAR_2020_4898_big_machine_hand_sanitizer_400,NASCAR,2020,4898_big_machine_hand_sanitizer_400,JTG Daugherty Racing,0.1432763888848942,0.158250000000006
NASCAR_2020_4898_big_machine_hand_sanitizer_400,NASCAR,2020,4898_big_machine_hand_sanitizer_400,Joe Gibbs Racing,-0.1832943468247757,-0.3177500000000002
NASCAR_2020_4898_big_machine_hand_sanitizer_400,NASCAR,2020,4898_big_machine_hand_sanitizer_400,Leavine Family Racing,-0.06156690181924173,-0.1215000000000046
NASCAR_2020_4898_big_machine_hand_sanitizer_400,NASCAR,2020,4898_big_machine_hand_sanitizer_400,Motorsports Business Management,1.8896273878939525,2.713000000000001
NASCAR_2020_4898_big_machine_hand_sanitizer_400,NASCAR,2020,4898_big_machine_hand_sanitizer_400,Premium Motorsports,0.5364010399449901,0.8075000000000045
NASCAR_2020_4898_big_machine_hand_sanitizer_400,NASCAR,2020,4898_big_machine_hand_sanitizer_400,Richard Childress Racing,-0.04490716202946937,-0.10949999999999704
NASCAR_2020_4898_big_machine_hand_sanitizer_400,NASCAR,2020,4898_big_machine_hand_sanitizer_400,Richard Petty Motorsports,-0.001937919836958954,-0.0030000000000001137
NASCAR_2020_4898_big_machine_hand_sanitizer_400,NASCAR,2020,4898_big_machine_hand_sanitizer_400,Rick Ware Racing,1.2429666829204251,1.9600000000000009
NASCAR_2020_4898_big_machine_hand_sanitizer_400,NASCAR,2020,4898_big_machine_hand_sanitizer_400,Roush Fenway Racing,3.243398868594927e-5,2.500000000011937e-4
NASCAR_2020_4898_big_machine_hand_sanitizer_400,NASCAR,2020,4898_big_machine_hand_sanitizer_400,Spire Motorsports,0.5412175423579828,0.8640000000000008
NASCAR_2020_4898_big_machine_hand_sanitizer_400,NASCAR,2020,4898_big_machine_hand_sanitizer_400,StarCom Racing,1.7092347154955452,2.5715000000000003
NASCAR_2020_4898_big_machine_hand_sanitizer_400,NASCAR,2020,4898_big_machine_hand_sanitizer_400,Stewart-Haas Racing,-0.08174630200158656,-0.17999999999999972
NASCAR_2020_4898_big_machine_hand_sanitizer_400,NASCAR,2020,4898_big_machine_hand_sanitizer_400,Team Penske,-0.06647871315688107,-0.14350000000000307
NASCAR_2020_4898_big_machine_hand_sanitizer_400,NASCAR,2020,4898_big_machine_hand_sanitizer_400,Tommy Baldwin Racing,2.04878964277991,2.982999999999997
NASCAR_2020_4898_big_machine_hand_sanitizer_400,NASCAR,2020,4898_big_machine_hand_sanitizer_400,Wood Brothers Racing,-0.0903731003482289,-0.16999999999999815
NASCAR_2020_4899_south_point_400,NASCAR,2020,4899_south_point_400,Chip Ganassi Racing,0.009787749194657035,0.008749999999999147
NASCAR_2020_4899_south_point_400,NASCAR,2020,4899_south_point_400,Front Row Motorsports,0.008667202953250894,0.0072499999999990905
NASCAR_2020_4899_south_point_400,NASCAR,2020,4899_south_point_400,GO FAS Racing,0.42615701922449944,0.3149999999999977
NASCAR_2020_4899_south_point_400,NASCAR,2020,4899_south_point_400,Gaunt Brothers Racing,0.8403801672061963,0.5774999999999935
NASCAR_2020_4899_south_point_400,NASCAR,2020,4899_south_point_400,Germain Racing,0.40592156631230697,0.2895000000000003
NASCAR_2020_4899_south_point_400,NASCAR,2020,4899_south_point_400,Hendrick Motorsports,-0.24016070365167116,-0.1839999999999975
NASCAR_2020_4899_south_point_400,NASCAR,2020,4899_south_point_400,JTG Daugherty Racing,0.16544820157145507,0.11699999999999733
NASCAR_2020_4899_south_point_400,NASCAR,2020,4899_south_point_400,Joe Gibbs Racing,-0.2797616005950419,-0.2240000000000002
NASCAR_2020_4899_south_point_400,NASCAR,2020,4899_south_point_400,Leavine Family Racing,-0.07076837013448106,-0.05700000000000216
NASCAR_2020_4899_south_point_400,NASCAR,2020,4899_south_point_400,Motorsports Business Management,2.181615407944718,1.5742499999999957
NASCAR_2020_4899_south_point_400,NASCAR,2020,4899_south_point_400,Petty Ware Racing,2.581464207248639,1.8672500000000003
NASCAR_2020_4899_south_point_400,NASCAR,2020,4899_south_point_400,Premium Motorsports,1.0230100719568282,0.6569999999999983
NASCAR_2020_4899_south_point_400,NASCAR,2020,4899_south_point_400,Richard Childress Racing,-0.18762894882162878,-0.13974999999999937
NASCAR_2020_4899_south_point_400,NASCAR,2020,4899_south_point_400,Richard Petty Motorsports,0.4642897040808113,0.33550000000000324
NASCAR_2020_4899_south_point_400,NASCAR,2020,4899_south_point_400,Rick Ware Racing,1.8713585637721313,1.3019999999999996
NASCAR_2020_4899_south_point_400,NASCAR,2020,4899_south_point_400,Roush Fenway Racing,0.14638223885678067,0.1109999999999971
NASCAR_2020_4899_south_point_400,NASCAR,2020,4899_south_point_400,Spire Motorsports,1.5286894678300547,1.0677500000000002
NASCAR_2020_4899_south_point_400,NASCAR,2020,4899_south_point_400,StarCom Racing,2.1411517274407643,1.4445000000000014
NASCAR_2020_4899_south_point_400,NASCAR,2020,4899_south_point_400,Stewart-Haas Racing,-0.12294024921087529,-0.11025000000000063
NASCAR_2020_4899_south_point_400,NASCAR,2020,4899_south_point_400,Team Penske,-0.2190764066709882,-0.18299999999999983
NASCAR_2020_4899_south_point_400,NASCAR,2020,4899_south_point_400,Wood Brothers Racing,-0.2676932862653294,-0.21100000000000563
NASCAR_2020_4900_federated_auto_parts_400,NASCAR,2020,4900_federated_auto_parts_400,Chip Ganassi Racing,-0.09228061551129597,-0.04199999999999804
NASCAR_2020_4900_federated_auto_parts_400,NASCAR,2020,4900_federated_auto_parts_400,Front Row Motorsports,0.293167240335088,0.11500000000000021
NASCAR_2020_4900_federated_auto_parts_400,NASCAR,2020,4900_federated_auto_parts_400,GO FAS Racing,0.2519294393242056,0.10849999999999937
NASCAR_2020_4900_federated_auto_parts_400,NASCAR,2020,4900_federated_auto_parts_400,Gaunt Brothers Racing,0.36529526525157713,0.15850000000000009
NASCAR_2020_4900_federated_auto_parts_400,NASCAR,2020,4900_federated_auto_parts_400,Germain Racing,0.3193660593230302,0.14349999999999952
NASCAR_2020_4900_federated_auto_parts_400,NASCAR,2020,4900_federated_auto_parts_400,Hendrick Motorsports,-0.1822108394288402,-0.088750000000001
NASCAR_2020_4900_federated_auto_parts_400,NASCAR,2020,4900_federated_auto_parts_400,JTG Daugherty Racing,-0.13073124397353836,-0.06199999999999761
NASCAR_2020_4900_federated_auto_parts_400,NASCAR,2020,4900_federated_auto_parts_400,Joe Gibbs Racing,-0.2524767052863234,-0.11700000000000088
NASCAR_2020_4900_federated_auto_parts_400,NASCAR,2020,4900_federated_auto_parts_400,Leavine Family Racing,-0.08825405520400374,-0.036000000000001364
NASCAR_2020_4900_federated_auto_parts_400,NASCAR,2020,4900_federated_auto_parts_400,Motorsports Business Management,1.8231600601287141,0.5927500000000006
NASCAR_2020_4900_federated_auto_parts_400,NASCAR,2020,4900_federated_auto_parts_400,Petty Ware Racing,1.8431248112580823,0.7285000000000004
NASCAR_2020_4900_federated_auto_parts_400,NASCAR,2020,4900_federated_auto_parts_400,Premium Motorsports,1.271724488565203,0.532
NASCAR_2020_4900_federated_auto_parts_400,NASCAR,2020,4900_federated_auto_parts_400,Richard Childress Racing,-0.31574255294593134,-0.13799999999999812
NASCAR_2020_4900_federated_auto_parts_400,NASCAR,2020,4900_federated_auto_parts_400,Richard Petty Motorsports,0.2982053226578492,0.12175000000000225
NASCAR_2020_4900_federated_auto_parts_400,NASCAR,2020,4900_federated_auto_parts_400,Rick Ware Racing,1.7577110248441832,0.7010000000000005
NASCAR_2020_4900_federated_auto_parts_400,NASCAR,2020,4900_federated_auto_parts_400,Roush Fenway Racing,0.1320388862596847,0.06599999999999895
NASCAR_2020_4900_federated_auto_parts_400,NASCAR,2020,4900_federated_auto_parts_400,Spire Motorsports,1.6834753480258957,0.7280000000000015
NASCAR_2020_4900_federated_auto_parts_400,NASCAR,2020,4900_federated_auto_parts_400,StarCom Racing,1.1878715805873687,0.5500000000000007
NASCAR_2020_4900_federated_auto_parts_400,NASCAR,2020,4900_federated_auto_parts_400,Stewart-Haas Racing,-0.24748485422176342,-0.11099999999999888
NASCAR_2020_4900_federated_auto_parts_400,NASCAR,2020,4900_federated_auto_parts_400,Team Penske,-0.26447307983679347,-0.1324999999999985
NASCAR_2020_4900_federated_auto_parts_400,NASCAR,2020,4900_federated_auto_parts_400,Wood Brothers Racing,-0.17411459620425535,-0.07500000000000107
NASCAR_2020_4901_bank_of_america_roval_400,NASCAR,2020,4901_bank_of_america_roval_400,Chip Ganassi Racing,-0.07462885653904397,-0.14750000000000796
NASCAR_2020_4901_bank_of_america_roval_400,NASCAR,2020,4901_bank_of_america_roval_400,Front Row Motorsports,0.008997920763929863,0.022250000000006764
NASCAR_2020_4901_bank_of_america_roval_400,NASCAR,2020,4901_bank_of_america_roval_400,GO FAS Racing,0.2712373608205023,0.6669999999999874
NASCAR_2020_4901_bank_of_america_roval_400,NASCAR,2020,4901_bank_of_america_roval_400,Gaunt Brothers Racing,0.5168891227916097,0.9690000000000083
NASCAR_2020_4901_bank_of_america_roval_400,NASCAR,2020,4901_bank_of_america_roval_400,Germain Racing,0.03423370110870508,0.10875000000000057
NASCAR_2020_4901_bank_of_america_roval_400,NASCAR,2020,4901_bank_of_america_roval_400,Hendrick Motorsports,-0.3502122169561357,-0.6679999999999922
NASCAR_2020_4901_bank_of_america_roval_400,NASCAR,2020,4901_bank_of_america_roval_400,JTG Daugherty Racing,-0.033509217079794894,-0.08499999999999375
NASCAR_2020_4901_bank_of_america_roval_400,NASCAR,2020,4901_bank_of_america_roval_400,Joe Gibbs Racing,-0.28164737810236734,-0.5774999999999864
NASCAR_2020_4901_bank_of_america_roval_400,NASCAR,2020,4901_bank_of_america_roval_400,Leavine Family Racing,-0.447296919501339,-0.7150000000000034
NASCAR_2020_4901_bank_of_america_roval_400,NASCAR,2020,4901_bank_of_america_roval_400,Motorsports Business Management,1.0428131671929255,2.197249999999997
NASCAR_2020_4901_bank_of_america_roval_400,NASCAR,2020,4901_bank_of_america_roval_400,Petty Ware Racing,0.6957560646703583,1.0349999999999966
NASCAR_2020_4901_bank_of_america_roval_400,NASCAR,2020,4901_bank_of_america_roval_400,Premium Motorsports,0.7922084377554148,1.2090000000000032
NASCAR_2020_4901_bank_of_america_roval_400,NASCAR,2020,4901_bank_of_america_roval_400,Richard Childress Racing,0.012548613547355892,0.015000000000000568
NASCAR_2020_4901_bank_of_america_roval_400,NASCAR,2020,4901_bank_of_america_roval_400,Richard Petty Motorsports,0.011507799817401555,0.03899999999998727
NASCAR_2020_4901_bank_of_america_roval_400,NASCAR,2020,4901_bank_of_america_roval_400,Rick Ware Racing,0.5993218479325069,1.09525
NASCAR_2020_4901_bank_of_america_roval_400,NASCAR,2020,4901_bank_of_america_roval_400,Roush Fenway Racing,0.2146012361099416,0.5794999999999959
NASCAR_2020_4901_bank_of_america_roval_400,NASCAR,2020,4901_bank_of_america_roval_400,Spire Motorsports,0.9260300635161687,1.6852500000000035
NASCAR_2020_4901_bank_of_america_roval_400,NASCAR,2020,4901_bank_of_america_roval_400,StarCom Racing,0.8283266055257074,1.7167500000000118
NASCAR_2020_4901_bank_of_america_roval_400,NASCAR,2020,4901_bank_of_america_roval_400,Stewart-Haas Racing,-0.0900397876516342,-0.23550000000000182
NASCAR_2020_4901_bank_of_america_roval_400,NASCAR,2020,4901_bank_of_america_roval_400,Team Penske,-0.38067800967933546,-0.8947499999999948
NASCAR_2020_4901_bank_of_america_roval_400,NASCAR,2020,4901_bank_of_america_roval_400,Wood Brothers Racing,0.027604509150626583,0.09449999999999648
NASCAR_2020_4902_drydene_311_2,NASCAR,2020,4902_drydene_311_2,B.J. McLeod Motorsports,1.304201400035893,0.6089999999999982
NASCAR_2020_4902_drydene_311_2,NASCAR,2020,4902_drydene_311_2,Chip Ganassi Racing,-0.0972531399754139,-0.04399999999999871
NASCAR_2020_4902_drydene_311_2,NASCAR,2020,4902_drydene_311_2,Front Row Motorsports,0.22221029297354683,0.11074999999999946
NASCAR_2020_4902_drydene_311_2,NASCAR,2020,4902_drydene_311_2,GO FAS Racing,0.34382839447345526,0.1684999999999981
NASCAR_2020_4902_drydene_311_2,NASCAR,2020,4902_drydene_311_2,Gaunt Brothers Racing,0.42156695493431323,0.22100000000000009
NASCAR_2020_4902_drydene_311_2,NASCAR,2020,4902_drydene_311_2,Germain Racing,0.47306591783589624,0.22499999999999787
NASCAR_2020_4902_drydene_311_2,NASCAR,2020,4902_drydene_311_2,Hendrick Motorsports,-0.43058431767969063,-0.21775000000000233
NASCAR_2020_4902_drydene_311_2,NASCAR,2020,4902_drydene_311_2,JTG Daugherty Racing,0.16542086694442554,0.08099999999999952
NASCAR_2020_4902_drydene_311_2,NASCAR,2020,4902_drydene_311_2,Joe Gibbs Racing,-0.1926921558978643,-0.09750000000000014
NASCAR_2020_4902_drydene_311_2,NASCAR,2020,4902_drydene_311_2,Leavine Family Racing,0.22855134124146534,0.11400000000000077
NASCAR_2020_4902_drydene_311_2,NASCAR,2020,4902_drydene_311_2,Motorsports Business Management,2.2784015198784555,1.0159999999999982
NASCAR_2020_4902_drydene_311_2,NASCAR,2020,4902_drydene_311_2,Petty Ware Racing,1.2797720904393821,0.6675000000000004
NASCAR_2020_4902_drydene_311_2,NASCAR,2020,4902_drydene_311_2,Premium Motorsports,0.9454004315661999,0.48300000000000054
NASCAR_2020_4902_drydene_311_2,NASCAR,2020,4902_drydene_311_2,Richard Childress Racing,-0.18623805723258802,-0.09350000000000058
NASCAR_2020_4902_drydene_311_2,NASCAR,2020,4902_drydene_311_2,Richard Petty Motorsports,0.21582856454830013,0.11599999999999966
NASCAR_2020_4902_drydene_311_2,NASCAR,2020,4902_drydene_311_2,Rick Ware Racing,1.1328985742318776,0.577
NASCAR_2020_4902_drydene_311_2,NASCAR,2020,4902_drydene_311_2,Roush Fenway Racing,0.003171372523270671,0.0010000000000012221
NASCAR_2020_4902_drydene_311_2,NASCAR,2020,4902_drydene_311_2,Spire Motorsports,1.6581865066278894,0.7550000000000008
NASCAR_2020_4902_drydene_311_2,NASCAR,2020,4902_drydene_311_2,StarCom Racing,1.7734798879321996,0.7815000000000012
NASCAR_2020_4902_drydene_311_2,NASCAR,2020,4902_drydene_311_2,Stewart-Haas Racing,-0.4028519749205441,-0.20650000000000013
NASCAR_2020_4902_drydene_311_2,NASCAR,2020,4902_drydene_311_2,Team Penske,-0.4100087685948081,-0.19699999999999918
NASCAR_2020_4902_drydene_311_2,NASCAR,2020,4902_drydene_311_2,Tommy Baldwin Racing,2.2389727464837397,0.9750000000000014
NASCAR_2020_4902_drydene_311_2,NASCAR,2020,4902_drydene_311_2,Wood Brothers Racing,-0.08972081788211392,-0.05000000000000071
NASCAR_2020_4903_yellawood_500,NASCAR,2020,4903_yellawood_500,Beard Motorsports,0.6632101700057065,0.37975000000000136
NASCAR_2020_4903_yellawood_500,NASCAR,2020,4903_yellawood_500,Chip Ganassi Racing,0.002420129159698068,0.0027500000000024727
NASCAR_2020_4903_yellawood_500,NASCAR,2020,4903_yellawood_500,Front Row Motorsports,-0.021069620150050622,-0.009000000000000341
NASCAR_2020_4903_yellawood_500,NASCAR,2020,4903_yellawood_500,GO FAS Racing,0.003360189195400537,5.000000000023874e-4
NASCAR_2020_4903_yellawood_500,NASCAR,2020,4903_yellawood_500,Gaunt Brothers Racing,-0.09588636817776901,-0.0484999999999971
NASCAR_2020_4903_yellawood_500,NASCAR,2020,4903_yellawood_500,Germain Racing,-0.048603721124028984,-0.0382499999999979
NASCAR_2020_4903_yellawood_500,NASCAR,2020,4903_yellawood_500,Hendrick Motorsports,-0.015796609611137588,-0.008000000000002672
NASCAR_2020_4903_yellawood_500,NASCAR,2020,4903_yellawood_500,JTG Daugherty Racing,-0.053759738211966265,-0.026250000000000995
NASCAR_2020_4903_yellawood_500,NASCAR,2020,4903_yellawood_500,Joe Gibbs Racing,0.0017895742539957237,0.0027499999999953673
NASCAR_2020_4903_yellawood_500,NASCAR,2020,4903_yellawood_500,Motorsports Business Management,0.2518684683859469,0.1407500000000006
NASCAR_2020_4903_yellawood_500,NASCAR,2020,4903_yellawood_500,Petty Ware Racing,0.38778872467669845,0.23799999999999955
NASCAR_2020_4903_yellawood_500,NASCAR,2020,4903_yellawood_500,Premium Motorsports,0.039612025856274394,0.013999999999995794
NASCAR_2020_4903_yellawood_500,NASCAR,2020,4903_yellawood_500,Richard Childress Racing,-0.02330943874576727,-0.015000000000000568
NASCAR_2020_4903_yellawood_500,NASCAR,2020,4903_yellawood_500,Richard Petty Motorsports,-0.07665702672522012,-0.029000000000003467
NASCAR_2020_4903_yellawood_500,NASCAR,2020,4903_yellawood_500,Rick Ware Racing,0.4047516087621086,0.267000000000003
NASCAR_2020_4903_yellawood_500,NASCAR,2020,4903_yellawood_500,Roush Fenway Racing,0,0
NASCAR_2020_4903_yellawood_500,NASCAR,2020,4903_yellawood_500,Spire Motorsports,0.38757795767521686,0.166249999999998
NASCAR_2020_4903_yellawood_500,NASCAR,2020,4903_yellawood_500,StarCom Racing,0.11544727528847287,0.09299999999998931
NASCAR_2020_4903_yellawood_500,NASCAR,2020,4903_yellawood_500,Stewart-Haas Racing,-1.2296398820318684e-4,-0.0020000000000024443
NASCAR_2020_4903_yellawood_500,NASCAR,2020,4903_yellawood_500,Team Penske,-0.08052770343277521,-0.03399999999999892
NASCAR_2020_4903_yellawood_500,NASCAR,2020,4903_yellawood_500,Wood Brothers Racing,-5.662192088678539e-4,-2.500000000011937e-4
NASCAR_2020_4904_hollywood_casino_400,NASCAR,2020,4904_hollywood_casino_400,Chip Ganassi Racing,-0.03196692429253869,-0.028750000000000497
NASCAR_2020_4904_hollywood_casino_400,NASCAR,2020,4904_hollywood_casino_400,Front Row Motorsports,0.06074649351954578,0.04899999999999771
NASCAR_2020_4904_hollywood_casino_400,NASCAR,2020,4904_hollywood_casino_400,GO FAS Racing,0.3217553907276286,0.2480000000000011
NASCAR_2020_4904_hollywood_casino_400,NASCAR,2020,4904_hollywood_casino_400,Gaunt Brothers Racing,0.587356357083002,0.48900000000000077
NASCAR_2020_4904_hollywood_casino_400,NASCAR,2020,4904_hollywood_casino_400,Germain Racing,0.3932020582478407,0.3255000000000017
NASCAR_2020_4904_hollywood_casino_400,NASCAR,2020,4904_hollywood_casino_400,Hendrick Motorsports,-0.22167092621590095,-0.19100000000000072
NASCAR_2020_4904_hollywood_casino_400,NASCAR,2020,4904_hollywood_casino_400,JTG Daugherty Racing,0.028231847876206282,0.026000000000001577
NASCAR_2020_4904_hollywood_casino_400,NASCAR,2020,4904_hollywood_casino_400,Joe Gibbs Racing,-0.2277523108102394,-0.19850000000000279
NASCAR_2020_4904_hollywood_casino_400,NASCAR,2020,4904_hollywood_casino_400,Leavine Family Racing,-0.236108724794576,-0.18500000000000227
NASCAR_2020_4904_hollywood_casino_400,NASCAR,2020,4904_hollywood_casino_400,Motorsports Business Management,2.3696139844188253,1.8640000000000008
NASCAR_2020_4904_hollywood_casino_400,NASCAR,2020,4904_hollywood_casino_400,Petty Ware Racing,2.672120269996838,2.1177500000000027
NASCAR_2020_4904_hollywood_casino_400,NASCAR,2020,4904_hollywood_casino_400,Premium Motorsports,0.7954493332574746,0.6320000000000014
NASCAR_2020_4904_hollywood_casino_400,NASCAR,2020,4904_hollywood_casino_400,Richard Childress Racing,-0.1032934353006035,-0.09200000000000053
NASCAR_2020_4904_hollywood_casino_400,NASCAR,2020,4904_hollywood_casino_400,Richard Petty Motorsports,0.020461316886276726,0.01649999999999885
NASCAR_2020_4904_hollywood_casino_400,NASCAR,2020,4904_hollywood_casino_400,Rick Ware Racing,1.5348328512026927,1.196000000000005
NASCAR_2020_4904_hollywood_casino_400,NASCAR,2020,4904_hollywood_casino_400,Roush Fenway Racing,0.16995796122181853,0.13874999999999993
NASCAR_2020_4904_hollywood_casino_400,NASCAR,2020,4904_hollywood_casino_400,Spire Motorsports,2.356403354569342,1.8797500000000014
NASCAR_2020_4904_hollywood_casino_400,NASCAR,2020,4904_hollywood_casino_400,StarCom Racing,1.9785068523356106,1.6150000000000002
NASCAR_2020_4904_hollywood_casino_400,NASCAR,2020,4904_hollywood_casino_400,Stewart-Haas Racing,-0.16598323752832858,-0.13999999999999702
NASCAR_2020_4904_hollywood_casino_400,NASCAR,2020,4904_hollywood_casino_400,Team Penske,-0.3654856027584792,-0.3125
NASCAR_2020_4904_hollywood_casino_400,NASCAR,2020,4904_hollywood_casino_400,Tommy Baldwin Racing,1.73892473177595,1.4532499999999988
NASCAR_2020_4904_hollywood_casino_400,NASCAR,2020,4904_hollywood_casino_400,Wood Brothers Racing,0,0
NASCAR_2020_4905_xfinity_500,NASCAR,2020,4905_xfinity_500,Chip Ganassi Racing,-0.19446933701968924,-0.0815000000000019
NASCAR_2020_4905_xfinity_500,NASCAR,2020,4905_xfinity_500,Front Row Motorsports,0.4417142872856393,0.14000000000000057
NASCAR_2020_4905_xfinity_500,NASCAR,2020,4905_xfinity_500,GO FAS Racing,0.07526262000093328,0.030250000000000554
NASCAR_2020_4905_xfinity_500,NASCAR,2020,4905_xfinity_500,Gaunt Brothers Racing,0.46083743840034913,0.15800000000000125
NASCAR_2020_4905_xfinity_500,NASCAR,2020,4905_xfinity_500,Germain Racing,0.07148780598622995,0.02499999999999858
NASCAR_2020_4905_xfinity_500,NASCAR,2020,4905_xfinity_500,Hendrick Motorsports,-0.32293833020942164,-0.12300000000000111
NASCAR_2020_4905_xfinity_500,NASCAR,2020,4905_xfinity_500,JTG Daugherty Racing,0.1791702710117175,0.06274999999999942
NASCAR_2020_4905_xfinity_500,NASCAR,2020,4905_xfinity_500,Joe Gibbs Racing,-0.360428218992065,-0.13100000000000023
NASCAR_2020_4905_xfinity_500,NASCAR,2020,4905_xfinity_500,Leavine Family Racing,0,0
NASCAR_2020_4905_xfinity_500,NASCAR,2020,4905_xfinity_500,Motorsports Business Management,1.1606464951324322,0.36900000000000155
NASCAR_2020_4905_xfinity_500,NASCAR,2020,4905_xfinity_500,Petty Ware Racing,1.8617150925251957,0.5447500000000005
NASCAR_2020_4905_xfinity_500,NASCAR,2020,4905_xfinity_500,Premium Motorsports,0.8093025897567698,0.2630000000000017
NASCAR_2020_4905_xfinity_500,NASCAR,2020,4905_xfinity_500,Richard Childress Racing,0.21797520414932742,0.08049999999999713
NASCAR_2020_4905_xfinity_500,NASCAR,2020,4905_xfinity_500,Richard Petty Motorsports,0.15198702243359136,0.05525000000000091
NASCAR_2020_4905_xfinity_500,NASCAR,2020,4905_xfinity_500,Rick Ware Racing,1.187379683358547,0.37349999999999817
NASCAR_2020_4905_xfinity_500,NASCAR,2020,4905_xfinity_500,Roush Fenway Racing,0.00276223300168517,9.999999999976694e-4
NASCAR_2020_4905_xfinity_500,NASCAR,2020,4905_xfinity_500,Spire Motorsports,1.598913224074342,0.4314999999999998
NASCAR_2020_4905_xfinity_500,NASCAR,2020,4905_xfinity_500,StarCom Racing,2.0538970688437512,0.6620000000000008
NASCAR_2020_4905_xfinity_500,NASCAR,2020,4905_xfinity_500,Stewart-Haas Racing,-0.19063676970644639,-0.07099999999999795
NASCAR_2020_4905_xfinity_500,NASCAR,2020,4905_xfinity_500,Team Penske,-0.5513581161920922,-0.19349999999999667
NASCAR_2020_4905_xfinity_500,NASCAR,2020,4905_xfinity_500,Tommy Baldwin Racing,1.827118141575872,0.5539999999999985
NASCAR_2020_4905_xfinity_500,NASCAR,2020,4905_xfinity_500,Wood Brothers Racing,-0.046889965278985854,-0.016000000000000014
NASCAR_2020_4906_autotrader_echopark_automotive_500,NASCAR,2020,4906_autotrader_echopark_automotive_500,Chip Ganassi Racing,-0.1188887114800181,-0.09000000000000341
NASCAR_2020_4906_autotrader_echopark_automotive_500,NASCAR,2020,4906_autotrader_echopark_automotive_500,Front Row Motorsports,0,0
NASCAR_2020_4906_autotrader_echopark_automotive_500,NASCAR,2020,4906_autotrader_echopark_automotive_500,GO FAS Racing,0.17117345955576824,0.12475000000000058
NASCAR_2020_4906_autotrader_echopark_automotive_500,NASCAR,2020,4906_autotrader_echopark_automotive_500,Gaunt Brothers Racing,0.8379201375707235,0.5704999999999991
NASCAR_2020_4906_autotrader_echopark_automotive_500,NASCAR,2020,4906_autotrader_echopark_automotive_500,Germain Racing,0.26047413619339754,0.17749999999999844
NASCAR_2020_4906_autotrader_echopark_automotive_500,NASCAR,2020,4906_autotrader_echopark_automotive_500,Hendrick Motorsports,-0.2550650973424668,-0.18299999999999983
NASCAR_2020_4906_autotrader_echopark_automotive_500,NASCAR,2020,4906_autotrader_echopark_automotive_500,JTG Daugherty Racing,0.029856957579542914,0.02499999999999858
NASCAR_2020_4906_autotrader_echopark_automotive_500,NASCAR,2020,4906_autotrader_echopark_automotive_500,Joe Gibbs Racing,-0.25678703691371674,-0.17650000000000077
NASCAR_2020_4906_autotrader_echopark_automotive_500,NASCAR,2020,4906_autotrader_echopark_automotive_500,Leavine Family Racing,-0.23100722406323054,-0.17600000000000016
NASCAR_2020_4906_autotrader_echopark_automotive_500,NASCAR,2020,4906_autotrader_echopark_automotive_500,Motorsports Business Management,2.015084571013708,1.3332500000000014
NASCAR_2020_4906_autotrader_echopark_automotive_500,NASCAR,2020,4906_autotrader_echopark_automotive_500,Petty Ware Racing,2.035641114703049,1.2950000000000017
NASCAR_2020_4906_autotrader_echopark_automotive_500,NASCAR,2020,4906_autotrader_echopark_automotive_500,Premium Motorsports,0.9685095658352593,0.644499999999999
NASCAR_2020_4906_autotrader_echopark_automotive_500,NASCAR,2020,4906_autotrader_echopark_automotive_500,Richard Childress Racing,-0.11103970837953611,-0.08300000000000196
NASCAR_2020_4906_autotrader_echopark_automotive_500,NASCAR,2020,4906_autotrader_echopark_automotive_500,Richard Petty Motorsports,-0.005911041220838612,-0.004999999999999005
NASCAR_2020_4906_autotrader_echopark_automotive_500,NASCAR,2020,4906_autotrader_echopark_automotive_500,Rick Ware Racing,1.4351542643422095,0.9842500000000012
NASCAR_2020_4906_autotrader_echopark_automotive_500,NASCAR,2020,4906_autotrader_echopark_automotive_500,Roush Fenway Racing,0.36950255428685036,0.2735000000000021
NASCAR_2020_4906_autotrader_echopark_automotive_500,NASCAR,2020,4906_autotrader_echopark_automotive_500,Spire Motorsports,1.455144321802877,0.9125000000000014
NASCAR_2020_4906_autotrader_echopark_automotive_500,NASCAR,2020,4906_autotrader_echopark_automotive_500,StarCom Racing,1.292513803369424,0.8270000000000017
NASCAR_2020_4906_autotrader_echopark_automotive_500,NASCAR,2020,4906_autotrader_echopark_automotive_500,Stewart-Haas Racing,-0.1858746392222168,-0.13249999999999673
NASCAR_2020_4906_autotrader_echopark_automotive_500,NASCAR,2020,4906_autotrader_echopark_automotive_500,Team Penske,-0.24932271394849903,-0.1769999999999996
NASCAR_2020_4906_autotrader_echopark_automotive_500,NASCAR,2020,4906_autotrader_echopark_automotive_500,Tommy Baldwin Racing,1.3442367660778545,0.926499999999999
NASCAR_2020_4906_autotrader_echopark_automotive_500,NASCAR,2020,4906_autotrader_echopark_automotive_500,Wood Brothers Racing,-0.15545669819370148,-0.11550000000000082
NASCAR_2020_4907_season_finale_500,NASCAR,2020,4907_season_finale_500,Chip Ganassi Racing,-0.07403111338359743,-0.04800000000000182
NASCAR_2020_4907_season_finale_500,NASCAR,2020,4907_season_finale_500,Front Row Motorsports,0.17143458465334033,0.10299999999999798
NASCAR_2020_4907_season_finale_500,NASCAR,2020,4907_season_finale_500,GO FAS Racing,0.05623847241295972,0.04200000000000159
NASCAR_2020_4907_season_finale_500,NASCAR,2020,4907_season_finale_500,Gaunt Brothers Racing,0.5995267018604675,0.3569999999999993
NASCAR_2020_4907_season_finale_500,NASCAR,2020,4907_season_finale_500,Germain Racing,0.20374137059021244,0.11125000000000007
NASCAR_2020_4907_season_finale_500,NASCAR,2020,4907_season_finale_500,Hendrick Motorsports,-0.27593766184262264,-0.1670000000000016
NASCAR_2020_4907_season_finale_500,NASCAR,2020,4907_season_finale_500,JTG Daugherty Racing,0.14932912476461646,0.09074999999999989
NASCAR_2020_4907_season_finale_500,NASCAR,2020,4907_season_finale_500,Joe Gibbs Racing,-0.23251840684659508,-0.142000000000003
NASCAR_2020_4907_season_finale_500,NASCAR,2020,4907_season_finale_500,Leavine Family Racing,0.012843768409297091,0.007250000000000867
NASCAR_2020_4907_season_finale_500,NASCAR,2020,4907_season_finale_500,Motorsports Business Management,2.8870937301816406,1.6600000000000001
NASCAR_2020_4907_season_finale_500,NASCAR,2020,4907_season_finale_500,Petty Ware Racing,1.7602701344066616,1.013
NASCAR_2020_4907_season_finale_500,NASCAR,2020,4907_season_finale_500,Premium Motorsports,0.6605058963948941,0.3670000000000009
NASCAR_2020_4907_season_finale_500,NASCAR,2020,4907_season_finale_500,Richard Childress Racing,-0.012550459453018565,-0.00849999999999973
NASCAR_2020_4907_season_finale_500,NASCAR,2020,4907_season_finale_500,Richard Petty Motorsports,-0.018844428870712613,-0.012000000000000455
NASCAR_2020_4907_season_finale_500,NASCAR,2020,4907_season_finale_500,Rick Ware Racing,1.1815699783673004,0.7059999999999995
NASCAR_2020_4907_season_finale_500,NASCAR,2020,4907_season_finale_500,Roush Fenway Racing,0.1687092851110926,0.09549999999999947
NASCAR_2020_4907_season_finale_500,NASCAR,2020,4907_season_finale_500,Spire Motorsports,2.428515647570749,1.417250000000001
NASCAR_2020_4907_season_finale_500,NASCAR,2020,4907_season_finale_500,StarCom Racing,1.9616557957239609,1.1799999999999962
NASCAR_2020_4907_season_finale_500,NASCAR,2020,4907_season_finale_500,Stewart-Haas Racing,-0.1775817293687234,-0.1075000000000017
NASCAR_2020_4907_season_finale_500,NASCAR,2020,4907_season_finale_500,Team Penske,-0.5581661071414549,-0.3410000000000011
NASCAR_2020_4907_season_finale_500,NASCAR,2020,4907_season_finale_500,Tommy Baldwin Racing,2.1095004508513036,1.2192500000000006
NASCAR_2020_4907_season_finale_500,NASCAR,2020,4907_season_finale_500,Wood Brothers Racing,-0.33401345566587937,-0.192499999999999
NASCAR_2020_4967_the_real_heroes_400,NASCAR,2020,4967_the_real_heroes_400,B.J. McLeod Motorsports,1.627384159255825,1.3240000000000016
NASCAR_2020_4967_the_real_heroes_400,NASCAR,2020,4967_the_real_heroes_400,Chip Ganassi Racing,-0.18071688251839493,-0.1587499999999995
NASCAR_2020_4967_the_real_heroes_400,NASCAR,2020,4967_the_real_heroes_400,Front Row Motorsports,0.059942085674077134,0.0470000000000006
NASCAR_2020_4967_the_real_heroes_400,NASCAR,2020,4967_the_real_heroes_400,GO FAS Racing,0.2849852035732974,0.2079999999999984
NASCAR_2020_4967_the_real_heroes_400,NASCAR,2020,4967_the_real_heroes_400,Gaunt Brothers Racing,0.6372573632451839,0.4089999999999989
NASCAR_2020_4967_the_real_heroes_400,NASCAR,2020,4967_the_real_heroes_400,Germain Racing,0.16421783161248016,0.12599999999999767
NASCAR_2020_4967_the_real_heroes_400,NASCAR,2020,4967_the_real_heroes_400,Hendrick Motorsports,-0.4178747726362072,-0.31399999999999295
NASCAR_2020_4967_the_real_heroes_400,NASCAR,2020,4967_the_real_heroes_400,JTG Daugherty Racing,-0.007455240194203465,-0.0045000000000001705
NASCAR_2020_4967_the_real_heroes_400,NASCAR,2020,4967_the_real_heroes_400,Joe Gibbs Racing,-0.2726947305153437,-0.2190000000000012
NASCAR_2020_4967_the_real_heroes_400,NASCAR,2020,4967_the_real_heroes_400,Leavine Family Racing,0.03703409046629194,0.030500000000001748
NASCAR_2020_4967_the_real_heroes_400,NASCAR,2020,4967_the_real_heroes_400,Motorsports Business Management,2.1872715005021393,1.5212500000000002
NASCAR_2020_4967_the_real_heroes_400,NASCAR,2020,4967_the_real_heroes_400,Petty Ware Racing,1.9281815708122458,1.3129999999999988
NASCAR_2020_4967_the_real_heroes_400,NASCAR,2020,4967_the_real_heroes_400,Premium Motorsports,0.6940008955027948,0.472999999999999
NASCAR_2020_4967_the_real_heroes_400,NASCAR,2020,4967_the_real_heroes_400,Richard Childress Racing,-0.13142747785012454,-0.12900000000000134
NASCAR_2020_4967_the_real_heroes_400,NASCAR,2020,4967_the_real_heroes_400,Richard Petty Motorsports,0.10367995747824311,0.0779999999999994
NASCAR_2020_4967_the_real_heroes_400,NASCAR,2020,4967_the_real_heroes_400,Rick Ware Racing,0.8251347276506136,0.5914999999999981
NASCAR_2020_4967_the_real_heroes_400,NASCAR,2020,4967_the_real_heroes_400,Roush Fenway Racing,0.05833126428666961,0.043000000000002814
NASCAR_2020_4967_the_real_heroes_400,NASCAR,2020,4967_the_real_heroes_400,Spire Motorsports,1.6075459691348097,1.1134999999999984
NASCAR_2020_4967_the_real_heroes_400,NASCAR,2020,4967_the_real_heroes_400,StarCom Racing,1.1720746341659583,0.8659999999999997
NASCAR_2020_4967_the_real_heroes_400,NASCAR,2020,4967_the_real_heroes_400,Stewart-Haas Racing,-0.14614509434432915,-0.12650000000000006
NASCAR_2020_4967_the_real_heroes_400,NASCAR,2020,4967_the_real_heroes_400,Team Penske,-0.11767998491543569,-0.09050000000000047
NASCAR_2020_4967_the_real_heroes_400,NASCAR,2020,4967_the_real_heroes_400,Tommy Baldwin Racing,2.242437350604036,1.5559999999999974
NASCAR_2020_4967_the_real_heroes_400,NASCAR,2020,4967_the_real_heroes_400,Wood Brothers Racing,-0.03501056019038998,-0.03500000000000014
NASCAR_2020_4968_toyota_500,NASCAR,2020,4968_toyota_500,B.J. McLeod Motorsports,2.2609194541632984,1.541000000000004
NASCAR_2020_4968_toyota_500,NASCAR,2020,4968_toyota_500,Chip Ganassi Racing,-0.07723817707282139,-0.09600000000000009
NASCAR_2020_4968_toyota_500,NASCAR,2020,4968_toyota_500,Front Row Motorsports,0.218857577893406,0.2104999999999997
NASCAR_2020_4968_toyota_500,NASCAR,2020,4968_toyota_500,GO FAS Racing,0.17800698738077927,0.14424999999999955
NASCAR_2020_4968_toyota_500,NASCAR,2020,4968_toyota_500,Gaunt Brothers Racing,0.36817147488521734,0.3125000000000018
NASCAR_2020_4968_toyota_500,NASCAR,2020,4968_toyota_500,Germain Racing,-1.0396594655549109e-4,-0.0015000000000000568
NASCAR_2020_4968_toyota_500,NASCAR,2020,4968_toyota_500,Hendrick Motorsports,-0.2099269842244092,-0.23149999999999693
NASCAR_2020_4968_toyota_500,NASCAR,2020,4968_toyota_500,JTG Daugherty Racing,0.07446617909061352,0.05799999999999983
NASCAR_2020_4968_toyota_500,NASCAR,2020,4968_toyota_500,Joe Gibbs Racing,-0.28369529926740167,-0.26950000000000074
NASCAR_2020_4968_toyota_500,NASCAR,2020,4968_toyota_500,Leavine Family Racing,-0.025444868402428548,-0.021499999999996078
NASCAR_2020_4968_toyota_500,NASCAR,2020,4968_toyota_500,Motorsports Business Management,1.4670283339356136,1.0042500000000008
NASCAR_2020_4968_toyota_500,NASCAR,2020,4968_toyota_500,Petty Ware Racing,1.0108496847027997,0.7577499999999997
NASCAR_2020_4968_toyota_500,NASCAR,2020,4968_toyota_500,Premium Motorsports,0.3366378852326626,0.2759999999999998
NASCAR_2020_4968_toyota_500,NASCAR,2020,4968_toyota_500,Richard Childress Racing,-0.0011725860395253131,-0.0019999999999988916
NASCAR_2020_4968_toyota_500,NASCAR,2020,4968_toyota_500,Richard Petty Motorsports,-0.0036706646073182943,-0.010500000000000398
NASCAR_2020_4968_toyota_500,NASCAR,2020,4968_toyota_500,Rick Ware Racing,1.0142105922876188,0.7550000000000026
NASCAR_2020_4968_toyota_500,NASCAR,2020,4968_toyota_500,Roush Fenway Racing,0.039707999304192027,0.0389999999999997
NASCAR_2020_4968_toyota_500,NASCAR,2020,4968_toyota_500,Spire Motorsports,0.7289563538201967,0.6164999999999967
NASCAR_2020_4968_toyota_500,NASCAR,2020,4968_toyota_500,StarCom Racing,1.0329711501546273,0.8140000000000001
NASCAR_2020_4968_toyota_500,NASCAR,2020,4968_toyota_500,Stewart-Haas Racing,-0.23654298795819148,-0.23000000000000043
NASCAR_2020_4968_toyota_500,NASCAR,2020,4968_toyota_500,Team Penske,-0.22611912746214013,-0.2259999999999991
NASCAR_2020_4968_toyota_500,NASCAR,2020,4968_toyota_500,Wood Brothers Racing,-0.16396741801806686,-0.17400000000000304
NASCAR_2020_4969_alsco_uniforms_500,NASCAR,2020,4969_alsco_uniforms_500,B.J. McLeod Motorsports,1.876876655510638,1.0530000000000008
NASCAR_2020_4969_alsco_uniforms_500,NASCAR,2020,4969_alsco_uniforms_500,Chip Ganassi Racing,-0.12574663851055165,-0.08249999999999957
NASCAR_2020_4969_alsco_uniforms_500,NASCAR,2020,4969_alsco_uniforms_500,Front Row Motorsports,-0.013384791093177048,-0.0070000000000014495
NASCAR_2020_4969_alsco_uniforms_500,NASCAR,2020,4969_alsco_uniforms_500,GO FAS Racing,0.17858758812138106,0.09699999999999953
NASCAR_2020_4969_alsco_uniforms_500,NASCAR,2020,4969_alsco_uniforms_500,Gaunt Brothers Racing,0.6384753192775364,0.35749999999999815
NASCAR_2020_4969_alsco_uniforms_500,NASCAR,2020,4969_alsco_uniforms_500,Germain Racing,0.5833191014393029,0.30524999999999913
NASCAR_2020_4969_alsco_uniforms_500,NASCAR,2020,4969_alsco_uniforms_500,Hendrick Motorsports,-0.2894814599700531,-0.1695000000000011
NASCAR_2020_4969_alsco_uniforms_500,NASCAR,2020,4969_alsco_uniforms_500,JTG Daugherty Racing,-0.10037980428154683,-0.06800000000000139
NASCAR_2020_4969_alsco_uniforms_500,NASCAR,2020,4969_alsco_uniforms_500,Joe Gibbs Racing,-0.1440075258275591,-0.08999999999999986
NASCAR_2020_4969_alsco_uniforms_500,NASCAR,2020,4969_alsco_uniforms_500,Leavine Family Racing,-0.056989962454340626,-0.04475000000000051
NASCAR_2020_4969_alsco_uniforms_500,NASCAR,2020,4969_alsco_uniforms_500,Motorsports Business Management,2.1102141017398983,1.1879999999999953
NASCAR_2020_4969_alsco_uniforms_500,NASCAR,2020,4969_alsco_uniforms_500,Petty Ware Racing,0.23339672414921409,4.924499999999995
NASCAR_2020_4969_alsco_uniforms_500,NASCAR,2020,4969_alsco_uniforms_500,Premium Motorsports,0.9460058702152151,0.5322499999999994
NASCAR_2020_4969_alsco_uniforms_500,NASCAR,2020,4969_alsco_uniforms_500,Richard Childress Racing,-0.2493303035845571,-0.14649999999999963
NASCAR_2020_4969_alsco_uniforms_500,NASCAR,2020,4969_alsco_uniforms_500,Richard Petty Motorsports,-0.12077762290794686,-0.09324999999999939
NASCAR_2020_4969_alsco_uniforms_500,NASCAR,2020,4969_alsco_uniforms_500,Rick Ware Racing,1.1768092002687718,0.6474999999999991
NASCAR_2020_4969_alsco_uniforms_500,NASCAR,2020,4969_alsco_uniforms_500,Roush Fenway Racing,0.038631444688556976,0.01950000000000074
NASCAR_2020_4969_alsco_uniforms_500,NASCAR,2020,4969_alsco_uniforms_500,Spire Motorsports,1.5771736583932263,0.8539999999999992
NASCAR_2020_4969_alsco_uniforms_500,NASCAR,2020,4969_alsco_uniforms_500,StarCom Racing,1.1740519916941277,0.6730000000000018
NASCAR_2020_4969_alsco_uniforms_500,NASCAR,2020,4969_alsco_uniforms_500,Stewart-Haas Racing,-0.009879804771639467,-0.00549999999999784
NASCAR_2020_4969_alsco_uniforms_500,NASCAR,2020,4969_alsco_uniforms_500,Team Penske,-0.4272605340812851,-0.243999999999998
NASCAR_2020_4969_alsco_uniforms_500,NASCAR,2020,4969_alsco_uniforms_500,Tommy Baldwin Racing,2.521170108495267,1.4075000000000024
NASCAR_2020_4969_alsco_uniforms_500,NASCAR,2020,4969_alsco_uniforms_500,Wood Brothers Racing,-0.19698317007448263,-0.13024999999999842
NASCAR_2020_4971_food_city_presents_the_supermarket_heroes_500,NASCAR,2020,4971_food_city_presents_the_supermarket_heroes_500,B.J. McLeod Motorsports,1.0596769677967761,0.3797499999999978
NASCAR_2020_4971_food_city_presents_the_supermarket_heroes_500,NASCAR,2020,4971_food_city_presents_the_supermarket_heroes_500,Chip Ganassi Racing,0,0
NASCAR_2020_4971_food_city_presents_the_supermarket_heroes_500,NASCAR,2020,4971_food_city_presents_the_supermarket_heroes_500,Front Row Motorsports,0.00866875304902451,0.003999999999997783
NASCAR_2020_4971_food_city_presents_the_supermarket_heroes_500,NASCAR,2020,4971_food_city_presents_the_supermarket_heroes_500,GO FAS Racing,0.18242407160698612,0.0669999999999984
NASCAR_2020_4971_food_city_presents_the_supermarket_heroes_500,NASCAR,2020,4971_food_city_presents_the_supermarket_heroes_500,Gaunt Brothers Racing,0.2694201611368396,0.0954999999999977
NASCAR_2020_4971_food_city_presents_the_supermarket_heroes_500,NASCAR,2020,4971_food_city_presents_the_supermarket_heroes_500,Germain Racing,0.04428897693393208,0.01550000000000118
NASCAR_2020_4971_food_city_presents_the_supermarket_heroes_500,NASCAR,2020,4971_food_city_presents_the_supermarket_heroes_500,Hendrick Motorsports,-0.25715172881276316,-0.10200000000000031
NASCAR_2020_4971_food_city_presents_the_supermarket_heroes_500,NASCAR,2020,4971_food_city_presents_the_supermarket_heroes_500,JTG Daugherty Racing,0.0019505615733921662,7.500000000000284e-4
NASCAR_2020_4971_food_city_presents_the_supermarket_heroes_500,NASCAR,2020,4971_food_city_presents_the_supermarket_heroes_500,Joe Gibbs Racing,-0.30614510847046483,-0.12049999999999983
NASCAR_2020_4971_food_city_presents_the_supermarket_heroes_500,NASCAR,2020,4971_food_city_presents_the_supermarket_heroes_500,Leavine Family Racing,-0.03572008768752405,-0.013500000000000512
NASCAR_2020_4971_food_city_presents_the_supermarket_heroes_500,NASCAR,2020,4971_food_city_presents_the_supermarket_heroes_500,Motorsports Business Management,0.7073897445943141,0.2394999999999996
NASCAR_2020_4971_food_city_presents_the_supermarket_heroes_500,NASCAR,2020,4971_food_city_presents_the_supermarket_heroes_500,Petty Ware Racing,2.5214429474112325,0.9140000000000015
NASCAR_2020_4971_food_city_presents_the_supermarket_heroes_500,NASCAR,2020,4971_food_city_presents_the_supermarket_heroes_500,Premium Motorsports,1.080838755430976,0.35850000000000115
NASCAR_2020_4971_food_city_presents_the_supermarket_heroes_500,NASCAR,2020,4971_food_city_presents_the_supermarket_heroes_500,Richard Childress Racing,-0.021530936930746175,-0.009000000000000341
NASCAR_2020_4971_food_city_presents_the_supermarket_heroes_500,NASCAR,2020,4971_food_city_presents_the_supermarket_heroes_500,Richard Petty Motorsports,0,0
NASCAR_2020_4971_food_city_presents_the_supermarket_heroes_500,NASCAR,2020,4971_food_city_presents_the_supermarket_heroes_500,Rick Ware Racing,0.4822498138741065,0.16399999999999793
NASCAR_2020_4971_food_city_presents_the_supermarket_heroes_500,NASCAR,2020,4971_food_city_presents_the_supermarket_heroes_500,Roush Fenway Racing,0.0841565711069296,0.03249999999999886
NASCAR_2020_4971_food_city_presents_the_supermarket_heroes_500,NASCAR,2020,4971_food_city_presents_the_supermarket_heroes_500,Spire Motorsports,1.686976584720743,0.6105
NASCAR_2020_4971_food_city_presents_the_supermarket_heroes_500,NASCAR,2020,4971_food_city_presents_the_supermarket_heroes_500,StarCom Racing,2.392480064276836,0.8260000000000005
NASCAR_2020_4971_food_city_presents_the_supermarket_heroes_500,NASCAR,2020,4971_food_city_presents_the_supermarket_heroes_500,Stewart-Haas Racing,-0.18685443976642757,-0.07474999999999987
NASCAR_2020_4971_food_city_presents_the_supermarket_heroes_500,NASCAR,2020,4971_food_city_presents_the_supermarket_heroes_500,Team Penske,-0.27724295945352095,-0.11100000000000065
NASCAR_2020_4971_food_city_presents_the_supermarket_heroes_500,NASCAR,2020,4971_food_city_presents_the_supermarket_heroes_500,Tommy Baldwin Racing,1.2778131774825552,0.4674999999999976
NASCAR_2020_4971_food_city_presents_the_supermarket_heroes_500,NASCAR,2020,4971_food_city_presents_the_supermarket_heroes_500,Wood Brothers Racing,-0.008337649427433475,-0.0027500000000006963
NASCAR_2020_4972_folds_of_honor_quiktrip_500,NASCAR,2020,4972_folds_of_honor_quiktrip_500,B.J. McLeod Motorsports,1.716823784241185,1.213000000000001
NASCAR_2020_4972_folds_of_honor_quiktrip_500,NASCAR,2020,4972_folds_of_honor_quiktrip_500,Chip Ganassi Racing,-0.16772308601150526,-0.1460000000000008
NASCAR_2020_4972_folds_of_honor_quiktrip_500,NASCAR,2020,4972_folds_of_honor_quiktrip_500,Front Row Motorsports,0.18457109349157555,0.1374999999999993
NASCAR_2020_4972_folds_of_honor_quiktrip_500,NASCAR,2020,4972_folds_of_honor_quiktrip_500,GO FAS Racing,0.35492189670266383,0.27800000000000225
NASCAR_2020_4972_folds_of_honor_quiktrip_500,NASCAR,2020,4972_folds_of_honor_quiktrip_500,Gaunt Brothers Racing,1.0413069819220506,0.801249999999996
NASCAR_2020_4972_folds_of_honor_quiktrip_500,NASCAR,2020,4972_folds_of_honor_quiktrip_500,Germain Racing,0.32832906494325165,0.28600000000000136
NASCAR_2020_4972_folds_of_honor_quiktrip_500,NASCAR,2020,4972_folds_of_honor_quiktrip_500,Hendrick Motorsports,-0.16451396796779638,-0.13800000000000523
NASCAR_2020_4972_folds_of_honor_quiktrip_500,NASCAR,2020,4972_folds_of_honor_quiktrip_500,JTG Daugherty Racing,0,0
NASCAR_2020_4972_folds_of_honor_quiktrip_500,NASCAR,2020,4972_folds_of_honor_quiktrip_500,Joe Gibbs Racing,-0.4006966342526379,-0.3129999999999953
NASCAR_2020_4972_folds_of_honor_quiktrip_500,NASCAR,2020,4972_folds_of_honor_quiktrip_500,Leavine Family Racing,-0.06544726345331922,-0.049500000000001876
NASCAR_2020_4972_folds_of_honor_quiktrip_500,NASCAR,2020,4972_folds_of_honor_quiktrip_500,Motorsports Business Management,2.8028687839849056,2.2420000000000044
NASCAR_2020_4972_folds_of_honor_quiktrip_500,NASCAR,2020,4972_folds_of_honor_quiktrip_500,Petty Ware Racing,2.3496060002988552,1.848000000000006
NASCAR_2020_4972_folds_of_honor_quiktrip_500,NASCAR,2020,4972_folds_of_honor_quiktrip_500,Premium Motorsports,0.6513178549211951,0.5195000000000043
NASCAR_2020_4972_folds_of_honor_quiktrip_500,NASCAR,2020,4972_folds_of_honor_quiktrip_500,Richard Childress Racing,-0.025993585714366416,-0.021999999999998465
NASCAR_2020_4972_folds_of_honor_quiktrip_500,NASCAR,2020,4972_folds_of_honor_quiktrip_500,Richard Petty Motorsports,0.053036923238273595,0.045000000000001705
NASCAR_2020_4972_folds_of_honor_quiktrip_500,NASCAR,2020,4972_folds_of_honor_quiktrip_500,Rick Ware Racing,1.663937601623482,1.2819999999999965
NASCAR_2020_4972_folds_of_honor_quiktrip_500,NASCAR,2020,4972_folds_of_honor_quiktrip_500,Roush Fenway Racing,0.018627254622255753,0.015000000000000568
NASCAR_2020_4972_folds_of_honor_quiktrip_500,NASCAR,2020,4972_folds_of_honor_quiktrip_500,Spire Motorsports,1.9517082392397405,1.5750000000000028
NASCAR_2020_4972_folds_of_honor_quiktrip_500,NASCAR,2020,4972_folds_of_honor_quiktrip_500,StarCom Racing,1.9429619917435883,1.5150000000000041
NASCAR_2020_4972_folds_of_honor_quiktrip_500,NASCAR,2020,4972_folds_of_honor_quiktrip_500,Stewart-Haas Racing,-0.1556590973963453,-0.132000000000005
NASCAR_2020_4972_folds_of_honor_quiktrip_500,NASCAR,2020,4972_folds_of_honor_quiktrip_500,Team Penske,-0.291428166117744,-0.23400000000000176
NASCAR_2020_4972_folds_of_honor_quiktrip_500,NASCAR,2020,4972_folds_of_honor_quiktrip_500,Tommy Baldwin Racing,2.1938244560153297,1.6625000000000014
NASCAR_2020_4972_folds_of_honor_quiktrip_500,NASCAR,2020,4972_folds_of_honor_quiktrip_500,Wood Brothers Racing,-0.16669801931610412,-0.14000000000000057
NASCAR_2020_4973_blue_emu_maximum_pain_relief_500,NASCAR,2020,4973_blue_emu_maximum_pain_relief_500,Chip Ganassi Racing,0,0
NASCAR_2020_4973_blue_emu_maximum_pain_relief_500,NASCAR,2020,4973_blue_emu_maximum_pain_relief_500,Front Row Motorsports,-0.011028626281464636,-0.003999999999997783
NASCAR_2020_4973_blue_emu_maximum_pain_relief_500,NASCAR,2020,4973_blue_emu_maximum_pain_relief_500,GO FAS Racing,0.11633708298923302,0.04499999999999815
NASCAR_2020_4973_blue_emu_maximum_pain_relief_500,NASCAR,2020,4973_blue_emu_maximum_pain_relief_500,Gaunt Brothers Racing,0.49733709189507536,0.1844999999999981
NASCAR_2020_4973_blue_emu_maximum_pain_relief_500,NASCAR,2020,4973_blue_emu_maximum_pain_relief_500,Germain Racing,0.1626517240633087,0.06050000000000111
NASCAR_2020_4973_blue_emu_maximum_pain_relief_500,NASCAR,2020,4973_blue_emu_maximum_pain_relief_500,Hendrick Motorsports,-0.33418836845909405,-0.125
NASCAR_2020_4973_blue_emu_maximum_pain_relief_500,NASCAR,2020,4973_blue_emu_maximum_pain_relief_500,JTG Daugherty Racing,0.05600084975315702,0.02149999999999963
NASCAR_2020_4973_blue_emu_maximum_pain_relief_500,NASCAR,2020,4973_blue_emu_maximum_pain_relief_500,Joe Gibbs Racing,-0.02825945380655038,-0.009999999999999787
NASCAR_2020_4973_blue_emu_maximum_pain_relief_500,NASCAR,2020,4973_blue_emu_maximum_pain_relief_500,Leavine Family Racing,0.3475684074114024,0.11600000000000144
NASCAR_2020_4973_blue_emu_maximum_pain_relief_500,NASCAR,2020,4973_blue_emu_maximum_pain_relief_500,Motorsports Business Management,0.53759578831938,0.26599999999999824
NASCAR_2020_4973_blue_emu_maximum_pain_relief_500,NASCAR,2020,4973_blue_emu_maximum_pain_relief_500,Petty Ware Racing,1.6415153097369153,0.5730000000000004
NASCAR_2020_4973_blue_emu_maximum_pain_relief_500,NASCAR,2020,4973_blue_emu_maximum_pain_relief_500,Premium Motorsports,0.35632534184731635,0.1322499999999991
NASCAR_2020_4973_blue_emu_maximum_pain_relief_500,NASCAR,2020,4973_blue_emu_maximum_pain_relief_500,Richard Childress Racing,-0.07081829431179253,-0.028000000000002245
NASCAR_2020_4973_blue_emu_maximum_pain_relief_500,NASCAR,2020,4973_blue_emu_maximum_pain_relief_500,Richard Petty Motorsports,-0.24415232503995685,-0.10299999999999798
NASCAR_2020_4973_blue_emu_maximum_pain_relief_500,NASCAR,2020,4973_blue_emu_maximum_pain_relief_500,Rick Ware Racing,0.9656558385223816,0.35375000000000156
NASCAR_2020_4973_blue_emu_maximum_pain_relief_500,NASCAR,2020,4973_blue_emu_maximum_pain_relief_500,Roush Fenway Racing,-0.1561454686045627,-0.06100000000000172
NASCAR_2020_4973_blue_emu_maximum_pain_relief_500,NASCAR,2020,4973_blue_emu_maximum_pain_relief_500,Spire Motorsports,0.7539301115897654,0.28600000000000136
NASCAR_2020_4973_blue_emu_maximum_pain_relief_500,NASCAR,2020,4973_blue_emu_maximum_pain_relief_500,StarCom Racing,3.267466170709972,1.2220000000000013
NASCAR_2020_4973_blue_emu_maximum_pain_relief_500,NASCAR,2020,4973_blue_emu_maximum_pain_relief_500,Stewart-Haas Racing,0,0
NASCAR_2020_4973_blue_emu_maximum_pain_relief_500,NASCAR,2020,4973_blue_emu_maximum_pain_relief_500,Team Penske,-0.4521711456175385,-0.15800000000000125
NASCAR_2020_4973_blue_emu_maximum_pain_relief_500,NASCAR,2020,4973_blue_emu_maximum_pain_relief_500,Tommy Baldwin Racing,0.8327863759685193,0.32150000000000034
NASCAR_2020_4973_blue_emu_maximum_pain_relief_500,NASCAR,2020,4973_blue_emu_maximum_pain_relief_500,Wood Brothers Racing,-0.1907639473247487,-0.06800000000000139
NASCAR_2020_4974_dixie_vodka_400,NASCAR,2020,4974_dixie_vodka_400,Chip Ganassi Racing,0.03998728488427755,0.02850000000000108
NASCAR_2020_4974_dixie_vodka_400,NASCAR,2020,4974_dixie_vodka_400,Front Row Motorsports,-0.004138381290522981,-0.003999999999997783
NASCAR_2020_4974_dixie_vodka_400,NASCAR,2020,4974_dixie_vodka_400,GO FAS Racing,0.4487732589065957,0.33899999999999864
NASCAR_2020_4974_dixie_vodka_400,NASCAR,2020,4974_dixie_vodka_400,Gaunt Brothers Racing,0.7866084834096922,0.5640000000000001
NASCAR_2020_4974_dixie_vodka_400,NASCAR,2020,4974_dixie_vodka_400,Germain Racing,0.3398720581557837,0.24650000000000105
NASCAR_2020_4974_dixie_vodka_400,NASCAR,2020,4974_dixie_vodka_400,Hendrick Motorsports,-0.19214054002528247,-0.15400000000000347
NASCAR_2020_4974_dixie_vodka_400,NASCAR,2020,4974_dixie_vodka_400,JTG Daugherty Racing,0.08529186065946762,0.06425000000000125
NASCAR_2020_4974_dixie_vodka_400,NASCAR,2020,4974_dixie_vodka_400,Joe Gibbs Racing,-0.3337242271532924,-0.26975000000000193
NASCAR_2020_4974_dixie_vodka_400,NASCAR,2020,4974_dixie_vodka_400,Leavine Family Racing,-0.148497441648076,-0.1424999999999912
NASCAR_2020_4974_dixie_vodka_400,NASCAR,2020,4974_dixie_vodka_400,Motorsports Business Management,2.3027114884544493,1.7704999999999984
NASCAR_2020_4974_dixie_vodka_400,NASCAR,2020,4974_dixie_vodka_400,Petty Ware Racing,2.790374498231797,2.0492500000000007
NASCAR_2020_4974_dixie_vodka_400,NASCAR,2020,4974_dixie_vodka_400,Premium Motorsports,1.3497522362955103,1.026250000000001
NASCAR_2020_4974_dixie_vodka_400,NASCAR,2020,4974_dixie_vodka_400,Richard Childress Racing,-0.3750581758881898,-0.2995000000000019
NASCAR_2020_4974_dixie_vodka_400,NASCAR,2020,4974_dixie_vodka_400,Richard Petty Motorsports,-0.07776919907112466,-0.06400000000000006
NASCAR_2020_4974_dixie_vodka_400,NASCAR,2020,4974_dixie_vodka_400,Rick Ware Racing,1.4492687582964967,1.0335000000000036
NASCAR_2020_4974_dixie_vodka_400,NASCAR,2020,4974_dixie_vodka_400,Roush Fenway Racing,0.07990923616332248,0.05974999999999753
NASCAR_2020_4974_dixie_vodka_400,NASCAR,2020,4974_dixie_vodka_400,Spire Motorsports,2.4382531150842888,1.8072499999999962
NASCAR_2020_4974_dixie_vodka_400,NASCAR,2020,4974_dixie_vodka_400,StarCom Racing,1.634616852191158,1.2219999999999942
NASCAR_2020_4974_dixie_vodka_400,NASCAR,2020,4974_dixie_vodka_400,Stewart-Haas Racing,-0.1236870550225118,-0.09975000000000023
NASCAR_2020_4974_dixie_vodka_400,NASCAR,2020,4974_dixie_vodka_400,Team Penske,-0.13826241382873355,-0.11150000000000304
NASCAR_2020_4974_dixie_vodka_400,NASCAR,2020,4974_dixie_vodka_400,Wood Brothers Racing,-0.21974134103639198,-0.18124999999999858
NASCAR_2020_4975_geico_500,NASCAR,2020,4975_geico_500,B.J. McLeod Motorsports,1.5515162717061906,0.7504999999999953
NASCAR_2020_4975_geico_500,NASCAR,2020,4975_geico_500,Beard Motorsports,0.6321799107264909,0.24399999999999977
NASCAR_2020_4975_geico_500,NASCAR,2020,4975_geico_500,Chip Ganassi Racing,0,0
NASCAR_2020_4975_geico_500,NASCAR,2020,4975_geico_500,Front Row Motorsports,-0.04590289800972072,-0.039749999999997954
NASCAR_2020_4975_geico_500,NASCAR,2020,4975_geico_500,GO FAS Racing,0.13631753189971726,0.0625
NASCAR_2020_4975_geico_500,NASCAR,2020,4975_geico_500,Gaunt Brothers Racing,0.3701018160353319,0.19599999999999795
NASCAR_2020_4975_geico_500,NASCAR,2020,4975_geico_500,Germain Racing,-0.04405273891389712,-0.030000000000001137
NASCAR_2020_4975_geico_500,NASCAR,2020,4975_geico_500,Hendrick Motorsports,-0.029188246449426518,-0.018499999999999517
NASCAR_2020_4975_geico_500,NASCAR,2020,4975_geico_500,JTG Daugherty Racing,-0.05461167535615751,-0.028750000000002274
NASCAR_2020_4975_geico_500,NASCAR,2020,4975_geico_500,Joe Gibbs Racing,0.008271389602918773,0.006000000000000227
NASCAR_2020_4975_geico_500,NASCAR,2020,4975_geico_500,Leavine Family Racing,-0.01659421215667556,-0.008000000000002672
NASCAR_2020_4975_geico_500,NASCAR,2020,4975_geico_500,Motorsports Business Management,0.4981036898892355,0.21999999999999886
NASCAR_2020_4975_geico_500,NASCAR,2020,4975_geico_500,Petty Ware Racing,0.5912393452384657,0.25950000000000273
NASCAR_2020_4975_geico_500,NASCAR,2020,4975_geico_500,Premium Motorsports,0.42345839481647213,0.21499999999999986
NASCAR_2020_4975_geico_500,NASCAR,2020,4975_geico_500,Richard Childress Racing,-0.036549065447174484,-0.02650000000000219
NASCAR_2020_4975_geico_500,NASCAR,2020,4975_geico_500,Richard Petty Motorsports,-0.06068805538667599,-0.036000000000001364
NASCAR_2020_4975_geico_500,NASCAR,2020,4975_geico_500,Rick Ware Racing,0.8248775882153958,0.527000000000001
NASCAR_2020_4975_geico_500,NASCAR,2020,4975_geico_500,Roush Fenway Racing,-0.038620775510894885,-0.02174999999999727
NASCAR_2020_4975_geico_500,NASCAR,2020,4975_geico_500,Spire Motorsports,1.4651471036428574,0.9009999999999962
NASCAR_2020_4975_geico_500,NASCAR,2020,4975_geico_500,StarCom Racing,1.2844106964845525,0.7804999999999964
NASCAR_2020_4975_geico_500,NASCAR,2020,4975_geico_500,Stewart-Haas Racing,0.01675352861680301,0.007500000000000284
NASCAR_2020_4975_geico_500,NASCAR,2020,4975_geico_500,Team Penske,-0.04935247362149897,-0.026499999999998636
NASCAR_2020_4975_geico_500,NASCAR,2020,4975_geico_500,Wood Brothers Racing,-0.03453287216313898,-0.022500000000000853
NASCAR_2020_4983_nascar_all_star_open,NASCAR,2020,4983_nascar_all_star_open,Front Row Motorsports,-0.11308012606138465,-0.053999999999998494
NASCAR_2020_4983_nascar_all_star_open,NASCAR,2020,4983_nascar_all_star_open,GO FAS Racing,0.027186355928570764,0.010000000000001563
NASCAR_2020_4983_nascar_all_star_open,NASCAR,2020,4983_nascar_all_star_open,Gaunt Brothers Racing,0.13890598963274245,0.062000000000001165
NASCAR_2020_4983_nascar_all_star_open,NASCAR,2020,4983_nascar_all_star_open,Germain Racing,-0.029616223492266728,-0.012000000000000455
NASCAR_2020_4983_nascar_all_star_open,NASCAR,2020,4983_nascar_all_star_open,Hendrick Motorsports,-0.5273697936857695,-0.21450000000000102
NASCAR_2020_4983_nascar_all_star_open,NASCAR,2020,4983_nascar_all_star_open,JTG Daugherty Racing,-0.08479227421235203,-0.036999999999999034
NASCAR_2020_4983_nascar_all_star_open,NASCAR,2020,4983_nascar_all_star_open,Leavine Family Racing,-0.013108096089379101,-0.015000000000000568
NASCAR_2020_4983_nascar_all_star_open,NASCAR,2020,4983_nascar_all_star_open,Petty Ware Racing,1.5449721760509587,0.511000000000001
NASCAR_2020_4983_nascar_all_star_open,NASCAR,2020,4983_nascar_all_star_open,Premium Motorsports,0.6668393152840306,0.2640000000000029
NASCAR_2020_4983_nascar_all_star_open,NASCAR,2020,4983_nascar_all_star_open,Richard Childress Racing,-0.041023145738944736,-0.02075000000001559
NASCAR_2020_4983_nascar_all_star_open,NASCAR,2020,4983_nascar_all_star_open,Richard Petty Motorsports,-0.5554355881517418,-0.12700000000000067
NASCAR_2020_4983_nascar_all_star_open,NASCAR,2020,4983_nascar_all_star_open,Rick Ware Racing,0.897027927523977,0.33550000000000146
NASCAR_2020_4983_nascar_all_star_open,NASCAR,2020,4983_nascar_all_star_open,Roush Fenway Racing,-0.2530010324596298,-0.09650000000000603
NASCAR_2020_4983_nascar_all_star_open,NASCAR,2020,4983_nascar_all_star_open,StarCom Racing,1.6336340827992502,0.5630000000000024
NASCAR_2020_4983_nascar_all_star_open,NASCAR,2020,4983_nascar_all_star_open,Stewart-Haas Racing,-0.5443759928924222,-0.17849999999999877
NASCAR_2020_4983_nascar_all_star_open,NASCAR,2020,4983_nascar_all_star_open,Wood Brothers Racing,-0.5562707367639267,-0.21300000000000097
NASCAR_2020_4984_nascar_all_star_race,NASCAR,2020,4984_nascar_all_star_race,Chip Ganassi Racing,0.8075530342883501,0.15500000000000114
NASCAR_2020_4984_nascar_all_star_race,NASCAR,2020,4984_nascar_all_star_race,Hendrick Motorsports,-0.1557380932617612,-0.027999999999998693
NASCAR_2020_4984_nascar_all_star_race,NASCAR,2020,4984_nascar_all_star_race,Joe Gibbs Racing,-0.0905277931919111,-0.021000000000000796
NASCAR_2020_4984_nascar_all_star_race,NASCAR,2020,4984_nascar_all_star_race,Roush Fenway Racing,0.4306913471582756,0.06899999999999906
NASCAR_2020_4984_nascar_all_star_race,NASCAR,2020,4984_nascar_all_star_race,Spire Motorsports,0.5516757800111329,0.09949999999999903
NASCAR_2020_4984_nascar_all_star_race,NASCAR,2020,4984_nascar_all_star_race,Stewart-Haas Racing,-0.008343895848035156,-0.0012500000000006395
NASCAR_2020_4984_nascar_all_star_race,NASCAR,2020,4984_nascar_all_star_race,Team Penske,-0.4316660142414248,-0.07799999999999763
NASCAR_2020_4984_nascar_all_star_race,NASCAR,2020,4984_nascar_all_star_race,Wood Brothers Racing,0.6139283011731187,0.10050000000000026
NASCAR_2020_4985_o_reilly_auto_parts_500,NASCAR,2020,4985_o_reilly_auto_parts_500,B.J. McLeod Motorsports,2.0918215055796825,1.490999999999996
NASCAR_2020_4985_o_reilly_auto_parts_500,NASCAR,2020,4985_o_reilly_auto_parts_500,Chip Ganassi Racing,-0.06449696510628962,-0.067499999999999
NASCAR_2020_4985_o_reilly_auto_parts_500,NASCAR,2020,4985_o_reilly_auto_parts_500,Front Row Motorsports,0.11170139478021116,0.09099999999999753
NASCAR_2020_4985_o_reilly_auto_parts_500,NASCAR,2020,4985_o_reilly_auto_parts_500,GO FAS Racing,0.21786535666686835,0.17550000000000132
NASCAR_2020_4985_o_reilly_auto_parts_500,NASCAR,2020,4985_o_reilly_auto_parts_500,Gaunt Brothers Racing,0.5791228123312467,0.4120000000000026
NASCAR_2020_4985_o_reilly_auto_parts_500,NASCAR,2020,4985_o_reilly_auto_parts_500,Germain Racing,0.08159511257425368,0.051499999999997215
NASCAR_2020_4985_o_reilly_auto_parts_500,NASCAR,2020,4985_o_reilly_auto_parts_500,Hendrick Motorsports,-0.13636880415987956,-0.11400000000000077
NASCAR_2020_4985_o_reilly_auto_parts_500,NASCAR,2020,4985_o_reilly_auto_parts_500,JTG Daugherty Racing,-0.03969945661681326,-0.03699999999999726
NASCAR_2020_4985_o_reilly_auto_parts_500,NASCAR,2020,4985_o_reilly_auto_parts_500,Joe Gibbs Racing,-0.2656680491503219,-0.20999999999999908
NASCAR_2020_4985_o_reilly_auto_parts_500,NASCAR,2020,4985_o_reilly_auto_parts_500,Leavine Family Racing,-0.01711871670559233,-0.014749999999999375
NASCAR_2020_4985_o_reilly_auto_parts_500,NASCAR,2020,4985_o_reilly_auto_parts_500,Motorsports Business Management,2.322842222714989,1.6075000000000017
NASCAR_2020_4985_o_reilly_auto_parts_500,NASCAR,2020,4985_o_reilly_auto_parts_500,Petty Ware Racing,2.1965965170435853,1.5820000000000007
NASCAR_2020_4985_o_reilly_auto_parts_500,NASCAR,2020,4985_o_reilly_auto_parts_500,Premium Motorsports,0.9894500667948541,0.7115000000000009
NASCAR_2020_4985_o_reilly_auto_parts_500,NASCAR,2020,4985_o_reilly_auto_parts_500,Richard Childress Racing,-0.10079916288128618,-0.087749999999998
NASCAR_2020_4985_o_reilly_auto_parts_500,NASCAR,2020,4985_o_reilly_auto_parts_500,Richard Petty Motorsports,0.06507136047891429,0.06375000000000064
NASCAR_2020_4985_o_reilly_auto_parts_500,NASCAR,2020,4985_o_reilly_auto_parts_500,Rick Ware Racing,1.4896797854507438,1.0884999999999998
NASCAR_2020_4985_o_reilly_auto_parts_500,NASCAR,2020,4985_o_reilly_auto_parts_500,Roush Fenway Racing,-0.09315122267996162,-0.07024999999999793
NASCAR_2020_4985_o_reilly_auto_parts_500,NASCAR,2020,4985_o_reilly_auto_parts_500,Spire Motorsports,0.9262786850816535,0.6574999999999989
NASCAR_2020_4985_o_reilly_auto_parts_500,NASCAR,2020,4985_o_reilly_auto_parts_500,StarCom Racing,1.6132486420568053,1.1415000000000006
NASCAR_2020_4985_o_reilly_auto_parts_500,NASCAR,2020,4985_o_reilly_auto_parts_500,Stewart-Haas Racing,-0.21514814948878658,-0.17175000000000118
NASCAR_2020_4985_o_reilly_auto_parts_500,NASCAR,2020,4985_o_reilly_auto_parts_500,Team Penske,-0.287647648247081,-0.2289999999999992
NASCAR_2020_4985_o_reilly_auto_parts_500,NASCAR,2020,4985_o_reilly_auto_parts_500,Tommy Baldwin Racing,1.60914244517137,1.1290000000000013
NASCAR_2020_4985_o_reilly_auto_parts_500,NASCAR,2020,4985_o_reilly_auto_parts_500,Wood Brothers Racing,-0.22214853690436703,-0.16925000000000168
NASCAR_2020_4986_super_start_batteries_400,NASCAR,2020,4986_super_start_batteries_400,B.J. McLeod Motorsports,2.4077815131845313,1.9535000000000053
NASCAR_2020_4986_super_start_batteries_400,NASCAR,2020,4986_super_start_batteries_400,Chip Ganassi Racing,-0.0032511886638478043,-0.00549999999999784
NASCAR_2020_4986_super_start_batteries_400,NASCAR,2020,4986_super_start_batteries_400,Front Row Motorsports,0.147224747935144,0.14150000000000063
NASCAR_2020_4986_super_start_batteries_400,NASCAR,2020,4986_super_start_batteries_400,GO FAS Racing,0.2757730542839156,0.24250000000000327
NASCAR_2020_4986_super_start_batteries_400,NASCAR,2020,4986_super_start_batteries_400,Gaunt Brothers Racing,0.6281178498935562,0.5764999999999993
NASCAR_2020_4986_super_start_batteries_400,NASCAR,2020,4986_super_start_batteries_400,Germain Racing,0.3491109354128472,0.3059999999999974
NASCAR_2020_4986_super_start_batteries_400,NASCAR,2020,4986_super_start_batteries_400,Hendrick Motorsports,-0.11124435631397595,-0.12450000000000472
NASCAR_2020_4986_super_start_batteries_400,NASCAR,2020,4986_super_start_batteries_400,JTG Daugherty Racing,0.0706239766889114,0.067499999999999
NASCAR_2020_4986_super_start_batteries_400,NASCAR,2020,4986_super_start_batteries_400,Joe Gibbs Racing,-0.4490591492900443,-0.4017500000000034
NASCAR_2020_4986_super_start_batteries_400,NASCAR,2020,4986_super_start_batteries_400,Leavine Family Racing,-0.02792564887101592,-0.030999999999998806
NASCAR_2020_4986_super_start_batteries_400,NASCAR,2020,4986_super_start_batteries_400,Motorsports Business Management,2.128884933814639,1.7810000000000024
NASCAR_2020_4986_super_start_batteries_400,NASCAR,2020,4986_super_start_batteries_400,Petty Ware Racing,2.4410508557530277,2.113999999999997
NASCAR_2020_4986_super_start_batteries_400,NASCAR,2020,4986_super_start_batteries_400,Premium Motorsports,1.2389894972596998,1.029999999999994
NASCAR_2020_4986_super_start_batteries_400,NASCAR,2020,4986_super_start_batteries_400,Richard Childress Racing,-0.0420670788869584,-0.04449999999999932
NASCAR_2020_4986_super_start_batteries_400,NASCAR,2020,4986_super_start_batteries_400,Richard Petty Motorsports,0.09977182238637425,0.11599999999999966
NASCAR_2020_4986_super_start_batteries_400,NASCAR,2020,4986_super_start_batteries_400,Rick Ware Racing,1.5092160036062254,1.3165000000000049
NASCAR_2020_4986_super_start_batteries_400,NASCAR,2020,4986_super_start_batteries_400,Roush Fenway Racing,0.13975606953735764,0.11899999999999977
NASCAR_2020_4986_super_start_batteries_400,NASCAR,2020,4986_super_start_batteries_400,Spire Motorsports,1.8548451684061396,1.6335000000000015
NASCAR_2020_4986_super_start_batteries_400,NASCAR,2020,4986_super_start_batteries_400,StarCom Racing,1.8963305187194133,1.6450000000000031
NASCAR_2020_4986_super_start_batteries_400,NASCAR,2020,4986_super_start_batteries_400,Stewart-Haas Racing,-0.1282301086599864,-0.13250000000000028
NASCAR_2020_4986_super_start_batteries_400,NASCAR,2020,4986_super_start_batteries_400,Team Penske,-0.3452469343399198,-0.3275000000000041
NASCAR_2020_4986_super_start_batteries_400,NASCAR,2020,4986_super_start_batteries_400,Tommy Baldwin Racing,1.7436281447787307,1.4780000000000015
NASCAR_2020_4986_super_start_batteries_400,NASCAR,2020,4986_super_start_batteries_400,Wood Brothers Racing,-0.1179568532393511,-0.11950000000000216
NASCAR_2020_4992_firekeepers_casino_400,NASCAR,2020,4992_firekeepers_casino_400,Chip Ganassi Racing,-0.027496217398633487,-0.028999999999996362
NASCAR_2020_4992_firekeepers_casino_400,NASCAR,2020,4992_firekeepers_casino_400,Front Row Motorsports,0.09638827546274548,0.0779999999999994
NASCAR_2020_4992_firekeepers_casino_400,NASCAR,2020,4992_firekeepers_casino_400,GO FAS Racing,0.2570474766080636,0.19725000000000037
NASCAR_2020_4992_firekeepers_casino_400,NASCAR,2020,4992_firekeepers_casino_400,Gaunt Brothers Racing,0.7636643840926587,0.5899999999999963
NASCAR_2020_4992_firekeepers_casino_400,NASCAR,2020,4992_firekeepers_casino_400,Germain Racing,0.17869226810497674,0.1385000000000005
NASCAR_2020_4992_firekeepers_casino_400,NASCAR,2020,4992_firekeepers_casino_400,Hendrick Motorsports,-0.20112482420845368,-0.2014999999999958
NASCAR_2020_4992_firekeepers_casino_400,NASCAR,2020,4992_firekeepers_casino_400,JTG Daugherty Racing,0.044700081439483126,0.03650000000000375
NASCAR_2020_4992_firekeepers_casino_400,NASCAR,2020,4992_firekeepers_casino_400,Joe Gibbs Racing,-0.444582891519129,-0.36699999999999733
NASCAR_2020_4992_firekeepers_casino_400,NASCAR,2020,4992_firekeepers_casino_400,Leavine Family Racing,-0.21658155907771923,-0.16199999999999193
NASCAR_2020_4992_firekeepers_casino_400,NASCAR,2020,4992_firekeepers_casino_400,Motorsports Business Management,3.2048682006247535,2.2889999999999944
NASCAR_2020_4992_firekeepers_casino_400,NASCAR,2020,4992_firekeepers_casino_400,Petty Ware Racing,1.3237975085215052,1.0090000000000003
NASCAR_2020_4992_firekeepers_casino_400,NASCAR,2020,4992_firekeepers_casino_400,Premium Motorsports,1.0037058509748333,0.7509999999999977
NASCAR_2020_4992_firekeepers_casino_400,NASCAR,2020,4992_firekeepers_casino_400,Richard Childress Racing,-0.06101237360147448,-0.05499999999999261
NASCAR_2020_4992_firekeepers_casino_400,NASCAR,2020,4992_firekeepers_casino_400,Richard Petty Motorsports,-0.023336364171247004,-0.016000000000005343
NASCAR_2020_4992_firekeepers_casino_400,NASCAR,2020,4992_firekeepers_casino_400,Rick Ware Racing,1.0131183030835027,0.7979999999999983
NASCAR_2020_4992_firekeepers_casino_400,NASCAR,2020,4992_firekeepers_casino_400,Roush Fenway Racing,0.26949713818752263,0.21350000000000335
NASCAR_2020_4992_firekeepers_casino_400,NASCAR,2020,4992_firekeepers_casino_400,Spire Motorsports,1.5848813152304453,1.2245000000000061
NASCAR_2020_4992_firekeepers_casino_400,NASCAR,2020,4992_firekeepers_casino_400,StarCom Racing,1.6604315955078752,1.3037500000000009
NASCAR_2020_4992_firekeepers_casino_400,NASCAR,2020,4992_firekeepers_casino_400,Stewart-Haas Racing,-0.15199186448435387,-0.13400000000000034
NASCAR_2020_4992_firekeepers_casino_400,NASCAR,2020,4992_firekeepers_casino_400,Team Penske,-0.412721258636246,-0.3359999999999985
NASCAR_2020_4992_firekeepers_casino_400,NASCAR,2020,4992_firekeepers_casino_400,Tommy Baldwin Racing,2.6380661560144714,2.032999999999994
NASCAR_2020_4992_firekeepers_casino_400,NASCAR,2020,4992_firekeepers_casino_400,Wood Brothers Racing,0.044519623107802185,0.038999999999997925
NASCAR_2020_4993_drydene_311_1,NASCAR,2020,4993_drydene_311_1,B.J. McLeod Motorsports,1.3360142709969358,0.6810000000000009
NASCAR_2020_4993_drydene_311_1,NASCAR,2020,4993_drydene_311_1,Chip Ganassi Racing,0.047427015292487336,0.02499999999999858
NASCAR_2020_4993_drydene_311_1,NASCAR,2020,4993_drydene_311_1,Front Row Motorsports,0.1935931216950379,0.10174999999999912
NASCAR_2020_4993_drydene_311_1,NASCAR,2020,4993_drydene_311_1,GO FAS Racing,0.32687180755823103,0.16499999999999915
NASCAR_2020_4993_drydene_311_1,NASCAR,2020,4993_drydene_311_1,Gaunt Brothers Racing,0.5693077122708265,0.31299999999999883
NASCAR_2020_4993_drydene_311_1,NASCAR,2020,4993_drydene_311_1,Germain Racing,0.14020544570832033,0.07450000000000045
NASCAR_2020_4993_drydene_311_1,NASCAR,2020,4993_drydene_311_1,Hendrick Motorsports,-0.1283947232224525,-0.06900000000000261
NASCAR_2020_4993_drydene_311_1,NASCAR,2020,4993_drydene_311_1,JTG Daugherty Racing,-0.10550224044613445,-0.05749999999999744
NASCAR_2020_4993_drydene_311_1,NASCAR,2020,4993_drydene_311_1,Joe Gibbs Racing,-0.4656762460437886,-0.24499999999999922
NASCAR_2020_4993_drydene_311_1,NASCAR,2020,4993_drydene_311_1,Leavine Family Racing,0.010118212661018946,0.009499999999999176
NASCAR_2020_4993_drydene_311_1,NASCAR,2020,4993_drydene_311_1,Motorsports Business Management,2.073164985343174,1.0814999999999984
NASCAR_2020_4993_drydene_311_1,NASCAR,2020,4993_drydene_311_1,Petty Ware Racing,2.7472956165077544,1.4810000000000016
NASCAR_2020_4993_drydene_311_1,NASCAR,2020,4993_drydene_311_1,Premium Motorsports,1.1223802372069676,0.6440000000000019
NASCAR_2020_4993_drydene_311_1,NASCAR,2020,4993_drydene_311_1,Richard Childress Racing,-0.22745871050454358,-0.11850000000000094
NASCAR_2020_4993_drydene_311_1,NASCAR,2020,4993_drydene_311_1,Richard Petty Motorsports,0.1723918102909724,0.09499999999999886
NASCAR_2020_4993_drydene_311_1,NASCAR,2020,4993_drydene_311_1,Rick Ware Racing,1.389187482245395,0.7460000000000004
NASCAR_2020_4993_drydene_311_1,NASCAR,2020,4993_drydene_311_1,Roush Fenway Racing,0,0
NASCAR_2020_4993_drydene_311_1,NASCAR,2020,4993_drydene_311_1,Spire Motorsports,1.1989316786641722,0.5740000000000016
NASCAR_2020_4993_drydene_311_1,NASCAR,2020,4993_drydene_311_1,StarCom Racing,2.0033722658696185,1.061
NASCAR_2020_4993_drydene_311_1,NASCAR,2020,4993_drydene_311_1,Stewart-Haas Racing,-0.3396603211841184,-0.18350000000000044
NASCAR_2020_4993_drydene_311_1,NASCAR,2020,4993_drydene_311_1,Team Penske,-0.3358366916983834,-0.17999999999999972
NASCAR_2020_4993_drydene_311_1,NASCAR,2020,4993_drydene_311_1,Tommy Baldwin Racing,2.127526449307359,1.0859999999999985
NASCAR_2020_4993_drydene_311_1,NASCAR,2020,4993_drydene_311_1,Wood Brothers Racing,0.09406718038949623,0.042500000000000426
NASCAR_2021_5006_busch_clash_at_daytona,NASCAR,2021,5006_busch_clash_at_daytona,23XI Racing,0.29985974885932604,0.6512500000000117
NASCAR_2021_5006_busch_clash_at_daytona,NASCAR,2021,5006_busch_clash_at_daytona,Chip Ganassi Racing,0.2882926584468636,0.4590000000000032
NASCAR_2021_5006_busch_clash_at_daytona,NASCAR,2021,5006_busch_clash_at_daytona,Hendrick Motorsports,-0.08877168896718109,-0.132000000000005
NASCAR_2021_5006_busch_clash_at_daytona,NASCAR,2021,5006_busch_clash_at_daytona,JTG Daugherty Racing,0.3333549773669514,0.6899999999999977
NASCAR_2021_5006_busch_clash_at_daytona,NASCAR,2021,5006_busch_clash_at_daytona,Joe Gibbs Racing,-0.44694947754677766,-0.9445000000000192
NASCAR_2021_5006_busch_clash_at_daytona,NASCAR,2021,5006_busch_clash_at_daytona,Richard Childress Racing,0.00893900816219333,0.03999999999999915
NASCAR_2021_5006_busch_clash_at_daytona,NASCAR,2021,5006_busch_clash_at_daytona,Richard Petty Motorsports,-0.06545540509848252,-0.17174999999998875
NASCAR_2021_5006_busch_clash_at_daytona,NASCAR,2021,5006_busch_clash_at_daytona,Roush Fenway Racing,0.27290907278209875,0.5919999999999987
NASCAR_2021_5006_busch_clash_at_daytona,NASCAR,2021,5006_busch_clash_at_daytona,Stewart-Haas Racing,0.1816203288678932,0.4522500000000065
NASCAR_2021_5006_busch_clash_at_daytona,NASCAR,2021,5006_busch_clash_at_daytona,Team Penske,-0.26727231914829624,-0.5619999999999834
NASCAR_2021_5006_busch_clash_at_daytona,NASCAR,2021,5006_busch_clash_at_daytona,Wood Brothers Racing,0.01829331450945697,0.04999999999999716
NASCAR_2021_5007_bluegreen_vacations_duel_1_at_daytona,NASCAR,2021,5007_bluegreen_vacations_duel_1_at_daytona,Front Row Motorsports,-0.056525768775415194,-0.00999999999999801
NASCAR_2021_5007_bluegreen_vacations_duel_1_at_daytona,NASCAR,2021,5007_bluegreen_vacations_duel_1_at_daytona,Gaunt Brothers Racing,-0.001955916194090271,-0.0024999999999977263
NASCAR_2021_5007_bluegreen_vacations_duel_1_at_daytona,NASCAR,2021,5007_bluegreen_vacations_duel_1_at_daytona,Hendrick Motorsports,0.18789884774477209,0.0379999999999967
NASCAR_2021_5007_bluegreen_vacations_duel_1_at_daytona,NASCAR,2021,5007_bluegreen_vacations_duel_1_at_daytona,JTG Daugherty Racing,0.02966823911759929,0.01099999999999568
NASCAR_2021_5007_bluegreen_vacations_duel_1_at_daytona,NASCAR,2021,5007_bluegreen_vacations_duel_1_at_daytona,Joe Gibbs Racing,-6.862902796860925e-4,-4.99999999995282e-4
NASCAR_2021_5007_bluegreen_vacations_duel_1_at_daytona,NASCAR,2021,5007_bluegreen_vacations_duel_1_at_daytona,Motorsports Business Management,0.09985719576235957,0.01274999999999693
NASCAR_2021_5007_bluegreen_vacations_duel_1_at_daytona,NASCAR,2021,5007_bluegreen_vacations_duel_1_at_daytona,Petty Ware Racing,1.216039654844194,0.22800000000000153
NASCAR_2021_5007_bluegreen_vacations_duel_1_at_daytona,NASCAR,2021,5007_bluegreen_vacations_duel_1_at_daytona,Richard Childress Racing,-0.01978585819777954,-0.00549999999999784
NASCAR_2021_5007_bluegreen_vacations_duel_1_at_daytona,NASCAR,2021,5007_bluegreen_vacations_duel_1_at_daytona,Richard Petty Motorsports,0.4208893738225782,0.05000000000000071
NASCAR_2021_5007_bluegreen_vacations_duel_1_at_daytona,NASCAR,2021,5007_bluegreen_vacations_duel_1_at_daytona,Rick Ware Racing,1.6498123319004618,0.28249999999999886
NASCAR_2021_5007_bluegreen_vacations_duel_1_at_daytona,NASCAR,2021,5007_bluegreen_vacations_duel_1_at_daytona,Roush Fenway Racing,-0.006902132906580469,-0.0019999999999988916
NASCAR_2021_5007_bluegreen_vacations_duel_1_at_daytona,NASCAR,2021,5007_bluegreen_vacations_duel_1_at_daytona,Spire Motorsports,0,0
NASCAR_2021_5007_bluegreen_vacations_duel_1_at_daytona,NASCAR,2021,5007_bluegreen_vacations_duel_1_at_daytona,StarCom Racing,0.5504837787272456,0.2325000000000017
NASCAR_2021_5007_bluegreen_vacations_duel_1_at_daytona,NASCAR,2021,5007_bluegreen_vacations_duel_1_at_daytona,Stewart-Haas Racing,-0.024701678919885117,-0.006000000000000227
NASCAR_2021_5007_bluegreen_vacations_duel_1_at_daytona,NASCAR,2021,5007_bluegreen_vacations_duel_1_at_daytona,Team Penske,-0.028627049512913554,-0.0040000000000048885
NASCAR_2021_5007_bluegreen_vacations_duel_1_at_daytona,NASCAR,2021,5007_bluegreen_vacations_duel_1_at_daytona,TrackHouse Racing,-0.0250882593065321,-0.012000000000000455
NASCAR_2021_5007_bluegreen_vacations_duel_1_at_daytona,NASCAR,2021,5007_bluegreen_vacations_duel_1_at_daytona,Wood Brothers Racing,0,0
NASCAR_2021_5008_bluegreen_vacations_duel_2_at_daytona,NASCAR,2021,5008_bluegreen_vacations_duel_2_at_daytona,23XI Racing,0.009383826701818455,0.003500000000002501
NASCAR_2021_5008_bluegreen_vacations_duel_2_at_daytona,NASCAR,2021,5008_bluegreen_vacations_duel_2_at_daytona,Beard Motorsports,-0.05232113285801106,-0.004000000000001336
NASCAR_2021_5008_bluegreen_vacations_duel_2_at_daytona,NASCAR,2021,5008_bluegreen_vacations_duel_2_at_daytona,Chip Ganassi Racing,0,0
NASCAR_2021_5008_bluegreen_vacations_duel_2_at_daytona,NASCAR,2021,5008_bluegreen_vacations_duel_2_at_daytona,Front Row Motorsports,0.1640393554370196,0.02300000000000324
NASCAR_2021_5008_bluegreen_vacations_duel_2_at_daytona,NASCAR,2021,5008_bluegreen_vacations_duel_2_at_daytona,Hendrick Motorsports,0,0
NASCAR_2021_5008_bluegreen_vacations_duel_2_at_daytona,NASCAR,2021,5008_bluegreen_vacations_duel_2_at_daytona,Joe Gibbs Racing,-0.007654367665332345,-0.0020000000000024443
NASCAR_2021_5008_bluegreen_vacations_duel_2_at_daytona,NASCAR,2021,5008_bluegreen_vacations_duel_2_at_daytona,Kaulig Racing,0.19052260506570828,0.030999999999998806
NASCAR_2021_5008_bluegreen_vacations_duel_2_at_daytona,NASCAR,2021,5008_bluegreen_vacations_duel_2_at_daytona,Live Fast Motorsports,0.40439391722929535,0.05600000000000449
NASCAR_2021_5008_bluegreen_vacations_duel_2_at_daytona,NASCAR,2021,5008_bluegreen_vacations_duel_2_at_daytona,Motorsports Business Management,0.07498970923381913,0.014000000000002899
NASCAR_2021_5008_bluegreen_vacations_duel_2_at_daytona,NASCAR,2021,5008_bluegreen_vacations_duel_2_at_daytona,Richard Childress Racing,-0.0396516637719649,-0.006000000000000227
NASCAR_2021_5008_bluegreen_vacations_duel_2_at_daytona,NASCAR,2021,5008_bluegreen_vacations_duel_2_at_daytona,Rick Ware Racing,0.24775858905787917,0.07150000000000034
NASCAR_2021_5008_bluegreen_vacations_duel_2_at_daytona,NASCAR,2021,5008_bluegreen_vacations_duel_2_at_daytona,Roush Fenway Racing,0,0
NASCAR_2021_5008_bluegreen_vacations_duel_2_at_daytona,NASCAR,2021,5008_bluegreen_vacations_duel_2_at_daytona,Spire Motorsports,-0.032740679436757715,-0.006000000000000227
NASCAR_2021_5008_bluegreen_vacations_duel_2_at_daytona,NASCAR,2021,5008_bluegreen_vacations_duel_2_at_daytona,Stewart-Haas Racing,-0.08339720720154019,-0.01099999999999568
NASCAR_2021_5008_bluegreen_vacations_duel_2_at_daytona,NASCAR,2021,5008_bluegreen_vacations_duel_2_at_daytona,Team Penske,-0.01285045159813708,-0.0015000000000000568
NASCAR_2021_5009_daytona_500,NASCAR,2021,5009_daytona_500,23XI Racing,-0.029082629226296088,-0.01999999999999602
NASCAR_2021_5009_daytona_500,NASCAR,2021,5009_daytona_500,Chip Ganassi Racing,0,0
NASCAR_2021_5009_daytona_500,NASCAR,2021,5009_daytona_500,Front Row Motorsports,-0.009262861603089912,-0.003750000000000142
NASCAR_2021_5009_daytona_500,NASCAR,2021,5009_daytona_500,Hendrick Motorsports,-0.007467948229755402,-0.004499999999993065
NASCAR_2021_5009_daytona_500,NASCAR,2021,5009_daytona_500,JTG Daugherty Racing,-9.197699270034782e-4,-4.999999999988347e-4
NASCAR_2021_5009_daytona_500,NASCAR,2021,5009_daytona_500,Joe Gibbs Racing,-0.011853970466192068,-0.0045000000000001705
NASCAR_2021_5009_daytona_500,NASCAR,2021,5009_daytona_500,Kaulig Racing,0.24623256817595007,0.16850000000000165
NASCAR_2021_5009_daytona_500,NASCAR,2021,5009_daytona_500,Live Fast Motorsports,0.5867550015531395,0.4960000000000022
NASCAR_2021_5009_daytona_500,NASCAR,2021,5009_daytona_500,Petty Ware Racing,0.6424836683306656,1.124750000000006
NASCAR_2021_5009_daytona_500,NASCAR,2021,5009_daytona_500,Richard Childress Racing,0,0
NASCAR_2021_5009_daytona_500,NASCAR,2021,5009_daytona_500,Richard Petty Motorsports,-0.32852367568423657,-0.2880000000000038
NASCAR_2021_5009_daytona_500,NASCAR,2021,5009_daytona_500,Rick Ware Racing,0.5787659878073967,0.9480000000000075
NASCAR_2021_5009_daytona_500,NASCAR,2021,5009_daytona_500,Roush Fenway Racing,0.056325950272474036,0.05299999999999727
NASCAR_2021_5009_daytona_500,NASCAR,2021,5009_daytona_500,Spire Motorsports,-0.0036457594111652556,-0.0019999999999988916
NASCAR_2021_5009_daytona_500,NASCAR,2021,5009_daytona_500,StarCom Racing,0.3131828018391157,0.18499999999999517
NASCAR_2021_5009_daytona_500,NASCAR,2021,5009_daytona_500,Stewart-Haas Racing,0,0
NASCAR_2021_5009_daytona_500,NASCAR,2021,5009_daytona_500,Team Penske,-0.008644687493310543,-0.006999999999997897
NASCAR_2021_5009_daytona_500,NASCAR,2021,5009_daytona_500,TrackHouse Racing,-0.16235481305386767,-0.09000000000000341
NASCAR_2021_5009_daytona_500,NASCAR,2021,5009_daytona_500,Wood Brothers Racing,-0.16519233299846378,-0.06800000000000139
NASCAR_2021_5010_pennzoil_400,NASCAR,2021,5010_pennzoil_400,23XI Racing,0.032237852688265664,0.027499999999999858
NASCAR_2021_5010_pennzoil_400,NASCAR,2021,5010_pennzoil_400,Chip Ganassi Racing,-0.017082608115721896,-0.014999999999998792
NASCAR_2021_5010_pennzoil_400,NASCAR,2021,5010_pennzoil_400,Front Row Motorsports,0.10218337482827985,0.08200000000000074
NASCAR_2021_5010_pennzoil_400,NASCAR,2021,5010_pennzoil_400,Hendrick Motorsports,-0.35968002552867084,-0.29650000000000176
NASCAR_2021_5010_pennzoil_400,NASCAR,2021,5010_pennzoil_400,JTG Daugherty Racing,-0.04816512129484188,-0.04699999999999882
NASCAR_2021_5010_pennzoil_400,NASCAR,2021,5010_pennzoil_400,Joe Gibbs Racing,-0.3194756499993772,-0.25649999999999906
NASCAR_2021_5010_pennzoil_400,NASCAR,2021,5010_pennzoil_400,Live Fast Motorsports,1.129997886954598,0.9022500000000004
NASCAR_2021_5010_pennzoil_400,NASCAR,2021,5010_pennzoil_400,Motorsports Business Management,3.3707697349694428,2.658500000000002
NASCAR_2021_5010_pennzoil_400,NASCAR,2021,5010_pennzoil_400,Petty Ware Racing,1.2568194553345458,1.0150000000000006
NASCAR_2021_5010_pennzoil_400,NASCAR,2021,5010_pennzoil_400,Richard Childress Racing,0,0
NASCAR_2021_5010_pennzoil_400,NASCAR,2021,5010_pennzoil_400,Richard Petty Motorsports,-0.06374831798428819,-0.05550000000000033
NASCAR_2021_5010_pennzoil_400,NASCAR,2021,5010_pennzoil_400,Rick Ware Racing,2.0313384772701184,1.574499999999997
NASCAR_2021_5010_pennzoil_400,NASCAR,2021,5010_pennzoil_400,Roush Fenway Racing,0,0
NASCAR_2021_5010_pennzoil_400,NASCAR,2021,5010_pennzoil_400,Spire Motorsports,0.6287471966910163,0.5004999999999988
NASCAR_2021_5010_pennzoil_400,NASCAR,2021,5010_pennzoil_400,StarCom Racing,1.7136709597989046,1.2747499999999974
NASCAR_2021_5010_pennzoil_400,NASCAR,2021,5010_pennzoil_400,Stewart-Haas Racing,0.10423987467768821,0.08699999999999974
NASCAR_2021_5010_pennzoil_400,NASCAR,2021,5010_pennzoil_400,Team Penske,-0.33828469032374225,-0.28100000000000236
NASCAR_2021_5010_pennzoil_400,NASCAR,2021,5010_pennzoil_400,TrackHouse Racing,0.34075472972975207,0.2510000000000012
NASCAR_2021_5010_pennzoil_400,NASCAR,2021,5010_pennzoil_400,Wood Brothers Racing,-0.1626324873547601,-0.14250000000000007
NASCAR_2021_5011_dixie_vodka_400,NASCAR,2021,5011_dixie_vodka_400,23XI Racing,0,0
NASCAR_2021_5011_dixie_vodka_400,NASCAR,2021,5011_dixie_vodka_400,Chip Ganassi Racing,-0.2630994704360068,-0.18900000000000006
NASCAR_2021_5011_dixie_vodka_400,NASCAR,2021,5011_dixie_vodka_400,Front Row Motorsports,-0.023272583259372516,-0.014499999999998181
NASCAR_2021_5011_dixie_vodka_400,NASCAR,2021,5011_dixie_vodka_400,Hendrick Motorsports,-0.289783208609504,-0.2150000000000034
NASCAR_2021_5011_dixie_vodka_400,NASCAR,2021,5011_dixie_vodka_400,JTG Daugherty Racing,0.04096878664091148,0.03450000000000841
NASCAR_2021_5011_dixie_vodka_400,NASCAR,2021,5011_dixie_vodka_400,Joe Gibbs Racing,-0.09818820984293081,-0.08124999999999716
NASCAR_2021_5011_dixie_vodka_400,NASCAR,2021,5011_dixie_vodka_400,Live Fast Motorsports,1.7335138910619643,1.0100000000000051
NASCAR_2021_5011_dixie_vodka_400,NASCAR,2021,5011_dixie_vodka_400,Motorsports Business Management,2.6063261653334444,1.8350000000000009
NASCAR_2021_5011_dixie_vodka_400,NASCAR,2021,5011_dixie_vodka_400,Petty Ware Racing,2.3251124194463895,1.444500000000005
NASCAR_2021_5011_dixie_vodka_400,NASCAR,2021,5011_dixie_vodka_400,Richard Childress Racing,-0.1511176114832461,-0.09700000000000131
NASCAR_2021_5011_dixie_vodka_400,NASCAR,2021,5011_dixie_vodka_400,Richard Petty Motorsports,0.22982486378682515,0.14974999999999739
NASCAR_2021_5011_dixie_vodka_400,NASCAR,2021,5011_dixie_vodka_400,Rick Ware Racing,1.946128339800663,1.2304999999999993
NASCAR_2021_5011_dixie_vodka_400,NASCAR,2021,5011_dixie_vodka_400,Roush Fenway Racing,-0.17380353957345834,-0.12849999999999895
NASCAR_2021_5011_dixie_vodka_400,NASCAR,2021,5011_dixie_vodka_400,Spire Motorsports,0.6539288119083179,0.451749999999997
NASCAR_2021_5011_dixie_vodka_400,NASCAR,2021,5011_dixie_vodka_400,StarCom Racing,2.3057064550259625,1.4979999999999976
NASCAR_2021_5011_dixie_vodka_400,NASCAR,2021,5011_dixie_vodka_400,Stewart-Haas Racing,-0.007970538626189726,-0.005499999999994287
NASCAR_2021_5011_dixie_vodka_400,NASCAR,2021,5011_dixie_vodka_400,Team Penske,-0.15590946191212735,-0.11200000000000188
NASCAR_2021_5011_dixie_vodka_400,NASCAR,2021,5011_dixie_vodka_400,TrackHouse Racing,0.05033926961202747,0.03499999999999659
NASCAR_2021_5011_dixie_vodka_400,NASCAR,2021,5011_dixie_vodka_400,Wood Brothers Racing,0.12509290003206244,0.08900000000000574
NASCAR_2021_5012_instacart_500,NASCAR,2021,5012_instacart_500,23XI Racing,-0.11443494783648024,-0.06900000000000261
NASCAR_2021_5012_instacart_500,NASCAR,2021,5012_instacart_500,Chip Ganassi Racing,0,0
NASCAR_2021_5012_instacart_500,NASCAR,2021,5012_instacart_500,Front Row Motorsports,0.3619720001052421,0.19624999999999915
NASCAR_2021_5012_instacart_500,NASCAR,2021,5012_instacart_500,Hendrick Motorsports,-0.1978346099707473,-0.12600000000000122
NASCAR_2021_5012_instacart_500,NASCAR,2021,5012_instacart_500,JTG Daugherty Racing,0.013985338724495368,0.008500000000001506
NASCAR_2021_5012_instacart_500,NASCAR,2021,5012_instacart_500,Joe Gibbs Racing,-0.30708660891489,-0.1819999999999986
NASCAR_2021_5012_instacart_500,NASCAR,2021,5012_instacart_500,Live Fast Motorsports,0.6823559613233514,0.36299999999999955
NASCAR_2021_5012_instacart_500,NASCAR,2021,5012_instacart_500,Motorsports Business Management,1.8801088908218024,0.9145000000000003
NASCAR_2021_5012_instacart_500,NASCAR,2021,5012_instacart_500,Petty Ware Racing,1.03392003629692,0.5009999999999977
NASCAR_2021_5012_instacart_500,NASCAR,2021,5012_instacart_500,Richard Childress Racing,3.7368956976719124e-4,9.999999999976694e-4
NASCAR_2021_5012_instacart_500,NASCAR,2021,5012_instacart_500,Richard Petty Motorsports,0.008441545875647764,0.004999999999999005
NASCAR_2021_5012_instacart_500,NASCAR,2021,5012_instacart_500,Rick Ware Racing,2.453994577312809,1.2999999999999972
NASCAR_2021_5012_instacart_500,NASCAR,2021,5012_instacart_500,Roush Fenway Racing,0.3460034335845954,0.19500000000000028
NASCAR_2021_5012_instacart_500,NASCAR,2021,5012_instacart_500,Spire Motorsports,0.4457988293641041,0.22250000000000014
NASCAR_2021_5012_instacart_500,NASCAR,2021,5012_instacart_500,StarCom Racing,1.6506207782997289,0.8820000000000014
NASCAR_2021_5012_instacart_500,NASCAR,2021,5012_instacart_500,Stewart-Haas Racing,-0.0913359904986969,-0.05099999999999838
NASCAR_2021_5012_instacart_500,NASCAR,2021,5012_instacart_500,Team Penske,-0.4098167221074876,-0.254249999999999
NASCAR_2021_5012_instacart_500,NASCAR,2021,5012_instacart_500,TrackHouse Racing,0.1108963917090665,0.07000000000000028
NASCAR_2021_5012_instacart_500,NASCAR,2021,5012_instacart_500,Wood Brothers Racing,-0.09923793532967563,-0.053999999999998494
NASCAR_2021_5013_folds_of_honor_quiktrip_500,NASCAR,2021,5013_folds_of_honor_quiktrip_500,23XI Racing,-0.03607083045819426,-0.034499999999997755
NASCAR_2021_5013_folds_of_honor_quiktrip_500,NASCAR,2021,5013_folds_of_honor_quiktrip_500,Chip Ganassi Racing,-0.10637978360405806,-0.08400000000000318
NASCAR_2021_5013_folds_of_honor_quiktrip_500,NASCAR,2021,5013_folds_of_honor_quiktrip_500,Front Row Motorsports,0.27746946336079337,0.182500000000001
NASCAR_2021_5013_folds_of_honor_quiktrip_500,NASCAR,2021,5013_folds_of_honor_quiktrip_500,Hendrick Motorsports,-0.34550931269209245,-0.2610000000000028
NASCAR_2021_5013_folds_of_honor_quiktrip_500,NASCAR,2021,5013_folds_of_honor_quiktrip_500,JTG Daugherty Racing,0.017483097078743497,0.016999999999995907
NASCAR_2021_5013_folds_of_honor_quiktrip_500,NASCAR,2021,5013_folds_of_honor_quiktrip_500,Joe Gibbs Racing,-0.2434888472525689,-0.1910000000000025
NASCAR_2021_5013_folds_of_honor_quiktrip_500,NASCAR,2021,5013_folds_of_honor_quiktrip_500,Live Fast Motorsports,1.7373526443243734,1.294000000000004
NASCAR_2021_5013_folds_of_honor_quiktrip_500,NASCAR,2021,5013_folds_of_honor_quiktrip_500,Motorsports Business Management,2.940423595993397,2.145000000000003
NASCAR_2021_5013_folds_of_honor_quiktrip_500,NASCAR,2021,5013_folds_of_honor_quiktrip_500,Petty Ware Racing,1.3265011587019047,1.011499999999998
NASCAR_2021_5013_folds_of_honor_quiktrip_500,NASCAR,2021,5013_folds_of_honor_quiktrip_500,Richard Childress Racing,-0.12398385078150212,-0.09099999999999397
NASCAR_2021_5013_folds_of_honor_quiktrip_500,NASCAR,2021,5013_folds_of_honor_quiktrip_500,Richard Petty Motorsports,0.2771321757053298,0.19274999999999842
NASCAR_2021_5013_folds_of_honor_quiktrip_500,NASCAR,2021,5013_folds_of_honor_quiktrip_500,Rick Ware Racing,1.8937562053509778,1.3447499999999977
NASCAR_2021_5013_folds_of_honor_quiktrip_500,NASCAR,2021,5013_folds_of_honor_quiktrip_500,Roush Fenway Racing,-0.17588178880521924,-0.13599999999999568
NASCAR_2021_5013_folds_of_honor_quiktrip_500,NASCAR,2021,5013_folds_of_honor_quiktrip_500,Spire Motorsports,0.46617195595422783,0.340999999999994
NASCAR_2021_5013_folds_of_honor_quiktrip_500,NASCAR,2021,5013_folds_of_honor_quiktrip_500,StarCom Racing,1.5671258431204245,1.1839999999999975
NASCAR_2021_5013_folds_of_honor_quiktrip_500,NASCAR,2021,5013_folds_of_honor_quiktrip_500,Stewart-Haas Racing,0.023346810737956553,0.01899999999999835
NASCAR_2021_5013_folds_of_honor_quiktrip_500,NASCAR,2021,5013_folds_of_honor_quiktrip_500,Team Penske,-0.03746916694866259,-0.03300000000000125
NASCAR_2021_5013_folds_of_honor_quiktrip_500,NASCAR,2021,5013_folds_of_honor_quiktrip_500,TrackHouse Racing,-0.22118189446013198,-0.17549999999999955
NASCAR_2021_5013_folds_of_honor_quiktrip_500,NASCAR,2021,5013_folds_of_honor_quiktrip_500,Wood Brothers Racing,-0.21613520334748204,-0.16750000000000398
NASCAR_2021_5014_goodyear_400,NASCAR,2021,5014_goodyear_400,23XI Racing,0.11192782810060893,0.06825000000000259
NASCAR_2021_5014_goodyear_400,NASCAR,2021,5014_goodyear_400,Chip Ganassi Racing,-0.03680494907200905,-0.035000000000003695
NASCAR_2021_5014_goodyear_400,NASCAR,2021,5014_goodyear_400,Front Row Motorsports,0.21352098866847946,0.12300000000000466
NASCAR_2021_5014_goodyear_400,NASCAR,2021,5014_goodyear_400,Hendrick Motorsports,-0.28423806341704166,-0.17899999999999494
NASCAR_2021_5014_goodyear_400,NASCAR,2021,5014_goodyear_400,JTG Daugherty Racing,0.1884611344244666,0.11899999999999977
NASCAR_2021_5014_goodyear_400,NASCAR,2021,5014_goodyear_400,Joe Gibbs Racing,-0.45221469003896714,-0.2910000000000039
NASCAR_2021_5014_goodyear_400,NASCAR,2021,5014_goodyear_400,Live Fast Motorsports,1.4502996490749718,0.9584999999999972
NASCAR_2021_5014_goodyear_400,NASCAR,2021,5014_goodyear_400,Petty Ware Racing,0.9567095479186656,0.5260000000000034
NASCAR_2021_5014_goodyear_400,NASCAR,2021,5014_goodyear_400,Richard Childress Racing,-0.09375083408602733,-0.05600000000000094
NASCAR_2021_5014_goodyear_400,NASCAR,2021,5014_goodyear_400,Richard Petty Motorsports,-0.17904332641897075,-0.11275000000000013
NASCAR_2021_5014_goodyear_400,NASCAR,2021,5014_goodyear_400,Rick Ware Racing,1.313712503871408,0.7759999999999998
NASCAR_2021_5014_goodyear_400,NASCAR,2021,5014_goodyear_400,Roush Fenway Racing,-0.1853752790460516,-0.11250000000000071
NASCAR_2021_5014_goodyear_400,NASCAR,2021,5014_goodyear_400,Spire Motorsports,0.3675301897274899,0.2530000000000001
NASCAR_2021_5014_goodyear_400,NASCAR,2021,5014_goodyear_400,StarCom Racing,0.9409328635998973,0.4934999999999974
NASCAR_2021_5014_goodyear_400,NASCAR,2021,5014_goodyear_400,Stewart-Haas Racing,-0.13527919227602692,-0.08974999999999866
NASCAR_2021_5014_goodyear_400,NASCAR,2021,5014_goodyear_400,Team Penske,-0.2079631480416566,-0.1389999999999958
NASCAR_2021_5014_goodyear_400,NASCAR,2021,5014_goodyear_400,TrackHouse Racing,0.40216321666560845,0.22850000000000392
NASCAR_2021_5014_goodyear_400,NASCAR,2021,5014_goodyear_400,Wood Brothers Racing,0.19187843301917873,0.13949999999999818
NASCAR_2021_5015_coca_cola_600,NASCAR,2021,5015_coca_cola_600,23XI Racing,-0.19462049172038837,-0.11949999999999861
NASCAR_2021_5015_coca_cola_600,NASCAR,2021,5015_coca_cola_600,Chip Ganassi Racing,-0.1764137576505672,-0.10699999999999932
NASCAR_2021_5015_coca_cola_600,NASCAR,2021,5015_coca_cola_600,Front Row Motorsports,0.2733648496054386,0.17099999999999937
NASCAR_2021_5015_coca_cola_600,NASCAR,2021,5015_coca_cola_600,Hendrick Motorsports,-0.4924538208924296,-0.30749999999999744
NASCAR_2021_5015_coca_cola_600,NASCAR,2021,5015_coca_cola_600,JTG Daugherty Racing,0.018933905550183795,0.010999999999999233
NASCAR_2021_5015_coca_cola_600,NASCAR,2021,5015_coca_cola_600,Joe Gibbs Racing,-0.2101570425369587,-0.13299999999999912
NASCAR_2021_5015_coca_cola_600,NASCAR,2021,5015_coca_cola_600,Live Fast Motorsports,1.112903064859775,0.6332500000000003
NASCAR_2021_5015_coca_cola_600,NASCAR,2021,5015_coca_cola_600,Motorsports Business Management,3.4930064559652565,2.0390000000000015
NASCAR_2021_5015_coca_cola_600,NASCAR,2021,5015_coca_cola_600,Petty Ware Racing,1.568848593140903,0.8875000000000011
NASCAR_2021_5015_coca_cola_600,NASCAR,2021,5015_coca_cola_600,Richard Childress Racing,-0.35171995799624733,-0.22499999999999964
NASCAR_2021_5015_coca_cola_600,NASCAR,2021,5015_coca_cola_600,Richard Petty Motorsports,-0.10970860254560262,-0.07099999999999795
NASCAR_2021_5015_coca_cola_600,NASCAR,2021,5015_coca_cola_600,Rick Ware Racing,1.6215136974169768,0.9282500000000002
NASCAR_2021_5015_coca_cola_600,NASCAR,2021,5015_coca_cola_600,Roush Fenway Racing,-0.10808686824168816,-0.07499999999999929
NASCAR_2021_5015_coca_cola_600,NASCAR,2021,5015_coca_cola_600,Spire Motorsports,0.3650993213575927,0.208750000000002
NASCAR_2021_5015_coca_cola_600,NASCAR,2021,5015_coca_cola_600,StarCom Racing,1.274328806350011,0.746500000000001
NASCAR_2021_5015_coca_cola_600,NASCAR,2021,5015_coca_cola_600,Stewart-Haas Racing,0.0197526949109755,0.010999999999999233
NASCAR_2021_5015_coca_cola_600,NASCAR,2021,5015_coca_cola_600,Team Penske,-0.1238653032337024,-0.08050000000000068
NASCAR_2021_5015_coca_cola_600,NASCAR,2021,5015_coca_cola_600,TrackHouse Racing,0.05421699215097146,0.030500000000003524
NASCAR_2021_5015_coca_cola_600,NASCAR,2021,5015_coca_cola_600,Wood Brothers Racing,0.15348384409935728,0.09350000000000058
NASCAR_2021_5017_food_city_dirt_race,NASCAR,2021,5017_food_city_dirt_race,23XI Racing,-0.144319562146973,-0.05699999999999861
NASCAR_2021_5017_food_city_dirt_race,NASCAR,2021,5017_food_city_dirt_race,Chip Ganassi Racing,0.06298045828297846,0.026499999999998636
NASCAR_2021_5017_food_city_dirt_race,NASCAR,2021,5017_food_city_dirt_race,Front Row Motorsports,0.24301489262490744,0.07499999999999929
NASCAR_2021_5017_food_city_dirt_race,NASCAR,2021,5017_food_city_dirt_race,Gaunt Brothers Racing,0.3235044718656376,0.1067499999999999
NASCAR_2021_5017_food_city_dirt_race,NASCAR,2021,5017_food_city_dirt_race,Hendrick Motorsports,-0.16905763188917433,-0.06650000000000134
NASCAR_2021_5017_food_city_dirt_race,NASCAR,2021,5017_food_city_dirt_race,JTG Daugherty Racing,-0.12698359560161168,-0.04899999999999949
NASCAR_2021_5017_food_city_dirt_race,NASCAR,2021,5017_food_city_dirt_race,Joe Gibbs Racing,-0.4837005836248742,-0.16600000000000215
NASCAR_2021_5017_food_city_dirt_race,NASCAR,2021,5017_food_city_dirt_race,Live Fast Motorsports,0.42803524963413786,0.09249999999999758
NASCAR_2021_5017_food_city_dirt_race,NASCAR,2021,5017_food_city_dirt_race,Motorsports Business Management,1.3536564538203066,0.3637499999999996
NASCAR_2021_5017_food_city_dirt_race,NASCAR,2021,5017_food_city_dirt_race,Petty Ware Racing,1.670381771635645,0.4339999999999975
NASCAR_2021_5017_food_city_dirt_race,NASCAR,2021,5017_food_city_dirt_race,Richard Childress Racing,9.635515712578943e-4,4.999999999988347e-4
NASCAR_2021_5017_food_city_dirt_race,NASCAR,2021,5017_food_city_dirt_race,Richard Petty Motorsports,-0.07738382625025408,-0.02500000000000213
NASCAR_2021_5017_food_city_dirt_race,NASCAR,2021,5017_food_city_dirt_race,Rick Ware Racing,0.9545697446717005,0.26500000000000057
NASCAR_2021_5017_food_city_dirt_race,NASCAR,2021,5017_food_city_dirt_race,Roush Fenway Racing,-0.24384247233603545,-0.09299999999999997
NASCAR_2021_5017_food_city_dirt_race,NASCAR,2021,5017_food_city_dirt_race,Spire Motorsports,0.37536556243542196,0.11299999999999955
NASCAR_2021_5017_food_city_dirt_race,NASCAR,2021,5017_food_city_dirt_race,StarCom Racing,0.40741909786421804,0.10925000000000118
NASCAR_2021_5017_food_city_dirt_race,NASCAR,2021,5017_food_city_dirt_race,Stewart-Haas Racing,0.13689705936674684,0.05150000000000077
NASCAR_2021_5017_food_city_dirt_race,NASCAR,2021,5017_food_city_dirt_race,Team Penske,-0.2145753323981489,-0.07900000000000418
NASCAR_2021_5017_food_city_dirt_race,NASCAR,2021,5017_food_city_dirt_race,TrackHouse Racing,-0.4533610665458817,-0.1692499999999999
NASCAR_2021_5017_food_city_dirt_race,NASCAR,2021,5017_food_city_dirt_race,Wood Brothers Racing,-0.004169455098472694,-0.0015000000000000568
NASCAR_2021_5018_quaker_state_400,NASCAR,2021,5018_quaker_state_400,23XI Racing,-0.04230823263414352,-0.043000000000006366
NASCAR_2021_5018_quaker_state_400,NASCAR,2021,5018_quaker_state_400,Chip Ganassi Racing,-0.17681525771950302,-0.14374999999999716
NASCAR_2021_5018_quaker_state_400,NASCAR,2021,5018_quaker_state_400,Front Row Motorsports,0.4379147505956139,0.3114999999999988
NASCAR_2021_5018_quaker_state_400,NASCAR,2021,5018_quaker_state_400,Hendrick Motorsports,-0.2545659491222151,-0.19000000000000483
NASCAR_2021_5018_quaker_state_400,NASCAR,2021,5018_quaker_state_400,JTG Daugherty Racing,0.46423360482411175,0.3335000000000008
NASCAR_2021_5018_quaker_state_400,NASCAR,2021,5018_quaker_state_400,Joe Gibbs Racing,-0.32716495908111826,-0.254249999999999
NASCAR_2021_5018_quaker_state_400,NASCAR,2021,5018_quaker_state_400,Live Fast Motorsports,1.1806044071918844,0.7885000000000026
NASCAR_2021_5018_quaker_state_400,NASCAR,2021,5018_quaker_state_400,Petty Ware Racing,1.333775700713356,0.9672499999999999
NASCAR_2021_5018_quaker_state_400,NASCAR,2021,5018_quaker_state_400,Richard Childress Racing,-0.27823712456849276,-0.2050000000000054
NASCAR_2021_5018_quaker_state_400,NASCAR,2021,5018_quaker_state_400,Richard Petty Motorsports,0.2056286244451682,0.1319999999999979
NASCAR_2021_5018_quaker_state_400,NASCAR,2021,5018_quaker_state_400,Rick Ware Racing,1.5304364415949183,1.0655000000000001
NASCAR_2021_5018_quaker_state_400,NASCAR,2021,5018_quaker_state_400,Roush Fenway Racing,-0.030535860131715307,-0.02650000000000219
NASCAR_2021_5018_quaker_state_400,NASCAR,2021,5018_quaker_state_400,Spire Motorsports,0.3139408225408305,0.23049999999999926
NASCAR_2021_5018_quaker_state_400,NASCAR,2021,5018_quaker_state_400,StarCom Racing,2.77400357139586,1.9529999999999959
NASCAR_2021_5018_quaker_state_400,NASCAR,2021,5018_quaker_state_400,Stewart-Haas Racing,-0.03202472134764736,-0.02325000000000088
NASCAR_2021_5018_quaker_state_400,NASCAR,2021,5018_quaker_state_400,Team Penske,-0.18691950502073562,-0.1390000000000029
NASCAR_2021_5018_quaker_state_400,NASCAR,2021,5018_quaker_state_400,TrackHouse Racing,1.746512687710792,1.4525000000000006
NASCAR_2021_5018_quaker_state_400,NASCAR,2021,5018_quaker_state_400,Wood Brothers Racing,-0.16235289779977796,-0.11849999999999739
NASCAR_2021_5019_blue_emu_maximum_pain_relief_500,NASCAR,2021,5019_blue_emu_maximum_pain_relief_500,23XI Racing,0.04886646842495713,0.01600000000000179
NASCAR_2021_5019_blue_emu_maximum_pain_relief_500,NASCAR,2021,5019_blue_emu_maximum_pain_relief_500,Chip Ganassi Racing,0.17630478862053922,0.06400000000000006
NASCAR_2021_5019_blue_emu_maximum_pain_relief_500,NASCAR,2021,5019_blue_emu_maximum_pain_relief_500,Front Row Motorsports,0.41707311608256176,0.13299999999999912
NASCAR_2021_5019_blue_emu_maximum_pain_relief_500,NASCAR,2021,5019_blue_emu_maximum_pain_relief_500,Hendrick Motorsports,-0.3699208211290917,-0.1410000000000018
NASCAR_2021_5019_blue_emu_maximum_pain_relief_500,NASCAR,2021,5019_blue_emu_maximum_pain_relief_500,JTG Daugherty Racing,-0.00804772580747978,-0.002000000000000668
NASCAR_2021_5019_blue_emu_maximum_pain_relief_500,NASCAR,2021,5019_blue_emu_maximum_pain_relief_500,Joe Gibbs Racing,-0.36104170074504516,-0.13500000000000156
NASCAR_2021_5019_blue_emu_maximum_pain_relief_500,NASCAR,2021,5019_blue_emu_maximum_pain_relief_500,Live Fast Motorsports,0.6293219629050889,0.17599999999999838
NASCAR_2021_5019_blue_emu_maximum_pain_relief_500,NASCAR,2021,5019_blue_emu_maximum_pain_relief_500,Petty Ware Racing,0.9179018637912462,0.27449999999999974
NASCAR_2021_5019_blue_emu_maximum_pain_relief_500,NASCAR,2021,5019_blue_emu_maximum_pain_relief_500,Richard Childress Racing,-0.09666860932830003,-0.04049999999999976
NASCAR_2021_5019_blue_emu_maximum_pain_relief_500,NASCAR,2021,5019_blue_emu_maximum_pain_relief_500,Richard Petty Motorsports,0.06789168049330765,0.029249999999999332
NASCAR_2021_5019_blue_emu_maximum_pain_relief_500,NASCAR,2021,5019_blue_emu_maximum_pain_relief_500,Rick Ware Racing,1.098986356808564,0.32800000000000296
NASCAR_2021_5019_blue_emu_maximum_pain_relief_500,NASCAR,2021,5019_blue_emu_maximum_pain_relief_500,Roush Fenway Racing,-0.025158719686689483,-0.009999999999999787
NASCAR_2021_5019_blue_emu_maximum_pain_relief_500,NASCAR,2021,5019_blue_emu_maximum_pain_relief_500,Spire Motorsports,0.2774676987243093,0.08699999999999974
NASCAR_2021_5019_blue_emu_maximum_pain_relief_500,NASCAR,2021,5019_blue_emu_maximum_pain_relief_500,StarCom Racing,2.236292753723475,0.6709999999999994
NASCAR_2021_5019_blue_emu_maximum_pain_relief_500,NASCAR,2021,5019_blue_emu_maximum_pain_relief_500,Stewart-Haas Racing,0.16812365877748364,0.06300000000000239
NASCAR_2021_5019_blue_emu_maximum_pain_relief_500,NASCAR,2021,5019_blue_emu_maximum_pain_relief_500,Team Penske,-0.37166096552076816,-0.14149999999999885
NASCAR_2021_5019_blue_emu_maximum_pain_relief_500,NASCAR,2021,5019_blue_emu_maximum_pain_relief_500,TrackHouse Racing,0,0
NASCAR_2021_5019_blue_emu_maximum_pain_relief_500,NASCAR,2021,5019_blue_emu_maximum_pain_relief_500,Wood Brothers Racing,-0.08105972414716665,-0.03500000000000014
NASCAR_2021_5020_o_reilly_auto_parts_253_at_daytona,NASCAR,2021,5020_o_reilly_auto_parts_253_at_daytona,23XI Racing,0.3086285667789488,0.8632500000000007
NASCAR_2021_5020_o_reilly_auto_parts_253_at_daytona,NASCAR,2021,5020_o_reilly_auto_parts_253_at_daytona,Chip Ganassi Racing,-0.26136495413365624,-0.6170000000000044
NASCAR_2021_5020_o_reilly_auto_parts_253_at_daytona,NASCAR,2021,5020_o_reilly_auto_parts_253_at_daytona,Front Row Motorsports,0.13244954034366632,0.4860000000000042
NASCAR_2021_5020_o_reilly_auto_parts_253_at_daytona,NASCAR,2021,5020_o_reilly_auto_parts_253_at_daytona,Gaunt Brothers Racing,0.28417247624675723,0.775749999999995
NASCAR_2021_5020_o_reilly_auto_parts_253_at_daytona,NASCAR,2021,5020_o_reilly_auto_parts_253_at_daytona,Hendrick Motorsports,-0.26241374417383434,-0.8504999999999967
NASCAR_2021_5020_o_reilly_auto_parts_253_at_daytona,NASCAR,2021,5020_o_reilly_auto_parts_253_at_daytona,JTG Daugherty Racing,0.0051302430325831615,0.02200000000000557
NASCAR_2021_5020_o_reilly_auto_parts_253_at_daytona,NASCAR,2021,5020_o_reilly_auto_parts_253_at_daytona,Joe Gibbs Racing,-0.47101007008770335,-1.5720000000000027
NASCAR_2021_5020_o_reilly_auto_parts_253_at_daytona,NASCAR,2021,5020_o_reilly_auto_parts_253_at_daytona,Kaulig Racing,-0.27265248740303083,-0.8449999999999989
NASCAR_2021_5020_o_reilly_auto_parts_253_at_daytona,NASCAR,2021,5020_o_reilly_auto_parts_253_at_daytona,Live Fast Motorsports,1.2081251372189818,3.8470000000000013
NASCAR_2021_5020_o_reilly_auto_parts_253_at_daytona,NASCAR,2021,5020_o_reilly_auto_parts_253_at_daytona,Motorsports Business Management,1.874838686986704,5.180999999999997
NASCAR_2021_5020_o_reilly_auto_parts_253_at_daytona,NASCAR,2021,5020_o_reilly_auto_parts_253_at_daytona,Petty Ware Racing,0.503578760892154,1.315249999999999
NASCAR_2021_5020_o_reilly_auto_parts_253_at_daytona,NASCAR,2021,5020_o_reilly_auto_parts_253_at_daytona,Richard Childress Racing,-0.13161263523691694,-0.40300000000002
NASCAR_2021_5020_o_reilly_auto_parts_253_at_daytona,NASCAR,2021,5020_o_reilly_auto_parts_253_at_daytona,Richard Petty Motorsports,0.018121799228168582,0.04824999999999591
NASCAR_2021_5020_o_reilly_auto_parts_253_at_daytona,NASCAR,2021,5020_o_reilly_auto_parts_253_at_daytona,Rick Ware Racing,0.6452637602778457,1.8340000000000032
NASCAR_2021_5020_o_reilly_auto_parts_253_at_daytona,NASCAR,2021,5020_o_reilly_auto_parts_253_at_daytona,Roush Fenway Racing,0.08560861601592028,0.4747500000000002
NASCAR_2021_5020_o_reilly_auto_parts_253_at_daytona,NASCAR,2021,5020_o_reilly_auto_parts_253_at_daytona,Spire Motorsports,0.49208019044432894,1.509999999999991
NASCAR_2021_5020_o_reilly_auto_parts_253_at_daytona,NASCAR,2021,5020_o_reilly_auto_parts_253_at_daytona,StarCom Racing,0.7093865510125784,3.7409999999999854
NASCAR_2021_5020_o_reilly_auto_parts_253_at_daytona,NASCAR,2021,5020_o_reilly_auto_parts_253_at_daytona,Stewart-Haas Racing,-0.1635724995732862,-0.5560000000000045
NASCAR_2021_5020_o_reilly_auto_parts_253_at_daytona,NASCAR,2021,5020_o_reilly_auto_parts_253_at_daytona,Team Penske,-0.23450336111891917,-0.6577500000000001
NASCAR_2021_5020_o_reilly_auto_parts_253_at_daytona,NASCAR,2021,5020_o_reilly_auto_parts_253_at_daytona,TrackHouse Racing,0.03182617636406841,0.1700000000000017
NASCAR_2021_5020_o_reilly_auto_parts_253_at_daytona,NASCAR,2021,5020_o_reilly_auto_parts_253_at_daytona,Wood Brothers Racing,0.0016638166645739575,0.00549999999999784
NASCAR_2021_5021_geico_500,NASCAR,2021,5021_geico_500,23XI Racing,-0.06426985681835765,-0.042500000000000426
NASCAR_2021_5021_geico_500,NASCAR,2021,5021_geico_500,Chip Ganassi Racing,-0.07590902658062154,-0.04700000000000415
NASCAR_2021_5021_geico_500,NASCAR,2021,5021_geico_500,Front Row Motorsports,0.012214315422230265,0.011250000000000426
NASCAR_2021_5021_geico_500,NASCAR,2021,5021_geico_500,Gaunt Brothers Racing,-0.004413437983796253,-0.0010000000000047748
NASCAR_2021_5021_geico_500,NASCAR,2021,5021_geico_500,Hendrick Motorsports,-0.032386274480918006,-0.030000000000001137
NASCAR_2021_5021_geico_500,NASCAR,2021,5021_geico_500,JTG Daugherty Racing,-0.05631369404730038,-0.020749999999999602
NASCAR_2021_5021_geico_500,NASCAR,2021,5021_geico_500,Joe Gibbs Racing,-0.03478772867258531,-0.02400000000000091
NASCAR_2021_5021_geico_500,NASCAR,2021,5021_geico_500,Kaulig Racing,0.13608777601703176,0.07750000000000057
NASCAR_2021_5021_geico_500,NASCAR,2021,5021_geico_500,Live Fast Motorsports,0.4927211923312155,0.30799999999999983
NASCAR_2021_5021_geico_500,NASCAR,2021,5021_geico_500,Motorsports Business Management,0.5490702563931118,0.39000000000000057
NASCAR_2021_5021_geico_500,NASCAR,2021,5021_geico_500,Petty Ware Racing,0.5027889616848249,0.3829999999999991
NASCAR_2021_5021_geico_500,NASCAR,2021,5021_geico_500,Richard Childress Racing,-0.009486578183376927,-0.008500000000001506
NASCAR_2021_5021_geico_500,NASCAR,2021,5021_geico_500,Richard Petty Motorsports,-0.0036700713011228302,-0.00549999999999784
NASCAR_2021_5021_geico_500,NASCAR,2021,5021_geico_500,Rick Ware Racing,0.6073491257649821,0.5120000000000005
NASCAR_2021_5021_geico_500,NASCAR,2021,5021_geico_500,Roush Fenway Racing,0.001732671281319143,0.0020000000000024443
NASCAR_2021_5021_geico_500,NASCAR,2021,5021_geico_500,Spire Motorsports,0.24537271017659618,0.13700000000000045
NASCAR_2021_5021_geico_500,NASCAR,2021,5021_geico_500,StarCom Racing,0.23290844473477243,0.13474999999999682
NASCAR_2021_5021_geico_500,NASCAR,2021,5021_geico_500,Stewart-Haas Racing,-0.011158996345945468,-0.006000000000000227
NASCAR_2021_5021_geico_500,NASCAR,2021,5021_geico_500,Team Penske,-0.047146518370499185,-0.03399999999999892
NASCAR_2021_5021_geico_500,NASCAR,2021,5021_geico_500,TrackHouse Racing,0.13330021400251524,0.07450000000000045
NASCAR_2021_5021_geico_500,NASCAR,2021,5021_geico_500,Wood Brothers Racing,-0.08512639423336338,-0.055499999999995
NASCAR_2021_5022_pocono_organics_cbd_325,NASCAR,2021,5022_pocono_organics_cbd_325,23XI Racing,-0.15135439165781536,-0.2464999999999975
NASCAR_2021_5022_pocono_organics_cbd_325,NASCAR,2021,5022_pocono_organics_cbd_325,Chip Ganassi Racing,-0.32591085767684014,-0.515500000000003
NASCAR_2021_5022_pocono_organics_cbd_325,NASCAR,2021,5022_pocono_organics_cbd_325,Front Row Motorsports,0.10324504638603732,0.14825000000000088
NASCAR_2021_5022_pocono_organics_cbd_325,NASCAR,2021,5022_pocono_organics_cbd_325,Hendrick Motorsports,-0.3690981563980918,-0.584500000000002
NASCAR_2021_5022_pocono_organics_cbd_325,NASCAR,2021,5022_pocono_organics_cbd_325,JTG Daugherty Racing,0.04533106943487544,0.0589999999999975
NASCAR_2021_5022_pocono_organics_cbd_325,NASCAR,2021,5022_pocono_organics_cbd_325,Joe Gibbs Racing,-0.23028588710181153,-0.3670000000000009
NASCAR_2021_5022_pocono_organics_cbd_325,NASCAR,2021,5022_pocono_organics_cbd_325,Live Fast Motorsports,0.9336391582872656,1.2565000000000026
NASCAR_2021_5022_pocono_organics_cbd_325,NASCAR,2021,5022_pocono_organics_cbd_325,Motorsports Business Management,2.7984114094831427,3.7760000000000034
NASCAR_2021_5022_pocono_organics_cbd_325,NASCAR,2021,5022_pocono_organics_cbd_325,Petty Ware Racing,0.4713759030467461,0.682500000000001
NASCAR_2021_5022_pocono_organics_cbd_325,NASCAR,2021,5022_pocono_organics_cbd_325,Richard Childress Racing,-0.05506576021428965,-0.07700000000000529
NASCAR_2021_5022_pocono_organics_cbd_325,NASCAR,2021,5022_pocono_organics_cbd_325,Richard Petty Motorsports,0,0
NASCAR_2021_5022_pocono_organics_cbd_325,NASCAR,2021,5022_pocono_organics_cbd_325,Rick Ware Racing,0.9129702970715661,1.334500000000002
NASCAR_2021_5022_pocono_organics_cbd_325,NASCAR,2021,5022_pocono_organics_cbd_325,Roush Fenway Racing,0.07934221612989889,0.1147500000000008
NASCAR_2021_5022_pocono_organics_cbd_325,NASCAR,2021,5022_pocono_organics_cbd_325,Spire Motorsports,0.5631495360187977,0.8637499999999996
NASCAR_2021_5022_pocono_organics_cbd_325,NASCAR,2021,5022_pocono_organics_cbd_325,StarCom Racing,1.299105842199354,1.7719999999999985
NASCAR_2021_5022_pocono_organics_cbd_325,NASCAR,2021,5022_pocono_organics_cbd_325,Stewart-Haas Racing,-0.03225903066060745,-0.04700000000000415
NASCAR_2021_5022_pocono_organics_cbd_325,NASCAR,2021,5022_pocono_organics_cbd_325,Team Penske,-0.39376318138482885,-0.5867500000000021
NASCAR_2021_5022_pocono_organics_cbd_325,NASCAR,2021,5022_pocono_organics_cbd_325,TrackHouse Racing,-0.13629911505081546,-0.21099999999999852
NASCAR_2021_5022_pocono_organics_cbd_325,NASCAR,2021,5022_pocono_organics_cbd_325,Wood Brothers Racing,0.04002282521918752,0.09949999999999193
NASCAR_2021_5023_explore_the_pocono_mountains_350,NASCAR,2021,5023_explore_the_pocono_mountains_350,23XI Racing,-0.008906032901877492,-0.020250000000000767
NASCAR_2021_5023_explore_the_pocono_mountains_350,NASCAR,2021,5023_explore_the_pocono_mountains_350,Chip Ganassi Racing,-0.057355791769686276,-0.09000000000000341
NASCAR_2021_5023_explore_the_pocono_mountains_350,NASCAR,2021,5023_explore_the_pocono_mountains_350,Front Row Motorsports,0.30001056138528864,0.44950000000000045
NASCAR_2021_5023_explore_the_pocono_mountains_350,NASCAR,2021,5023_explore_the_pocono_mountains_350,Hendrick Motorsports,-0.24580774814342696,-0.3430000000000035
NASCAR_2021_5023_explore_the_pocono_mountains_350,NASCAR,2021,5023_explore_the_pocono_mountains_350,JTG Daugherty Racing,0.0019543015423621538,0.001999999999995339
NASCAR_2021_5023_explore_the_pocono_mountains_350,NASCAR,2021,5023_explore_the_pocono_mountains_350,Joe Gibbs Racing,-0.2706585351517823,-0.3850000000000051
NASCAR_2021_5023_explore_the_pocono_mountains_350,NASCAR,2021,5023_explore_the_pocono_mountains_350,Live Fast Motorsports,0.9350877667784161,1.1750000000000043
NASCAR_2021_5023_explore_the_pocono_mountains_350,NASCAR,2021,5023_explore_the_pocono_mountains_350,Motorsports Business Management,3.223118816154295,4.048000000000002
NASCAR_2021_5023_explore_the_pocono_mountains_350,NASCAR,2021,5023_explore_the_pocono_mountains_350,Petty Ware Racing,0.7933857785483942,0.9579999999999984
NASCAR_2021_5023_explore_the_pocono_mountains_350,NASCAR,2021,5023_explore_the_pocono_mountains_350,Richard Childress Racing,-0.16695208209780243,-0.22000000000000597
NASCAR_2021_5023_explore_the_pocono_mountains_350,NASCAR,2021,5023_explore_the_pocono_mountains_350,Richard Petty Motorsports,0.2313512823028342,0.3532499999999992
NASCAR_2021_5023_explore_the_pocono_mountains_350,NASCAR,2021,5023_explore_the_pocono_mountains_350,Rick Ware Racing,1.455820556025551,1.8399999999999963
NASCAR_2021_5023_explore_the_pocono_mountains_350,NASCAR,2021,5023_explore_the_pocono_mountains_350,Roush Fenway Racing,0.03507434226834509,0.055999999999997385
NASCAR_2021_5023_explore_the_pocono_mountains_350,NASCAR,2021,5023_explore_the_pocono_mountains_350,Spire Motorsports,0.6022326518789175,0.820999999999998
NASCAR_2021_5023_explore_the_pocono_mountains_350,NASCAR,2021,5023_explore_the_pocono_mountains_350,StarCom Racing,1.847467846872017,2.2420000000000044
NASCAR_2021_5023_explore_the_pocono_mountains_350,NASCAR,2021,5023_explore_the_pocono_mountains_350,Stewart-Haas Racing,-0.026200464941857064,-0.03300000000000125
NASCAR_2021_5023_explore_the_pocono_mountains_350,NASCAR,2021,5023_explore_the_pocono_mountains_350,Team Penske,-0.3040208569842884,-0.4549999999999983
NASCAR_2021_5023_explore_the_pocono_mountains_350,NASCAR,2021,5023_explore_the_pocono_mountains_350,TrackHouse Racing,0,0
NASCAR_2021_5023_explore_the_pocono_mountains_350,NASCAR,2021,5023_explore_the_pocono_mountains_350,Wood Brothers Racing,-0.007197526530707585,-0.009000000000000341
NASCAR_2021_5029_buschy_mcbusch_race_400,NASCAR,2021,5029_buschy_mcbusch_race_400,23XI Racing,-0.022848007051629718,-0.01600000000000179
NASCAR_2021_5029_buschy_mcbusch_race_400,NASCAR,2021,5029_buschy_mcbusch_race_400,B.J. McLeod Motorsports,2.2800369231256927,1.5379999999999967
NASCAR_2021_5029_buschy_mcbusch_race_400,NASCAR,2021,5029_buschy_mcbusch_race_400,Chip Ganassi Racing,-0.14141284465788245,-0.11699999999999733
NASCAR_2021_5029_buschy_mcbusch_race_400,NASCAR,2021,5029_buschy_mcbusch_race_400,Front Row Motorsports,0.26641866982488616,0.19299999999999784
NASCAR_2021_5029_buschy_mcbusch_race_400,NASCAR,2021,5029_buschy_mcbusch_race_400,Hendrick Motorsports,-0.2937088188075144,-0.24700000000000166
NASCAR_2021_5029_buschy_mcbusch_race_400,NASCAR,2021,5029_buschy_mcbusch_race_400,JTG Daugherty Racing,0.1760802379995273,0.12999999999999545
NASCAR_2021_5029_buschy_mcbusch_race_400,NASCAR,2021,5029_buschy_mcbusch_race_400,Joe Gibbs Racing,-0.403768331279308,-0.3084999999999969
NASCAR_2021_5029_buschy_mcbusch_race_400,NASCAR,2021,5029_buschy_mcbusch_race_400,Live Fast Motorsports,1.4736276664987518,1.0210000000000043
NASCAR_2021_5029_buschy_mcbusch_race_400,NASCAR,2021,5029_buschy_mcbusch_race_400,Petty Ware Racing,1.838163368816771,1.3264999999999993
NASCAR_2021_5029_buschy_mcbusch_race_400,NASCAR,2021,5029_buschy_mcbusch_race_400,Richard Childress Racing,-0.20974148078152582,-0.16825000000000223
NASCAR_2021_5029_buschy_mcbusch_race_400,NASCAR,2021,5029_buschy_mcbusch_race_400,Richard Petty Motorsports,0.26241689313722394,0.1769999999999996
NASCAR_2021_5029_buschy_mcbusch_race_400,NASCAR,2021,5029_buschy_mcbusch_race_400,Rick Ware Racing,1.9439153482314884,1.3170000000000002
NASCAR_2021_5029_buschy_mcbusch_race_400,NASCAR,2021,5029_buschy_mcbusch_race_400,Roush Fenway Racing,-0.015036252826573789,-0.013249999999999318
NASCAR_2021_5029_buschy_mcbusch_race_400,NASCAR,2021,5029_buschy_mcbusch_race_400,Spire Motorsports,0.5105040160818219,0.3810000000000002
NASCAR_2021_5029_buschy_mcbusch_race_400,NASCAR,2021,5029_buschy_mcbusch_race_400,StarCom Racing,2.0823153789591773,1.4659999999999975
NASCAR_2021_5029_buschy_mcbusch_race_400,NASCAR,2021,5029_buschy_mcbusch_race_400,Stewart-Haas Racing,0.033678364401904554,0.027999999999998693
NASCAR_2021_5029_buschy_mcbusch_race_400,NASCAR,2021,5029_buschy_mcbusch_race_400,Team Penske,-0.1599245733739544,-0.12899999999999778
NASCAR_2021_5029_buschy_mcbusch_race_400,NASCAR,2021,5029_buschy_mcbusch_race_400,TrackHouse Racing,0.12180179283652619,0.10199999999999676
NASCAR_2021_5029_buschy_mcbusch_race_400,NASCAR,2021,5029_buschy_mcbusch_race_400,Wood Brothers Racing,-0.13645199764071408,-0.11150000000000304
NASCAR_2021_5030_foxwoods_resort_casino_301,NASCAR,2021,5030_foxwoods_resort_casino_301,23XI Racing,0.17416188968556784,0.08500000000000085
NASCAR_2021_5030_foxwoods_resort_casino_301,NASCAR,2021,5030_foxwoods_resort_casino_301,Chip Ganassi Racing,-0.20455750946759071,-0.11625000000000085
NASCAR_2021_5030_foxwoods_resort_casino_301,NASCAR,2021,5030_foxwoods_resort_casino_301,Front Row Motorsports,0.7581032745392761,0.392000000000003
NASCAR_2021_5030_foxwoods_resort_casino_301,NASCAR,2021,5030_foxwoods_resort_casino_301,Hendrick Motorsports,-0.19967179266982654,-0.11200000000000188
NASCAR_2021_5030_foxwoods_resort_casino_301,NASCAR,2021,5030_foxwoods_resort_casino_301,JTG Daugherty Racing,0.01987243410815321,0.013500000000000512
NASCAR_2021_5030_foxwoods_resort_casino_301,NASCAR,2021,5030_foxwoods_resort_casino_301,Joe Gibbs Racing,-0.2487157512259161,-0.14399999999999835
NASCAR_2021_5030_foxwoods_resort_casino_301,NASCAR,2021,5030_foxwoods_resort_casino_301,Live Fast Motorsports,0.8757944874055249,0.4250000000000007
NASCAR_2021_5030_foxwoods_resort_casino_301,NASCAR,2021,5030_foxwoods_resort_casino_301,Petty Ware Racing,1.8546319225590393,0.932500000000001
NASCAR_2021_5030_foxwoods_resort_casino_301,NASCAR,2021,5030_foxwoods_resort_casino_301,Richard Childress Racing,-0.14411299442175662,-0.0815000000000019
NASCAR_2021_5030_foxwoods_resort_casino_301,NASCAR,2021,5030_foxwoods_resort_casino_301,Richard Petty Motorsports,0.12453514621573213,0.05999999999999872
NASCAR_2021_5030_foxwoods_resort_casino_301,NASCAR,2021,5030_foxwoods_resort_casino_301,Rick Ware Racing,2.082931359082848,1.074499999999997
NASCAR_2021_5030_foxwoods_resort_casino_301,NASCAR,2021,5030_foxwoods_resort_casino_301,Roush Fenway Racing,0.1701350166516828,0.09049999999999869
NASCAR_2021_5030_foxwoods_resort_casino_301,NASCAR,2021,5030_foxwoods_resort_casino_301,Spire Motorsports,0.37491530248699717,0.19949999999999868
NASCAR_2021_5030_foxwoods_resort_casino_301,NASCAR,2021,5030_foxwoods_resort_casino_301,StarCom Racing,1.655937518153528,0.8030000000000008
NASCAR_2021_5030_foxwoods_resort_casino_301,NASCAR,2021,5030_foxwoods_resort_casino_301,Stewart-Haas Racing,-0.1501780668537263,-0.09499999999999886
NASCAR_2021_5030_foxwoods_resort_casino_301,NASCAR,2021,5030_foxwoods_resort_casino_301,Team Penske,-0.4748902274283484,-0.24150000000000027
NASCAR_2021_5030_foxwoods_resort_casino_301,NASCAR,2021,5030_foxwoods_resort_casino_301,TrackHouse Racing,0.11772740052801353,0.06300000000000061
NASCAR_2021_5030_foxwoods_resort_casino_301,NASCAR,2021,5030_foxwoods_resort_casino_301,Wood Brothers Racing,-0.1939442202268482,-0.1095000000000006
NASCAR_2021_5031_firekeepers_casino_400,NASCAR,2021,5031_firekeepers_casino_400,23XI Racing,0.06060645264627508,0.06099999999999639
NASCAR_2021_5031_firekeepers_casino_400,NASCAR,2021,5031_firekeepers_casino_400,Chip Ganassi Racing,-0.18372371196775136,-0.132000000000005
NASCAR_2021_5031_firekeepers_casino_400,NASCAR,2021,5031_firekeepers_casino_400,Front Row Motorsports,0.14926729097109293,0.10849999999999937
NASCAR_2021_5031_firekeepers_casino_400,NASCAR,2021,5031_firekeepers_casino_400,Hendrick Motorsports,-0.38274924699877855,-0.25574999999999903
NASCAR_2021_5031_firekeepers_casino_400,NASCAR,2021,5031_firekeepers_casino_400,JTG Daugherty Racing,0.013118044422716482,0.0072499999999990905
NASCAR_2021_5031_firekeepers_casino_400,NASCAR,2021,5031_firekeepers_casino_400,Joe Gibbs Racing,-0.29103870278764604,-0.18299999999999983
NASCAR_2021_5031_firekeepers_casino_400,NASCAR,2021,5031_firekeepers_casino_400,Live Fast Motorsports,1.3455452763013005,0.8515000000000015
NASCAR_2021_5031_firekeepers_casino_400,NASCAR,2021,5031_firekeepers_casino_400,Petty Ware Racing,1.2655189783803567,0.8262500000000017
NASCAR_2021_5031_firekeepers_casino_400,NASCAR,2021,5031_firekeepers_casino_400,Richard Childress Racing,-0.3126547909614247,-0.20449999999999946
NASCAR_2021_5031_firekeepers_casino_400,NASCAR,2021,5031_firekeepers_casino_400,Richard Petty Motorsports,0.12428579046388691,0.08274999999999721
NASCAR_2021_5031_firekeepers_casino_400,NASCAR,2021,5031_firekeepers_casino_400,Rick Ware Racing,2.6124189299006475,1.5619999999999976
NASCAR_2021_5031_firekeepers_casino_400,NASCAR,2021,5031_firekeepers_casino_400,Roush Fenway Racing,0.04757790692994907,0.030249999999995225
NASCAR_2021_5031_firekeepers_casino_400,NASCAR,2021,5031_firekeepers_casino_400,Spire Motorsports,0.677669149199404,0.4169999999999945
NASCAR_2021_5031_firekeepers_casino_400,NASCAR,2021,5031_firekeepers_casino_400,StarCom Racing,2.0967361123063375,1.2190000000000047
NASCAR_2021_5031_firekeepers_casino_400,NASCAR,2021,5031_firekeepers_casino_400,Stewart-Haas Racing,0.07071455635986887,0.04574999999999463
NASCAR_2021_5031_firekeepers_casino_400,NASCAR,2021,5031_firekeepers_casino_400,Team Penske,-0.22562517413255792,-0.15450000000000585
NASCAR_2021_5031_firekeepers_casino_400,NASCAR,2021,5031_firekeepers_casino_400,TrackHouse Racing,0.15612263718550606,0.11175000000000423
NASCAR_2021_5031_firekeepers_casino_400,NASCAR,2021,5031_firekeepers_casino_400,Wood Brothers Racing,-0.28436308589941445,-0.18900000000000006
NASCAR_2021_5033_echopark_texas_grand_prix,NASCAR,2021,5033_echopark_texas_grand_prix,23XI Racing,-0.1722892747083564,-1.4835000000000207
NASCAR_2021_5033_echopark_texas_grand_prix,NASCAR,2021,5033_echopark_texas_grand_prix,Chip Ganassi Racing,-0.2185395029931952,-1.1015000000000015
NASCAR_2021_5033_echopark_texas_grand_prix,NASCAR,2021,5033_echopark_texas_grand_prix,Front Row Motorsports,-0.05102914618962776,-0.2259999999999991
NASCAR_2021_5033_echopark_texas_grand_prix,NASCAR,2021,5033_echopark_texas_grand_prix,Gaunt Brothers Racing,0.02190749970636531,0.04449999999999932
NASCAR_2021_5033_echopark_texas_grand_prix,NASCAR,2021,5033_echopark_texas_grand_prix,Hendrick Motorsports,-0.21933127313746914,-1.2274999999999778
NASCAR_2021_5033_echopark_texas_grand_prix,NASCAR,2021,5033_echopark_texas_grand_prix,JTG Daugherty Racing,0.07264303314167513,0.6157500000000056
NASCAR_2021_5033_echopark_texas_grand_prix,NASCAR,2021,5033_echopark_texas_grand_prix,Joe Gibbs Racing,-0.05616101280846772,-0.333500000000015
NASCAR_2021_5033_echopark_texas_grand_prix,NASCAR,2021,5033_echopark_texas_grand_prix,Kaulig Racing,-0.21550861063156462,-1.2190000000000083
NASCAR_2021_5033_echopark_texas_grand_prix,NASCAR,2021,5033_echopark_texas_grand_prix,Live Fast Motorsports,0.7352295194661976,3.2690000000000055
NASCAR_2021_5033_echopark_texas_grand_prix,NASCAR,2021,5033_echopark_texas_grand_prix,Petty Ware Racing,0.5545372138276208,3.2592500000000086
NASCAR_2021_5033_echopark_texas_grand_prix,NASCAR,2021,5033_echopark_texas_grand_prix,Richard Childress Racing,0,0
NASCAR_2021_5033_echopark_texas_grand_prix,NASCAR,2021,5033_echopark_texas_grand_prix,Richard Petty Motorsports,0.005700597860002877,0.06199999999999761
NASCAR_2021_5033_echopark_texas_grand_prix,NASCAR,2021,5033_echopark_texas_grand_prix,Rick Ware Racing,0.5177853753600504,2.0934999999999917
NASCAR_2021_5033_echopark_texas_grand_prix,NASCAR,2021,5033_echopark_texas_grand_prix,Roush Fenway Racing,0.0035479246247382135,0.04750000000001364
NASCAR_2021_5033_echopark_texas_grand_prix,NASCAR,2021,5033_echopark_texas_grand_prix,Spire Motorsports,0.049631897685853826,0.32550000000000523
NASCAR_2021_5033_echopark_texas_grand_prix,NASCAR,2021,5033_echopark_texas_grand_prix,StarCom Racing,0.9655352140536793,3.89700000000002
NASCAR_2021_5033_echopark_texas_grand_prix,NASCAR,2021,5033_echopark_texas_grand_prix,Stewart-Haas Racing,0.014041826981668845,0.08099999999998886
NASCAR_2021_5033_echopark_texas_grand_prix,NASCAR,2021,5033_echopark_texas_grand_prix,Team Penske,-0.04497771064466943,-0.19374999999999432
NASCAR_2021_5033_echopark_texas_grand_prix,NASCAR,2021,5033_echopark_texas_grand_prix,TrackHouse Racing,-0.01900005697591355,-0.29075000000000273
NASCAR_2021_5033_echopark_texas_grand_prix,NASCAR,2021,5033_echopark_texas_grand_prix,Wood Brothers Racing,-0.007741980281785184,-0.08499999999997954
NASCAR_2021_5034_drydene_400,NASCAR,2021,5034_drydene_400,23XI Racing,-0.07055672493768397,-0.04125000000000156
NASCAR_2021_5034_drydene_400,NASCAR,2021,5034_drydene_400,Chip Ganassi Racing,-0.1339830207911743,-0.0815000000000019
NASCAR_2021_5034_drydene_400,NASCAR,2021,5034_drydene_400,Front Row Motorsports,0.32107236192978006,0.1664999999999992
NASCAR_2021_5034_drydene_400,NASCAR,2021,5034_drydene_400,Hendrick Motorsports,-0.486311524627525,-0.26200000000000223
NASCAR_2021_5034_drydene_400,NASCAR,2021,5034_drydene_400,JTG Daugherty Racing,0.03743071176056761,0.019999999999999574
NASCAR_2021_5034_drydene_400,NASCAR,2021,5034_drydene_400,Joe Gibbs Racing,-0.07648952254535331,-0.04100000000000037
NASCAR_2021_5034_drydene_400,NASCAR,2021,5034_drydene_400,Live Fast Motorsports,1.2532100032343636,0.6590000000000025
NASCAR_2021_5034_drydene_400,NASCAR,2021,5034_drydene_400,Petty Ware Racing,1.2719980239762456,0.7010000000000005
NASCAR_2021_5034_drydene_400,NASCAR,2021,5034_drydene_400,Richard Childress Racing,-0.16610893309921654,-0.0945000000000018
NASCAR_2021_5034_drydene_400,NASCAR,2021,5034_drydene_400,Richard Petty Motorsports,0.1622820754143671,0.08199999999999719
NASCAR_2021_5034_drydene_400,NASCAR,2021,5034_drydene_400,Rick Ware Racing,2.2141107770457156,1.1620000000000026
NASCAR_2021_5034_drydene_400,NASCAR,2021,5034_drydene_400,Roush Fenway Racing,-0.012661168191896641,-0.007500000000000284
NASCAR_2021_5034_drydene_400,NASCAR,2021,5034_drydene_400,Spire Motorsports,0.6175399949107353,0.3274999999999988
NASCAR_2021_5034_drydene_400,NASCAR,2021,5034_drydene_400,StarCom Racing,1.584111947522846,0.8149999999999977
NASCAR_2021_5034_drydene_400,NASCAR,2021,5034_drydene_400,Stewart-Haas Racing,-0.06406607206970738,-0.03549999999999898
NASCAR_2021_5034_drydene_400,NASCAR,2021,5034_drydene_400,Team Penske,-0.20830030206461264,-0.1180000000000021
NASCAR_2021_5034_drydene_400,NASCAR,2021,5034_drydene_400,TrackHouse Racing,-0.09256809216300085,-0.05099999999999838
NASCAR_2021_5034_drydene_400,NASCAR,2021,5034_drydene_400,Wood Brothers Racing,0.26154774085022425,0.1440000000000019
NASCAR_2021_5035_ally_400,NASCAR,2021,5035_ally_400,23XI Racing,0.12763367386885105,0.08250000000000313
NASCAR_2021_5035_ally_400,NASCAR,2021,5035_ally_400,Chip Ganassi Racing,-0.35537254284634545,-0.19550000000000267
NASCAR_2021_5035_ally_400,NASCAR,2021,5035_ally_400,Front Row Motorsports,0.2810808783302319,0.15450000000000053
NASCAR_2021_5035_ally_400,NASCAR,2021,5035_ally_400,Hendrick Motorsports,-0.32579132235339286,-0.17400000000000304
NASCAR_2021_5035_ally_400,NASCAR,2021,5035_ally_400,JTG Daugherty Racing,-0.22807430580408136,-0.15449999999999875
NASCAR_2021_5035_ally_400,NASCAR,2021,5035_ally_400,Joe Gibbs Racing,-0.17513317745545084,-0.10300000000000153
NASCAR_2021_5035_ally_400,NASCAR,2021,5035_ally_400,Live Fast Motorsports,1.2273566348645035,0.5692499999999985
NASCAR_2021_5035_ally_400,NASCAR,2021,5035_ally_400,Motorsports Business Management,2.324760923033038,1.195249999999998
NASCAR_2021_5035_ally_400,NASCAR,2021,5035_ally_400,Petty Ware Racing,0.5445581078062752,0.2750000000000057
NASCAR_2021_5035_ally_400,NASCAR,2021,5035_ally_400,Richard Childress Racing,0,0
NASCAR_2021_5035_ally_400,NASCAR,2021,5035_ally_400,Richard Petty Motorsports,0.08737185609251932,0.04600000000000293
NASCAR_2021_5035_ally_400,NASCAR,2021,5035_ally_400,Rick Ware Racing,1.6000144618351466,0.7544999999999966
NASCAR_2021_5035_ally_400,NASCAR,2021,5035_ally_400,Roush Fenway Racing,0.06712175264048917,0.030999999999998806
NASCAR_2021_5035_ally_400,NASCAR,2021,5035_ally_400,Spire Motorsports,0.23435235531400106,0.10350000000000037
NASCAR_2021_5035_ally_400,NASCAR,2021,5035_ally_400,Stewart-Haas Racing,-0.2752933197883539,-0.16425000000000267
NASCAR_2021_5035_ally_400,NASCAR,2021,5035_ally_400,Team Penske,-0.01479923038082191,-0.007999999999999119
NASCAR_2021_5035_ally_400,NASCAR,2021,5035_ally_400,TrackHouse Racing,-0.19354570076790115,-0.10400000000000631
NASCAR_2021_5035_ally_400,NASCAR,2021,5035_ally_400,Wood Brothers Racing,0.7092225594002995,0.3927499999999995
NASCAR_2021_5036_coke_zero_sugar_400,NASCAR,2021,5036_coke_zero_sugar_400,23XI Racing,-0.005346698030835308,-0.003999999999997783
NASCAR_2021_5036_coke_zero_sugar_400,NASCAR,2021,5036_coke_zero_sugar_400,Chip Ganassi Racing,-0.005133187083839168,-0.006249999999994316
NASCAR_2021_5036_coke_zero_sugar_400,NASCAR,2021,5036_coke_zero_sugar_400,Front Row Motorsports,0.17780892440159873,0.0799999999999983
NASCAR_2021_5036_coke_zero_sugar_400,NASCAR,2021,5036_coke_zero_sugar_400,Gaunt Brothers Racing,0.031122506098242183,0.009000000000000341
NASCAR_2021_5036_coke_zero_sugar_400,NASCAR,2021,5036_coke_zero_sugar_400,Hendrick Motorsports,-0.03420721418490919,-0.01899999999999835
NASCAR_2021_5036_coke_zero_sugar_400,NASCAR,2021,5036_coke_zero_sugar_400,JTG Daugherty Racing,-0.043484280133640495,-0.016999999999995907
NASCAR_2021_5036_coke_zero_sugar_400,NASCAR,2021,5036_coke_zero_sugar_400,Joe Gibbs Racing,-0.03732269150027139,-0.016999999999995907
NASCAR_2021_5036_coke_zero_sugar_400,NASCAR,2021,5036_coke_zero_sugar_400,Kaulig Racing,0.24021914045730106,0.09399999999999409
NASCAR_2021_5036_coke_zero_sugar_400,NASCAR,2021,5036_coke_zero_sugar_400,Live Fast Motorsports,1.109181900276387,0.6989999999999981
NASCAR_2021_5036_coke_zero_sugar_400,NASCAR,2021,5036_coke_zero_sugar_400,Motorsports Business Management,1.541773210261522,0.754999999999999
NASCAR_2021_5036_coke_zero_sugar_400,NASCAR,2021,5036_coke_zero_sugar_400,Petty Ware Racing,0.074363891797271,0.0852499999999985
NASCAR_2021_5036_coke_zero_sugar_400,NASCAR,2021,5036_coke_zero_sugar_400,Richard Childress Racing,-0.025799052844752843,-0.007500000000000284
NASCAR_2021_5036_coke_zero_sugar_400,NASCAR,2021,5036_coke_zero_sugar_400,Richard Petty Motorsports,0,0
NASCAR_2021_5036_coke_zero_sugar_400,NASCAR,2021,5036_coke_zero_sugar_400,Rick Ware Racing,1.211347803723208,0.8485000000000014
NASCAR_2021_5036_coke_zero_sugar_400,NASCAR,2021,5036_coke_zero_sugar_400,Roush Fenway Racing,-0.004141403243999503,-0.0030000000000001137
NASCAR_2021_5036_coke_zero_sugar_400,NASCAR,2021,5036_coke_zero_sugar_400,Spire Motorsports,-0.03443601190793762,-0.015000000000000568
NASCAR_2021_5036_coke_zero_sugar_400,NASCAR,2021,5036_coke_zero_sugar_400,StarCom Racing,0.735554255275948,0.5519999999999996
NASCAR_2021_5036_coke_zero_sugar_400,NASCAR,2021,5036_coke_zero_sugar_400,Stewart-Haas Racing,0,0
NASCAR_2021_5036_coke_zero_sugar_400,NASCAR,2021,5036_coke_zero_sugar_400,Team Penske,-0.043013828767222484,-0.02400000000000091
NASCAR_2021_5036_coke_zero_sugar_400,NASCAR,2021,5036_coke_zero_sugar_400,TrackHouse Racing,0.01078062214656091,0.006499999999999062
NASCAR_2021_5036_coke_zero_sugar_400,NASCAR,2021,5036_coke_zero_sugar_400,Wood Brothers Racing,0.07482888359437247,0.02500000000000213
NASCAR_2021_5038_toyota_owners_400,NASCAR,2021,5038_toyota_owners_400,23XI Racing,0.11404215669637266,0.05450000000000088
NASCAR_2021_5038_toyota_owners_400,NASCAR,2021,5038_toyota_owners_400,Chip Ganassi Racing,-0.15897272686110314,-0.07749999999999702
NASCAR_2021_5038_toyota_owners_400,NASCAR,2021,5038_toyota_owners_400,Front Row Motorsports,0.47377742446278387,0.20099999999999696
NASCAR_2021_5038_toyota_owners_400,NASCAR,2021,5038_toyota_owners_400,Hendrick Motorsports,-0.2208183588750592,-0.10500000000000043
NASCAR_2021_5038_toyota_owners_400,NASCAR,2021,5038_toyota_owners_400,JTG Daugherty Racing,0.03110196855845202,0.017000000000001236
NASCAR_2021_5038_toyota_owners_400,NASCAR,2021,5038_toyota_owners_400,Joe Gibbs Racing,-0.6107019748097593,-0.2749999999999986
NASCAR_2021_5038_toyota_owners_400,NASCAR,2021,5038_toyota_owners_400,Live Fast Motorsports,0.4854059040911956,0.20749999999999957
NASCAR_2021_5038_toyota_owners_400,NASCAR,2021,5038_toyota_owners_400,Petty Ware Racing,1.9463787236047732,0.8865000000000016
NASCAR_2021_5038_toyota_owners_400,NASCAR,2021,5038_toyota_owners_400,Richard Childress Racing,-0.12753415953831393,-0.06150000000000233
NASCAR_2021_5038_toyota_owners_400,NASCAR,2021,5038_toyota_owners_400,Richard Petty Motorsports,0.07173310634446768,0.038000000000000256
NASCAR_2021_5038_toyota_owners_400,NASCAR,2021,5038_toyota_owners_400,Rick Ware Racing,1.6751404154844438,0.6479999999999997
NASCAR_2021_5038_toyota_owners_400,NASCAR,2021,5038_toyota_owners_400,Roush Fenway Racing,0.3347545454340683,0.13800000000000168
NASCAR_2021_5038_toyota_owners_400,NASCAR,2021,5038_toyota_owners_400,Spire Motorsports,0.3716670885862159,0.16249999999999964
NASCAR_2021_5038_toyota_owners_400,NASCAR,2021,5038_toyota_owners_400,StarCom Racing,1.617908129217084,0.6460000000000008
NASCAR_2021_5038_toyota_owners_400,NASCAR,2021,5038_toyota_owners_400,Stewart-Haas Racing,-0.05707233312127995,-0.027499999999999858
NASCAR_2021_5038_toyota_owners_400,NASCAR,2021,5038_toyota_owners_400,Team Penske,-0.24661527564202357,-0.12199999999999989
NASCAR_2021_5038_toyota_owners_400,NASCAR,2021,5038_toyota_owners_400,TrackHouse Racing,0,0
NASCAR_2021_5038_toyota_owners_400,NASCAR,2021,5038_toyota_owners_400,Wood Brothers Racing,-0.20814223047949473,-0.09750000000000014
NASCAR_2021_5039_bass_pro_shops_night_race,NASCAR,2021,5039_bass_pro_shops_night_race,23XI Racing,0,0
NASCAR_2021_5039_bass_pro_shops_night_race,NASCAR,2021,5039_bass_pro_shops_night_race,Chip Ganassi Racing,0.0208615400498245,0.006499999999999062
NASCAR_2021_5039_bass_pro_shops_night_race,NASCAR,2021,5039_bass_pro_shops_night_race,Front Row Motorsports,0.3224921002338417,0.11450000000000138
NASCAR_2021_5039_bass_pro_shops_night_race,NASCAR,2021,5039_bass_pro_shops_night_race,Hendrick Motorsports,-0.33969533900284077,-0.12299999999999933
NASCAR_2021_5039_bass_pro_shops_night_race,NASCAR,2021,5039_bass_pro_shops_night_race,JTG Daugherty Racing,0,0
NASCAR_2021_5039_bass_pro_shops_night_race,NASCAR,2021,5039_bass_pro_shops_night_race,Joe Gibbs Racing,-0.3145688753120342,-0.11299999999999955
NASCAR_2021_5039_bass_pro_shops_night_race,NASCAR,2021,5039_bass_pro_shops_night_race,Live Fast Motorsports,1.1362897786510966,0.34474999999999945
NASCAR_2021_5039_bass_pro_shops_night_race,NASCAR,2021,5039_bass_pro_shops_night_race,Motorsports Business Management,2.081179340004178,0.6864999999999988
NASCAR_2021_5039_bass_pro_shops_night_race,NASCAR,2021,5039_bass_pro_shops_night_race,Petty Ware Racing,0.44118688017198954,0.1490000000000009
NASCAR_2021_5039_bass_pro_shops_night_race,NASCAR,2021,5039_bass_pro_shops_night_race,Richard Childress Racing,-0.047822050652887194,-0.018000000000000682
NASCAR_2021_5039_bass_pro_shops_night_race,NASCAR,2021,5039_bass_pro_shops_night_race,Richard Petty Motorsports,-0.11203162859017161,-0.049249999999998906
NASCAR_2021_5039_bass_pro_shops_night_race,NASCAR,2021,5039_bass_pro_shops_night_race,Rick Ware Racing,1.9681980055989308,0.6650000000000009
NASCAR_2021_5039_bass_pro_shops_night_race,NASCAR,2021,5039_bass_pro_shops_night_race,Roush Fenway Racing,0.14796178637186927,0.0470000000000006
NASCAR_2021_5039_bass_pro_shops_night_race,NASCAR,2021,5039_bass_pro_shops_night_race,Spire Motorsports,0.5056746912789487,0.1540000000000017
NASCAR_2021_5039_bass_pro_shops_night_race,NASCAR,2021,5039_bass_pro_shops_night_race,StarCom Racing,1.4661589627642513,0.45700000000000074
NASCAR_2021_5039_bass_pro_shops_night_race,NASCAR,2021,5039_bass_pro_shops_night_race,Stewart-Haas Racing,-0.05436766994954199,-0.021000000000000796
NASCAR_2021_5039_bass_pro_shops_night_race,NASCAR,2021,5039_bass_pro_shops_night_race,Team Penske,-0.2516134538544356,-0.09350000000000236
NASCAR_2021_5039_bass_pro_shops_night_race,NASCAR,2021,5039_bass_pro_shops_night_race,TrackHouse Racing,0.08860579484403713,0.02949999999999875
NASCAR_2021_5039_bass_pro_shops_night_race,NASCAR,2021,5039_bass_pro_shops_night_race,Wood Brothers Racing,-0.06150664309223189,-0.025750000000000384
NASCAR_2021_5042_toyota_save_mart_350,NASCAR,2021,5042_toyota_save_mart_350,23XI Racing,0.1578526194832708,0.33799999999999386
NASCAR_2021_5042_toyota_save_mart_350,NASCAR,2021,5042_toyota_save_mart_350,Chip Ganassi Racing,-0.2630272355191311,-0.6125000000000043
NASCAR_2021_5042_toyota_save_mart_350,NASCAR,2021,5042_toyota_save_mart_350,Front Row Motorsports,0.027493262400834204,0.09649999999999892
NASCAR_2021_5042_toyota_save_mart_350,NASCAR,2021,5042_toyota_save_mart_350,Hendrick Motorsports,-0.3526428070912359,-1.0187499999999972
NASCAR_2021_5042_toyota_save_mart_350,NASCAR,2021,5042_toyota_save_mart_350,JTG Daugherty Racing,0.07633309525017565,0.17449999999999477
NASCAR_2021_5042_toyota_save_mart_350,NASCAR,2021,5042_toyota_save_mart_350,Joe Gibbs Racing,-0.26703939120695513,-0.767000000000003
NASCAR_2021_5042_toyota_save_mart_350,NASCAR,2021,5042_toyota_save_mart_350,Live Fast Motorsports,0.6038907525615242,1.5289999999999964
NASCAR_2021_5042_toyota_save_mart_350,NASCAR,2021,5042_toyota_save_mart_350,Petty Ware Racing,0.658176582179643,1.8255000000000052
NASCAR_2021_5042_toyota_save_mart_350,NASCAR,2021,5042_toyota_save_mart_350,Richard Childress Racing,-0.024263817935444937,-0.03100000000000591
NASCAR_2021_5042_toyota_save_mart_350,NASCAR,2021,5042_toyota_save_mart_350,Richard Petty Motorsports,-0.05599416986715947,-0.21699999999999875
NASCAR_2021_5042_toyota_save_mart_350,NASCAR,2021,5042_toyota_save_mart_350,Rick Ware Racing,0.7537641910325222,2.0870000000000033
NASCAR_2021_5042_toyota_save_mart_350,NASCAR,2021,5042_toyota_save_mart_350,Roush Fenway Racing,0.07219990223490597,0.18250000000000455
NASCAR_2021_5042_toyota_save_mart_350,NASCAR,2021,5042_toyota_save_mart_350,Spire Motorsports,0.3009088592774225,0.7730000000000103
NASCAR_2021_5042_toyota_save_mart_350,NASCAR,2021,5042_toyota_save_mart_350,StarCom Racing,0.9211909512112517,2.4192500000000052
NASCAR_2021_5042_toyota_save_mart_350,NASCAR,2021,5042_toyota_save_mart_350,Stewart-Haas Racing,0.004853383409332935,0.02925000000000466
NASCAR_2021_5042_toyota_save_mart_350,NASCAR,2021,5042_toyota_save_mart_350,Team Penske,-0.19661524497769006,-0.5810000000000031
NASCAR_2021_5042_toyota_save_mart_350,NASCAR,2021,5042_toyota_save_mart_350,TrackHouse Racing,0.002836522656107046,0.0049999999999954525
NASCAR_2021_5042_toyota_save_mart_350,NASCAR,2021,5042_toyota_save_mart_350,Wood Brothers Racing,0,0
NASCAR_2021_5044_autotrader_echopark_automotive_500,NASCAR,2021,5044_autotrader_echopark_automotive_500,23XI Racing,-0.15018246543741828,-0.07049999999999912
NASCAR_2021_5044_autotrader_echopark_automotive_500,NASCAR,2021,5044_autotrader_echopark_automotive_500,Chip Ganassi Racing,0.06910478404068035,0.06950000000000145
NASCAR_2021_5044_autotrader_echopark_automotive_500,NASCAR,2021,5044_autotrader_echopark_automotive_500,Front Row Motorsports,0.2780097268844403,0.23025000000000162
NASCAR_2021_5044_autotrader_echopark_automotive_500,NASCAR,2021,5044_autotrader_echopark_automotive_500,Hendrick Motorsports,-0.3185454418585939,-0.26500000000000057
NASCAR_2021_5044_autotrader_echopark_automotive_500,NASCAR,2021,5044_autotrader_echopark_automotive_500,JTG Daugherty Racing,0.18258250481817995,0.09999999999999787
NASCAR_2021_5044_autotrader_echopark_automotive_500,NASCAR,2021,5044_autotrader_echopark_automotive_500,Joe Gibbs Racing,-0.12042791163795474,-0.1075000000000017
NASCAR_2021_5044_autotrader_echopark_automotive_500,NASCAR,2021,5044_autotrader_echopark_automotive_500,Live Fast Motorsports,1.2220685020789068,0.959500000000002
NASCAR_2021_5044_autotrader_echopark_automotive_500,NASCAR,2021,5044_autotrader_echopark_automotive_500,Motorsports Business Management,1.7984301160676694,1.3992500000000003
NASCAR_2021_5044_autotrader_echopark_automotive_500,NASCAR,2021,5044_autotrader_echopark_automotive_500,Petty Ware Racing,0.4394470799377508,0.2259999999999991
NASCAR_2021_5044_autotrader_echopark_automotive_500,NASCAR,2021,5044_autotrader_echopark_automotive_500,Richard Childress Racing,-0.08729915051109977,-0.07750000000000057
NASCAR_2021_5044_autotrader_echopark_automotive_500,NASCAR,2021,5044_autotrader_echopark_automotive_500,Richard Petty Motorsports,-0.014419649857333185,-0.013749999999999929
NASCAR_2021_5044_autotrader_echopark_automotive_500,NASCAR,2021,5044_autotrader_echopark_automotive_500,Rick Ware Racing,1.7267690174476409,1.2515
NASCAR_2021_5044_autotrader_echopark_automotive_500,NASCAR,2021,5044_autotrader_echopark_automotive_500,Roush Fenway Racing,-0.0018612490358093524,-0.0020000000000024443
NASCAR_2021_5044_autotrader_echopark_automotive_500,NASCAR,2021,5044_autotrader_echopark_automotive_500,Spire Motorsports,0.2335046077946011,0.19200000000000017
NASCAR_2021_5044_autotrader_echopark_automotive_500,NASCAR,2021,5044_autotrader_echopark_automotive_500,StarCom Racing,1.5988797561248411,0.9659999999999975
NASCAR_2021_5044_autotrader_echopark_automotive_500,NASCAR,2021,5044_autotrader_echopark_automotive_500,Stewart-Haas Racing,0.08761762668268404,0.07199999999999918
NASCAR_2021_5044_autotrader_echopark_automotive_500,NASCAR,2021,5044_autotrader_echopark_automotive_500,Team Penske,-0.17989511296544075,-0.15699999999999825
NASCAR_2021_5044_autotrader_echopark_automotive_500,NASCAR,2021,5044_autotrader_echopark_automotive_500,TrackHouse Racing,0,0
NASCAR_2021_5044_autotrader_echopark_automotive_500,NASCAR,2021,5044_autotrader_echopark_automotive_500,Wood Brothers Racing,-0.006968670557747429,-0.004000000000001336
NASCAR_2021_5054_jockey_made_in_america_250,NASCAR,2021,5054_jockey_made_in_america_250,23XI Racing,0.34133913128903653,0.8329999999999984
NASCAR_2021_5054_jockey_made_in_america_250,NASCAR,2021,5054_jockey_made_in_america_250,Chip Ganassi Racing,-0.387954278177071,-1.0459999999999923
NASCAR_2021_5054_jockey_made_in_america_250,NASCAR,2021,5054_jockey_made_in_america_250,Front Row Motorsports,0.16691594149678377,0.3780000000000143
NASCAR_2021_5054_jockey_made_in_america_250,NASCAR,2021,5054_jockey_made_in_america_250,Gaunt Brothers Racing,0.6567183108564925,1.5919999999999845
NASCAR_2021_5054_jockey_made_in_america_250,NASCAR,2021,5054_jockey_made_in_america_250,Hendrick Motorsports,-0.47299207629923484,-1.3004999999999995
NASCAR_2021_5054_jockey_made_in_america_250,NASCAR,2021,5054_jockey_made_in_america_250,JTG Daugherty Racing,0.05015120572167754,0.16475000000002638
NASCAR_2021_5054_jockey_made_in_america_250,NASCAR,2021,5054_jockey_made_in_america_250,Joe Gibbs Racing,-0.4297163561051795,-1.2239999999999895
NASCAR_2021_5054_jockey_made_in_america_250,NASCAR,2021,5054_jockey_made_in_america_250,Kaulig Racing,-0.12884387300070443,-0.40500000000000114
NASCAR_2021_5054_jockey_made_in_america_250,NASCAR,2021,5054_jockey_made_in_america_250,Live Fast Motorsports,2.0514579595379523,4.638000000000005
NASCAR_2021_5054_jockey_made_in_america_250,NASCAR,2021,5054_jockey_made_in_america_250,Petty Ware Racing,1.0839407926966949,2.7460000000000093
NASCAR_2021_5054_jockey_made_in_america_250,NASCAR,2021,5054_jockey_made_in_america_250,Richard Childress Racing,-0.20559019087735553,-0.6449999999999818
NASCAR_2021_5054_jockey_made_in_america_250,NASCAR,2021,5054_jockey_made_in_america_250,Richard Petty Motorsports,0,0
NASCAR_2021_5054_jockey_made_in_america_250,NASCAR,2021,5054_jockey_made_in_america_250,Rick Ware Racing,0.722463039394081,1.9230000000000018
NASCAR_2021_5054_jockey_made_in_america_250,NASCAR,2021,5054_jockey_made_in_america_250,Roush Fenway Racing,0.11666222904643739,0.4560000000000173
NASCAR_2021_5054_jockey_made_in_america_250,NASCAR,2021,5054_jockey_made_in_america_250,Spire Motorsports,0.3274484565971359,0.9395000000000095
NASCAR_2021_5054_jockey_made_in_america_250,NASCAR,2021,5054_jockey_made_in_america_250,StarCom Racing,1.8074011872882847,3.925750000000008
NASCAR_2021_5054_jockey_made_in_america_250,NASCAR,2021,5054_jockey_made_in_america_250,Stewart-Haas Racing,0.013755213682612897,0.030249999999995225
NASCAR_2021_5054_jockey_made_in_america_250,NASCAR,2021,5054_jockey_made_in_america_250,Team Penske,-0.046252814169483736,-0.17600000000000193
NASCAR_2021_5054_jockey_made_in_america_250,NASCAR,2021,5054_jockey_made_in_america_250,TrackHouse Racing,-0.39932198071644887,-1.2609999999999957
NASCAR_2021_5054_jockey_made_in_america_250,NASCAR,2021,5054_jockey_made_in_america_250,Wood Brothers Racing,-0.48838046688900694,-1.0730000000000075
NASCAR_2021_5060_xfinity_500,NASCAR,2021,5060_xfinity_500,23XI Racing,-0.05328583208070993,-0.031500000000001194
NASCAR_2021_5060_xfinity_500,NASCAR,2021,5060_xfinity_500,Chip Ganassi Racing,-0.07915923289140214,-0.03249999999999886
NASCAR_2021_5060_xfinity_500,NASCAR,2021,5060_xfinity_500,Front Row Motorsports,0.3055765520711445,0.10500000000000043
NASCAR_2021_5060_xfinity_500,NASCAR,2021,5060_xfinity_500,Hendrick Motorsports,-0.5304648056122356,-0.20300000000000296
NASCAR_2021_5060_xfinity_500,NASCAR,2021,5060_xfinity_500,JTG Daugherty Racing,0,0
NASCAR_2021_5060_xfinity_500,NASCAR,2021,5060_xfinity_500,Joe Gibbs Racing,-0.3723916325989684,-0.14550000000000018
NASCAR_2021_5060_xfinity_500,NASCAR,2021,5060_xfinity_500,Live Fast Motorsports,0.5465765197156759,0.17449999999999832
NASCAR_2021_5060_xfinity_500,NASCAR,2021,5060_xfinity_500,Motorsports Business Management,0.9936087388332002,0.30849999999999866
NASCAR_2021_5060_xfinity_500,NASCAR,2021,5060_xfinity_500,Petty Ware Racing,0.9816763368742055,0.3210000000000015
NASCAR_2021_5060_xfinity_500,NASCAR,2021,5060_xfinity_500,Richard Childress Racing,-0.022877384008267054,-0.011000000000002785
NASCAR_2021_5060_xfinity_500,NASCAR,2021,5060_xfinity_500,Richard Petty Motorsports,0.04625045152986237,0.01699999999999946
NASCAR_2021_5060_xfinity_500,NASCAR,2021,5060_xfinity_500,Rick Ware Racing,1.7865054562260982,0.5719999999999992
NASCAR_2021_5060_xfinity_500,NASCAR,2021,5060_xfinity_500,Roush Fenway Racing,0.05290059417455176,0.017000000000003013
NASCAR_2021_5060_xfinity_500,NASCAR,2021,5060_xfinity_500,Spire Motorsports,0.42764033811405827,0.1332500000000003
NASCAR_2021_5060_xfinity_500,NASCAR,2021,5060_xfinity_500,StarCom Racing,2.1325625223913027,0.718499999999997
NASCAR_2021_5060_xfinity_500,NASCAR,2021,5060_xfinity_500,Stewart-Haas Racing,0,0
NASCAR_2021_5060_xfinity_500,NASCAR,2021,5060_xfinity_500,Team Penske,-0.21059164449528617,-0.09299999999999997
NASCAR_2021_5060_xfinity_500,NASCAR,2021,5060_xfinity_500,TrackHouse Racing,0.4554359193777286,0.1404999999999994
NASCAR_2021_5060_xfinity_500,NASCAR,2021,5060_xfinity_500,Wood Brothers Racing,0.21528616160245595,0.08299999999999841
NASCAR_2021_5067_nascar_all_star_open,NASCAR,2021,5067_nascar_all_star_open,23XI Racing,-0.17167113836417128,-0.15899999999999892
NASCAR_2021_5067_nascar_all_star_open,NASCAR,2021,5067_nascar_all_star_open,Chip Ganassi Racing,-0.42011396917678384,-0.35699999999999577
NASCAR_2021_5067_nascar_all_star_open,NASCAR,2021,5067_nascar_all_star_open,Front Row Motorsports,-0.21650338339199068,-0.21350000000000158
NASCAR_2021_5067_nascar_all_star_open,NASCAR,2021,5067_nascar_all_star_open,JTG Daugherty Racing,-0.13460061955316382,-0.1222499999999993
NASCAR_2021_5067_nascar_all_star_open,NASCAR,2021,5067_nascar_all_star_open,Live Fast Motorsports,0.8893197902103003,0.6485000000000021
NASCAR_2021_5067_nascar_all_star_open,NASCAR,2021,5067_nascar_all_star_open,Motorsports Business Management,1.7278188387027968,1.2489999999999988
NASCAR_2021_5067_nascar_all_star_open,NASCAR,2021,5067_nascar_all_star_open,Petty Ware Racing,0.4201924168412555,0.34550000000000125
NASCAR_2021_5067_nascar_all_star_open,NASCAR,2021,5067_nascar_all_star_open,Richard Childress Racing,-0.6654832843639875,-0.5359999999999996
NASCAR_2021_5067_nascar_all_star_open,NASCAR,2021,5067_nascar_all_star_open,Richard Petty Motorsports,-0.2345225422304659,-0.39599999999999724
NASCAR_2021_5067_nascar_all_star_open,NASCAR,2021,5067_nascar_all_star_open,Rick Ware Racing,1.049549614013468,0.7607500000000016
NASCAR_2021_5067_nascar_all_star_open,NASCAR,2021,5067_nascar_all_star_open,Roush Fenway Racing,-0.6394343192377576,-0.5480000000000018
NASCAR_2021_5067_nascar_all_star_open,NASCAR,2021,5067_nascar_all_star_open,Spire Motorsports,-0.021398927382879934,-0.02749999999999808
NASCAR_2021_5067_nascar_all_star_open,NASCAR,2021,5067_nascar_all_star_open,StarCom Racing,1.0063109074963446,0.9839999999999982
NASCAR_2021_5067_nascar_all_star_open,NASCAR,2021,5067_nascar_all_star_open,Stewart-Haas Racing,-0.5589712295190218,-0.45174999999999876
NASCAR_2021_5067_nascar_all_star_open,NASCAR,2021,5067_nascar_all_star_open,Team Penske,-0.3067659912298397,-0.28325000000000067
NASCAR_2021_5067_nascar_all_star_open,NASCAR,2021,5067_nascar_all_star_open,TrackHouse Racing,0.14630965691680808,0.13950000000000173
NASCAR_2021_5067_nascar_all_star_open,NASCAR,2021,5067_nascar_all_star_open,Wood Brothers Racing,-0.631651469640232,-0.552500000000002
NASCAR_2021_5068_nascar_all_star_race,NASCAR,2021,5068_nascar_all_star_race,Chip Ganassi Racing,0.06963167637894749,0.02999999999999936
NASCAR_2021_5068_nascar_all_star_race,NASCAR,2021,5068_nascar_all_star_race,Front Row Motorsports,0.35230319914700237,0.08299999999999841
NASCAR_2021_5068_nascar_all_star_race,NASCAR,2021,5068_nascar_all_star_race,Hendrick Motorsports,-0.7129364666161201,-0.18149999999999977
NASCAR_2021_5068_nascar_all_star_race,NASCAR,2021,5068_nascar_all_star_race,Joe Gibbs Racing,0,0
NASCAR_2021_5068_nascar_all_star_race,NASCAR,2021,5068_nascar_all_star_race,Richard Childress Racing,0.38819760550993454,0.09800000000000075
NASCAR_2021_5068_nascar_all_star_race,NASCAR,2021,5068_nascar_all_star_race,Roush Fenway Racing,0.4362214386504831,0.10800000000000054
NASCAR_2021_5068_nascar_all_star_race,NASCAR,2021,5068_nascar_all_star_race,Stewart-Haas Racing,0.15094059628934992,0.04049999999999976
NASCAR_2021_5068_nascar_all_star_race,NASCAR,2021,5068_nascar_all_star_race,Team Penske,-0.10228967416631485,-0.0259999999999998
NASCAR_2021_5068_nascar_all_star_race,NASCAR,2021,5068_nascar_all_star_race,Wood Brothers Racing,0.24657562860444732,0.062000000000001165
NASCAR_2021_5071_go_bowling_at_the_glen,NASCAR,2021,5071_go_bowling_at_the_glen,23XI Racing,0.23243596509833864,0.2779999999999987
NASCAR_2021_5071_go_bowling_at_the_glen,NASCAR,2021,5071_go_bowling_at_the_glen,Chip Ganassi Racing,-0.16713216510608608,-0.22299999999999898
NASCAR_2021_5071_go_bowling_at_the_glen,NASCAR,2021,5071_go_bowling_at_the_glen,Front Row Motorsports,0.30239003750938626,0.375
NASCAR_2021_5071_go_bowling_at_the_glen,NASCAR,2021,5071_go_bowling_at_the_glen,Hendrick Motorsports,-0.39645820121358855,-0.6297499999999943
NASCAR_2021_5071_go_bowling_at_the_glen,NASCAR,2021,5071_go_bowling_at_the_glen,JTG Daugherty Racing,0.02056091415547258,0.028000000000005798
NASCAR_2021_5071_go_bowling_at_the_glen,NASCAR,2021,5071_go_bowling_at_the_glen,Joe Gibbs Racing,-0.5186057229807731,-0.7382500000000007
NASCAR_2021_5071_go_bowling_at_the_glen,NASCAR,2021,5071_go_bowling_at_the_glen,Live Fast Motorsports,1.6959147018476264,2.4157499999999956
NASCAR_2021_5071_go_bowling_at_the_glen,NASCAR,2021,5071_go_bowling_at_the_glen,Petty Ware Racing,0.6306232336172701,0.8895000000000124
NASCAR_2021_5071_go_bowling_at_the_glen,NASCAR,2021,5071_go_bowling_at_the_glen,Richard Childress Racing,-0.09886060139899633,-0.16599999999999682
NASCAR_2021_5071_go_bowling_at_the_glen,NASCAR,2021,5071_go_bowling_at_the_glen,Richard Petty Motorsports,0.00784073538732176,0.01824999999999477
NASCAR_2021_5071_go_bowling_at_the_glen,NASCAR,2021,5071_go_bowling_at_the_glen,Rick Ware Racing,1.2176884138169466,1.5229999999999961
NASCAR_2021_5071_go_bowling_at_the_glen,NASCAR,2021,5071_go_bowling_at_the_glen,Roush Fenway Racing,0.10101171499443813,0.18149999999999977
NASCAR_2021_5071_go_bowling_at_the_glen,NASCAR,2021,5071_go_bowling_at_the_glen,Spire Motorsports,0.544162388056165,0.6794999999999973
NASCAR_2021_5071_go_bowling_at_the_glen,NASCAR,2021,5071_go_bowling_at_the_glen,StarCom Racing,1.6129606969944632,2.250000000000014
NASCAR_2021_5071_go_bowling_at_the_glen,NASCAR,2021,5071_go_bowling_at_the_glen,Stewart-Haas Racing,-0.09576393137868014,-0.1775000000000091
NASCAR_2021_5071_go_bowling_at_the_glen,NASCAR,2021,5071_go_bowling_at_the_glen,Team Penske,-0.04419040120295993,-0.0724999999999909
NASCAR_2021_5071_go_bowling_at_the_glen,NASCAR,2021,5071_go_bowling_at_the_glen,TrackHouse Racing,0.07916584871319869,0.1039999999999992
NASCAR_2021_5071_go_bowling_at_the_glen,NASCAR,2021,5071_go_bowling_at_the_glen,Wood Brothers Racing,-0.24778691973738487,-0.29299999999999926
NASCAR_2021_5074_verizon_200_at_the_brickyard,NASCAR,2021,5074_verizon_200_at_the_brickyard,23XI Racing,0.06491741069666344,0.24449999999998795
NASCAR_2021_5074_verizon_200_at_the_brickyard,NASCAR,2021,5074_verizon_200_at_the_brickyard,Chip Ganassi Racing,-0.10907761683424957,-0.24800000000000466
NASCAR_2021_5074_verizon_200_at_the_brickyard,NASCAR,2021,5074_verizon_200_at_the_brickyard,Front Row Motorsports,0.07013620054964496,0.16850000000000165
NASCAR_2021_5074_verizon_200_at_the_brickyard,NASCAR,2021,5074_verizon_200_at_the_brickyard,Hendrick Motorsports,-0.37003612404329095,-0.7670000000000101
NASCAR_2021_5074_verizon_200_at_the_brickyard,NASCAR,2021,5074_verizon_200_at_the_brickyard,JTG Daugherty Racing,0,0
NASCAR_2021_5074_verizon_200_at_the_brickyard,NASCAR,2021,5074_verizon_200_at_the_brickyard,Joe Gibbs Racing,-0.32853379254765225,-0.6434999999999889
NASCAR_2021_5074_verizon_200_at_the_brickyard,NASCAR,2021,5074_verizon_200_at_the_brickyard,Kaulig Racing,-0.2218006800173125,-0.5517499999999984
NASCAR_2021_5074_verizon_200_at_the_brickyard,NASCAR,2021,5074_verizon_200_at_the_brickyard,Live Fast Motorsports,0.7190368903103449,1.2317499999999981
NASCAR_2021_5074_verizon_200_at_the_brickyard,NASCAR,2021,5074_verizon_200_at_the_brickyard,Motorsports Business Management,1.5732893223319206,3.0900000000000034
NASCAR_2021_5074_verizon_200_at_the_brickyard,NASCAR,2021,5074_verizon_200_at_the_brickyard,Petty Ware Racing,0.9663401588839249,2.0020000000000024
NASCAR_2021_5074_verizon_200_at_the_brickyard,NASCAR,2021,5074_verizon_200_at_the_brickyard,Richard Childress Racing,-0.07926550242765702,-0.23149999999999693
NASCAR_2021_5074_verizon_200_at_the_brickyard,NASCAR,2021,5074_verizon_200_at_the_brickyard,Richard Petty Motorsports,0.1952266372988461,0.41499999999999204
NASCAR_2021_5074_verizon_200_at_the_brickyard,NASCAR,2021,5074_verizon_200_at_the_brickyard,Rick Ware Racing,0.774460651822237,1.4660000000000082
NASCAR_2021_5074_verizon_200_at_the_brickyard,NASCAR,2021,5074_verizon_200_at_the_brickyard,Roush Fenway Racing,0.14334463152999163,0.3410000000000011
NASCAR_2021_5074_verizon_200_at_the_brickyard,NASCAR,2021,5074_verizon_200_at_the_brickyard,Spire Motorsports,0.13526520285573596,0.33800000000000807
NASCAR_2021_5074_verizon_200_at_the_brickyard,NASCAR,2021,5074_verizon_200_at_the_brickyard,StarCom Racing,0.849725655962792,1.8469999999999942
NASCAR_2021_5074_verizon_200_at_the_brickyard,NASCAR,2021,5074_verizon_200_at_the_brickyard,Stewart-Haas Racing,-0.08408791008359678,-0.17049999999998988
NASCAR_2021_5074_verizon_200_at_the_brickyard,NASCAR,2021,5074_verizon_200_at_the_brickyard,Team Penske,-0.036449771981026176,-0.07650000000001
NASCAR_2021_5074_verizon_200_at_the_brickyard,NASCAR,2021,5074_verizon_200_at_the_brickyard,TrackHouse Racing,-0.05293864525665431,-0.19400000000000261
NASCAR_2021_5074_verizon_200_at_the_brickyard,NASCAR,2021,5074_verizon_200_at_the_brickyard,Wood Brothers Racing,0.08087991805755516,0.26550000000000296
NASCAR_2021_5078_cook_out_southern_500,NASCAR,2021,5078_cook_out_southern_500,23XI Racing,0.08319130626193344,0.06300000000000239
NASCAR_2021_5078_cook_out_southern_500,NASCAR,2021,5078_cook_out_southern_500,Chip Ganassi Racing,-0.4425902244457458,-0.32700000000000173
NASCAR_2021_5078_cook_out_southern_500,NASCAR,2021,5078_cook_out_southern_500,Front Row Motorsports,0.3236595987286506,0.20949999999999847
NASCAR_2021_5078_cook_out_southern_500,NASCAR,2021,5078_cook_out_southern_500,Hendrick Motorsports,-0.15971359578423489,-0.12150000000000105
NASCAR_2021_5078_cook_out_southern_500,NASCAR,2021,5078_cook_out_southern_500,JTG Daugherty Racing,-0.013072383075215297,-0.010499999999998622
NASCAR_2021_5078_cook_out_southern_500,NASCAR,2021,5078_cook_out_southern_500,Joe Gibbs Racing,-0.3655894891340171,-0.26699999999999946
NASCAR_2021_5078_cook_out_southern_500,NASCAR,2021,5078_cook_out_southern_500,Live Fast Motorsports,1.4052900431279851,0.8550000000000004
NASCAR_2021_5078_cook_out_southern_500,NASCAR,2021,5078_cook_out_southern_500,Petty Ware Racing,1.349652201877508,0.8312499999999989
NASCAR_2021_5078_cook_out_southern_500,NASCAR,2021,5078_cook_out_southern_500,Richard Childress Racing,-0.06477197069155989,-0.055999999999997385
NASCAR_2021_5078_cook_out_southern_500,NASCAR,2021,5078_cook_out_southern_500,Richard Petty Motorsports,0.4058990411121457,0.23150000000000048
NASCAR_2021_5078_cook_out_southern_500,NASCAR,2021,5078_cook_out_southern_500,Rick Ware Racing,1.8903504637271364,1.1360000000000028
NASCAR_2021_5078_cook_out_southern_500,NASCAR,2021,5078_cook_out_southern_500,Roush Fenway Racing,-0.012583357319859358,-0.009750000000002146
NASCAR_2021_5078_cook_out_southern_500,NASCAR,2021,5078_cook_out_southern_500,Spire Motorsports,0.14028165601232823,0.13074999999999903
NASCAR_2021_5078_cook_out_southern_500,NASCAR,2021,5078_cook_out_southern_500,StarCom Racing,2.060922666422631,1.2119999999999962
NASCAR_2021_5078_cook_out_southern_500,NASCAR,2021,5078_cook_out_southern_500,Stewart-Haas Racing,-0.005657983890529326,-0.0045000000000001705
NASCAR_2021_5078_cook_out_southern_500,NASCAR,2021,5078_cook_out_southern_500,Team Penske,-0.21099236612435648,-0.15899999999999892
NASCAR_2021_5078_cook_out_southern_500,NASCAR,2021,5078_cook_out_southern_500,TrackHouse Racing,0.05883536630842336,0.043250000000000455
NASCAR_2021_5078_cook_out_southern_500,NASCAR,2021,5078_cook_out_southern_500,Wood Brothers Racing,0.3480590169724903,0.23999999999999844
NASCAR_2021_5079_federated_auto_parts_400_salute_to_first_responders,NASCAR,2021,5079_federated_auto_parts_400_salute_to_first_responders,23XI Racing,0.34664863358154285,0.12249999999999872
NASCAR_2021_5079_federated_auto_parts_400_salute_to_first_responders,NASCAR,2021,5079_federated_auto_parts_400_salute_to_first_responders,Chip Ganassi Racing,-0.2847374129339928,-0.1319999999999979
NASCAR_2021_5079_federated_auto_parts_400_salute_to_first_responders,NASCAR,2021,5079_federated_auto_parts_400_salute_to_first_responders,Front Row Motorsports,0.1344465937648825,0.05700000000000216
NASCAR_2021_5079_federated_auto_parts_400_salute_to_first_responders,NASCAR,2021,5079_federated_auto_parts_400_salute_to_first_responders,Hendrick Motorsports,-0.26871250181681355,-0.11850000000000094
NASCAR_2021_5079_federated_auto_parts_400_salute_to_first_responders,NASCAR,2021,5079_federated_auto_parts_400_salute_to_first_responders,JTG Daugherty Racing,0.1081387866592503,0.04475000000000229
NASCAR_2021_5079_federated_auto_parts_400_salute_to_first_responders,NASCAR,2021,5079_federated_auto_parts_400_salute_to_first_responders,Joe Gibbs Racing,-0.6099011808731136,-0.24749999999999872
NASCAR_2021_5079_federated_auto_parts_400_salute_to_first_responders,NASCAR,2021,5079_federated_auto_parts_400_salute_to_first_responders,Live Fast Motorsports,0.6951638434113283,0.28350000000000186
NASCAR_2021_5079_federated_auto_parts_400_salute_to_first_responders,NASCAR,2021,5079_federated_auto_parts_400_salute_to_first_responders,Petty Ware Racing,1.5128587588098665,0.5995000000000008
NASCAR_2021_5079_federated_auto_parts_400_salute_to_first_responders,NASCAR,2021,5079_federated_auto_parts_400_salute_to_first_responders,Richard Childress Racing,-0.06933366025339555,-0.03100000000000236
NASCAR_2021_5079_federated_auto_parts_400_salute_to_first_responders,NASCAR,2021,5079_federated_auto_parts_400_salute_to_first_responders,Richard Petty Motorsports,0.06577806573590621,0.02525000000000155
NASCAR_2021_5079_federated_auto_parts_400_salute_to_first_responders,NASCAR,2021,5079_federated_auto_parts_400_salute_to_first_responders,Rick Ware Racing,2.114203986059472,0.8457500000000007
NASCAR_2021_5079_federated_auto_parts_400_salute_to_first_responders,NASCAR,2021,5079_federated_auto_parts_400_salute_to_first_responders,Roush Fenway Racing,0.24146014489759987,0.09700000000000131
NASCAR_2021_5079_federated_auto_parts_400_salute_to_first_responders,NASCAR,2021,5079_federated_auto_parts_400_salute_to_first_responders,Spire Motorsports,0.3482421359411144,0.14150000000000063
NASCAR_2021_5079_federated_auto_parts_400_salute_to_first_responders,NASCAR,2021,5079_federated_auto_parts_400_salute_to_first_responders,StarCom Racing,1.7982540445252113,0.7070000000000007
NASCAR_2021_5079_federated_auto_parts_400_salute_to_first_responders,NASCAR,2021,5079_federated_auto_parts_400_salute_to_first_responders,Stewart-Haas Racing,-0.1483781127310866,-0.06175000000000175
NASCAR_2021_5079_federated_auto_parts_400_salute_to_first_responders,NASCAR,2021,5079_federated_auto_parts_400_salute_to_first_responders,Team Penske,-0.2450560036779691,-0.10849999999999937
NASCAR_2021_5079_federated_auto_parts_400_salute_to_first_responders,NASCAR,2021,5079_federated_auto_parts_400_salute_to_first_responders,TrackHouse Racing,0.09922480982986027,0.03400000000000247
NASCAR_2021_5079_federated_auto_parts_400_salute_to_first_responders,NASCAR,2021,5079_federated_auto_parts_400_salute_to_first_responders,Wood Brothers Racing,-0.13769973609040542,-0.053000000000000824
NASCAR_2021_5081_south_point_400,NASCAR,2021,5081_south_point_400,23XI Racing,0.03514495728170028,0.026500000000000412
NASCAR_2021_5081_south_point_400,NASCAR,2021,5081_south_point_400,Chip Ganassi Racing,-0.0433349811023481,-0.036000000000001364
NASCAR_2021_5081_south_point_400,NASCAR,2021,5081_south_point_400,Front Row Motorsports,0.20994029253725505,0.14799999999999613
NASCAR_2021_5081_south_point_400,NASCAR,2021,5081_south_point_400,Hendrick Motorsports,-0.42628631722966837,-0.30900000000000105
NASCAR_2021_5081_south_point_400,NASCAR,2021,5081_south_point_400,JTG Daugherty Racing,0.1744614192849603,0.12400000000000233
NASCAR_2021_5081_south_point_400,NASCAR,2021,5081_south_point_400,Joe Gibbs Racing,-0.33689451819319394,-0.2419999999999991
NASCAR_2021_5081_south_point_400,NASCAR,2021,5081_south_point_400,Live Fast Motorsports,1.8674491715780313,1.3170000000000037
NASCAR_2021_5081_south_point_400,NASCAR,2021,5081_south_point_400,Motorsports Business Management,3.002674836252858,2.411999999999999
NASCAR_2021_5081_south_point_400,NASCAR,2021,5081_south_point_400,Petty Ware Racing,1.0736222757818379,0.7689999999999984
NASCAR_2021_5081_south_point_400,NASCAR,2021,5081_south_point_400,Richard Childress Racing,-0.22421912098482633,-0.15849999999999653
NASCAR_2021_5081_south_point_400,NASCAR,2021,5081_south_point_400,Richard Petty Motorsports,-0.010474220279922631,-0.007500000000000284
NASCAR_2021_5081_south_point_400,NASCAR,2021,5081_south_point_400,Rick Ware Racing,2.6333712756622707,1.8160000000000025
NASCAR_2021_5081_south_point_400,NASCAR,2021,5081_south_point_400,Roush Fenway Racing,0.05229685622875018,0.043000000000006366
NASCAR_2021_5081_south_point_400,NASCAR,2021,5081_south_point_400,Spire Motorsports,0.6335841035486367,0.4184999999999981
NASCAR_2021_5081_south_point_400,NASCAR,2021,5081_south_point_400,StarCom Racing,2.3659017685317414,1.6564999999999976
NASCAR_2021_5081_south_point_400,NASCAR,2021,5081_south_point_400,Stewart-Haas Racing,0.028733855789960544,0.02174999999999727
NASCAR_2021_5081_south_point_400,NASCAR,2021,5081_south_point_400,Team Penske,-0.2638341622363863,-0.19699999999999918
NASCAR_2021_5081_south_point_400,NASCAR,2021,5081_south_point_400,TrackHouse Racing,0.1945526283209847,0.14300000000000068
NASCAR_2021_5081_south_point_400,NASCAR,2021,5081_south_point_400,Wood Brothers Racing,-0.28200007557825735,-0.2035000000000018
NASCAR_2021_5082_yellawood_500,NASCAR,2021,5082_yellawood_500,23XI Racing,-0.09530742526086704,-0.04650000000000176
NASCAR_2021_5082_yellawood_500,NASCAR,2021,5082_yellawood_500,Chip Ganassi Racing,-0.056009929290690284,-0.034250000000000114
NASCAR_2021_5082_yellawood_500,NASCAR,2021,5082_yellawood_500,Front Row Motorsports,-0.040072238538588566,-0.03499999999999659
NASCAR_2021_5082_yellawood_500,NASCAR,2021,5082_yellawood_500,Gaunt Brothers Racing,0.05426477505499281,0.03900000000000148
NASCAR_2021_5082_yellawood_500,NASCAR,2021,5082_yellawood_500,Hendrick Motorsports,-0.0075706360420730034,-0.006999999999997897
NASCAR_2021_5082_yellawood_500,NASCAR,2021,5082_yellawood_500,JTG Daugherty Racing,-0.1355578140206307,-0.05300000000000438
NASCAR_2021_5082_yellawood_500,NASCAR,2021,5082_yellawood_500,Joe Gibbs Racing,-0.005782314841608178,-0.0034999999999989484
NASCAR_2021_5082_yellawood_500,NASCAR,2021,5082_yellawood_500,Kaulig Racing,-7.94048325391392e-4,-2.500000000011937e-4
NASCAR_2021_5082_yellawood_500,NASCAR,2021,5082_yellawood_500,Live Fast Motorsports,0.2018005766388481,0.1255000000000024
NASCAR_2021_5082_yellawood_500,NASCAR,2021,5082_yellawood_500,Motorsports Business Management,0.16426489263028024,0.08299999999999841
NASCAR_2021_5082_yellawood_500,NASCAR,2021,5082_yellawood_500,Petty Ware Racing,0.13397377777576397,0.08050000000000068
NASCAR_2021_5082_yellawood_500,NASCAR,2021,5082_yellawood_500,Richard Childress Racing,-0.008288101119387237,-0.003999999999997783
NASCAR_2021_5082_yellawood_500,NASCAR,2021,5082_yellawood_500,Richard Petty Motorsports,0,0
NASCAR_2021_5082_yellawood_500,NASCAR,2021,5082_yellawood_500,Rick Ware Racing,0.2268457845944858,0.16574999999999918
NASCAR_2021_5082_yellawood_500,NASCAR,2021,5082_yellawood_500,Roush Fenway Racing,0.03699720091771529,0.011499999999998067
NASCAR_2021_5082_yellawood_500,NASCAR,2021,5082_yellawood_500,Spire Motorsports,0,0
NASCAR_2021_5082_yellawood_500,NASCAR,2021,5082_yellawood_500,StarCom Racing,-0.1390628706921133,-0.07450000000000045
NASCAR_2021_5082_yellawood_500,NASCAR,2021,5082_yellawood_500,Stewart-Haas Racing,-1.699257019498036e-4,-4.999999999988347e-4
NASCAR_2021_5082_yellawood_500,NASCAR,2021,5082_yellawood_500,Team Penske,0.014585160248981691,0.007500000000000284
NASCAR_2021_5082_yellawood_500,NASCAR,2021,5082_yellawood_500,TrackHouse Racing,0.17614697488760403,0.1039999999999992
NASCAR_2021_5082_yellawood_500,NASCAR,2021,5082_yellawood_500,Wood Brothers Racing,0.14909128518919362,0.04924999999999713
NASCAR_2021_5083_bank_of_america_roval_400,NASCAR,2021,5083_bank_of_america_roval_400,23XI Racing,0.08219296573799895,0.1770000000000067
NASCAR_2021_5083_bank_of_america_roval_400,NASCAR,2021,5083_bank_of_america_roval_400,Chip Ganassi Racing,0,0
NASCAR_2021_5083_bank_of_america_roval_400,NASCAR,2021,5083_bank_of_america_roval_400,Front Row Motorsports,0.24207559649691965,0.48449999999999704
NASCAR_2021_5083_bank_of_america_roval_400,NASCAR,2021,5083_bank_of_america_roval_400,Hendrick Motorsports,-0.3354750886889849,-0.6694999999999993
NASCAR_2021_5083_bank_of_america_roval_400,NASCAR,2021,5083_bank_of_america_roval_400,JTG Daugherty Racing,0.14898355110772793,0.2875000000000085
NASCAR_2021_5083_bank_of_america_roval_400,NASCAR,2021,5083_bank_of_america_roval_400,Joe Gibbs Racing,-0.16076594385712897,-0.43900000000000716
NASCAR_2021_5083_bank_of_america_roval_400,NASCAR,2021,5083_bank_of_america_roval_400,Kaulig Racing,-0.1771798616213284,-0.4025000000000034
NASCAR_2021_5083_bank_of_america_roval_400,NASCAR,2021,5083_bank_of_america_roval_400,Live Fast Motorsports,1.2436532580232562,2.163499999999999
NASCAR_2021_5083_bank_of_america_roval_400,NASCAR,2021,5083_bank_of_america_roval_400,Motorsports Business Management,1.5854963468999566,3.1365000000000123
NASCAR_2021_5083_bank_of_america_roval_400,NASCAR,2021,5083_bank_of_america_roval_400,Petty Ware Racing,0.974180955886872,1.5789999999999935
NASCAR_2021_5083_bank_of_america_roval_400,NASCAR,2021,5083_bank_of_america_roval_400,Richard Childress Racing,-0.3886879450501237,-0.7637499999999946
NASCAR_2021_5083_bank_of_america_roval_400,NASCAR,2021,5083_bank_of_america_roval_400,Richard Petty Motorsports,-0.0355068175512712,-0.09649999999999181
NASCAR_2021_5083_bank_of_america_roval_400,NASCAR,2021,5083_bank_of_america_roval_400,Rick Ware Racing,0.6240762656583703,1.2562500000000014
NASCAR_2021_5083_bank_of_america_roval_400,NASCAR,2021,5083_bank_of_america_roval_400,Roush Fenway Racing,-0.24155072014776388,-0.48799999999999955
NASCAR_2021_5083_bank_of_america_roval_400,NASCAR,2021,5083_bank_of_america_roval_400,Spire Motorsports,0.13591904212908257,0.2820000000000107
NASCAR_2021_5083_bank_of_america_roval_400,NASCAR,2021,5083_bank_of_america_roval_400,StarCom Racing,1.2579071206210077,2.3970000000000056
NASCAR_2021_5083_bank_of_america_roval_400,NASCAR,2021,5083_bank_of_america_roval_400,Stewart-Haas Racing,-0.016420051716839145,-0.03774999999999551
NASCAR_2021_5083_bank_of_america_roval_400,NASCAR,2021,5083_bank_of_america_roval_400,Team Penske,-0.20292800873494787,-0.4002499999999998
NASCAR_2021_5083_bank_of_america_roval_400,NASCAR,2021,5083_bank_of_america_roval_400,TrackHouse Racing,-0.0351621081957644,-0.1495000000000033
NASCAR_2021_5083_bank_of_america_roval_400,NASCAR,2021,5083_bank_of_america_roval_400,Wood Brothers Racing,-0.11999941666233419,-0.19950000000000045
NASCAR_2021_5084_hollywood_casino_400,NASCAR,2021,5084_hollywood_casino_400,23XI Racing,-0.1954467325134335,-0.15200000000000458
NASCAR_2021_5084_hollywood_casino_400,NASCAR,2021,5084_hollywood_casino_400,Chip Ganassi Racing,-0.3543289960805127,-0.2869999999999955
NASCAR_2021_5084_hollywood_casino_400,NASCAR,2021,5084_hollywood_casino_400,Front Row Motorsports,0.20365761546781358,0.18799999999999883
NASCAR_2021_5084_hollywood_casino_400,NASCAR,2021,5084_hollywood_casino_400,Gaunt Brothers Racing,0.06215751590341567,0.05100000000000193
NASCAR_2021_5084_hollywood_casino_400,NASCAR,2021,5084_hollywood_casino_400,Hendrick Motorsports,-0.5467893498553662,-0.44725000000000037
NASCAR_2021_5084_hollywood_casino_400,NASCAR,2021,5084_hollywood_casino_400,JTG Daugherty Racing,0.2122806917306873,0.16724999999999923
NASCAR_2021_5084_hollywood_casino_400,NASCAR,2021,5084_hollywood_casino_400,Joe Gibbs Racing,-0.3439424496175266,-0.26900000000000013
NASCAR_2021_5084_hollywood_casino_400,NASCAR,2021,5084_hollywood_casino_400,Live Fast Motorsports,1.339036994744557,1.0199999999999978
NASCAR_2021_5084_hollywood_casino_400,NASCAR,2021,5084_hollywood_casino_400,Motorsports Business Management,2.050569167100475,1.6199999999999974
NASCAR_2021_5084_hollywood_casino_400,NASCAR,2021,5084_hollywood_casino_400,Petty Ware Racing,1.3553862971502781,1.0697500000000026
NASCAR_2021_5084_hollywood_casino_400,NASCAR,2021,5084_hollywood_casino_400,Richard Childress Racing,-0.25784554110425983,-0.20149999999999935
NASCAR_2021_5084_hollywood_casino_400,NASCAR,2021,5084_hollywood_casino_400,Richard Petty Motorsports,0.06105721816798982,0.059499999999999886
NASCAR_2021_5084_hollywood_casino_400,NASCAR,2021,5084_hollywood_casino_400,Rick Ware Racing,2.011586788145066,1.5589999999999993
NASCAR_2021_5084_hollywood_casino_400,NASCAR,2021,5084_hollywood_casino_400,Roush Fenway Racing,0,0
NASCAR_2021_5084_hollywood_casino_400,NASCAR,2021,5084_hollywood_casino_400,Spire Motorsports,0.37654573280155446,0.29025000000000034
NASCAR_2021_5084_hollywood_casino_400,NASCAR,2021,5084_hollywood_casino_400,StarCom Racing,2.3791757806562104,1.883499999999998
NASCAR_2021_5084_hollywood_casino_400,NASCAR,2021,5084_hollywood_casino_400,Stewart-Haas Racing,-0.01410068439705299,-0.010000000000001563
NASCAR_2021_5084_hollywood_casino_400,NASCAR,2021,5084_hollywood_casino_400,Team Penske,-0.22251405682387368,-0.19150000000000134
NASCAR_2021_5084_hollywood_casino_400,NASCAR,2021,5084_hollywood_casino_400,TrackHouse Racing,0.09323898656707655,0.10699999999999932
NASCAR_2021_5084_hollywood_casino_400,NASCAR,2021,5084_hollywood_casino_400,Wood Brothers Racing,0.11597303356222227,0.10499999999999865
NASCAR_2021_5087_nascar_cup_series_championship,NASCAR,2021,5087_nascar_cup_series_championship,23XI Racing,-0.01986665937672109,-0.0070000000000014495
NASCAR_2021_5087_nascar_cup_series_championship,NASCAR,2021,5087_nascar_cup_series_championship,Chip Ganassi Racing,-0.06904008468738511,-0.04875000000000007
NASCAR_2021_5087_nascar_cup_series_championship,NASCAR,2021,5087_nascar_cup_series_championship,Front Row Motorsports,0.38795197793628594,0.23199999999999932
NASCAR_2021_5087_nascar_cup_series_championship,NASCAR,2021,5087_nascar_cup_series_championship,Hendrick Motorsports,-0.2858455221495886,-0.1880000000000006
NASCAR_2021_5087_nascar_cup_series_championship,NASCAR,2021,5087_nascar_cup_series_championship,JTG Daugherty Racing,0.18933841294844656,0.11050000000000004
NASCAR_2021_5087_nascar_cup_series_championship,NASCAR,2021,5087_nascar_cup_series_championship,Joe Gibbs Racing,-0.4082924550229847,-0.25675000000000026
NASCAR_2021_5087_nascar_cup_series_championship,NASCAR,2021,5087_nascar_cup_series_championship,Live Fast Motorsports,0.7063574687822997,0.43100000000000094
NASCAR_2021_5087_nascar_cup_series_championship,NASCAR,2021,5087_nascar_cup_series_championship,Motorsports Business Management,1.689225017365229,1.0040000000000013
NASCAR_2021_5087_nascar_cup_series_championship,NASCAR,2021,5087_nascar_cup_series_championship,Petty Ware Racing,1.1181833350723596,0.6847499999999993
NASCAR_2021_5087_nascar_cup_series_championship,NASCAR,2021,5087_nascar_cup_series_championship,Richard Childress Racing,0.027585839767828906,0.01899999999999835
NASCAR_2021_5087_nascar_cup_series_championship,NASCAR,2021,5087_nascar_cup_series_championship,Richard Petty Motorsports,0,0
NASCAR_2021_5087_nascar_cup_series_championship,NASCAR,2021,5087_nascar_cup_series_championship,Rick Ware Racing,2.0996345525387037,1.256499999999999
NASCAR_2021_5087_nascar_cup_series_championship,NASCAR,2021,5087_nascar_cup_series_championship,Roush Fenway Racing,0.28025914855813705,0.1680000000000028
NASCAR_2021_5087_nascar_cup_series_championship,NASCAR,2021,5087_nascar_cup_series_championship,Spire Motorsports,0.5401405988891035,0.3114999999999988
NASCAR_2021_5087_nascar_cup_series_championship,NASCAR,2021,5087_nascar_cup_series_championship,StarCom Racing,1.9564117490044703,1.1129999999999995
NASCAR_2021_5087_nascar_cup_series_championship,NASCAR,2021,5087_nascar_cup_series_championship,Stewart-Haas Racing,-0.2944368747917172,-0.19899999999999807
NASCAR_2021_5087_nascar_cup_series_championship,NASCAR,2021,5087_nascar_cup_series_championship,Team Penske,-0.26711636115915105,-0.16474999999999973
NASCAR_2021_5087_nascar_cup_series_championship,NASCAR,2021,5087_nascar_cup_series_championship,TrackHouse Racing,0.07774936831378197,0.05699999999999861
NASCAR_2021_5087_nascar_cup_series_championship,NASCAR,2021,5087_nascar_cup_series_championship,Wood Brothers Racing,-0.25582517685935346,-0.17599999999999838
NASCAR_2022_5143_busch_light_clash_at_the_coliseum,NASCAR,2022,5143_busch_light_clash_at_the_coliseum,23XI Racing,1.0323125023415605,0.20700000000000074
NASCAR_2022_5143_busch_light_clash_at_the_coliseum,NASCAR,2022,5143_busch_light_clash_at_the_coliseum,Front Row Motorsports,0.6266272827084084,0.11800000000000033
NASCAR_2022_5143_busch_light_clash_at_the_coliseum,NASCAR,2022,5143_busch_light_clash_at_the_coliseum,Hendrick Motorsports,-0.20486663003667585,-0.03599999999999959
NASCAR_2022_5143_busch_light_clash_at_the_coliseum,NASCAR,2022,5143_busch_light_clash_at_the_coliseum,JTG Daugherty Racing,0.7157403033435181,0.12199999999999989
NASCAR_2022_5143_busch_light_clash_at_the_coliseum,NASCAR,2022,5143_busch_light_clash_at_the_coliseum,Joe Gibbs Racing,0,0
NASCAR_2022_5143_busch_light_clash_at_the_coliseum,NASCAR,2022,5143_busch_light_clash_at_the_coliseum,Kaulig Racing,-0.128826356082464,-0.027500000000000746
NASCAR_2022_5143_busch_light_clash_at_the_coliseum,NASCAR,2022,5143_busch_light_clash_at_the_coliseum,Petty GMS Motorsports,-0.14983601585855455,-0.03199999999999914
NASCAR_2022_5143_busch_light_clash_at_the_coliseum,NASCAR,2022,5143_busch_light_clash_at_the_coliseum,Richard Childress Racing,-0.23093287993802494,-0.050499999999999545
NASCAR_2022_5143_busch_light_clash_at_the_coliseum,NASCAR,2022,5143_busch_light_clash_at_the_coliseum,Rick Ware Racing,0.399688837807063,0.10899999999999999
NASCAR_2022_5143_busch_light_clash_at_the_coliseum,NASCAR,2022,5143_busch_light_clash_at_the_coliseum,Stewart-Haas Racing,-0.023240012057985846,-0.005000000000000782
NASCAR_2022_5143_busch_light_clash_at_the_coliseum,NASCAR,2022,5143_busch_light_clash_at_the_coliseum,Team Penske,-0.29973025001094816,-0.05799999999999983
NASCAR_2022_5143_busch_light_clash_at_the_coliseum,NASCAR,2022,5143_busch_light_clash_at_the_coliseum,TrackHouse Racing,0.3324356160138748,0.0710000000000015
NASCAR_2022_5143_busch_light_clash_at_the_coliseum,NASCAR,2022,5143_busch_light_clash_at_the_coliseum,Wood Brothers Racing,0.3284708746060112,0.062249999999998806
NASCAR_2022_5144_bluegreen_vacations_duel_1_at_daytona,NASCAR,2022,5144_bluegreen_vacations_duel_1_at_daytona,23XI Racing,-0.16947335734014968,-0.07025000000000148
NASCAR_2022_5144_bluegreen_vacations_duel_1_at_daytona,NASCAR,2022,5144_bluegreen_vacations_duel_1_at_daytona,Beard Motorsports,2.2095273548270433,1.8719999999999999
NASCAR_2022_5144_bluegreen_vacations_duel_1_at_daytona,NASCAR,2022,5144_bluegreen_vacations_duel_1_at_daytona,Front Row Motorsports,0.3938796292460915,0.272000000000002
NASCAR_2022_5144_bluegreen_vacations_duel_1_at_daytona,NASCAR,2022,5144_bluegreen_vacations_duel_1_at_daytona,Hendrick Motorsports,-0.05108421831492271,-0.03100000000000236
NASCAR_2022_5144_bluegreen_vacations_duel_1_at_daytona,NASCAR,2022,5144_bluegreen_vacations_duel_1_at_daytona,Kaulig Racing,0.7279072943368621,0.4410000000000025
NASCAR_2022_5144_bluegreen_vacations_duel_1_at_daytona,NASCAR,2022,5144_bluegreen_vacations_duel_1_at_daytona,Live Fast Motorsports,1.4695046753248735,1.067499999999999
NASCAR_2022_5144_bluegreen_vacations_duel_1_at_daytona,NASCAR,2022,5144_bluegreen_vacations_duel_1_at_daytona,Motorsports Business Management,1.4873480793375913,1.0692500000000003
NASCAR_2022_5144_bluegreen_vacations_duel_1_at_daytona,NASCAR,2022,5144_bluegreen_vacations_duel_1_at_daytona,Petty GMS Motorsports,-0.2718074653866469,-0.15700000000000003
NASCAR_2022_5144_bluegreen_vacations_duel_1_at_daytona,NASCAR,2022,5144_bluegreen_vacations_duel_1_at_daytona,Richard Childress Racing,-0.15897451619197853,-0.067499999999999
NASCAR_2022_5144_bluegreen_vacations_duel_1_at_daytona,NASCAR,2022,5144_bluegreen_vacations_duel_1_at_daytona,Roush Fenway Keselowski Racing,-0.12083321311765421,-0.05450000000000088
NASCAR_2022_5144_bluegreen_vacations_duel_1_at_daytona,NASCAR,2022,5144_bluegreen_vacations_duel_1_at_daytona,Spire Motorsports,0.6065204162567421,0.3509999999999991
NASCAR_2022_5144_bluegreen_vacations_duel_1_at_daytona,NASCAR,2022,5144_bluegreen_vacations_duel_1_at_daytona,Stewart-Haas Racing,-0.08273146895409655,-0.030999999999998806
NASCAR_2022_5144_bluegreen_vacations_duel_1_at_daytona,NASCAR,2022,5144_bluegreen_vacations_duel_1_at_daytona,TMT Racing,0.37632511867115115,0.0905000000000058
NASCAR_2022_5144_bluegreen_vacations_duel_1_at_daytona,NASCAR,2022,5144_bluegreen_vacations_duel_1_at_daytona,Team Penske,-0.10695195189442505,-0.054249999999996135
NASCAR_2022_5144_bluegreen_vacations_duel_1_at_daytona,NASCAR,2022,5144_bluegreen_vacations_duel_1_at_daytona,TrackHouse Racing,0.008084774908754597,0.006000000000000227
NASCAR_2022_5145_bluegreen_vacations_duel_2_at_daytona,NASCAR,2022,5145_bluegreen_vacations_duel_2_at_daytona,23XI Racing,-0.029066002069255553,-0.013249999999999318
NASCAR_2022_5145_bluegreen_vacations_duel_2_at_daytona,NASCAR,2022,5145_bluegreen_vacations_duel_2_at_daytona,Front Row Motorsports,-0.4356708243187481,-0.331749999999996
NASCAR_2022_5145_bluegreen_vacations_duel_2_at_daytona,NASCAR,2022,5145_bluegreen_vacations_duel_2_at_daytona,Hendrick Motorsports,0.2395641824220111,0.19199999999999662
NASCAR_2022_5145_bluegreen_vacations_duel_2_at_daytona,NASCAR,2022,5145_bluegreen_vacations_duel_2_at_daytona,JTG Daugherty Racing,-0.03262855995936266,-0.011000000000002785
NASCAR_2022_5145_bluegreen_vacations_duel_2_at_daytona,NASCAR,2022,5145_bluegreen_vacations_duel_2_at_daytona,Joe Gibbs Racing,-0.017134900474870426,-0.006999999999997897
NASCAR_2022_5145_bluegreen_vacations_duel_2_at_daytona,NASCAR,2022,5145_bluegreen_vacations_duel_2_at_daytona,Motorsports Business Management,2.355855590654643,2.5319999999999965
NASCAR_2022_5145_bluegreen_vacations_duel_2_at_daytona,NASCAR,2022,5145_bluegreen_vacations_duel_2_at_daytona,NY Racing Team,0.027333679617253782,0.026749999999996277
NASCAR_2022_5145_bluegreen_vacations_duel_2_at_daytona,NASCAR,2022,5145_bluegreen_vacations_duel_2_at_daytona,Petty GMS Motorsports,0.20902119821498003,0.07075000000000031
NASCAR_2022_5145_bluegreen_vacations_duel_2_at_daytona,NASCAR,2022,5145_bluegreen_vacations_duel_2_at_daytona,Richard Childress Racing,0.2604074650949022,0.06899999999999551
NASCAR_2022_5145_bluegreen_vacations_duel_2_at_daytona,NASCAR,2022,5145_bluegreen_vacations_duel_2_at_daytona,Rick Ware Racing,0.1585077035848449,0.060249999999999915
NASCAR_2022_5145_bluegreen_vacations_duel_2_at_daytona,NASCAR,2022,5145_bluegreen_vacations_duel_2_at_daytona,Roush Fenway Keselowski Racing,-0.5070425875033043,-0.30849999999999866
NASCAR_2022_5145_bluegreen_vacations_duel_2_at_daytona,NASCAR,2022,5145_bluegreen_vacations_duel_2_at_daytona,Spire Motorsports,0.31134824064231487,0.16500000000000625
NASCAR_2022_5145_bluegreen_vacations_duel_2_at_daytona,NASCAR,2022,5145_bluegreen_vacations_duel_2_at_daytona,Stewart-Haas Racing,0.47038139071734414,0.4480000000000004
NASCAR_2022_5145_bluegreen_vacations_duel_2_at_daytona,NASCAR,2022,5145_bluegreen_vacations_duel_2_at_daytona,Team Hezeberg,1.7758246334423147,2.3874999999999993
NASCAR_2022_5145_bluegreen_vacations_duel_2_at_daytona,NASCAR,2022,5145_bluegreen_vacations_duel_2_at_daytona,Team Penske,-0.41981124691893007,-0.24399999999999977
NASCAR_2022_5145_bluegreen_vacations_duel_2_at_daytona,NASCAR,2022,5145_bluegreen_vacations_duel_2_at_daytona,Wood Brothers Racing,-0.3859696119270511,-0.2364999999999995
NASCAR_2022_5146_daytona_500,NASCAR,2022,5146_daytona_500,23XI Racing,-0.04665863238500561,-0.01950000000000074
NASCAR_2022_5146_daytona_500,NASCAR,2022,5146_daytona_500,Beard Motorsports,-0.0014145498316978972,-4.99999999995282e-4
NASCAR_2022_5146_daytona_500,NASCAR,2022,5146_daytona_500,Front Row Motorsports,-0.022757701929090796,-0.009250000000001535
NASCAR_2022_5146_daytona_500,NASCAR,2022,5146_daytona_500,Hendrick Motorsports,-0.008408097170708404,-0.0030000000000001137
NASCAR_2022_5146_daytona_500,NASCAR,2022,5146_daytona_500,JTG Daugherty Racing,-0.05932355039088595,-0.015499999999999403
NASCAR_2022_5146_daytona_500,NASCAR,2022,5146_daytona_500,Joe Gibbs Racing,-0.03726402590645778,-0.014499999999998181
NASCAR_2022_5146_daytona_500,NASCAR,2022,5146_daytona_500,Kaulig Racing,0.2624197692542015,0.1147500000000008
NASCAR_2022_5146_daytona_500,NASCAR,2022,5146_daytona_500,Live Fast Motorsports,0.45596747220998896,0.18799999999999883
NASCAR_2022_5146_daytona_500,NASCAR,2022,5146_daytona_500,NY Racing Team,0.46742690841066337,0.13299999999999912
NASCAR_2022_5146_daytona_500,NASCAR,2022,5146_daytona_500,Petty GMS Motorsports,-0.01822069546199507,-0.010999999999999233
NASCAR_2022_5146_daytona_500,NASCAR,2022,5146_daytona_500,Richard Childress Racing,0.055671651559944205,0.022500000000000853
NASCAR_2022_5146_daytona_500,NASCAR,2022,5146_daytona_500,Rick Ware Racing,0.06419054810619111,0.03499999999999659
NASCAR_2022_5146_daytona_500,NASCAR,2022,5146_daytona_500,Roush Fenway Keselowski Racing,-0.005937334590803688,-0.0010000000000047748
NASCAR_2022_5146_daytona_500,NASCAR,2022,5146_daytona_500,Spire Motorsports,0.26819731583833445,0.08949999999999747
NASCAR_2022_5146_daytona_500,NASCAR,2022,5146_daytona_500,Stewart-Haas Racing,0.003755470646085752,0.0020000000000024443
NASCAR_2022_5146_daytona_500,NASCAR,2022,5146_daytona_500,TMT Racing,0.7583236342901596,0.23700000000000188
NASCAR_2022_5146_daytona_500,NASCAR,2022,5146_daytona_500,Team Hezeberg,0.31082786496955117,0.08399999999999963
NASCAR_2022_5146_daytona_500,NASCAR,2022,5146_daytona_500,Team Penske,-0.02493176421101032,-0.008500000000001506
NASCAR_2022_5146_daytona_500,NASCAR,2022,5146_daytona_500,TrackHouse Racing,0.028760715759158832,0.009000000000000341
NASCAR_2022_5146_daytona_500,NASCAR,2022,5146_daytona_500,Wood Brothers Racing,0.0034613192469667435,4.99999999995282e-4
NASCAR_2022_5147_wise_power_400,NASCAR,2022,5147_wise_power_400,23XI Racing,0.27057954917414145,0.2745000000000033
NASCAR_2022_5147_wise_power_400,NASCAR,2022,5147_wise_power_400,Front Row Motorsports,0.2564282051275826,0.31799999999999784
NASCAR_2022_5147_wise_power_400,NASCAR,2022,5147_wise_power_400,Hendrick Motorsports,-0.3706182141917713,-0.4089999999999989
NASCAR_2022_5147_wise_power_400,NASCAR,2022,5147_wise_power_400,JTG Daugherty Racing,-0.21562919017424434,-0.2377500000000019
NASCAR_2022_5147_wise_power_400,NASCAR,2022,5147_wise_power_400,Joe Gibbs Racing,-0.1414179285940717,-0.18400000000000105
NASCAR_2022_5147_wise_power_400,NASCAR,2022,5147_wise_power_400,Kaulig Racing,0.12602939712784356,0.15000000000000213
NASCAR_2022_5147_wise_power_400,NASCAR,2022,5147_wise_power_400,Live Fast Motorsports,1.770764557238254,1.5229999999999961
NASCAR_2022_5147_wise_power_400,NASCAR,2022,5147_wise_power_400,Petty GMS Motorsports,0.01829273223318035,0.020750000000003155
NASCAR_2022_5147_wise_power_400,NASCAR,2022,5147_wise_power_400,Richard Childress Racing,-0.22224584214408072,-0.31400000000000006
NASCAR_2022_5147_wise_power_400,NASCAR,2022,5147_wise_power_400,Rick Ware Racing,1.5157429263105566,1.2977500000000006
NASCAR_2022_5147_wise_power_400,NASCAR,2022,5147_wise_power_400,Roush Fenway Keselowski Racing,-0.05617417554112334,-0.050499999999999545
NASCAR_2022_5147_wise_power_400,NASCAR,2022,5147_wise_power_400,Spire Motorsports,0.6563705983233887,0.7075000000000031
NASCAR_2022_5147_wise_power_400,NASCAR,2022,5147_wise_power_400,Stewart-Haas Racing,0,0
NASCAR_2022_5147_wise_power_400,NASCAR,2022,5147_wise_power_400,Team Penske,-0.41567126206180033,-0.4299999999999997
NASCAR_2022_5147_wise_power_400,NASCAR,2022,5147_wise_power_400,TrackHouse Racing,0.012978267423751931,0.017250000000000654
NASCAR_2022_5147_wise_power_400,NASCAR,2022,5147_wise_power_400,Wood Brothers Racing,0.2483072578873542,0.25500000000000256
NASCAR_2022_5148_pennzoil_400,NASCAR,2022,5148_pennzoil_400,23XI Racing,-0.020927062739417076,-0.013500000000000512
NASCAR_2022_5148_pennzoil_400,NASCAR,2022,5148_pennzoil_400,Front Row Motorsports,0.2378683117342834,0.15749999999999886
NASCAR_2022_5148_pennzoil_400,NASCAR,2022,5148_pennzoil_400,Hendrick Motorsports,-0.5233441871556349,-0.3500000000000014
NASCAR_2022_5148_pennzoil_400,NASCAR,2022,5148_pennzoil_400,JTG Daugherty Racing,-0.11328755953599233,-0.0779999999999994
NASCAR_2022_5148_pennzoil_400,NASCAR,2022,5148_pennzoil_400,Joe Gibbs Racing,-0.5768962187662646,-0.3739999999999988
NASCAR_2022_5148_pennzoil_400,NASCAR,2022,5148_pennzoil_400,Kaulig Racing,0.3487260560061319,0.21799999999999997
NASCAR_2022_5148_pennzoil_400,NASCAR,2022,5148_pennzoil_400,Live Fast Motorsports,1.6874113562513382,0.9194999999999993
NASCAR_2022_5148_pennzoil_400,NASCAR,2022,5148_pennzoil_400,NY Racing Team,0.8968610593957074,0.503499999999999
NASCAR_2022_5148_pennzoil_400,NASCAR,2022,5148_pennzoil_400,Petty GMS Motorsports,0.10781295725322572,0.08499999999999375
NASCAR_2022_5148_pennzoil_400,NASCAR,2022,5148_pennzoil_400,Richard Childress Racing,-0.007944424036746832,-0.006249999999999645
NASCAR_2022_5148_pennzoil_400,NASCAR,2022,5148_pennzoil_400,Rick Ware Racing,1.0146092056225604,0.5975000000000019
NASCAR_2022_5148_pennzoil_400,NASCAR,2022,5148_pennzoil_400,Roush Fenway Keselowski Racing,0.13563477923336453,0.0870000000000033
NASCAR_2022_5148_pennzoil_400,NASCAR,2022,5148_pennzoil_400,Spire Motorsports,0.5951218893731975,0.4270000000000014
NASCAR_2022_5148_pennzoil_400,NASCAR,2022,5148_pennzoil_400,Stewart-Haas Racing,-0.013764137095127842,-0.00999999999999801
NASCAR_2022_5148_pennzoil_400,NASCAR,2022,5148_pennzoil_400,Team Penske,-0.10787174435381347,-0.08675000000000033
NASCAR_2022_5148_pennzoil_400,NASCAR,2022,5148_pennzoil_400,TrackHouse Racing,-0.5282943256119615,-0.32474999999999987
NASCAR_2022_5148_pennzoil_400,NASCAR,2022,5148_pennzoil_400,Wood Brothers Racing,0.17258321842462954,0.120000000000001
NASCAR_2022_5149_ruoff_mortgage_500,NASCAR,2022,5149_ruoff_mortgage_500,23XI Racing,0.005134651183059931,0.0030000000000001137
NASCAR_2022_5149_ruoff_mortgage_500,NASCAR,2022,5149_ruoff_mortgage_500,Front Row Motorsports,0.3922679818449486,0.181499999999998
NASCAR_2022_5149_ruoff_mortgage_500,NASCAR,2022,5149_ruoff_mortgage_500,Hendrick Motorsports,-0.5194543215055297,-0.24749999999999517
NASCAR_2022_5149_ruoff_mortgage_500,NASCAR,2022,5149_ruoff_mortgage_500,JTG Daugherty Racing,0.4449407290325812,0.19999999999998863
NASCAR_2022_5149_ruoff_mortgage_500,NASCAR,2022,5149_ruoff_mortgage_500,Joe Gibbs Racing,-0.07306500513677058,-0.038000000000000256
NASCAR_2022_5149_ruoff_mortgage_500,NASCAR,2022,5149_ruoff_mortgage_500,Kaulig Racing,0.40543367714588374,0.18375000000000163
NASCAR_2022_5149_ruoff_mortgage_500,NASCAR,2022,5149_ruoff_mortgage_500,Live Fast Motorsports,2.697767811502248,1.123000000000001
NASCAR_2022_5149_ruoff_mortgage_500,NASCAR,2022,5149_ruoff_mortgage_500,Petty GMS Motorsports,0.10597371125751646,0.05100000000000193
NASCAR_2022_5149_ruoff_mortgage_500,NASCAR,2022,5149_ruoff_mortgage_500,Richard Childress Racing,-0.4676867461205995,-0.23000000000000043
NASCAR_2022_5149_ruoff_mortgage_500,NASCAR,2022,5149_ruoff_mortgage_500,Rick Ware Racing,1.9216443716294849,0.7560000000000002
NASCAR_2022_5149_ruoff_mortgage_500,NASCAR,2022,5149_ruoff_mortgage_500,Roush Fenway Keselowski Racing,0.21968228612248222,0.11050000000000004
NASCAR_2022_5149_ruoff_mortgage_500,NASCAR,2022,5149_ruoff_mortgage_500,Spire Motorsports,1.3117307454990843,0.5545000000000009
NASCAR_2022_5149_ruoff_mortgage_500,NASCAR,2022,5149_ruoff_mortgage_500,Stewart-Haas Racing,-0.2396230329466209,-0.13424999999999976
NASCAR_2022_5149_ruoff_mortgage_500,NASCAR,2022,5149_ruoff_mortgage_500,Team Penske,-0.2996824592724417,-0.1720000000000006
NASCAR_2022_5149_ruoff_mortgage_500,NASCAR,2022,5149_ruoff_mortgage_500,TrackHouse Racing,-0.20274385688168511,-0.10600000000000165
NASCAR_2022_5149_ruoff_mortgage_500,NASCAR,2022,5149_ruoff_mortgage_500,Wood Brothers Racing,0.5659054756422505,0.25049999999999883
NASCAR_2022_5150_folds_of_honor_quiktrip_500,NASCAR,2022,5150_folds_of_honor_quiktrip_500,23XI Racing,-0.02022553158727266,-0.004999999999999005
NASCAR_2022_5150_folds_of_honor_quiktrip_500,NASCAR,2022,5150_folds_of_honor_quiktrip_500,Front Row Motorsports,0.3326719688460087,0.07349999999999923
NASCAR_2022_5150_folds_of_honor_quiktrip_500,NASCAR,2022,5150_folds_of_honor_quiktrip_500,Hendrick Motorsports,-0.0545798427298406,-0.014499999999999957
NASCAR_2022_5150_folds_of_honor_quiktrip_500,NASCAR,2022,5150_folds_of_honor_quiktrip_500,JTG Daugherty Racing,-0.1120662369589081,-0.023499999999998522
NASCAR_2022_5150_folds_of_honor_quiktrip_500,NASCAR,2022,5150_folds_of_honor_quiktrip_500,Joe Gibbs Racing,-0.04337858331530163,-0.014499999999998181
NASCAR_2022_5150_folds_of_honor_quiktrip_500,NASCAR,2022,5150_folds_of_honor_quiktrip_500,Kaulig Racing,-0.02800791245219534,-0.006000000000000227
NASCAR_2022_5150_folds_of_honor_quiktrip_500,NASCAR,2022,5150_folds_of_honor_quiktrip_500,Live Fast Motorsports,0.35307615673225584,0.07949999999999946
NASCAR_2022_5150_folds_of_honor_quiktrip_500,NASCAR,2022,5150_folds_of_honor_quiktrip_500,NY Racing Team,0.359668760548315,0.09649999999999892
NASCAR_2022_5150_folds_of_honor_quiktrip_500,NASCAR,2022,5150_folds_of_honor_quiktrip_500,Petty GMS Motorsports,-0.022713733981104312,-0.006999999999997897
NASCAR_2022_5150_folds_of_honor_quiktrip_500,NASCAR,2022,5150_folds_of_honor_quiktrip_500,Richard Childress Racing,-0.05723805655019159,-0.012999999999998124
NASCAR_2022_5150_folds_of_honor_quiktrip_500,NASCAR,2022,5150_folds_of_honor_quiktrip_500,Rick Ware Racing,0.5303184955027986,0.15500000000000114
NASCAR_2022_5150_folds_of_honor_quiktrip_500,NASCAR,2022,5150_folds_of_honor_quiktrip_500,Roush Fenway Keselowski Racing,0.011903690185141619,0.003999999999997783
NASCAR_2022_5150_folds_of_honor_quiktrip_500,NASCAR,2022,5150_folds_of_honor_quiktrip_500,Spire Motorsports,0.0258015891168596,0.012000000000000455
NASCAR_2022_5150_folds_of_honor_quiktrip_500,NASCAR,2022,5150_folds_of_honor_quiktrip_500,Stewart-Haas Racing,0,0
NASCAR_2022_5150_folds_of_honor_quiktrip_500,NASCAR,2022,5150_folds_of_honor_quiktrip_500,Team Penske,-0.026671347035591906,-0.0070000000000014495
NASCAR_2022_5150_folds_of_honor_quiktrip_500,NASCAR,2022,5150_folds_of_honor_quiktrip_500,TrackHouse Racing,-0.03440007211056441,-0.008499999999997954
NASCAR_2022_5150_folds_of_honor_quiktrip_500,NASCAR,2022,5150_folds_of_honor_quiktrip_500,Wood Brothers Racing,0.6111636122294645,0.1739999999999995
NASCAR_2022_5151_echopark_automotive_grand_prix,NASCAR,2022,5151_echopark_automotive_grand_prix,23XI Racing,0.17874398551896792,0.30299999999999727
NASCAR_2022_5151_echopark_automotive_grand_prix,NASCAR,2022,5151_echopark_automotive_grand_prix,Front Row Motorsports,0.1065572660557246,0.3200000000000216
NASCAR_2022_5151_echopark_automotive_grand_prix,NASCAR,2022,5151_echopark_automotive_grand_prix,Hendrick Motorsports,-0.24950321487178823,-0.7220000000000084
NASCAR_2022_5151_echopark_automotive_grand_prix,NASCAR,2022,5151_echopark_automotive_grand_prix,JTG Daugherty Racing,0.3326792665795466,0.6280000000000001
NASCAR_2022_5151_echopark_automotive_grand_prix,NASCAR,2022,5151_echopark_automotive_grand_prix,Joe Gibbs Racing,-0.18527334993455602,-0.46699999999999875
NASCAR_2022_5151_echopark_automotive_grand_prix,NASCAR,2022,5151_echopark_automotive_grand_prix,Kaulig Racing,-0.23242694921516271,-0.6970000000000027
NASCAR_2022_5151_echopark_automotive_grand_prix,NASCAR,2022,5151_echopark_automotive_grand_prix,Live Fast Motorsports,0.846863566996428,1.700249999999997
NASCAR_2022_5151_echopark_automotive_grand_prix,NASCAR,2022,5151_echopark_automotive_grand_prix,Motorsports Business Management,1.2148771074569105,3.4194999999999993
NASCAR_2022_5151_echopark_automotive_grand_prix,NASCAR,2022,5151_echopark_automotive_grand_prix,Petty GMS Motorsports,0.05046177490865543,0.15499999999997272
NASCAR_2022_5151_echopark_automotive_grand_prix,NASCAR,2022,5151_echopark_automotive_grand_prix,Richard Childress Racing,-0.0368176646648156,-0.18224999999999625
NASCAR_2022_5151_echopark_automotive_grand_prix,NASCAR,2022,5151_echopark_automotive_grand_prix,Rick Ware Racing,0.5070415020238213,1.7192500000000024
NASCAR_2022_5151_echopark_automotive_grand_prix,NASCAR,2022,5151_echopark_automotive_grand_prix,Roush Fenway Keselowski Racing,0.11125334700968696,0.5045000000000073
NASCAR_2022_5151_echopark_automotive_grand_prix,NASCAR,2022,5151_echopark_automotive_grand_prix,Spire Motorsports,0.521164479276124,1.323750000000004
NASCAR_2022_5151_echopark_automotive_grand_prix,NASCAR,2022,5151_echopark_automotive_grand_prix,Stewart-Haas Racing,-0.07903768876172579,-0.2090000000000174
NASCAR_2022_5151_echopark_automotive_grand_prix,NASCAR,2022,5151_echopark_automotive_grand_prix,TMT Racing,0.5911496138607405,1.4399999999999977
NASCAR_2022_5151_echopark_automotive_grand_prix,NASCAR,2022,5151_echopark_automotive_grand_prix,Team Hezeberg,1.2617353142243408,3.546500000000009
NASCAR_2022_5151_echopark_automotive_grand_prix,NASCAR,2022,5151_echopark_automotive_grand_prix,Team Penske,-0.3329177131335831,-0.7349999999999852
NASCAR_2022_5151_echopark_automotive_grand_prix,NASCAR,2022,5151_echopark_automotive_grand_prix,TrackHouse Racing,-0.4555138730540126,-1.1355000000000075
NASCAR_2022_5151_echopark_automotive_grand_prix,NASCAR,2022,5151_echopark_automotive_grand_prix,Wood Brothers Racing,0.1324222996601148,0.20549999999997226
NASCAR_2022_5152_toyota_owners_400,NASCAR,2022,5152_toyota_owners_400,23XI Racing,0.20773203451219122,0.08099999999999952
NASCAR_2022_5152_toyota_owners_400,NASCAR,2022,5152_toyota_owners_400,Front Row Motorsports,0.40239604445972804,0.16400000000000148
NASCAR_2022_5152_toyota_owners_400,NASCAR,2022,5152_toyota_owners_400,Hendrick Motorsports,-0.2140431333534055,-0.1025000000000027
NASCAR_2022_5152_toyota_owners_400,NASCAR,2022,5152_toyota_owners_400,JTG Daugherty Racing,0.2962046008192769,0.12300000000000111
NASCAR_2022_5152_toyota_owners_400,NASCAR,2022,5152_toyota_owners_400,Joe Gibbs Racing,-0.32961016134050625,-0.15149999999999864
NASCAR_2022_5152_toyota_owners_400,NASCAR,2022,5152_toyota_owners_400,Kaulig Racing,0.15107876919592758,0.05799999999999983
NASCAR_2022_5152_toyota_owners_400,NASCAR,2022,5152_toyota_owners_400,Live Fast Motorsports,1.5686393591208048,0.5959999999999965
NASCAR_2022_5152_toyota_owners_400,NASCAR,2022,5152_toyota_owners_400,NY Racing Team,2.1353786739289173,0.6610000000000014
NASCAR_2022_5152_toyota_owners_400,NASCAR,2022,5152_toyota_owners_400,Petty GMS Motorsports,0.0868127937974565,0.03500000000000014
NASCAR_2022_5152_toyota_owners_400,NASCAR,2022,5152_toyota_owners_400,Richard Childress Racing,-0.0716270300026734,-0.041000000000002146
NASCAR_2022_5152_toyota_owners_400,NASCAR,2022,5152_toyota_owners_400,Rick Ware Racing,1.1481197056211743,0.4095000000000013
NASCAR_2022_5152_toyota_owners_400,NASCAR,2022,5152_toyota_owners_400,Roush Fenway Keselowski Racing,-0.18731728102248343,-0.0945000000000018
NASCAR_2022_5152_toyota_owners_400,NASCAR,2022,5152_toyota_owners_400,Spire Motorsports,1.164811256224844,0.43175000000000097
NASCAR_2022_5152_toyota_owners_400,NASCAR,2022,5152_toyota_owners_400,Stewart-Haas Racing,-0.03500681547680355,-0.01699999999999946
NASCAR_2022_5152_toyota_owners_400,NASCAR,2022,5152_toyota_owners_400,Team Penske,-0.1608554801800559,-0.07349999999999923
NASCAR_2022_5152_toyota_owners_400,NASCAR,2022,5152_toyota_owners_400,TrackHouse Racing,-0.05582488298144887,-0.027000000000001023
NASCAR_2022_5152_toyota_owners_400,NASCAR,2022,5152_toyota_owners_400,Wood Brothers Racing,-0.03641925324667436,-0.015750000000000597
NASCAR_2022_5153_blue_emu_maximum_pain_relief_400,NASCAR,2022,5153_blue_emu_maximum_pain_relief_400,23XI Racing,-0.12241355163832378,-0.03599999999999781
NASCAR_2022_5153_blue_emu_maximum_pain_relief_400,NASCAR,2022,5153_blue_emu_maximum_pain_relief_400,Front Row Motorsports,0.25364660762549257,0.06300000000000239
NASCAR_2022_5153_blue_emu_maximum_pain_relief_400,NASCAR,2022,5153_blue_emu_maximum_pain_relief_400,Hendrick Motorsports,-0.2427674606262856,-0.07200000000000273
NASCAR_2022_5153_blue_emu_maximum_pain_relief_400,NASCAR,2022,5153_blue_emu_maximum_pain_relief_400,JTG Daugherty Racing,0.33134360258213835,0.07775000000000176
NASCAR_2022_5153_blue_emu_maximum_pain_relief_400,NASCAR,2022,5153_blue_emu_maximum_pain_relief_400,Joe Gibbs Racing,-0.05178861284471453,-0.013749999999998153
NASCAR_2022_5153_blue_emu_maximum_pain_relief_400,NASCAR,2022,5153_blue_emu_maximum_pain_relief_400,Kaulig Racing,0.32452482699563784,0.07499999999999929
NASCAR_2022_5153_blue_emu_maximum_pain_relief_400,NASCAR,2022,5153_blue_emu_maximum_pain_relief_400,Live Fast Motorsports,2.3403269502107085,0.535499999999999
NASCAR_2022_5153_blue_emu_maximum_pain_relief_400,NASCAR,2022,5153_blue_emu_maximum_pain_relief_400,Petty GMS Motorsports,0.16299206230616084,0.038999999999997925
NASCAR_2022_5153_blue_emu_maximum_pain_relief_400,NASCAR,2022,5153_blue_emu_maximum_pain_relief_400,Richard Childress Racing,-0.15959148185392968,-0.04075000000000095
NASCAR_2022_5153_blue_emu_maximum_pain_relief_400,NASCAR,2022,5153_blue_emu_maximum_pain_relief_400,Rick Ware Racing,1.5363915440988123,0.3487500000000008
NASCAR_2022_5153_blue_emu_maximum_pain_relief_400,NASCAR,2022,5153_blue_emu_maximum_pain_relief_400,Roush Fenway Keselowski Racing,-0.042248652811212435,-0.012000000000000455
NASCAR_2022_5153_blue_emu_maximum_pain_relief_400,NASCAR,2022,5153_blue_emu_maximum_pain_relief_400,Spire Motorsports,1.5759125066061896,0.3637499999999996
NASCAR_2022_5153_blue_emu_maximum_pain_relief_400,NASCAR,2022,5153_blue_emu_maximum_pain_relief_400,Stewart-Haas Racing,-0.159316841298404,-0.04499999999999815
NASCAR_2022_5153_blue_emu_maximum_pain_relief_400,NASCAR,2022,5153_blue_emu_maximum_pain_relief_400,Team Penske,-0.34808108903050033,-0.09250000000000114
NASCAR_2022_5153_blue_emu_maximum_pain_relief_400,NASCAR,2022,5153_blue_emu_maximum_pain_relief_400,TrackHouse Racing,-0.004593063365401537,-0.0015000000000000568
NASCAR_2022_5153_blue_emu_maximum_pain_relief_400,NASCAR,2022,5153_blue_emu_maximum_pain_relief_400,Wood Brothers Racing,0.23967925381712107,0.05700000000000216
NASCAR_2022_5154_food_city_dirt_race,NASCAR,2022,5154_food_city_dirt_race,23XI Racing,0.012723042004042902,0.0032500000000013074
NASCAR_2022_5154_food_city_dirt_race,NASCAR,2022,5154_food_city_dirt_race,Front Row Motorsports,0,0
NASCAR_2022_5154_food_city_dirt_race,NASCAR,2022,5154_food_city_dirt_race,Hendrick Motorsports,-0.17457795447257343,-0.05999999999999872
NASCAR_2022_5154_food_city_dirt_race,NASCAR,2022,5154_food_city_dirt_race,JTG Daugherty Racing,-0.06442153953681241,-0.014499999999998181
NASCAR_2022_5154_food_city_dirt_race,NASCAR,2022,5154_food_city_dirt_race,Joe Gibbs Racing,-0.16924631381319014,-0.062000000000001165
NASCAR_2022_5154_food_city_dirt_race,NASCAR,2022,5154_food_city_dirt_race,Kaulig Racing,0.09638988888387903,0.03700000000000081
NASCAR_2022_5154_food_city_dirt_race,NASCAR,2022,5154_food_city_dirt_race,Live Fast Motorsports,0.7984943561340898,0.2234999999999996
NASCAR_2022_5154_food_city_dirt_race,NASCAR,2022,5154_food_city_dirt_race,Petty GMS Motorsports,-0.03812994429069815,-0.019999999999999574
NASCAR_2022_5154_food_city_dirt_race,NASCAR,2022,5154_food_city_dirt_race,Richard Childress Racing,-0.540166383674533,-0.20974999999999966
NASCAR_2022_5154_food_city_dirt_race,NASCAR,2022,5154_food_city_dirt_race,Rick Ware Racing,0.482836816533107,0.15800000000000125
NASCAR_2022_5154_food_city_dirt_race,NASCAR,2022,5154_food_city_dirt_race,Roush Fenway Keselowski Racing,-0.07319041737404176,-0.03199999999999825
NASCAR_2022_5154_food_city_dirt_race,NASCAR,2022,5154_food_city_dirt_race,Spire Motorsports,0.39679512793525135,0.11749999999999794
NASCAR_2022_5154_food_city_dirt_race,NASCAR,2022,5154_food_city_dirt_race,Stewart-Haas Racing,0.1831888075032338,0.05874999999999808
NASCAR_2022_5154_food_city_dirt_race,NASCAR,2022,5154_food_city_dirt_race,Team Penske,-0.12824927551558957,-0.06399999999999828
NASCAR_2022_5154_food_city_dirt_race,NASCAR,2022,5154_food_city_dirt_race,TrackHouse Racing,-0.025927457624801725,-0.007250000000000867
NASCAR_2022_5154_food_city_dirt_race,NASCAR,2022,5154_food_city_dirt_race,Wood Brothers Racing,0.4374176348520661,0.14550000000000018
NASCAR_2022_5155_geico_500,NASCAR,2022,5155_geico_500,23XI Racing,0,0
NASCAR_2022_5155_geico_500,NASCAR,2022,5155_geico_500,Beard Motorsports,0.3691578758715767,0.07199999999999562
NASCAR_2022_5155_geico_500,NASCAR,2022,5155_geico_500,Front Row Motorsports,0.01572428795553308,0.0032499999999977547
NASCAR_2022_5155_geico_500,NASCAR,2022,5155_geico_500,Hendrick Motorsports,-0.005498114983921328,-0.0015000000000000568
NASCAR_2022_5155_geico_500,NASCAR,2022,5155_geico_500,JTG Daugherty Racing,-0.04597968119736456,-0.029249999999997556
NASCAR_2022_5155_geico_500,NASCAR,2022,5155_geico_500,Joe Gibbs Racing,-0.009459627231987382,-0.0020000000000024443
NASCAR_2022_5155_geico_500,NASCAR,2022,5155_geico_500,Kaulig Racing,0.0061176745652411525,0.003999999999997783
NASCAR_2022_5155_geico_500,NASCAR,2022,5155_geico_500,Live Fast Motorsports,0.5104329212418124,0.10699999999999932
NASCAR_2022_5155_geico_500,NASCAR,2022,5155_geico_500,Motorsports Business Management,0.4276532840979692,0.09850000000000136
NASCAR_2022_5155_geico_500,NASCAR,2022,5155_geico_500,NY Racing Team,0.02208749412147156,0.0030000000000001137
NASCAR_2022_5155_geico_500,NASCAR,2022,5155_geico_500,Petty GMS Motorsports,0,0
NASCAR_2022_5155_geico_500,NASCAR,2022,5155_geico_500,Richard Childress Racing,0,0
NASCAR_2022_5155_geico_500,NASCAR,2022,5155_geico_500,Rick Ware Racing,0.20311870021668912,0.04299999999999926
NASCAR_2022_5155_geico_500,NASCAR,2022,5155_geico_500,Roush Fenway Keselowski Racing,0,0
NASCAR_2022_5155_geico_500,NASCAR,2022,5155_geico_500,Spire Motorsports,0.029990771466517522,0.006000000000000227
NASCAR_2022_5155_geico_500,NASCAR,2022,5155_geico_500,Stewart-Haas Racing,-0.020327457117533684,-0.006999999999997897
NASCAR_2022_5155_geico_500,NASCAR,2022,5155_geico_500,Team Penske,-0.0027795276095998614,-2.49999999997641e-4
NASCAR_2022_5155_geico_500,NASCAR,2022,5155_geico_500,TrackHouse Racing,-0.004910916159729945,-0.004249999999998977
NASCAR_2022_5155_geico_500,NASCAR,2022,5155_geico_500,Wood Brothers Racing,-0.02711669636040435,-0.011250000000003979
NASCAR_2022_5156_duramax_drydene_400,NASCAR,2022,5156_duramax_drydene_400,23XI Racing,0.08232117447643557,0.04599999999999227
NASCAR_2022_5156_duramax_drydene_400,NASCAR,2022,5156_duramax_drydene_400,Front Row Motorsports,0.39139017769203543,0.20025000000000048
NASCAR_2022_5156_duramax_drydene_400,NASCAR,2022,5156_duramax_drydene_400,Hendrick Motorsports,-0.318687557872083,-0.17025000000000112
NASCAR_2022_5156_duramax_drydene_400,NASCAR,2022,5156_duramax_drydene_400,JTG Daugherty Racing,-0.27005582004660367,-0.14675000000000082
NASCAR_2022_5156_duramax_drydene_400,NASCAR,2022,5156_duramax_drydene_400,Joe Gibbs Racing,-0.3519224722220682,-0.19400000000000261
NASCAR_2022_5156_duramax_drydene_400,NASCAR,2022,5156_duramax_drydene_400,Kaulig Racing,-0.060097519495467246,-0.03500000000000014
NASCAR_2022_5156_duramax_drydene_400,NASCAR,2022,5156_duramax_drydene_400,Live Fast Motorsports,1.598844111689404,0.7685000000000013
NASCAR_2022_5156_duramax_drydene_400,NASCAR,2022,5156_duramax_drydene_400,Petty GMS Motorsports,0.1646164662447529,0.0962499999999995
NASCAR_2022_5156_duramax_drydene_400,NASCAR,2022,5156_duramax_drydene_400,Richard Childress Racing,0.3525527002394045,0.18299999999999983
NASCAR_2022_5156_duramax_drydene_400,NASCAR,2022,5156_duramax_drydene_400,Rick Ware Racing,0.23085030971627593,0.14399999999999835
NASCAR_2022_5156_duramax_drydene_400,NASCAR,2022,5156_duramax_drydene_400,Roush Fenway Keselowski Racing,-0.10489182254082957,-0.057500000000000995
NASCAR_2022_5156_duramax_drydene_400,NASCAR,2022,5156_duramax_drydene_400,Spire Motorsports,0.3427614050334839,0.19700000000000273
NASCAR_2022_5156_duramax_drydene_400,NASCAR,2022,5156_duramax_drydene_400,Stewart-Haas Racing,0.010285532168719327,0.00575000000000081
NASCAR_2022_5156_duramax_drydene_400,NASCAR,2022,5156_duramax_drydene_400,Team Penske,0.17665645934725183,0.09600000000000009
NASCAR_2022_5156_duramax_drydene_400,NASCAR,2022,5156_duramax_drydene_400,TrackHouse Racing,-0.22737577468243964,-0.1225000000000005
NASCAR_2022_5156_duramax_drydene_400,NASCAR,2022,5156_duramax_drydene_400,Wood Brothers Racing,0.6029674940173189,0.26899999999999835
NASCAR_2022_5157_goodyear_400,NASCAR,2022,5157_goodyear_400,23XI Racing,-0.22341470783730535,-0.13775000000000404
NASCAR_2022_5157_goodyear_400,NASCAR,2022,5157_goodyear_400,Front Row Motorsports,0.22754530076104124,0.13200000000000145
NASCAR_2022_5157_goodyear_400,NASCAR,2022,5157_goodyear_400,Hendrick Motorsports,-0.23078251957241017,-0.12899999999999778
NASCAR_2022_5157_goodyear_400,NASCAR,2022,5157_goodyear_400,JTG Daugherty Racing,0.04209744638899968,0.02499999999999858
NASCAR_2022_5157_goodyear_400,NASCAR,2022,5157_goodyear_400,Joe Gibbs Racing,-0.5219775388591703,-0.25849999999999973
NASCAR_2022_5157_goodyear_400,NASCAR,2022,5157_goodyear_400,Kaulig Racing,0.37626434900936084,0.16799999999999926
NASCAR_2022_5157_goodyear_400,NASCAR,2022,5157_goodyear_400,Live Fast Motorsports,2.0450237308291017,0.7999999999999989
NASCAR_2022_5157_goodyear_400,NASCAR,2022,5157_goodyear_400,Petty GMS Motorsports,-0.039622980605448735,-0.024750000000000938
NASCAR_2022_5157_goodyear_400,NASCAR,2022,5157_goodyear_400,Richard Childress Racing,-0.1513630116500918,-0.08749999999999858
NASCAR_2022_5157_goodyear_400,NASCAR,2022,5157_goodyear_400,Rick Ware Racing,1.1424342342970693,0.5070000000000014
NASCAR_2022_5157_goodyear_400,NASCAR,2022,5157_goodyear_400,Roush Fenway Keselowski Racing,0.3396676002360474,0.16449999999999854
NASCAR_2022_5157_goodyear_400,NASCAR,2022,5157_goodyear_400,Spire Motorsports,0.8241371749681234,0.35975
NASCAR_2022_5157_goodyear_400,NASCAR,2022,5157_goodyear_400,Stewart-Haas Racing,0.023190162747867466,0.0165000000000024
NASCAR_2022_5157_goodyear_400,NASCAR,2022,5157_goodyear_400,Team Penske,-0.33325184861754575,-0.1739999999999995
NASCAR_2022_5157_goodyear_400,NASCAR,2022,5157_goodyear_400,TrackHouse Racing,-0.3774068314081246,-0.20149999999999935
NASCAR_2022_5157_goodyear_400,NASCAR,2022,5157_goodyear_400,Wood Brothers Racing,0.3713660109900591,0.19899999999999807
NASCAR_2022_5158_adventhealth_400,NASCAR,2022,5158_adventhealth_400,23XI Racing,-0.583770975191737,-0.3949999999999978
NASCAR_2022_5158_adventhealth_400,NASCAR,2022,5158_adventhealth_400,Front Row Motorsports,0.2912979025857976,0.21374999999999744
NASCAR_2022_5158_adventhealth_400,NASCAR,2022,5158_adventhealth_400,Hendrick Motorsports,-0.3692590435160271,-0.24799999999999756
NASCAR_2022_5158_adventhealth_400,NASCAR,2022,5158_adventhealth_400,JTG Daugherty Racing,-0.21291579547928893,-0.18549999999999756
NASCAR_2022_5158_adventhealth_400,NASCAR,2022,5158_adventhealth_400,Joe Gibbs Racing,-0.6664031046548513,-0.44725000000000215
NASCAR_2022_5158_adventhealth_400,NASCAR,2022,5158_adventhealth_400,Kaulig Racing,0.26692465077076144,0.16350000000000087
NASCAR_2022_5158_adventhealth_400,NASCAR,2022,5158_adventhealth_400,Live Fast Motorsports,2.458824145002548,1.4572499999999984
NASCAR_2022_5158_adventhealth_400,NASCAR,2022,5158_adventhealth_400,Petty GMS Motorsports,0.281957930856442,0.1880000000000024
NASCAR_2022_5158_adventhealth_400,NASCAR,2022,5158_adventhealth_400,Richard Childress Racing,-0.0184909855970262,-0.012500000000002842
NASCAR_2022_5158_adventhealth_400,NASCAR,2022,5158_adventhealth_400,Rick Ware Racing,1.2319451172936207,0.7505000000000024
NASCAR_2022_5158_adventhealth_400,NASCAR,2022,5158_adventhealth_400,Roush Fenway Keselowski Racing,0.06427962949992684,0.042500000000000426
NASCAR_2022_5158_adventhealth_400,NASCAR,2022,5158_adventhealth_400,Spire Motorsports,0.6498994365210663,0.42150000000000176
NASCAR_2022_5158_adventhealth_400,NASCAR,2022,5158_adventhealth_400,Stewart-Haas Racing,0.2348432981788962,0.1577499999999965
NASCAR_2022_5158_adventhealth_400,NASCAR,2022,5158_adventhealth_400,Team Penske,-0.21871837548646564,-0.16300000000000026
NASCAR_2022_5158_adventhealth_400,NASCAR,2022,5158_adventhealth_400,TrackHouse Racing,-0.4544224390565996,-0.3244999999999969
NASCAR_2022_5158_adventhealth_400,NASCAR,2022,5158_adventhealth_400,Wood Brothers Racing,0.25445979718591866,0.1855000000000011
NASCAR_2022_5159_nascar_all_star_open,NASCAR,2022,5159_nascar_all_star_open,Front Row Motorsports,0.48308876513838905,0.21325000000000038
NASCAR_2022_5159_nascar_all_star_open,NASCAR,2022,5159_nascar_all_star_open,JTG Daugherty Racing,-1.0063077963149043,-0.376000000000003
NASCAR_2022_5159_nascar_all_star_open,NASCAR,2022,5159_nascar_all_star_open,Kaulig Racing,-0.3769362165149005,-0.16525000000000034
NASCAR_2022_5159_nascar_all_star_open,NASCAR,2022,5159_nascar_all_star_open,Live Fast Motorsports,1.3045008647203726,0.5380000000000038
NASCAR_2022_5159_nascar_all_star_open,NASCAR,2022,5159_nascar_all_star_open,Petty GMS Motorsports,-0.03185249870214019,-0.01150000000000162
NASCAR_2022_5159_nascar_all_star_open,NASCAR,2022,5159_nascar_all_star_open,Richard Childress Racing,-0.6057443716259974,-0.23775000000000013
NASCAR_2022_5159_nascar_all_star_open,NASCAR,2022,5159_nascar_all_star_open,Rick Ware Racing,1.2689668749820255,0.4980000000000011
NASCAR_2022_5159_nascar_all_star_open,NASCAR,2022,5159_nascar_all_star_open,Roush Fenway Keselowski Racing,-0.8401027432708063,-0.3274999999999988
NASCAR_2022_5159_nascar_all_star_open,NASCAR,2022,5159_nascar_all_star_open,Spire Motorsports,0.05469553977814723,0.030000000000001137
NASCAR_2022_5159_nascar_all_star_open,NASCAR,2022,5159_nascar_all_star_open,Stewart-Haas Racing,0.3464523993790588,0.15974999999999895
NASCAR_2022_5159_nascar_all_star_open,NASCAR,2022,5159_nascar_all_star_open,TrackHouse Racing,-0.900892526766464,-0.3730000000000011
NASCAR_2022_5159_nascar_all_star_open,NASCAR,2022,5159_nascar_all_star_open,Wood Brothers Racing,-0.06522218478026527,-0.023749999999999716
NASCAR_2022_5160_nascar_all_star_race,NASCAR,2022,5160_nascar_all_star_race,23XI Racing,-0.01853307709084574,-0.005250000000000199
NASCAR_2022_5160_nascar_all_star_race,NASCAR,2022,5160_nascar_all_star_race,Front Row Motorsports,0.499869194665257,0.14999999999999858
NASCAR_2022_5160_nascar_all_star_race,NASCAR,2022,5160_nascar_all_star_race,Hendrick Motorsports,-0.1311816178589482,-0.04399999999999693
NASCAR_2022_5160_nascar_all_star_race,NASCAR,2022,5160_nascar_all_star_race,JTG Daugherty Racing,0.3661274290313707,0.1374999999999993
NASCAR_2022_5160_nascar_all_star_race,NASCAR,2022,5160_nascar_all_star_race,Joe Gibbs Racing,-0.3547073050716184,-0.12125000000000163
NASCAR_2022_5160_nascar_all_star_race,NASCAR,2022,5160_nascar_all_star_race,Kaulig Racing,0.15481629629330212,0.052250000000000796
NASCAR_2022_5160_nascar_all_star_race,NASCAR,2022,5160_nascar_all_star_race,Petty GMS Motorsports,0.5275340248787226,0.15249999999999986
NASCAR_2022_5160_nascar_all_star_race,NASCAR,2022,5160_nascar_all_star_race,Roush Fenway Keselowski Racing,0.09104485560253656,0.036000000000001364
NASCAR_2022_5160_nascar_all_star_race,NASCAR,2022,5160_nascar_all_star_race,Stewart-Haas Racing,0.6162091227079232,0.2544999999999984
NASCAR_2022_5160_nascar_all_star_race,NASCAR,2022,5160_nascar_all_star_race,Team Penske,-0.4132864512424122,-0.14199999999999946
NASCAR_2022_5160_nascar_all_star_race,NASCAR,2022,5160_nascar_all_star_race,TrackHouse Racing,-0.36271871939140937,-0.1280000000000001
NASCAR_2022_5161_coca_cola_600,NASCAR,2022,5161_coca_cola_600,23XI Racing,-0.40542012783147663,-0.2427500000000009
NASCAR_2022_5161_coca_cola_600,NASCAR,2022,5161_coca_cola_600,Front Row Motorsports,0.15316343109643582,0.09524999999999828
NASCAR_2022_5161_coca_cola_600,NASCAR,2022,5161_coca_cola_600,Hendrick Motorsports,-0.20116562686284326,-0.14499999999999957
NASCAR_2022_5161_coca_cola_600,NASCAR,2022,5161_coca_cola_600,JTG Daugherty Racing,-0.02877393323012497,-0.019999999999999574
NASCAR_2022_5161_coca_cola_600,NASCAR,2022,5161_coca_cola_600,Joe Gibbs Racing,-0.2126589918630426,-0.14199999999999946
NASCAR_2022_5161_coca_cola_600,NASCAR,2022,5161_coca_cola_600,Kaulig Racing,0.3416218519584878,0.19450000000000145
NASCAR_2022_5161_coca_cola_600,NASCAR,2022,5161_coca_cola_600,Live Fast Motorsports,1.9413913865655297,1.1024999999999991
NASCAR_2022_5161_coca_cola_600,NASCAR,2022,5161_coca_cola_600,Petty GMS Motorsports,0.12391904067556696,0.08699999999999974
NASCAR_2022_5161_coca_cola_600,NASCAR,2022,5161_coca_cola_600,Richard Childress Racing,-0.13079578199398978,-0.09499999999999886
NASCAR_2022_5161_coca_cola_600,NASCAR,2022,5161_coca_cola_600,Rick Ware Racing,1.2780660887325122,0.7419999999999973
NASCAR_2022_5161_coca_cola_600,NASCAR,2022,5161_coca_cola_600,Roush Fenway Keselowski Racing,0.012530226710629647,0.007999999999999119
NASCAR_2022_5161_coca_cola_600,NASCAR,2022,5161_coca_cola_600,Spire Motorsports,0.7225035425646897,0.370000000000001
NASCAR_2022_5161_coca_cola_600,NASCAR,2022,5161_coca_cola_600,Stewart-Haas Racing,0,0
NASCAR_2022_5161_coca_cola_600,NASCAR,2022,5161_coca_cola_600,TMT Racing,3.399096524493398,1.970749999999999
NASCAR_2022_5161_coca_cola_600,NASCAR,2022,5161_coca_cola_600,Team Penske,-0.1836543949642278,-0.12149999999999928
NASCAR_2022_5161_coca_cola_600,NASCAR,2022,5161_coca_cola_600,TrackHouse Racing,-0.4953279360906885,-0.3244999999999987
NASCAR_2022_5161_coca_cola_600,NASCAR,2022,5161_coca_cola_600,Wood Brothers Racing,0.5740715109314886,0.3204999999999991
NASCAR_2022_5162_enjoy_illinois_300,NASCAR,2022,5162_enjoy_illinois_300,23XI Racing,-0.12158984292329719,-0.05649999999999977
NASCAR_2022_5162_enjoy_illinois_300,NASCAR,2022,5162_enjoy_illinois_300,Front Row Motorsports,0.07753613576157711,0.036000000000001364
NASCAR_2022_5162_enjoy_illinois_300,NASCAR,2022,5162_enjoy_illinois_300,Hendrick Motorsports,8.745525417883997e-4,2.49999999997641e-4
NASCAR_2022_5162_enjoy_illinois_300,NASCAR,2022,5162_enjoy_illinois_300,JTG Daugherty Racing,0.5072104300901767,0.20749999999999602
NASCAR_2022_5162_enjoy_illinois_300,NASCAR,2022,5162_enjoy_illinois_300,Joe Gibbs Racing,-0.6071173046893743,-0.2884999999999991
NASCAR_2022_5162_enjoy_illinois_300,NASCAR,2022,5162_enjoy_illinois_300,Kaulig Racing,0.29738558121534747,0.15099999999999625
NASCAR_2022_5162_enjoy_illinois_300,NASCAR,2022,5162_enjoy_illinois_300,Live Fast Motorsports,1.678889574292679,0.6469999999999985
NASCAR_2022_5162_enjoy_illinois_300,NASCAR,2022,5162_enjoy_illinois_300,Petty GMS Motorsports,-0.011304125373465021,-0.006000000000000227
NASCAR_2022_5162_enjoy_illinois_300,NASCAR,2022,5162_enjoy_illinois_300,Richard Childress Racing,0.00548750107423456,0.0032500000000013074
NASCAR_2022_5162_enjoy_illinois_300,NASCAR,2022,5162_enjoy_illinois_300,Rick Ware Racing,1.2505890069359555,0.5062499999999979
NASCAR_2022_5162_enjoy_illinois_300,NASCAR,2022,5162_enjoy_illinois_300,Roush Fenway Keselowski Racing,0.16044368780725848,0.07200000000000273
NASCAR_2022_5162_enjoy_illinois_300,NASCAR,2022,5162_enjoy_illinois_300,Spire Motorsports,1.0420326690237456,0.44274999999999665
NASCAR_2022_5162_enjoy_illinois_300,NASCAR,2022,5162_enjoy_illinois_300,Stewart-Haas Racing,-0.07326153318714716,-0.04100000000000037
NASCAR_2022_5162_enjoy_illinois_300,NASCAR,2022,5162_enjoy_illinois_300,Team Penske,-0.5843391818587576,-0.3164999999999978
NASCAR_2022_5162_enjoy_illinois_300,NASCAR,2022,5162_enjoy_illinois_300,TrackHouse Racing,-0.22376105260952295,-0.1217500000000058
NASCAR_2022_5162_enjoy_illinois_300,NASCAR,2022,5162_enjoy_illinois_300,Wood Brothers Racing,0.06061101106332531,0.02850000000000108
NASCAR_2022_5163_toyota_save_mart_350,NASCAR,2022,5163_toyota_save_mart_350,23XI Racing,0.3352114516148399,0.44600000000001216
NASCAR_2022_5163_toyota_save_mart_350,NASCAR,2022,5163_toyota_save_mart_350,Front Row Motorsports,0.011753770590663033,0.038500000000006196
NASCAR_2022_5163_toyota_save_mart_350,NASCAR,2022,5163_toyota_save_mart_350,Hendrick Motorsports,-0.2362636304222686,-0.3094999999999928
NASCAR_2022_5163_toyota_save_mart_350,NASCAR,2022,5163_toyota_save_mart_350,JTG Daugherty Racing,0.5938508503253335,0.6602499999999978
NASCAR_2022_5163_toyota_save_mart_350,NASCAR,2022,5163_toyota_save_mart_350,Joe Gibbs Racing,0.018528174247032944,0.02200000000000557
NASCAR_2022_5163_toyota_save_mart_350,NASCAR,2022,5163_toyota_save_mart_350,Kaulig Racing,0.038428991008754375,0.042999999999992156
NASCAR_2022_5163_toyota_save_mart_350,NASCAR,2022,5163_toyota_save_mart_350,Live Fast Motorsports,1.6733854484876463,1.8997500000000045
NASCAR_2022_5163_toyota_save_mart_350,NASCAR,2022,5163_toyota_save_mart_350,Petty GMS Motorsports,0.532590691657713,0.6490000000000009
NASCAR_2022_5163_toyota_save_mart_350,NASCAR,2022,5163_toyota_save_mart_350,Richard Childress Racing,-0.14990020027579262,-0.20199999999999818
NASCAR_2022_5163_toyota_save_mart_350,NASCAR,2022,5163_toyota_save_mart_350,Rick Ware Racing,0.42583064141453764,0.6350000000000051
NASCAR_2022_5163_toyota_save_mart_350,NASCAR,2022,5163_toyota_save_mart_350,Roush Fenway Keselowski Racing,-0.5451638681217619,-0.7029999999999887
NASCAR_2022_5163_toyota_save_mart_350,NASCAR,2022,5163_toyota_save_mart_350,Spire Motorsports,0.8166406486638911,0.9405000000000001
NASCAR_2022_5163_toyota_save_mart_350,NASCAR,2022,5163_toyota_save_mart_350,Stewart-Haas Racing,-0.11191719922329632,-0.170499999999997
NASCAR_2022_5163_toyota_save_mart_350,NASCAR,2022,5163_toyota_save_mart_350,Team Penske,-0.2925976935390663,-0.40400000000000347
NASCAR_2022_5163_toyota_save_mart_350,NASCAR,2022,5163_toyota_save_mart_350,TrackHouse Racing,-0.5761230318041556,-0.7249999999999943
NASCAR_2022_5163_toyota_save_mart_350,NASCAR,2022,5163_toyota_save_mart_350,Wood Brothers Racing,0.4593095880245408,0.5584999999999951
NASCAR_2022_5164_ally_400,NASCAR,2022,5164_ally_400,23XI Racing,-0.30815159686634663,-0.1532499999999981
NASCAR_2022_5164_ally_400,NASCAR,2022,5164_ally_400,Front Row Motorsports,0.17640046057989175,0.0990000000000002
NASCAR_2022_5164_ally_400,NASCAR,2022,5164_ally_400,Hendrick Motorsports,-0.47620318599785116,-0.24324999999999974
NASCAR_2022_5164_ally_400,NASCAR,2022,5164_ally_400,JTG Daugherty Racing,0.16146830748151667,0.09124999999999872
NASCAR_2022_5164_ally_400,NASCAR,2022,5164_ally_400,Joe Gibbs Racing,-0.7514333147938234,-0.36799999999999855
NASCAR_2022_5164_ally_400,NASCAR,2022,5164_ally_400,Kaulig Racing,0.08622455864746773,0.05149999999999899
NASCAR_2022_5164_ally_400,NASCAR,2022,5164_ally_400,Live Fast Motorsports,2.222022586135504,0.9024999999999981
NASCAR_2022_5164_ally_400,NASCAR,2022,5164_ally_400,Petty GMS Motorsports,0.32415595523895513,0.19849999999999746
NASCAR_2022_5164_ally_400,NASCAR,2022,5164_ally_400,Richard Childress Racing,0.12169554892455312,0.059499999999999886
NASCAR_2022_5164_ally_400,NASCAR,2022,5164_ally_400,Rick Ware Racing,0.9036766013875547,0.39400000000000013
NASCAR_2022_5164_ally_400,NASCAR,2022,5164_ally_400,Roush Fenway Keselowski Racing,-0.005609252854465373,-0.0030000000000001137
NASCAR_2022_5164_ally_400,NASCAR,2022,5164_ally_400,Spire Motorsports,0.7541313141904135,0.37349999999999994
NASCAR_2022_5164_ally_400,NASCAR,2022,5164_ally_400,Stewart-Haas Racing,0.04322841255636293,0.02499999999999858
NASCAR_2022_5164_ally_400,NASCAR,2022,5164_ally_400,Team Penske,-0.07351567067552948,-0.04649999999999821
NASCAR_2022_5164_ally_400,NASCAR,2022,5164_ally_400,TrackHouse Racing,-0.30564198706997825,-0.170499999999997
NASCAR_2022_5164_ally_400,NASCAR,2022,5164_ally_400,Wood Brothers Racing,0.23195981089874934,0.0972500000000025
NASCAR_2022_5165_kwik_trip_250,NASCAR,2022,5165_kwik_trip_250,23XI Racing,0.3619831745737379,0.583500000000015
NASCAR_2022_5165_kwik_trip_250,NASCAR,2022,5165_kwik_trip_250,Front Row Motorsports,0.11413279324368183,0.18549999999999045
NASCAR_2022_5165_kwik_trip_250,NASCAR,2022,5165_kwik_trip_250,Hendrick Motorsports,-0.4169746131925698,-0.8499999999999943
NASCAR_2022_5165_kwik_trip_250,NASCAR,2022,5165_kwik_trip_250,JTG Daugherty Racing,0.28158681242154165,0.6380000000000052
NASCAR_2022_5165_kwik_trip_250,NASCAR,2022,5165_kwik_trip_250,Joe Gibbs Racing,-0.047695187488317393,-0.13800000000000523
NASCAR_2022_5165_kwik_trip_250,NASCAR,2022,5165_kwik_trip_250,Kaulig Racing,0.04546722842769634,0.08799999999999386
NASCAR_2022_5165_kwik_trip_250,NASCAR,2022,5165_kwik_trip_250,Live Fast Motorsports,1.7580279159816936,3.125
NASCAR_2022_5165_kwik_trip_250,NASCAR,2022,5165_kwik_trip_250,Petty GMS Motorsports,0.3055408916360528,0.4170000000000016
NASCAR_2022_5165_kwik_trip_250,NASCAR,2022,5165_kwik_trip_250,Richard Childress Racing,-0.3024032704721361,-0.5550000000000068
NASCAR_2022_5165_kwik_trip_250,NASCAR,2022,5165_kwik_trip_250,Rick Ware Racing,0.399395910936158,0.8284999999999911
NASCAR_2022_5165_kwik_trip_250,NASCAR,2022,5165_kwik_trip_250,Roush Fenway Keselowski Racing,-0.12906085379223972,-0.3725000000000023
NASCAR_2022_5165_kwik_trip_250,NASCAR,2022,5165_kwik_trip_250,Spire Motorsports,0.6430679492680798,1.0232500000000044
NASCAR_2022_5165_kwik_trip_250,NASCAR,2022,5165_kwik_trip_250,Stewart-Haas Racing,0,0
NASCAR_2022_5165_kwik_trip_250,NASCAR,2022,5165_kwik_trip_250,Team Hezeberg,1.2697207678211637,1.5959999999999752
NASCAR_2022_5165_kwik_trip_250,NASCAR,2022,5165_kwik_trip_250,Team Penske,-0.1301648289790911,-0.19700000000000273
NASCAR_2022_5165_kwik_trip_250,NASCAR,2022,5165_kwik_trip_250,TrackHouse Racing,-0.3831090409230564,-0.7110000000000127
NASCAR_2022_5165_kwik_trip_250,NASCAR,2022,5165_kwik_trip_250,Wood Brothers Racing,0.27864041942406126,0.4329999999999927
NASCAR_2022_5166_quaker_state_400,NASCAR,2022,5166_quaker_state_400,23XI Racing,0,0
NASCAR_2022_5166_quaker_state_400,NASCAR,2022,5166_quaker_state_400,Front Row Motorsports,0.044780211810560015,0.01624999999999943
NASCAR_2022_5166_quaker_state_400,NASCAR,2022,5166_quaker_state_400,Hendrick Motorsports,-0.10985874097830332,-0.042500000000000426
NASCAR_2022_5166_quaker_state_400,NASCAR,2022,5166_quaker_state_400,JTG Daugherty Racing,0.268186369770766,0.08450000000000202
NASCAR_2022_5166_quaker_state_400,NASCAR,2022,5166_quaker_state_400,Joe Gibbs Racing,-0.04326174389188176,-0.019999999999999574
NASCAR_2022_5166_quaker_state_400,NASCAR,2022,5166_quaker_state_400,Kaulig Racing,-0.03748301610119737,-0.01950000000000074
NASCAR_2022_5166_quaker_state_400,NASCAR,2022,5166_quaker_state_400,Live Fast Motorsports,1.025094859221169,0.29875000000000007
NASCAR_2022_5166_quaker_state_400,NASCAR,2022,5166_quaker_state_400,Petty GMS Motorsports,0.07441164000373157,0.02400000000000091
NASCAR_2022_5166_quaker_state_400,NASCAR,2022,5166_quaker_state_400,Richard Childress Racing,-0.13597387286791224,-0.054000000000002046
NASCAR_2022_5166_quaker_state_400,NASCAR,2022,5166_quaker_state_400,Rick Ware Racing,1.4547574719828456,0.5015000000000001
NASCAR_2022_5166_quaker_state_400,NASCAR,2022,5166_quaker_state_400,Roush Fenway Keselowski Racing,0.029058990833597996,0.010500000000000398
NASCAR_2022_5166_quaker_state_400,NASCAR,2022,5166_quaker_state_400,Spire Motorsports,0.1578958348716003,0.0555000000000021
NASCAR_2022_5166_quaker_state_400,NASCAR,2022,5166_quaker_state_400,Stewart-Haas Racing,0.029002639358463634,0.014499999999998181
NASCAR_2022_5166_quaker_state_400,NASCAR,2022,5166_quaker_state_400,Team Penske,-0.02942345902511353,-0.013999999999999346
NASCAR_2022_5166_quaker_state_400,NASCAR,2022,5166_quaker_state_400,TrackHouse Racing,-0.05936729397922634,-0.022999999999999687
NASCAR_2022_5166_quaker_state_400,NASCAR,2022,5166_quaker_state_400,Wood Brothers Racing,0,0
NASCAR_2022_5167_ambetter_301,NASCAR,2022,5167_ambetter_301,23XI Racing,-0.5271655559411512,-0.22999999999999865
NASCAR_2022_5167_ambetter_301,NASCAR,2022,5167_ambetter_301,Front Row Motorsports,0.9541428441374104,0.34199999999999875
NASCAR_2022_5167_ambetter_301,NASCAR,2022,5167_ambetter_301,Hendrick Motorsports,-0.44088930904886786,-0.1769999999999996
NASCAR_2022_5167_ambetter_301,NASCAR,2022,5167_ambetter_301,JTG Daugherty Racing,0.5288662757427056,0.19899999999999807
NASCAR_2022_5167_ambetter_301,NASCAR,2022,5167_ambetter_301,Joe Gibbs Racing,-0.38661241543006974,-0.1700000000000017
NASCAR_2022_5167_ambetter_301,NASCAR,2022,5167_ambetter_301,Kaulig Racing,0.2681265337965507,0.10025000000000084
NASCAR_2022_5167_ambetter_301,NASCAR,2022,5167_ambetter_301,Live Fast Motorsports,0.8193423984968428,0.37375000000000114
NASCAR_2022_5167_ambetter_301,NASCAR,2022,5167_ambetter_301,Petty GMS Motorsports,0.19245312317751906,0.08799999999999919
NASCAR_2022_5167_ambetter_301,NASCAR,2022,5167_ambetter_301,Richard Childress Racing,0.11305774466102855,0.0519999999999996
NASCAR_2022_5167_ambetter_301,NASCAR,2022,5167_ambetter_301,Rick Ware Racing,1.425130320727756,0.5069999999999979
NASCAR_2022_5167_ambetter_301,NASCAR,2022,5167_ambetter_301,Roush Fenway Keselowski Racing,0,0
NASCAR_2022_5167_ambetter_301,NASCAR,2022,5167_ambetter_301,Spire Motorsports,0.6241710594234848,0.2295000000000016
NASCAR_2022_5167_ambetter_301,NASCAR,2022,5167_ambetter_301,Stewart-Haas Racing,-0.04791420032905904,-0.02099999999999369
NASCAR_2022_5167_ambetter_301,NASCAR,2022,5167_ambetter_301,Team Penske,-0.05871860749663754,-0.031749999999998835
NASCAR_2022_5167_ambetter_301,NASCAR,2022,5167_ambetter_301,TrackHouse Racing,-0.15242939912298784,-0.06400000000000361
NASCAR_2022_5167_ambetter_301,NASCAR,2022,5167_ambetter_301,Wood Brothers Racing,0.5744236489385723,0.19950000000000045
NASCAR_2022_5168_m_m_s_fan_appreciation_400,NASCAR,2022,5168_m_m_s_fan_appreciation_400,23XI Racing,0.02796748143544596,0.015000000000007674
NASCAR_2022_5168_m_m_s_fan_appreciation_400,NASCAR,2022,5168_m_m_s_fan_appreciation_400,Front Row Motorsports,0.32753956898021047,0.3290000000000006
NASCAR_2022_5168_m_m_s_fan_appreciation_400,NASCAR,2022,5168_m_m_s_fan_appreciation_400,Hendrick Motorsports,-0.34254098263575644,-0.3402500000000046
NASCAR_2022_5168_m_m_s_fan_appreciation_400,NASCAR,2022,5168_m_m_s_fan_appreciation_400,JTG Daugherty Racing,0.07241587673922459,0.0710000000000015
NASCAR_2022_5168_m_m_s_fan_appreciation_400,NASCAR,2022,5168_m_m_s_fan_appreciation_400,Joe Gibbs Racing,-0.47151867853502294,-0.4889999999999972
NASCAR_2022_5168_m_m_s_fan_appreciation_400,NASCAR,2022,5168_m_m_s_fan_appreciation_400,Kaulig Racing,0.4549709337986949,0.41150000000000375
NASCAR_2022_5168_m_m_s_fan_appreciation_400,NASCAR,2022,5168_m_m_s_fan_appreciation_400,Live Fast Motorsports,1.2286346118896425,0.9785000000000039
NASCAR_2022_5168_m_m_s_fan_appreciation_400,NASCAR,2022,5168_m_m_s_fan_appreciation_400,Petty GMS Motorsports,-0.00767366011104102,-0.0034999999999953957
NASCAR_2022_5168_m_m_s_fan_appreciation_400,NASCAR,2022,5168_m_m_s_fan_appreciation_400,Richard Childress Racing,-0.21737537981732324,-0.2270000000000003
NASCAR_2022_5168_m_m_s_fan_appreciation_400,NASCAR,2022,5168_m_m_s_fan_appreciation_400,Rick Ware Racing,1.0668509381583522,0.9080000000000155
NASCAR_2022_5168_m_m_s_fan_appreciation_400,NASCAR,2022,5168_m_m_s_fan_appreciation_400,Roush Fenway Keselowski Racing,0.02803997672494577,0.01950000000000074
NASCAR_2022_5168_m_m_s_fan_appreciation_400,NASCAR,2022,5168_m_m_s_fan_appreciation_400,Spire Motorsports,0.3600649057756641,0.347999999999999
NASCAR_2022_5168_m_m_s_fan_appreciation_400,NASCAR,2022,5168_m_m_s_fan_appreciation_400,Stewart-Haas Racing,0.034269672099024096,0.038500000000006196
NASCAR_2022_5168_m_m_s_fan_appreciation_400,NASCAR,2022,5168_m_m_s_fan_appreciation_400,Team Penske,0.22764001195470446,0.24050000000000438
NASCAR_2022_5168_m_m_s_fan_appreciation_400,NASCAR,2022,5168_m_m_s_fan_appreciation_400,TrackHouse Racing,-0.4581187004311126,-0.44750000000000156
NASCAR_2022_5168_m_m_s_fan_appreciation_400,NASCAR,2022,5168_m_m_s_fan_appreciation_400,Wood Brothers Racing,0.24041829020223307,0.23600000000000065
NASCAR_2022_5169_verizon_200_at_the_brickyard,NASCAR,2022,5169_verizon_200_at_the_brickyard,23XI Racing,0.13436079346873991,0.32800000000000296
NASCAR_2022_5169_verizon_200_at_the_brickyard,NASCAR,2022,5169_verizon_200_at_the_brickyard,Front Row Motorsports,-0.1686460837993738,-0.34899999999999665
NASCAR_2022_5169_verizon_200_at_the_brickyard,NASCAR,2022,5169_verizon_200_at_the_brickyard,Hendrick Motorsports,-0.2654266337952521,-0.5020000000000024
NASCAR_2022_5169_verizon_200_at_the_brickyard,NASCAR,2022,5169_verizon_200_at_the_brickyard,JTG Daugherty Racing,0.169596884197249,0.38750000000000284
NASCAR_2022_5169_verizon_200_at_the_brickyard,NASCAR,2022,5169_verizon_200_at_the_brickyard,Joe Gibbs Racing,-0.11004290444346082,-0.19350000000000023
NASCAR_2022_5169_verizon_200_at_the_brickyard,NASCAR,2022,5169_verizon_200_at_the_brickyard,Kaulig Racing,0.05199176945144629,0.05700000000000216
NASCAR_2022_5169_verizon_200_at_the_brickyard,NASCAR,2022,5169_verizon_200_at_the_brickyard,Live Fast Motorsports,2.212385823770297,4.059499999999986
NASCAR_2022_5169_verizon_200_at_the_brickyard,NASCAR,2022,5169_verizon_200_at_the_brickyard,Petty GMS Motorsports,0.3172321822664063,0.5630000000000024
NASCAR_2022_5169_verizon_200_at_the_brickyard,NASCAR,2022,5169_verizon_200_at_the_brickyard,Richard Childress Racing,-0.15022475959780168,-0.3092499999999916
NASCAR_2022_5169_verizon_200_at_the_brickyard,NASCAR,2022,5169_verizon_200_at_the_brickyard,Rick Ware Racing,0.41967169074645017,0.7252500000000026
NASCAR_2022_5169_verizon_200_at_the_brickyard,NASCAR,2022,5169_verizon_200_at_the_brickyard,Roush Fenway Keselowski Racing,-0.3683563037152554,-0.5987500000000026
NASCAR_2022_5169_verizon_200_at_the_brickyard,NASCAR,2022,5169_verizon_200_at_the_brickyard,Spire Motorsports,0.5345282272931009,0.9267500000000055
NASCAR_2022_5169_verizon_200_at_the_brickyard,NASCAR,2022,5169_verizon_200_at_the_brickyard,Stewart-Haas Racing,0.03679323686481428,0.07600000000000051
NASCAR_2022_5169_verizon_200_at_the_brickyard,NASCAR,2022,5169_verizon_200_at_the_brickyard,Team Hezeberg,0.5305505093471019,0.9772500000000051
NASCAR_2022_5169_verizon_200_at_the_brickyard,NASCAR,2022,5169_verizon_200_at_the_brickyard,Team Penske,-0.12024424546975229,-0.25199999999999534
NASCAR_2022_5169_verizon_200_at_the_brickyard,NASCAR,2022,5169_verizon_200_at_the_brickyard,TrackHouse Racing,-0.18456885670626483,-0.4194999999999993
NASCAR_2022_5169_verizon_200_at_the_brickyard,NASCAR,2022,5169_verizon_200_at_the_brickyard,Wood Brothers Racing,0.09182313098917413,0.10599999999999454
NASCAR_2022_5170_firekeepers_casino_400,NASCAR,2022,5170_firekeepers_casino_400,23XI Racing,-0.23857069483190285,-0.16800000000000637
NASCAR_2022_5170_firekeepers_casino_400,NASCAR,2022,5170_firekeepers_casino_400,Front Row Motorsports,1.6200265018780038,0.9302500000000009
NASCAR_2022_5170_firekeepers_casino_400,NASCAR,2022,5170_firekeepers_casino_400,Hendrick Motorsports,-0.0976768026999722,-0.06850000000000023
NASCAR_2022_5170_firekeepers_casino_400,NASCAR,2022,5170_firekeepers_casino_400,JTG Daugherty Racing,0.1632335326386269,0.07699999999999818
NASCAR_2022_5170_firekeepers_casino_400,NASCAR,2022,5170_firekeepers_casino_400,Joe Gibbs Racing,-0.49286319514619664,-0.3219999999999956
NASCAR_2022_5170_firekeepers_casino_400,NASCAR,2022,5170_firekeepers_casino_400,Kaulig Racing,0.09731596038585219,0.06450000000000244
NASCAR_2022_5170_firekeepers_casino_400,NASCAR,2022,5170_firekeepers_casino_400,Live Fast Motorsports,1.5124288084428887,0.8299999999999912
NASCAR_2022_5170_firekeepers_casino_400,NASCAR,2022,5170_firekeepers_casino_400,Petty GMS,0.01398978430822577,0.009250000000001535
NASCAR_2022_5170_firekeepers_casino_400,NASCAR,2022,5170_firekeepers_casino_400,RFK Racing,0.030708656263111075,0.01799999999999713
NASCAR_2022_5170_firekeepers_casino_400,NASCAR,2022,5170_firekeepers_casino_400,Richard Childress Racing,0.10758701003967597,0.07249999999999801
NASCAR_2022_5170_firekeepers_casino_400,NASCAR,2022,5170_firekeepers_casino_400,Rick Ware Racing,1.0188152152658152,0.6089999999999947
NASCAR_2022_5170_firekeepers_casino_400,NASCAR,2022,5170_firekeepers_casino_400,Spire Motorsports,0.6760189237905595,0.46124999999999616
NASCAR_2022_5170_firekeepers_casino_400,NASCAR,2022,5170_firekeepers_casino_400,Stewart-Haas Racing,-0.042930368399750354,-0.030000000000001137
NASCAR_2022_5170_firekeepers_casino_400,NASCAR,2022,5170_firekeepers_casino_400,Team Penske,-0.05912421192473063,-0.03499999999999659
NASCAR_2022_5170_firekeepers_casino_400,NASCAR,2022,5170_firekeepers_casino_400,TrackHouse Racing,-0.15598558980323643,-0.09999999999999432
NASCAR_2022_5170_firekeepers_casino_400,NASCAR,2022,5170_firekeepers_casino_400,Wood Brothers Racing,0.4430624457333975,0.1980000000000004
NASCAR_2022_5171_federated_auto_parts_400,NASCAR,2022,5171_federated_auto_parts_400,23XI Racing,-0.056842726750970365,-0.01899999999999835
NASCAR_2022_5171_federated_auto_parts_400,NASCAR,2022,5171_federated_auto_parts_400,Front Row Motorsports,0.4943272936340847,0.14550000000000196
NASCAR_2022_5171_federated_auto_parts_400,NASCAR,2022,5171_federated_auto_parts_400,Hendrick Motorsports,-0.26428845054108496,-0.08725000000000094
NASCAR_2022_5171_federated_auto_parts_400,NASCAR,2022,5171_federated_auto_parts_400,JTG Daugherty Racing,0.47581140655545584,0.14775000000000027
NASCAR_2022_5171_federated_auto_parts_400,NASCAR,2022,5171_federated_auto_parts_400,Joe Gibbs Racing,-0.3815712344536113,-0.11949999999999861
NASCAR_2022_5171_federated_auto_parts_400,NASCAR,2022,5171_federated_auto_parts_400,Kaulig Racing,0.44393198636352266,0.13899999999999935
NASCAR_2022_5171_federated_auto_parts_400,NASCAR,2022,5171_federated_auto_parts_400,Live Fast Motorsports,1.2055761270100227,0.32874999999999943
NASCAR_2022_5171_federated_auto_parts_400,NASCAR,2022,5171_federated_auto_parts_400,Petty GMS,0.01533899944394326,0.0037499999999983658
NASCAR_2022_5171_federated_auto_parts_400,NASCAR,2022,5171_federated_auto_parts_400,RFK Racing,-0.3349901177406941,-0.10275000000000034
NASCAR_2022_5171_federated_auto_parts_400,NASCAR,2022,5171_federated_auto_parts_400,Richard Childress Racing,0.22488433022879367,0.07424999999999926
NASCAR_2022_5171_federated_auto_parts_400,NASCAR,2022,5171_federated_auto_parts_400,Rick Ware Racing,1.3597938727459287,0.36299999999999955
NASCAR_2022_5171_federated_auto_parts_400,NASCAR,2022,5171_federated_auto_parts_400,Spire Motorsports,0.6481526925270189,0.182500000000001
NASCAR_2022_5171_federated_auto_parts_400,NASCAR,2022,5171_federated_auto_parts_400,Stewart-Haas Racing,-0.2685923519291765,-0.08650000000000091
NASCAR_2022_5171_federated_auto_parts_400,NASCAR,2022,5171_federated_auto_parts_400,Team Penske,-0.27969837562848465,-0.08999999999999986
NASCAR_2022_5171_federated_auto_parts_400,NASCAR,2022,5171_federated_auto_parts_400,TrackHouse Racing,0.15852894623527902,0.053749999999999076
NASCAR_2022_5171_federated_auto_parts_400,NASCAR,2022,5171_federated_auto_parts_400,Wood Brothers Racing,0.33678026178732057,0.09750000000000014
NASCAR_2022_5172_go_bowling_at_the_glen,NASCAR,2022,5172_go_bowling_at_the_glen,23XI Racing,0.3420963112933513,0.29000000000000625
NASCAR_2022_5172_go_bowling_at_the_glen,NASCAR,2022,5172_go_bowling_at_the_glen,Front Row Motorsports,-0.6315252506578406,-0.7199999999999989
NASCAR_2022_5172_go_bowling_at_the_glen,NASCAR,2022,5172_go_bowling_at_the_glen,Hendrick Motorsports,-0.1526091004756315,-0.20000000000000284
NASCAR_2022_5172_go_bowling_at_the_glen,NASCAR,2022,5172_go_bowling_at_the_glen,JTG Daugherty Racing,-0.011248298973751328,-0.0059999999999860165
NASCAR_2022_5172_go_bowling_at_the_glen,NASCAR,2022,5172_go_bowling_at_the_glen,Joe Gibbs Racing,0.021990214197151213,0.015000000000000568
NASCAR_2022_5172_go_bowling_at_the_glen,NASCAR,2022,5172_go_bowling_at_the_glen,Kaulig Racing,-0.076974293033128,-0.10725000000000051
NASCAR_2022_5172_go_bowling_at_the_glen,NASCAR,2022,5172_go_bowling_at_the_glen,Live Fast Motorsports,2.188065797430027,3.838000000000001
NASCAR_2022_5172_go_bowling_at_the_glen,NASCAR,2022,5172_go_bowling_at_the_glen,Petty GMS,-0.03990794307513907,-0.07200000000000273
NASCAR_2022_5172_go_bowling_at_the_glen,NASCAR,2022,5172_go_bowling_at_the_glen,RFK Racing,-0.08658823005583907,-0.1039999999999992
NASCAR_2022_5172_go_bowling_at_the_glen,NASCAR,2022,5172_go_bowling_at_the_glen,Richard Childress Racing,7.799696382044226e-4,0.008749999999992042
NASCAR_2022_5172_go_bowling_at_the_glen,NASCAR,2022,5172_go_bowling_at_the_glen,Rick Ware Racing,0.18588687145029847,0.2569999999999979
NASCAR_2022_5172_go_bowling_at_the_glen,NASCAR,2022,5172_go_bowling_at_the_glen,Spire Motorsports,0.3413382872150845,0.36000000000001364
NASCAR_2022_5172_go_bowling_at_the_glen,NASCAR,2022,5172_go_bowling_at_the_glen,Stewart-Haas Racing,0.1434667328699056,0.19200000000000017
NASCAR_2022_5172_go_bowling_at_the_glen,NASCAR,2022,5172_go_bowling_at_the_glen,Team Hezeberg,0.36156496631473994,0.4339999999999975
NASCAR_2022_5172_go_bowling_at_the_glen,NASCAR,2022,5172_go_bowling_at_the_glen,Team Penske,-0.042615882615878724,-0.0555000000000021
NASCAR_2022_5172_go_bowling_at_the_glen,NASCAR,2022,5172_go_bowling_at_the_glen,TrackHouse Racing,-0.09595873473167182,-0.14100000000000534
NASCAR_2022_5172_go_bowling_at_the_glen,NASCAR,2022,5172_go_bowling_at_the_glen,Wood Brothers Racing,0.3887281309247399,0.3960000000000008
NASCAR_2022_5173_coke_zero_sugar_400,NASCAR,2022,5173_coke_zero_sugar_400,23XI Racing,0,0
NASCAR_2022_5173_coke_zero_sugar_400,NASCAR,2022,5173_coke_zero_sugar_400,Beard Motorsports,0.025338140180252544,0.017000000000003013
NASCAR_2022_5173_coke_zero_sugar_400,NASCAR,2022,5173_coke_zero_sugar_400,Front Row Motorsports,-0.004476325618507219,-9.999999999976694e-4
NASCAR_2022_5173_coke_zero_sugar_400,NASCAR,2022,5173_coke_zero_sugar_400,Hendrick Motorsports,0,0
NASCAR_2022_5173_coke_zero_sugar_400,NASCAR,2022,5173_coke_zero_sugar_400,JTG Daugherty Racing,-0.026037463575360773,-0.005999999999993122
NASCAR_2022_5173_coke_zero_sugar_400,NASCAR,2022,5173_coke_zero_sugar_400,Joe Gibbs Racing,-0.016202157110498792,-0.0030000000000001137
NASCAR_2022_5173_coke_zero_sugar_400,NASCAR,2022,5173_coke_zero_sugar_400,Kaulig Racing,0.08499906201953569,0.02575000000000216
NASCAR_2022_5173_coke_zero_sugar_400,NASCAR,2022,5173_coke_zero_sugar_400,Live Fast Motorsports,0.09063539268730857,0.030999999999998806
NASCAR_2022_5173_coke_zero_sugar_400,NASCAR,2022,5173_coke_zero_sugar_400,Petty GMS,0,0
NASCAR_2022_5173_coke_zero_sugar_400,NASCAR,2022,5173_coke_zero_sugar_400,RFK Racing,0.01604351545346216,0.001999999999995339
NASCAR_2022_5173_coke_zero_sugar_400,NASCAR,2022,5173_coke_zero_sugar_400,Richard Childress Racing,-0.005846011293370578,-9.999999999976694e-4
NASCAR_2022_5173_coke_zero_sugar_400,NASCAR,2022,5173_coke_zero_sugar_400,Rick Ware Racing,0.07547101946385863,0.038999999999997925
NASCAR_2022_5173_coke_zero_sugar_400,NASCAR,2022,5173_coke_zero_sugar_400,Spire Motorsports,0.009903429252072507,0.002250000000003638
NASCAR_2022_5173_coke_zero_sugar_400,NASCAR,2022,5173_coke_zero_sugar_400,Stewart-Haas Racing,-0.02560893096966118,-0.006499999999999062
NASCAR_2022_5173_coke_zero_sugar_400,NASCAR,2022,5173_coke_zero_sugar_400,Team Penske,-0.02105469445352427,-0.006499999999995509
NASCAR_2022_5173_coke_zero_sugar_400,NASCAR,2022,5173_coke_zero_sugar_400,TrackHouse Racing,0.03269687532754306,0.008499999999997954
NASCAR_2022_5173_coke_zero_sugar_400,NASCAR,2022,5173_coke_zero_sugar_400,Wood Brothers Racing,-0.006610825025608677,-7.500000000035811e-4
NASCAR_2022_5174_cook_out_southern_500,NASCAR,2022,5174_cook_out_southern_500,23XI Racing,-0.05154781937595512,-0.043499999999998096
NASCAR_2022_5174_cook_out_southern_500,NASCAR,2022,5174_cook_out_southern_500,Front Row Motorsports,-0.03320565302012586,-0.024750000000000938
NASCAR_2022_5174_cook_out_southern_500,NASCAR,2022,5174_cook_out_southern_500,Hendrick Motorsports,-0.22701779261819405,-0.13599999999999923
NASCAR_2022_5174_cook_out_southern_500,NASCAR,2022,5174_cook_out_southern_500,JTG Daugherty Racing,0.085110112900304,0.04800000000000182
NASCAR_2022_5174_cook_out_southern_500,NASCAR,2022,5174_cook_out_southern_500,Joe Gibbs Racing,-0.6159118020833776,-0.3577500000000011
NASCAR_2022_5174_cook_out_southern_500,NASCAR,2022,5174_cook_out_southern_500,Kaulig Racing,0.3201900467396824,0.17800000000000082
NASCAR_2022_5174_cook_out_southern_500,NASCAR,2022,5174_cook_out_southern_500,Live Fast Motorsports,1.3611859540908844,0.67625000000000135
NASCAR_2022_5174_cook_out_southern_500,NASCAR,2022,5174_cook_out_southern_500,Petty GMS,0.014802333876044887,0.010500000000000398
NASCAR_2022_5174_cook_out_southern_500,NASCAR,2022,5174_cook_out_southern_500,RFK Racing,0.2526172331513333,0.14649999999999963
NASCAR_2022_5174_cook_out_southern_500,NASCAR,2022,5174_cook_out_southern_500,Richard Childress Racing,0.007768057160003062,0.0045000000000001705
NASCAR_2022_5174_cook_out_southern_500,NASCAR,2022,5174_cook_out_southern_500,Rick Ware Racing,1.0869575218352796,0.5332500000000007
NASCAR_2022_5174_cook_out_southern_500,NASCAR,2022,5174_cook_out_southern_500,Spire Motorsports,0.3786035052166934,0.2270000000000003
NASCAR_2022_5174_cook_out_southern_500,NASCAR,2022,5174_cook_out_southern_500,Stewart-Haas Racing,0.15638147364202654,0.11250000000000071
NASCAR_2022_5174_cook_out_southern_500,NASCAR,2022,5174_cook_out_southern_500,Team Penske,-0.24894120559781543,-0.1720000000000006
NASCAR_2022_5174_cook_out_southern_500,NASCAR,2022,5174_cook_out_southern_500,TrackHouse Racing,-0.1874803602475128,-0.13150000000000084
NASCAR_2022_5174_cook_out_southern_500,NASCAR,2022,5174_cook_out_southern_500,Wood Brothers Racing,0.417715535396221,0.2330000000000041
NASCAR_2022_5175_hollywood_casino_400,NASCAR,2022,5175_hollywood_casino_400,23XI Racing,-0.4190741312004489,-0.22849999999999682
NASCAR_2022_5175_hollywood_casino_400,NASCAR,2022,5175_hollywood_casino_400,Front Row Motorsports,0.26088522676811704,0.13400000000000034
NASCAR_2022_5175_hollywood_casino_400,NASCAR,2022,5175_hollywood_casino_400,Hendrick Motorsports,-0.37110734234512943,-0.21325000000000038
NASCAR_2022_5175_hollywood_casino_400,NASCAR,2022,5175_hollywood_casino_400,JTG Daugherty Racing,-0.05684880657027246,-0.02300000000000324
NASCAR_2022_5175_hollywood_casino_400,NASCAR,2022,5175_hollywood_casino_400,Joe Gibbs Racing,-0.39304279505825634,-0.22600000000000087
NASCAR_2022_5175_hollywood_casino_400,NASCAR,2022,5175_hollywood_casino_400,Kaulig Racing,0.2516614444744849,0.12750000000001194
NASCAR_2022_5175_hollywood_casino_400,NASCAR,2022,5175_hollywood_casino_400,Live Fast Motorsports,2.574207432433117,1.1290000000000049
NASCAR_2022_5175_hollywood_casino_400,NASCAR,2022,5175_hollywood_casino_400,Petty GMS,0.4201851017838396,0.20649999999999835
NASCAR_2022_5175_hollywood_casino_400,NASCAR,2022,5175_hollywood_casino_400,RFK Racing,-0.005115967807717446,-0.0029999999999983373
NASCAR_2022_5175_hollywood_casino_400,NASCAR,2022,5175_hollywood_casino_400,Richard Childress Racing,-0.02487394870793313,-0.008499999999996177
NASCAR_2022_5175_hollywood_casino_400,NASCAR,2022,5175_hollywood_casino_400,Rick Ware Racing,1.1841698558677312,0.5400000000000009
NASCAR_2022_5175_hollywood_casino_400,NASCAR,2022,5175_hollywood_casino_400,Spire Motorsports,0.6017651272702954,0.3170000000000037
NASCAR_2022_5175_hollywood_casino_400,NASCAR,2022,5175_hollywood_casino_400,Stewart-Haas Racing,0.17311345435919295,0.09100000000000108
NASCAR_2022_5175_hollywood_casino_400,NASCAR,2022,5175_hollywood_casino_400,Team Penske,-0.285725869213015,-0.15000000000000213
NASCAR_2022_5175_hollywood_casino_400,NASCAR,2022,5175_hollywood_casino_400,TrackHouse Racing,-0.2565641942363671,-0.1324999999999985
NASCAR_2022_5175_hollywood_casino_400,NASCAR,2022,5175_hollywood_casino_400,Wood Brothers Racing,0.6609920215646726,0.33999999999999986
NASCAR_2022_5176_bass_pro_shops_night_race,NASCAR,2022,5176_bass_pro_shops_night_race,23XI Racing,-0.1485912337633158,-0.03200000000000003
NASCAR_2022_5176_bass_pro_shops_night_race,NASCAR,2022,5176_bass_pro_shops_night_race,Front Row Motorsports,0.1390161311769302,0.0389999999999997
NASCAR_2022_5176_bass_pro_shops_night_race,NASCAR,2022,5176_bass_pro_shops_night_race,Hendrick Motorsports,-0.3982418603593706,-0.10900000000000087
NASCAR_2022_5176_bass_pro_shops_night_race,NASCAR,2022,5176_bass_pro_shops_night_race,JTG Daugherty Racing,0.1579415844817983,0.03350000000000097
NASCAR_2022_5176_bass_pro_shops_night_race,NASCAR,2022,5176_bass_pro_shops_night_race,Joe Gibbs Racing,-0.3942445385105501,-0.10699999999999932
NASCAR_2022_5176_bass_pro_shops_night_race,NASCAR,2022,5176_bass_pro_shops_night_race,Kaulig Racing,-0.07135483457988917,-0.022499999999999076
NASCAR_2022_5176_bass_pro_shops_night_race,NASCAR,2022,5176_bass_pro_shops_night_race,Live Fast Motorsports,1.522201156767315,0.32624999999999904
NASCAR_2022_5176_bass_pro_shops_night_race,NASCAR,2022,5176_bass_pro_shops_night_race,Petty GMS,0.37046139995234473,0.08300000000000196
NASCAR_2022_5176_bass_pro_shops_night_race,NASCAR,2022,5176_bass_pro_shops_night_race,RFK Racing,-0.49497833338783903,-0.14150000000000063
NASCAR_2022_5176_bass_pro_shops_night_race,NASCAR,2022,5176_bass_pro_shops_night_race,Richard Childress Racing,0.19189191732285316,0.04800000000000004
NASCAR_2022_5176_bass_pro_shops_night_race,NASCAR,2022,5176_bass_pro_shops_night_race,Rick Ware Racing,0.7878203217191053,0.17800000000000082
NASCAR_2022_5176_bass_pro_shops_night_race,NASCAR,2022,5176_bass_pro_shops_night_race,Spire Motorsports,0.6443239346740315,0.1484999999999994
NASCAR_2022_5176_bass_pro_shops_night_race,NASCAR,2022,5176_bass_pro_shops_night_race,Stewart-Haas Racing,-0.18059704856202424,-0.049000000000001265
NASCAR_2022_5176_bass_pro_shops_night_race,NASCAR,2022,5176_bass_pro_shops_night_race,Team Penske,0.16895177681023787,0.050250000000001016
NASCAR_2022_5176_bass_pro_shops_night_race,NASCAR,2022,5176_bass_pro_shops_night_race,TrackHouse Racing,-0.002508514424312168,-7.499999999991402e-4
NASCAR_2022_5176_bass_pro_shops_night_race,NASCAR,2022,5176_bass_pro_shops_night_race,Wood Brothers Racing,0.20753507632826101,0.05000000000000071
NASCAR_2022_5177_autotrader_echopark_automotive_500,NASCAR,2022,5177_autotrader_echopark_automotive_500,23XI Racing,0.3150233189834851,0.15649999999999764
NASCAR_2022_5177_autotrader_echopark_automotive_500,NASCAR,2022,5177_autotrader_echopark_automotive_500,Front Row Motorsports,0.05771447597296582,0.023250000000002657
NASCAR_2022_5177_autotrader_echopark_automotive_500,NASCAR,2022,5177_autotrader_echopark_automotive_500,Hendrick Motorsports,-0.3997944003762347,-0.1955000000000009
NASCAR_2022_5177_autotrader_echopark_automotive_500,NASCAR,2022,5177_autotrader_echopark_automotive_500,JTG Daugherty Racing,0.08490627563721131,0.04449999999999932
NASCAR_2022_5177_autotrader_echopark_automotive_500,NASCAR,2022,5177_autotrader_echopark_automotive_500,Joe Gibbs Racing,-0.32838032594839495,-0.15974999999999895
NASCAR_2022_5177_autotrader_echopark_automotive_500,NASCAR,2022,5177_autotrader_echopark_automotive_500,Kaulig Racing,0.05399836349042632,0.027499999999999858
NASCAR_2022_5177_autotrader_echopark_automotive_500,NASCAR,2022,5177_autotrader_echopark_automotive_500,Live Fast Motorsports,1.7780998857769217,0.7039999999999988
NASCAR_2022_5177_autotrader_echopark_automotive_500,NASCAR,2022,5177_autotrader_echopark_automotive_500,Petty GMS,0,0
NASCAR_2022_5177_autotrader_echopark_automotive_500,NASCAR,2022,5177_autotrader_echopark_automotive_500,RFK Racing,-0.16813581652236978,-0.08999999999999986
NASCAR_2022_5177_autotrader_echopark_automotive_500,NASCAR,2022,5177_autotrader_echopark_automotive_500,Richard Childress Racing,-0.29378914675192924,-0.1460000000000008
NASCAR_2022_5177_autotrader_echopark_automotive_500,NASCAR,2022,5177_autotrader_echopark_automotive_500,Rick Ware Racing,1.3514469815174912,0.5289999999999999
NASCAR_2022_5177_autotrader_echopark_automotive_500,NASCAR,2022,5177_autotrader_echopark_automotive_500,Spire Motorsports,0.5103132439788074,0.24274999999999913
NASCAR_2022_5177_autotrader_echopark_automotive_500,NASCAR,2022,5177_autotrader_echopark_automotive_500,Stewart-Haas Racing,0.09988617705443087,0.047999999999998266
NASCAR_2022_5177_autotrader_echopark_automotive_500,NASCAR,2022,5177_autotrader_echopark_automotive_500,Team Penske,-0.22538961487109269,-0.10099999999999909
NASCAR_2022_5177_autotrader_echopark_automotive_500,NASCAR,2022,5177_autotrader_echopark_automotive_500,TrackHouse Racing,-0.1331274928173168,-0.07499999999999574
NASCAR_2022_5177_autotrader_echopark_automotive_500,NASCAR,2022,5177_autotrader_echopark_automotive_500,Wood Brothers Racing,0.1219294504538134,0.07175000000000153
NASCAR_2022_5178_yellawood_500,NASCAR,2022,5178_yellawood_500,23XI Racing,-0.06945438899941764,-0.02200000000000557
NASCAR_2022_5178_yellawood_500,NASCAR,2022,5178_yellawood_500,Beard Motorsports,0.6029570495229063,0.16250000000000497
NASCAR_2022_5178_yellawood_500,NASCAR,2022,5178_yellawood_500,Front Row Motorsports,-0.0019099151779595402,-4.999999999988347e-4
NASCAR_2022_5178_yellawood_500,NASCAR,2022,5178_yellawood_500,Hendrick Motorsports,-0.0243988821145246,-0.006000000000000227
NASCAR_2022_5178_yellawood_500,NASCAR,2022,5178_yellawood_500,JTG Daugherty Racing,-0.07082695634345099,-0.021249999999998437
NASCAR_2022_5178_yellawood_500,NASCAR,2022,5178_yellawood_500,Joe Gibbs Racing,0.03552967736300966,0.009000000000000341
NASCAR_2022_5178_yellawood_500,NASCAR,2022,5178_yellawood_500,Kaulig Racing,0.01629703910688794,0.005000000000002558
NASCAR_2022_5178_yellawood_500,NASCAR,2022,5178_yellawood_500,Live Fast Motorsports,0.47314886202136824,0.15974999999999895
NASCAR_2022_5178_yellawood_500,NASCAR,2022,5178_yellawood_500,Petty GMS,-0.021116478149728075,-0.008749999999999147
NASCAR_2022_5178_yellawood_500,NASCAR,2022,5178_yellawood_500,RFK Racing,0.003461527030640967,0.0012499999999988631
NASCAR_2022_5178_yellawood_500,NASCAR,2022,5178_yellawood_500,Richard Childress Racing,0,0
NASCAR_2022_5178_yellawood_500,NASCAR,2022,5178_yellawood_500,Rick Ware Racing,0.4690473916112111,0.13300000000000267
NASCAR_2022_5178_yellawood_500,NASCAR,2022,5178_yellawood_500,Spire Motorsports,0,0
NASCAR_2022_5178_yellawood_500,NASCAR,2022,5178_yellawood_500,Stewart-Haas Racing,-0.01298892057097561,-0.0030000000000001137
NASCAR_2022_5178_yellawood_500,NASCAR,2022,5178_yellawood_500,Team Penske,-0.004674172483983595,-0.0019999999999988916
NASCAR_2022_5178_yellawood_500,NASCAR,2022,5178_yellawood_500,TrackHouse Racing,0,0
NASCAR_2022_5178_yellawood_500,NASCAR,2022,5178_yellawood_500,Wood Brothers Racing,0.1500460855596429,0.036999999999999034
NASCAR_2022_5179_bank_of_america_roval_400,NASCAR,2022,5179_bank_of_america_roval_400,23XI Racing,-0.017703628398638316,-0.021000000000000796
NASCAR_2022_5179_bank_of_america_roval_400,NASCAR,2022,5179_bank_of_america_roval_400,Front Row Motorsports,-0.013479353980800053,-0.016000000000005343
NASCAR_2022_5179_bank_of_america_roval_400,NASCAR,2022,5179_bank_of_america_roval_400,Hendrick Motorsports,-0.1654543419050897,-0.22374999999999545
NASCAR_2022_5179_bank_of_america_roval_400,NASCAR,2022,5179_bank_of_america_roval_400,JTG Daugherty Racing,0.4748375031639407,0.5600000000000023
NASCAR_2022_5179_bank_of_america_roval_400,NASCAR,2022,5179_bank_of_america_roval_400,Joe Gibbs Racing,-0.054574554757528676,-0.07074999999999676
NASCAR_2022_5179_bank_of_america_roval_400,NASCAR,2022,5179_bank_of_america_roval_400,Kaulig Racing,-0.4993714099418849,-0.6954999999999956
NASCAR_2022_5179_bank_of_america_roval_400,NASCAR,2022,5179_bank_of_america_roval_400,Live Fast Motorsports,1.578716043581791,1.7519999999999953
NASCAR_2022_5179_bank_of_america_roval_400,NASCAR,2022,5179_bank_of_america_roval_400,Petty GMS,0.061214642426056405,0.10350000000001103
NASCAR_2022_5179_bank_of_america_roval_400,NASCAR,2022,5179_bank_of_america_roval_400,RFK Racing,-0.022611031654378937,-0.031249999999992895
NASCAR_2022_5179_bank_of_america_roval_400,NASCAR,2022,5179_bank_of_america_roval_400,Richard Childress Racing,-0.25650157360658277,-0.41450000000000387
NASCAR_2022_5179_bank_of_america_roval_400,NASCAR,2022,5179_bank_of_america_roval_400,Rick Ware Racing,1.290928401279055,1.6839999999999975
NASCAR_2022_5179_bank_of_america_roval_400,NASCAR,2022,5179_bank_of_america_roval_400,Spire Motorsports,0.41233146368571527,0.5530000000000115
NASCAR_2022_5179_bank_of_america_roval_400,NASCAR,2022,5179_bank_of_america_roval_400,Stewart-Haas Racing,-0.1281053819133292,-0.19400000000000261
NASCAR_2022_5179_bank_of_america_roval_400,NASCAR,2022,5179_bank_of_america_roval_400,TMT Racing,1.0923415418196964,1.4155000000000015
NASCAR_2022_5179_bank_of_america_roval_400,NASCAR,2022,5179_bank_of_america_roval_400,Team Hezeberg,1.4498940863383099,1.516750000000009
NASCAR_2022_5179_bank_of_america_roval_400,NASCAR,2022,5179_bank_of_america_roval_400,Team Penske,-0.0030265909523104666,-0.003999999999997783
NASCAR_2022_5179_bank_of_america_roval_400,NASCAR,2022,5179_bank_of_america_roval_400,TrackHouse Racing,0.007816309576312429,0.00750000000000739
NASCAR_2022_5179_bank_of_america_roval_400,NASCAR,2022,5179_bank_of_america_roval_400,Wood Brothers Racing,0.3096640559416788,0.36274999999999835
NASCAR_2022_5180_south_point_400,NASCAR,2022,5180_south_point_400,23XI Racing,-0.026620961962439255,-0.013500000000000512
NASCAR_2022_5180_south_point_400,NASCAR,2022,5180_south_point_400,Front Row Motorsports,0.31466317863269117,0.16600000000000037
NASCAR_2022_5180_south_point_400,NASCAR,2022,5180_south_point_400,Hendrick Motorsports,-0.0628809946494755,-0.04124999999999979
NASCAR_2022_5180_south_point_400,NASCAR,2022,5180_south_point_400,JTG Daugherty Racing,0.4872175231248644,0.23199999999999932
NASCAR_2022_5180_south_point_400,NASCAR,2022,5180_south_point_400,Joe Gibbs Racing,-0.328843617611666,-0.1797500000000003
NASCAR_2022_5180_south_point_400,NASCAR,2022,5180_south_point_400,Kaulig Racing,-0.12948505669186555,-0.08549999999999969
NASCAR_2022_5180_south_point_400,NASCAR,2022,5180_south_point_400,Live Fast Motorsports,2.588862601492051,1.3155000000000001
NASCAR_2022_5180_south_point_400,NASCAR,2022,5180_south_point_400,Petty GMS,0.06028195257437185,0.03950000000000031
NASCAR_2022_5180_south_point_400,NASCAR,2022,5180_south_point_400,RFK Racing,0.4162139150771297,0.2159999999999993
NASCAR_2022_5180_south_point_400,NASCAR,2022,5180_south_point_400,Richard Childress Racing,-0.05488167686788181,-0.024250000000000327
NASCAR_2022_5180_south_point_400,NASCAR,2022,5180_south_point_400,Rick Ware Racing,1.8467060700062576,0.8892500000000023
NASCAR_2022_5180_south_point_400,NASCAR,2022,5180_south_point_400,Spire Motorsports,0.4253485710324253,0.21199999999999974
NASCAR_2022_5180_south_point_400,NASCAR,2022,5180_south_point_400,Stewart-Haas Racing,-0.014116518632435238,-0.012500000000001066
NASCAR_2022_5180_south_point_400,NASCAR,2022,5180_south_point_400,Team Penske,-0.462894392970874,-0.24825000000000053
NASCAR_2022_5180_south_point_400,NASCAR,2022,5180_south_point_400,TrackHouse Racing,-0.29917616000495434,-0.1700000000000017
NASCAR_2022_5180_south_point_400,NASCAR,2022,5180_south_point_400,Wood Brothers Racing,0.18999187092661013,0.12100000000000222
NASCAR_2022_5181_dixie_vodka_400,NASCAR,2022,5181_dixie_vodka_400,23XI Racing,0.18481699835846604,0.07399999999999807
NASCAR_2022_5181_dixie_vodka_400,NASCAR,2022,5181_dixie_vodka_400,Front Row Motorsports,0.5263733838382432,0.20600000000000307
NASCAR_2022_5181_dixie_vodka_400,NASCAR,2022,5181_dixie_vodka_400,Hendrick Motorsports,-0.39382136196439393,-0.18500000000000227
NASCAR_2022_5181_dixie_vodka_400,NASCAR,2022,5181_dixie_vodka_400,JTG Daugherty Racing,-0.031187212552914376,-0.011000000000002785
NASCAR_2022_5181_dixie_vodka_400,NASCAR,2022,5181_dixie_vodka_400,Joe Gibbs Racing,-0.3675392951127385,-0.17899999999999494
NASCAR_2022_5181_dixie_vodka_400,NASCAR,2022,5181_dixie_vodka_400,Kaulig Racing,-0.31391924073065036,-0.12600000000000477
NASCAR_2022_5181_dixie_vodka_400,NASCAR,2022,5181_dixie_vodka_400,Live Fast Motorsports,1.9656652828349848,0.7435000000000045
NASCAR_2022_5181_dixie_vodka_400,NASCAR,2022,5181_dixie_vodka_400,Petty GMS,0.5908953315341102,0.23449999999999704
NASCAR_2022_5181_dixie_vodka_400,NASCAR,2022,5181_dixie_vodka_400,RFK Racing,-0.1864798331435239,-0.08774999999999622
NASCAR_2022_5181_dixie_vodka_400,NASCAR,2022,5181_dixie_vodka_400,Richard Childress Racing,-0.405080799130594,-0.16250000000000142
NASCAR_2022_5181_dixie_vodka_400,NASCAR,2022,5181_dixie_vodka_400,Rick Ware Racing,1.6149551898292862,0.5992500000000014
NASCAR_2022_5181_dixie_vodka_400,NASCAR,2022,5181_dixie_vodka_400,Spire Motorsports,0.6200314392516552,0.24349999999999739
NASCAR_2022_5181_dixie_vodka_400,NASCAR,2022,5181_dixie_vodka_400,Stewart-Haas Racing,0.11853092947723903,0.05075000000000429
NASCAR_2022_5181_dixie_vodka_400,NASCAR,2022,5181_dixie_vodka_400,Team Penske,-0.18235292374888917,-0.08800000000000097
NASCAR_2022_5181_dixie_vodka_400,NASCAR,2022,5181_dixie_vodka_400,TrackHouse Racing,-0.42066885312007224,-0.18249999999999744
NASCAR_2022_5181_dixie_vodka_400,NASCAR,2022,5181_dixie_vodka_400,Wood Brothers Racing,0.23300934021637448,0.10499999999999687
NASCAR_2022_5182_xfinity_500,NASCAR,2022,5182_xfinity_500,23XI Racing,-0.03479512924468088,-0.008500000000001506
NASCAR_2022_5182_xfinity_500,NASCAR,2022,5182_xfinity_500,Front Row Motorsports,0.12760573240622902,0.03399999999999892
NASCAR_2022_5182_xfinity_500,NASCAR,2022,5182_xfinity_500,Hendrick Motorsports,-0.18602701367668872,-0.05099999999999838
NASCAR_2022_5182_xfinity_500,NASCAR,2022,5182_xfinity_500,JTG Daugherty Racing,0.2832541702158523,0.06199999999999939
NASCAR_2022_5182_xfinity_500,NASCAR,2022,5182_xfinity_500,Joe Gibbs Racing,-0.2175564477629453,-0.05200000000000138
NASCAR_2022_5182_xfinity_500,NASCAR,2022,5182_xfinity_500,Kaulig Racing,0.539176015651565,0.10749999999999815
NASCAR_2022_5182_xfinity_500,NASCAR,2022,5182_xfinity_500,Live Fast Motorsports,1.679081841649729,0.3000000000000007
NASCAR_2022_5182_xfinity_500,NASCAR,2022,5182_xfinity_500,Petty GMS,0.40518444159464984,0.08625000000000149
NASCAR_2022_5182_xfinity_500,NASCAR,2022,5182_xfinity_500,RFK Racing,-0.028976923076871115,-0.006999999999997897
NASCAR_2022_5182_xfinity_500,NASCAR,2022,5182_xfinity_500,Richard Childress Racing,-0.007090543197775497,-0.0010000000000012221
NASCAR_2022_5182_xfinity_500,NASCAR,2022,5182_xfinity_500,Rick Ware Racing,1.0349609199741376,0.2120000000000033
NASCAR_2022_5182_xfinity_500,NASCAR,2022,5182_xfinity_500,Spire Motorsports,0.33802226910804467,0.07125000000000092
NASCAR_2022_5182_xfinity_500,NASCAR,2022,5182_xfinity_500,Stewart-Haas Racing,-0.2728082293888749,-0.06499999999999773
NASCAR_2022_5182_xfinity_500,NASCAR,2022,5182_xfinity_500,Team Penske,-0.1718522764336775,-0.04449999999999932
NASCAR_2022_5182_xfinity_500,NASCAR,2022,5182_xfinity_500,TrackHouse Racing,-0.26109107049877756,-0.06199999999999761
NASCAR_2022_5182_xfinity_500,NASCAR,2022,5182_xfinity_500,Wood Brothers Racing,-0.08955504203564585,-0.021999999999998465
NASCAR_2022_5183_nascar_cup_series_championship,NASCAR,2022,5183_nascar_cup_series_championship,23XI Racing,0.05068592180979639,0.02499999999999858
NASCAR_2022_5183_nascar_cup_series_championship,NASCAR,2022,5183_nascar_cup_series_championship,Front Row Motorsports,0.6520303949894866,0.2554999999999996
NASCAR_2022_5183_nascar_cup_series_championship,NASCAR,2022,5183_nascar_cup_series_championship,Hendrick Motorsports,-0.3508678706847518,-0.16499999999999915
NASCAR_2022_5183_nascar_cup_series_championship,NASCAR,2022,5183_nascar_cup_series_championship,JTG Daugherty Racing,1.3639871157608212,0.5189999999999984
NASCAR_2022_5183_nascar_cup_series_championship,NASCAR,2022,5183_nascar_cup_series_championship,Joe Gibbs Racing,-0.2945110233503574,-0.13700000000000045
NASCAR_2022_5183_nascar_cup_series_championship,NASCAR,2022,5183_nascar_cup_series_championship,Kaulig Racing,0.08038812246011477,0.04899999999999949
NASCAR_2022_5183_nascar_cup_series_championship,NASCAR,2022,5183_nascar_cup_series_championship,Live Fast Motorsports,1.3021097823036187,0.48499999999999943
NASCAR_2022_5183_nascar_cup_series_championship,NASCAR,2022,5183_nascar_cup_series_championship,Petty GMS,0.16181933359588874,0.07774999999999999
NASCAR_2022_5183_nascar_cup_series_championship,NASCAR,2022,5183_nascar_cup_series_championship,RFK Racing,0.3198317089110165,0.13250000000000028
NASCAR_2022_5183_nascar_cup_series_championship,NASCAR,2022,5183_nascar_cup_series_championship,Richard Childress Racing,-0.030564928844777812,-0.01699999999999946
NASCAR_2022_5183_nascar_cup_series_championship,NASCAR,2022,5183_nascar_cup_series_championship,Rick Ware Racing,1.4681223408472905,0.5765000000000011
NASCAR_2022_5183_nascar_cup_series_championship,NASCAR,2022,5183_nascar_cup_series_championship,Spire Motorsports,0.435571916204962,0.1755000000000031
NASCAR_2022_5183_nascar_cup_series_championship,NASCAR,2022,5183_nascar_cup_series_championship,Stewart-Haas Racing,-0.23585115231168907,-0.11000000000000121
NASCAR_2022_5183_nascar_cup_series_championship,NASCAR,2022,5183_nascar_cup_series_championship,Team Penske,-0.4459070079067824,-0.19900000000000162
NASCAR_2022_5183_nascar_cup_series_championship,NASCAR,2022,5183_nascar_cup_series_championship,TrackHouse Racing,-0.005703985196144985,-0.002000000000000668
NASCAR_2022_5183_nascar_cup_series_championship,NASCAR,2022,5183_nascar_cup_series_championship,Wood Brothers Racing,0.08757310990996109,0.04800000000000182
NASCAR_2023_5259_busch_light_clash_at_the_coliseum,NASCAR,2023,5259_busch_light_clash_at_the_coliseum,23XI Racing,-0.307534687182738,-0.06350000000000122
NASCAR_2023_5259_busch_light_clash_at_the_coliseum,NASCAR,2023,5259_busch_light_clash_at_the_coliseum,Front Row Motorsports,0.33136544279293634,0.0829999999999993
NASCAR_2023_5259_busch_light_clash_at_the_coliseum,NASCAR,2023,5259_busch_light_clash_at_the_coliseum,Hendrick Motorsports,-0.049459554174946706,-0.009000000000000341
NASCAR_2023_5259_busch_light_clash_at_the_coliseum,NASCAR,2023,5259_busch_light_clash_at_the_coliseum,Joe Gibbs Racing,-0.10802615951139288,-0.02349999999999941
NASCAR_2023_5259_busch_light_clash_at_the_coliseum,NASCAR,2023,5259_busch_light_clash_at_the_coliseum,Kaulig Racing,0.16416430088107803,0.041999999999999815
NASCAR_2023_5259_busch_light_clash_at_the_coliseum,NASCAR,2023,5259_busch_light_clash_at_the_coliseum,Legacy Motor Club,0.0697689197847114,0.01550000000000118
NASCAR_2023_5259_busch_light_clash_at_the_coliseum,NASCAR,2023,5259_busch_light_clash_at_the_coliseum,Richard Childress Racing,-0.456335961482055,-0.0990000000000002
NASCAR_2023_5259_busch_light_clash_at_the_coliseum,NASCAR,2023,5259_busch_light_clash_at_the_coliseum,Stewart-Haas Racing,0.06528938390435196,0.01750000000000007
NASCAR_2023_5259_busch_light_clash_at_the_coliseum,NASCAR,2023,5259_busch_light_clash_at_the_coliseum,Team Penske,0.10947444271771758,0.025249999999999773
NASCAR_2023_5259_busch_light_clash_at_the_coliseum,NASCAR,2023,5259_busch_light_clash_at_the_coliseum,TrackHouse Racing,0,0
NASCAR_2023_5266_bluegreen_vacations_duel_1_at_daytona,NASCAR,2023,5266_bluegreen_vacations_duel_1_at_daytona,23XI Racing,0.037306515769513104,0.004750000000001364
NASCAR_2023_5266_bluegreen_vacations_duel_1_at_daytona,NASCAR,2023,5266_bluegreen_vacations_duel_1_at_daytona,Front Row Motorsports,-0.06308852300577403,-0.007500000000000284
NASCAR_2023_5266_bluegreen_vacations_duel_1_at_daytona,NASCAR,2023,5266_bluegreen_vacations_duel_1_at_daytona,Hendrick Motorsports,-0.06288369136420449,-0.011499999999998067
NASCAR_2023_5266_bluegreen_vacations_duel_1_at_daytona,NASCAR,2023,5266_bluegreen_vacations_duel_1_at_daytona,JTG Daugherty Racing,0.0046391059458223876,7.500000000000284e-4
NASCAR_2023_5266_bluegreen_vacations_duel_1_at_daytona,NASCAR,2023,5266_bluegreen_vacations_duel_1_at_daytona,Joe Gibbs Racing,0.10901083831438134,0.018499999999995964
NASCAR_2023_5266_bluegreen_vacations_duel_1_at_daytona,NASCAR,2023,5266_bluegreen_vacations_duel_1_at_daytona,Kaulig Racing,-0.05807780622887382,-0.009000000000000341
NASCAR_2023_5266_bluegreen_vacations_duel_1_at_daytona,NASCAR,2023,5266_bluegreen_vacations_duel_1_at_daytona,Legacy Motor Club,-0.031842356718778074,-0.005750000000002586
NASCAR_2023_5266_bluegreen_vacations_duel_1_at_daytona,NASCAR,2023,5266_bluegreen_vacations_duel_1_at_daytona,RFK Racing,0.0072587662600109865,7.500000000000284e-4
NASCAR_2023_5266_bluegreen_vacations_duel_1_at_daytona,NASCAR,2023,5266_bluegreen_vacations_duel_1_at_daytona,Richard Childress Racing,-0.06636570467180271,-0.017500000000001847
NASCAR_2023_5266_bluegreen_vacations_duel_1_at_daytona,NASCAR,2023,5266_bluegreen_vacations_duel_1_at_daytona,Rick Ware Racing,0.9253855585563608,0.2010000000000005
NASCAR_2023_5266_bluegreen_vacations_duel_1_at_daytona,NASCAR,2023,5266_bluegreen_vacations_duel_1_at_daytona,Spire Motorsports,0,0
NASCAR_2023_5266_bluegreen_vacations_duel_1_at_daytona,NASCAR,2023,5266_bluegreen_vacations_duel_1_at_daytona,Stewart-Haas Racing,0,0
NASCAR_2023_5266_bluegreen_vacations_duel_1_at_daytona,NASCAR,2023,5266_bluegreen_vacations_duel_1_at_daytona,Team Penske,0.015180730112692916,0.0042500000000025295
NASCAR_2023_5266_bluegreen_vacations_duel_1_at_daytona,NASCAR,2023,5266_bluegreen_vacations_duel_1_at_daytona,TrackHouse Racing,0,0
NASCAR_2023_5266_bluegreen_vacations_duel_1_at_daytona,NASCAR,2023,5266_bluegreen_vacations_duel_1_at_daytona,Wood Brothers Racing,0,0
NASCAR_2023_5267_bluegreen_vacations_duel_2_at_daytona,NASCAR,2023,5267_bluegreen_vacations_duel_2_at_daytona,23XI Racing,0.030893832718484907,0.0030000000000001137
NASCAR_2023_5267_bluegreen_vacations_duel_2_at_daytona,NASCAR,2023,5267_bluegreen_vacations_duel_2_at_daytona,Beard Motorsports,0,0
NASCAR_2023_5267_bluegreen_vacations_duel_2_at_daytona,NASCAR,2023,5267_bluegreen_vacations_duel_2_at_daytona,Front Row Motorsports,-0.07303467684801837,-0.0045000000000001705
NASCAR_2023_5267_bluegreen_vacations_duel_2_at_daytona,NASCAR,2023,5267_bluegreen_vacations_duel_2_at_daytona,Hendrick Motorsports,0.008595300911291927,0.0010000000000012221
NASCAR_2023_5267_bluegreen_vacations_duel_2_at_daytona,NASCAR,2023,5267_bluegreen_vacations_duel_2_at_daytona,Joe Gibbs Racing,0.0013500646464588344,2.49999999997641e-4
NASCAR_2023_5267_bluegreen_vacations_duel_2_at_daytona,NASCAR,2023,5267_bluegreen_vacations_duel_2_at_daytona,Kaulig Racing,0.10143119778691098,0.021000000000000796
NASCAR_2023_5267_bluegreen_vacations_duel_2_at_daytona,NASCAR,2023,5267_bluegreen_vacations_duel_2_at_daytona,Legacy Motor Club,0,0
NASCAR_2023_5267_bluegreen_vacations_duel_2_at_daytona,NASCAR,2023,5267_bluegreen_vacations_duel_2_at_daytona,Live Fast Motorsports,1.2378362189688148,0.20499999999999474
NASCAR_2023_5267_bluegreen_vacations_duel_2_at_daytona,NASCAR,2023,5267_bluegreen_vacations_duel_2_at_daytona,RFK Racing,-0.04057732627485541,-0.008500000000001506
NASCAR_2023_5267_bluegreen_vacations_duel_2_at_daytona,NASCAR,2023,5267_bluegreen_vacations_duel_2_at_daytona,Richard Childress Racing,-0.02523883512896384,-0.004999999999999005
NASCAR_2023_5267_bluegreen_vacations_duel_2_at_daytona,NASCAR,2023,5267_bluegreen_vacations_duel_2_at_daytona,Rick Ware Racing,0.0526241484903813,0.010000000000001563
NASCAR_2023_5267_bluegreen_vacations_duel_2_at_daytona,NASCAR,2023,5267_bluegreen_vacations_duel_2_at_daytona,Spire Motorsports,0.02012779678505972,0.0030000000000001137
NASCAR_2023_5267_bluegreen_vacations_duel_2_at_daytona,NASCAR,2023,5267_bluegreen_vacations_duel_2_at_daytona,Stewart-Haas Racing,-0.016647548073903097,-0.0030000000000001137
NASCAR_2023_5267_bluegreen_vacations_duel_2_at_daytona,NASCAR,2023,5267_bluegreen_vacations_duel_2_at_daytona,TMT Racing,1.6921350882183215,0.13400000000000034
NASCAR_2023_5267_bluegreen_vacations_duel_2_at_daytona,NASCAR,2023,5267_bluegreen_vacations_duel_2_at_daytona,Team Penske,-0.016293732351370983,-0.0030000000000001137
NASCAR_2023_5267_bluegreen_vacations_duel_2_at_daytona,NASCAR,2023,5267_bluegreen_vacations_duel_2_at_daytona,TrackHouse Racing,-0.10534998746091544,-0.007999999999995566
NASCAR_2023_5268_daytona_500,NASCAR,2023,5268_daytona_500,23XI Racing,-0.040810176249699334,-0.008749999999999147
NASCAR_2023_5268_daytona_500,NASCAR,2023,5268_daytona_500,Front Row Motorsports,0.010594122137933941,0.003999999999997783
NASCAR_2023_5268_daytona_500,NASCAR,2023,5268_daytona_500,Hendrick Motorsports,0.002251452136431089,0.0010000000000012221
NASCAR_2023_5268_daytona_500,NASCAR,2023,5268_daytona_500,JTG Daugherty Racing,-0.023054867433408385,-0.010499999999996845
NASCAR_2023_5268_daytona_500,NASCAR,2023,5268_daytona_500,Joe Gibbs Racing,-0.008775460851505917,-0.0030000000000001137
NASCAR_2023_5268_daytona_500,NASCAR,2023,5268_daytona_500,Kaulig Racing,0,0
NASCAR_2023_5268_daytona_500,NASCAR,2023,5268_daytona_500,Legacy Motor Club,-0.0024237193406801746,-5.000000000023874e-4
NASCAR_2023_5268_daytona_500,NASCAR,2023,5268_daytona_500,Live Fast Motorsports,0.5126589954263067,0.05999999999999517
NASCAR_2023_5268_daytona_500,NASCAR,2023,5268_daytona_500,RFK Racing,-0.0356671178756643,-0.01799999999999713
NASCAR_2023_5268_daytona_500,NASCAR,2023,5268_daytona_500,Richard Childress Racing,-0.02204503063007011,-0.007500000000000284
NASCAR_2023_5268_daytona_500,NASCAR,2023,5268_daytona_500,Rick Ware Racing,0.10926870595350192,0.023999999999997357
NASCAR_2023_5268_daytona_500,NASCAR,2023,5268_daytona_500,Spire Motorsports,0.03743050894335662,0.008999999999996788
NASCAR_2023_5268_daytona_500,NASCAR,2023,5268_daytona_500,Stewart-Haas Racing,-0.008152320966754147,-0.0015000000000000568
NASCAR_2023_5268_daytona_500,NASCAR,2023,5268_daytona_500,TMT Racing,0.9760733272619434,0.17600000000000193
NASCAR_2023_5268_daytona_500,NASCAR,2023,5268_daytona_500,Team Penske,0,0
NASCAR_2023_5268_daytona_500,NASCAR,2023,5268_daytona_500,Trackhouse Racing,0.06618479271911391,0.01899999999999835
NASCAR_2023_5268_daytona_500,NASCAR,2023,5268_daytona_500,Wood Brothers Racing,0.029398334479037516,0.003999999999997783
NASCAR_2023_5269_pala_casino_400,NASCAR,2023,5269_pala_casino_400,23XI Racing,0,0
NASCAR_2023_5269_pala_casino_400,NASCAR,2023,5269_pala_casino_400,Front Row Motorsports,0.2613060762483148,0.22775000000000034
NASCAR_2023_5269_pala_casino_400,NASCAR,2023,5269_pala_casino_400,Hendrick Motorsports,-0.23475857732220998,-0.21099999999999852
NASCAR_2023_5269_pala_casino_400,NASCAR,2023,5269_pala_casino_400,JTG Daugherty Racing,-0.12239664752804999,-0.10199999999999676
NASCAR_2023_5269_pala_casino_400,NASCAR,2023,5269_pala_casino_400,Joe Gibbs Racing,-0.13284664688322825,-0.11774999999999736
NASCAR_2023_5269_pala_casino_400,NASCAR,2023,5269_pala_casino_400,Kaulig Racing,0.13008097441632901,0.1075000000000017
NASCAR_2023_5269_pala_casino_400,NASCAR,2023,5269_pala_casino_400,Legacy Motor Club,0.12544371275122146,0.11824999999999974
NASCAR_2023_5269_pala_casino_400,NASCAR,2023,5269_pala_casino_400,Live Fast Motorsports,0.5833909852759657,0.4674999999999976
NASCAR_2023_5269_pala_casino_400,NASCAR,2023,5269_pala_casino_400,RFK Racing,-0.09587463367739109,-0.09450000000000358
NASCAR_2023_5269_pala_casino_400,NASCAR,2023,5269_pala_casino_400,Richard Childress Racing,-0.25775672660210963,-0.2532500000000013
NASCAR_2023_5269_pala_casino_400,NASCAR,2023,5269_pala_casino_400,Rick Ware Racing,1.0327010967397683,0.9810000000000016
NASCAR_2023_5269_pala_casino_400,NASCAR,2023,5269_pala_casino_400,Spire Motorsports,0.060519716860365,0.043250000000000455
NASCAR_2023_5269_pala_casino_400,NASCAR,2023,5269_pala_casino_400,Stewart-Haas Racing,0.05002756139614773,0.04800000000000182
NASCAR_2023_5269_pala_casino_400,NASCAR,2023,5269_pala_casino_400,Team Penske,-0.03459999478098021,-0.02424999999999855
NASCAR_2023_5269_pala_casino_400,NASCAR,2023,5269_pala_casino_400,Trackhouse Racing,-0.4945204027076856,-0.4170000000000016
NASCAR_2023_5269_pala_casino_400,NASCAR,2023,5269_pala_casino_400,Wood Brothers Racing,0.27074642426693485,0.2322500000000005
NASCAR_2023_5270_pennzoil_400,NASCAR,2023,5270_pennzoil_400,23XI Racing,-0.2711026217662144,-0.14250000000000185
NASCAR_2023_5270_pennzoil_400,NASCAR,2023,5270_pennzoil_400,Front Row Motorsports,0.3621571493940454,0.1664999999999992
NASCAR_2023_5270_pennzoil_400,NASCAR,2023,5270_pennzoil_400,Hendrick Motorsports,-0.3710773380867137,-0.2132499999999986
NASCAR_2023_5270_pennzoil_400,NASCAR,2023,5270_pennzoil_400,JTG Daugherty Racing,0.19094251425781855,0.08474999999999788
NASCAR_2023_5270_pennzoil_400,NASCAR,2023,5270_pennzoil_400,Joe Gibbs Racing,-0.2101865200158494,-0.13149999999999906
NASCAR_2023_5270_pennzoil_400,NASCAR,2023,5270_pennzoil_400,Kaulig Racing,-0.014080213241360235,-0.007750000000001478
NASCAR_2023_5270_pennzoil_400,NASCAR,2023,5270_pennzoil_400,Legacy Motor Club,0.032309033105763454,0.01899999999999835
NASCAR_2023_5270_pennzoil_400,NASCAR,2023,5270_pennzoil_400,Live Fast Motorsports,1.5076984496309558,0.5852500000000003
NASCAR_2023_5270_pennzoil_400,NASCAR,2023,5270_pennzoil_400,RFK Racing,0.0026624398240939714,9.999999999994458e-4
NASCAR_2023_5270_pennzoil_400,NASCAR,2023,5270_pennzoil_400,Richard Childress Racing,0.02088680470150391,0.017499999999998295
NASCAR_2023_5270_pennzoil_400,NASCAR,2023,5270_pennzoil_400,Rick Ware Racing,2.04845548063047,0.9327499999999986
NASCAR_2023_5270_pennzoil_400,NASCAR,2023,5270_pennzoil_400,Spire Motorsports,0.4605598989035165,0.25
NASCAR_2023_5270_pennzoil_400,NASCAR,2023,5270_pennzoil_400,Stewart-Haas Racing,0.07566926096075596,0.04400000000000048
NASCAR_2023_5270_pennzoil_400,NASCAR,2023,5270_pennzoil_400,Team Penske,-0.02448242791386114,-0.011499999999998067
NASCAR_2023_5270_pennzoil_400,NASCAR,2023,5270_pennzoil_400,Trackhouse Racing,-0.2387742280242654,-0.12700000000000244
NASCAR_2023_5270_pennzoil_400,NASCAR,2023,5270_pennzoil_400,Wood Brothers Racing,0.6207777492869712,0.2787499999999987
NASCAR_2023_5271_united_rentals_work_united_500,NASCAR,2023,5271_united_rentals_work_united_500,23XI Racing,-0.25707702751706846,-0.08549999999999969
NASCAR_2023_5271_united_rentals_work_united_500,NASCAR,2023,5271_united_rentals_work_united_500,Front Row Motorsports,0.20500549088263886,0.057000000000000384
NASCAR_2023_5271_united_rentals_work_united_500,NASCAR,2023,5271_united_rentals_work_united_500,Hendrick Motorsports,-0.32054581641703894,-0.10000000000000142
NASCAR_2023_5271_united_rentals_work_united_500,NASCAR,2023,5271_united_rentals_work_united_500,JTG Daugherty Racing,0.2861565422752491,0.07850000000000001
NASCAR_2023_5271_united_rentals_work_united_500,NASCAR,2023,5271_united_rentals_work_united_500,Joe Gibbs Racing,-0.2375823764488955,-0.0799999999999983
NASCAR_2023_5271_united_rentals_work_united_500,NASCAR,2023,5271_united_rentals_work_united_500,Kaulig Racing,0.4390798081181314,0.12249999999999872
NASCAR_2023_5271_united_rentals_work_united_500,NASCAR,2023,5271_united_rentals_work_united_500,Legacy Motor Club,0.35188444193283575,0.09600000000000009
NASCAR_2023_5271_united_rentals_work_united_500,NASCAR,2023,5271_united_rentals_work_united_500,Live Fast Motorsports,2.392054643629584,0.6295000000000002
NASCAR_2023_5271_united_rentals_work_united_500,NASCAR,2023,5271_united_rentals_work_united_500,RFK Racing,-0.3075620871174784,-0.09625000000000128
NASCAR_2023_5271_united_rentals_work_united_500,NASCAR,2023,5271_united_rentals_work_united_500,Richard Childress Racing,0.015973498423262046,0.006000000000000227
NASCAR_2023_5271_united_rentals_work_united_500,NASCAR,2023,5271_united_rentals_work_united_500,Rick Ware Racing,1.6375422819950256,0.42600000000000193
NASCAR_2023_5271_united_rentals_work_united_500,NASCAR,2023,5271_united_rentals_work_united_500,Spire Motorsports,0.676323913716912,0.18100000000000094
NASCAR_2023_5271_united_rentals_work_united_500,NASCAR,2023,5271_united_rentals_work_united_500,Stewart-Haas Racing,-0.13053496991563412,-0.04400000000000048
NASCAR_2023_5271_united_rentals_work_united_500,NASCAR,2023,5271_united_rentals_work_united_500,Team Penske,-0.04925268630761375,-0.015499999999999403
NASCAR_2023_5271_united_rentals_work_united_500,NASCAR,2023,5271_united_rentals_work_united_500,Trackhouse Racing,-0.2469623059796169,-0.07900000000000063
NASCAR_2023_5271_united_rentals_work_united_500,NASCAR,2023,5271_united_rentals_work_united_500,Wood Brothers Racing,0.8265357022358769,0.2079999999999984
NASCAR_2023_5272_ambetter_health_400,NASCAR,2023,5272_ambetter_health_400,23XI Racing,0.13812342353827717,0.023000000000001464
NASCAR_2023_5272_ambetter_health_400,NASCAR,2023,5272_ambetter_health_400,Front Row Motorsports,0.04003261990544529,0.009000000000000341
NASCAR_2023_5272_ambetter_health_400,NASCAR,2023,5272_ambetter_health_400,Hendrick Motorsports,-0.02318298541850095,-0.00549999999999784
NASCAR_2023_5272_ambetter_health_400,NASCAR,2023,5272_ambetter_health_400,JTG Daugherty Racing,-0.016842710289755442,-0.005500000000001393
NASCAR_2023_5272_ambetter_health_400,NASCAR,2023,5272_ambetter_health_400,Joe Gibbs Racing,-0.021682693461345836,-0.003249999999999531
NASCAR_2023_5272_ambetter_health_400,NASCAR,2023,5272_ambetter_health_400,Kaulig Racing,-0.023945086045441943,-0.004999999999999005
NASCAR_2023_5272_ambetter_health_400,NASCAR,2023,5272_ambetter_health_400,Legacy Motor Club,-0.013519170413397182,-0.0020000000000024443
NASCAR_2023_5272_ambetter_health_400,NASCAR,2023,5272_ambetter_health_400,Live Fast Motorsports,0.8543008472703417,0.18200000000000216
NASCAR_2023_5272_ambetter_health_400,NASCAR,2023,5272_ambetter_health_400,RFK Racing,-0.07728580882758462,-0.014250000000002316
NASCAR_2023_5272_ambetter_health_400,NASCAR,2023,5272_ambetter_health_400,Richard Childress Racing,0,0
NASCAR_2023_5272_ambetter_health_400,NASCAR,2023,5272_ambetter_health_400,Rick Ware Racing,0.9993642216928854,0.20349999999999824
NASCAR_2023_5272_ambetter_health_400,NASCAR,2023,5272_ambetter_health_400,Spire Motorsports,0,0
NASCAR_2023_5272_ambetter_health_400,NASCAR,2023,5272_ambetter_health_400,Stewart-Haas Racing,-0.03330162088939936,-0.009000000000000341
NASCAR_2023_5272_ambetter_health_400,NASCAR,2023,5272_ambetter_health_400,Team Penske,-0.03106588932518509,-0.006000000000000227
NASCAR_2023_5272_ambetter_health_400,NASCAR,2023,5272_ambetter_health_400,Trackhouse Racing,-0.022916743507289877,-0.004999999999999005
NASCAR_2023_5272_ambetter_health_400,NASCAR,2023,5272_ambetter_health_400,Wood Brothers Racing,0.03722668759452455,0.009499999999995623
NASCAR_2023_5273_echopark_automotive_grand_prix,NASCAR,2023,5273_echopark_automotive_grand_prix,23XI Racing,-0.4884034961150667,-1.0405000000000086
NASCAR_2023_5273_echopark_automotive_grand_prix,NASCAR,2023,5273_echopark_automotive_grand_prix,Front Row Motorsports,-0.06665273400964143,-0.1745000000000232
NASCAR_2023_5273_echopark_automotive_grand_prix,NASCAR,2023,5273_echopark_automotive_grand_prix,Hendrick Motorsports,-0.2898591328201297,-0.5887500000000045
NASCAR_2023_5273_echopark_automotive_grand_prix,NASCAR,2023,5273_echopark_automotive_grand_prix,JTG Daugherty Racing,-0.015477334364496134,-0.037499999999994316
NASCAR_2023_5273_echopark_automotive_grand_prix,NASCAR,2023,5273_echopark_automotive_grand_prix,Joe Gibbs Racing,-0.04821117154744297,-0.13100000000000023
NASCAR_2023_5273_echopark_automotive_grand_prix,NASCAR,2023,5273_echopark_automotive_grand_prix,Kaulig Racing,-0.005059146329103169,-0.020499999999984198
NASCAR_2023_5273_echopark_automotive_grand_prix,NASCAR,2023,5273_echopark_automotive_grand_prix,Legacy Motor Club,0.0494999186398563,0.10450000000000159
NASCAR_2023_5273_echopark_automotive_grand_prix,NASCAR,2023,5273_echopark_automotive_grand_prix,Live Fast Motorsports,0.5553913661607646,1.2707500000000067
NASCAR_2023_5273_echopark_automotive_grand_prix,NASCAR,2023,5273_echopark_automotive_grand_prix,RFK Racing,0.006791004466375067,0.016999999999995907
NASCAR_2023_5273_echopark_automotive_grand_prix,NASCAR,2023,5273_echopark_automotive_grand_prix,Richard Childress Racing,-0.1791947174753128,-0.3464999999999918
NASCAR_2023_5273_echopark_automotive_grand_prix,NASCAR,2023,5273_echopark_automotive_grand_prix,Rick Ware Racing,0.61879569567225845,1.6882499999999965
NASCAR_2023_5273_echopark_automotive_grand_prix,NASCAR,2023,5273_echopark_automotive_grand_prix,Spire Motorsports,0.08706759786092569,0.21250000000000568
NASCAR_2023_5273_echopark_automotive_grand_prix,NASCAR,2023,5273_echopark_automotive_grand_prix,Stewart-Haas Racing,0.058807400254824005,0.1815000000000282
NASCAR_2023_5273_echopark_automotive_grand_prix,NASCAR,2023,5273_echopark_automotive_grand_prix,TMT Racing,1.0070543197871054,2.2477500000000106
NASCAR_2023_5273_echopark_automotive_grand_prix,NASCAR,2023,5273_echopark_automotive_grand_prix,Team Penske,0.061823732933496196,0.1317499999999967
NASCAR_2023_5273_echopark_automotive_grand_prix,NASCAR,2023,5273_echopark_automotive_grand_prix,Trackhouse Racing,-0.1471468621546337,-0.48399999999998045
NASCAR_2023_5273_echopark_automotive_grand_prix,NASCAR,2023,5273_echopark_automotive_grand_prix,Wood Brothers Racing,0.6388947062816002,1.7989999999999924
NASCAR_2023_5274_toyota_owners_400,NASCAR,2023,5274_toyota_owners_400,23XI Racing,-0.01962449599309255,-0.008249999999998536
NASCAR_2023_5274_toyota_owners_400,NASCAR,2023,5274_toyota_owners_400,Front Row Motorsports,0.07999446546050855,0.027000000000001023
NASCAR_2023_5274_toyota_owners_400,NASCAR,2023,5274_toyota_owners_400,Hendrick Motorsports,-0.3678048419877988,-0.1490000000000009
NASCAR_2023_5274_toyota_owners_400,NASCAR,2023,5274_toyota_owners_400,JTG Daugherty Racing,1.0819305352928614,0.31299999999999883
NASCAR_2023_5274_toyota_owners_400,NASCAR,2023,5274_toyota_owners_400,Joe Gibbs Racing,-0.424416462257744,-0.15500000000000114
NASCAR_2023_5274_toyota_owners_400,NASCAR,2023,5274_toyota_owners_400,Kaulig Racing,0.47748786774522056,0.15500000000000114
NASCAR_2023_5274_toyota_owners_400,NASCAR,2023,5274_toyota_owners_400,Legacy Motor Club,0.5680192884657578,0.17874999999999552
NASCAR_2023_5274_toyota_owners_400,NASCAR,2023,5274_toyota_owners_400,Live Fast Motorsports,0.8837144731607789,0.27699999999999925
NASCAR_2023_5274_toyota_owners_400,NASCAR,2023,5274_toyota_owners_400,RFK Racing,-0.29901978340020774,-0.10950000000000237
NASCAR_2023_5274_toyota_owners_400,NASCAR,2023,5274_toyota_owners_400,Richard Childress Racing,0.05522512722435062,0.018000000000000682
NASCAR_2023_5274_toyota_owners_400,NASCAR,2023,5274_toyota_owners_400,Rick Ware Racing,1.3580287831229954,0.41350000000000087
NASCAR_2023_5274_toyota_owners_400,NASCAR,2023,5274_toyota_owners_400,Spire Motorsports,0.5357832004010131,0.16724999999999923
NASCAR_2023_5274_toyota_owners_400,NASCAR,2023,5274_toyota_owners_400,Stewart-Haas Racing,-0.18477907826652215,-0.0730000000000004
NASCAR_2023_5274_toyota_owners_400,NASCAR,2023,5274_toyota_owners_400,Team Penske,-0.02684303606178469,-0.010999999999999233
NASCAR_2023_5274_toyota_owners_400,NASCAR,2023,5274_toyota_owners_400,Trackhouse Racing,-0.3240930005210031,-0.11749999999999972
NASCAR_2023_5274_toyota_owners_400,NASCAR,2023,5274_toyota_owners_400,Wood Brothers Racing,0.30985594501520525,0.0990000000000002
NASCAR_2023_5275_noco_400,NASCAR,2023,5275_noco_400,23XI Racing,-0.36192690628053376,-0.07499999999999574
NASCAR_2023_5275_noco_400,NASCAR,2023,5275_noco_400,Front Row Motorsports,0.04400998606393751,0.010000000000001563
NASCAR_2023_5275_noco_400,NASCAR,2023,5275_noco_400,Hendrick Motorsports,-0.17801197498017818,-0.03900000000000148
NASCAR_2023_5275_noco_400,NASCAR,2023,5275_noco_400,JTG Daugherty Racing,-0.007384347783243486,-0.0014999999999982805
NASCAR_2023_5275_noco_400,NASCAR,2023,5275_noco_400,Joe Gibbs Racing,-0.22156013451232773,-0.050499999999999545
NASCAR_2023_5275_noco_400,NASCAR,2023,5275_noco_400,Kaulig Racing,0.04348754096483988,0.008499999999997954
NASCAR_2023_5275_noco_400,NASCAR,2023,5275_noco_400,Legacy Motor Club,0.40424691032239835,0.07649999999999935
NASCAR_2023_5275_noco_400,NASCAR,2023,5275_noco_400,Live Fast Motorsports,1.1562762520970677,0.2057500000000001
NASCAR_2023_5275_noco_400,NASCAR,2023,5275_noco_400,RFK Racing,-0.04468587299586358,-0.010000000000001563
NASCAR_2023_5275_noco_400,NASCAR,2023,5275_noco_400,Richard Childress Racing,0.05605236485114441,0.011499999999998067
NASCAR_2023_5275_noco_400,NASCAR,2023,5275_noco_400,Rick Ware Racing,1.0412170173743331,0.19625000000000092
NASCAR_2023_5275_noco_400,NASCAR,2023,5275_noco_400,Spire Motorsports,0.46193070300703326,0.09050000000000047
NASCAR_2023_5275_noco_400,NASCAR,2023,5275_noco_400,Stewart-Haas Racing,-0.4877661929505207,-0.10824999999999996
NASCAR_2023_5275_noco_400,NASCAR,2023,5275_noco_400,Team Penske,0.08282413616731693,0.017749999999997712
NASCAR_2023_5275_noco_400,NASCAR,2023,5275_noco_400,Trackhouse Racing,-0.1311263073361077,-0.028750000000000497
NASCAR_2023_5275_noco_400,NASCAR,2023,5275_noco_400,Wood Brothers Racing,0.6522737084672291,0.134999999999998
NASCAR_2023_5280_food_city_dirt_race,NASCAR,2023,5280_food_city_dirt_race,23XI Racing,-0.3599466932723258,-0.13899999999999935
NASCAR_2023_5280_food_city_dirt_race,NASCAR,2023,5280_food_city_dirt_race,Front Row Motorsports,-0.12681522016676466,-0.05999999999999872
NASCAR_2023_5280_food_city_dirt_race,NASCAR,2023,5280_food_city_dirt_race,Hendrick Motorsports,-0.18988549542070352,-0.07899999999999885
NASCAR_2023_5280_food_city_dirt_race,NASCAR,2023,5280_food_city_dirt_race,JTG Daugherty Racing,-0.09864605407384433,-0.06199999999999939
NASCAR_2023_5280_food_city_dirt_race,NASCAR,2023,5280_food_city_dirt_race,Joe Gibbs Racing,-0.03765525154634927,-0.015499999999999403
NASCAR_2023_5280_food_city_dirt_race,NASCAR,2023,5280_food_city_dirt_race,Kaulig Racing,0.12218043392014653,0.04449999999999932
NASCAR_2023_5280_food_city_dirt_race,NASCAR,2023,5280_food_city_dirt_race,Legacy Motor Club,0.13362491691169107,0.054000000000002046
NASCAR_2023_5280_food_city_dirt_race,NASCAR,2023,5280_food_city_dirt_race,Live Fast Motorsports,0.7571102306985547,0.2289999999999992
NASCAR_2023_5280_food_city_dirt_race,NASCAR,2023,5280_food_city_dirt_race,RFK Racing,0.21795050844670247,0.0799999999999983
NASCAR_2023_5280_food_city_dirt_race,NASCAR,2023,5280_food_city_dirt_race,Richard Childress Racing,-0.786841174438752,-0.31874999999999964
NASCAR_2023_5280_food_city_dirt_race,NASCAR,2023,5280_food_city_dirt_race,Rick Ware Racing,0.4628955563773605,0.15600000000000236
NASCAR_2023_5280_food_city_dirt_race,NASCAR,2023,5280_food_city_dirt_race,Spire Motorsports,0.21907708925952596,0.06575000000000131
NASCAR_2023_5280_food_city_dirt_race,NASCAR,2023,5280_food_city_dirt_race,Stewart-Haas Racing,-0.15191614385583657,-0.07000000000000028
NASCAR_2023_5280_food_city_dirt_race,NASCAR,2023,5280_food_city_dirt_race,Team Penske,-0.14795842394748424,-0.06049999999999933
NASCAR_2023_5280_food_city_dirt_race,NASCAR,2023,5280_food_city_dirt_race,Trackhouse Racing,0.4294085953675515,0.1274999999999995
NASCAR_2023_5280_food_city_dirt_race,NASCAR,2023,5280_food_city_dirt_race,Wood Brothers Racing,0.28596808457409184,0.09850000000000136
NASCAR_2023_5281_geico_500,NASCAR,2023,5281_geico_500,23XI Racing,0,0
NASCAR_2023_5281_geico_500,NASCAR,2023,5281_geico_500,Beard Motorsports,0.03508029526550573,0.00999999999999801
NASCAR_2023_5281_geico_500,NASCAR,2023,5281_geico_500,Front Row Motorsports,0,0
NASCAR_2023_5281_geico_500,NASCAR,2023,5281_geico_500,Hendrick Motorsports,0.030923661650517013,0.006499999999999062
NASCAR_2023_5281_geico_500,NASCAR,2023,5281_geico_500,JTG Daugherty Racing,-0.02021037828094172,-0.0034999999999953957
NASCAR_2023_5281_geico_500,NASCAR,2023,5281_geico_500,Joe Gibbs Racing,0.015357020592359456,0.001999999999995339
NASCAR_2023_5281_geico_500,NASCAR,2023,5281_geico_500,Kaulig Racing,0,0
NASCAR_2023_5281_geico_500,NASCAR,2023,5281_geico_500,Legacy Motor Club,-0.03165406310690684,-0.006999999999997897
NASCAR_2023_5281_geico_500,NASCAR,2023,5281_geico_500,Live Fast Motorsports,0,0
NASCAR_2023_5281_geico_500,NASCAR,2023,5281_geico_500,RFK Racing,0,0
NASCAR_2023_5281_geico_500,NASCAR,2023,5281_geico_500,Richard Childress Racing,0.01012525297042342,0.0015000000000000568
NASCAR_2023_5281_geico_500,NASCAR,2023,5281_geico_500,Rick Ware Racing,-0.03550310414074867,-0.00399999999999423
NASCAR_2023_5281_geico_500,NASCAR,2023,5281_geico_500,Spire Motorsports,-0.02873794267993517,-0.0040000000000048885
NASCAR_2023_5281_geico_500,NASCAR,2023,5281_geico_500,Stewart-Haas Racing,-0.002391085294434246,-9.999999999976694e-4
NASCAR_2023_5281_geico_500,NASCAR,2023,5281_geico_500,Team Penske,0,0
NASCAR_2023_5281_geico_500,NASCAR,2023,5281_geico_500,Trackhouse Racing,0.01096380302441681,0.001999999999995339
NASCAR_2023_5281_geico_500,NASCAR,2023,5281_geico_500,Wood Brothers Racing,-0.06032818272041991,-0.014000000000002899
NASCAR_2023_5282_w_rth_400,NASCAR,2023,5282_w_rth_400,23XI Racing,-0.05118632177918228,-0.02400000000000091
NASCAR_2023_5282_w_rth_400,NASCAR,2023,5282_w_rth_400,Front Row Motorsports,0.16950955764257414,0.07125000000000092
NASCAR_2023_5282_w_rth_400,NASCAR,2023,5282_w_rth_400,Hendrick Motorsports,-0.10459356201139242,-0.0442499999999999
NASCAR_2023_5282_w_rth_400,NASCAR,2023,5282_w_rth_400,JTG Daugherty Racing,-0.14912808548083123,-0.06250000000000355
NASCAR_2023_5282_w_rth_400,NASCAR,2023,5282_w_rth_400,Joe Gibbs Racing,-0.377641051697879,-0.16400000000000148
NASCAR_2023_5282_w_rth_400,NASCAR,2023,5282_w_rth_400,Kaulig Racing,0.15174539999100706,0.06724999999999959
NASCAR_2023_5282_w_rth_400,NASCAR,2023,5282_w_rth_400,Legacy Motor Club,0.0032907501919271056,9.999999999976694e-4
NASCAR_2023_5282_w_rth_400,NASCAR,2023,5282_w_rth_400,Live Fast Motorsports,1.832729352840863,0.7932500000000005
NASCAR_2023_5282_w_rth_400,NASCAR,2023,5282_w_rth_400,RFK Racing,-0.2952677433589569,-0.12099999999999866
NASCAR_2023_5282_w_rth_400,NASCAR,2023,5282_w_rth_400,Richard Childress Racing,0.31300006209484893,0.11999999999999744
NASCAR_2023_5282_w_rth_400,NASCAR,2023,5282_w_rth_400,Rick Ware Racing,0.7372524306211401,0.2630000000000017
NASCAR_2023_5282_w_rth_400,NASCAR,2023,5282_w_rth_400,Spire Motorsports,-0.0048007891550936425,-0.0019999999999988916
NASCAR_2023_5282_w_rth_400,NASCAR,2023,5282_w_rth_400,Stewart-Haas Racing,0.27314853810144857,0.11099999999999888
NASCAR_2023_5282_w_rth_400,NASCAR,2023,5282_w_rth_400,Team Penske,-0.08274531338166068,-0.03149999999999764
NASCAR_2023_5282_w_rth_400,NASCAR,2023,5282_w_rth_400,Trackhouse Racing,-0.6056911427798679,-0.25200000000000244
NASCAR_2023_5282_w_rth_400,NASCAR,2023,5282_w_rth_400,Wood Brothers Racing,0.29697461131971054,0.11899999999999977
NASCAR_2023_5283_goodyear_400,NASCAR,2023,5283_goodyear_400,23XI Racing,-0.29070449076159915,-0.14999999999999858
NASCAR_2023_5283_goodyear_400,NASCAR,2023,5283_goodyear_400,Front Row Motorsports,0.2024095339298152,0.08049999999999713
NASCAR_2023_5283_goodyear_400,NASCAR,2023,5283_goodyear_400,Hendrick Motorsports,-0.2146812934521506,-0.11925000000000097
NASCAR_2023_5283_goodyear_400,NASCAR,2023,5283_goodyear_400,JTG Daugherty Racing,-0.23111009916661218,-0.12650000000000006
NASCAR_2023_5283_goodyear_400,NASCAR,2023,5283_goodyear_400,Joe Gibbs Racing,-0.15214816367167308,-0.08099999999999774
NASCAR_2023_5283_goodyear_400,NASCAR,2023,5283_goodyear_400,Kaulig Racing,0.6165759610018107,0.25649999999999906
NASCAR_2023_5283_goodyear_400,NASCAR,2023,5283_goodyear_400,Legacy Motor Club,0.18005693139725232,0.08599999999999852
NASCAR_2023_5283_goodyear_400,NASCAR,2023,5283_goodyear_400,Live Fast Motorsports,2.3211287751870455,0.9410000000000025
NASCAR_2023_5283_goodyear_400,NASCAR,2023,5283_goodyear_400,RFK Racing,4.3142855408333545e-4,0.0010000000000012221
NASCAR_2023_5283_goodyear_400,NASCAR,2023,5283_goodyear_400,Richard Childress Racing,-0.20193860687604712,-0.09525000000000006
NASCAR_2023_5283_goodyear_400,NASCAR,2023,5283_goodyear_400,Rick Ware Racing,0.8539820423981199,0.31099999999999994
NASCAR_2023_5283_goodyear_400,NASCAR,2023,5283_goodyear_400,Spire Motorsports,0.9156331036872075,0.3804999999999996
NASCAR_2023_5283_goodyear_400,NASCAR,2023,5283_goodyear_400,Stewart-Haas Racing,0.039372313663513125,0.01750000000000007
NASCAR_2023_5283_goodyear_400,NASCAR,2023,5283_goodyear_400,Team Penske,-0.05100537191623147,-0.03250000000000064
NASCAR_2023_5283_goodyear_400,NASCAR,2023,5283_goodyear_400,Trackhouse Racing,-0.45759374816341,-0.2029999999999994
NASCAR_2023_5283_goodyear_400,NASCAR,2023,5283_goodyear_400,Wood Brothers Racing,-0.1674156500294281,-0.08150000000000546
NASCAR_2023_5284_adventhealth_400,NASCAR,2023,5284_adventhealth_400,23XI Racing,-0.3362634135282295,-0.2585000000000015
NASCAR_2023_5284_adventhealth_400,NASCAR,2023,5284_adventhealth_400,Front Row Motorsports,0.3072345268200269,0.19550000000000267
NASCAR_2023_5284_adventhealth_400,NASCAR,2023,5284_adventhealth_400,Hendrick Motorsports,-0.23384835138342147,-0.18175000000000097
NASCAR_2023_5284_adventhealth_400,NASCAR,2023,5284_adventhealth_400,JTG Daugherty Racing,0.10820515837039198,0.06349999999999767
NASCAR_2023_5284_adventhealth_400,NASCAR,2023,5284_adventhealth_400,Joe Gibbs Racing,-0.5950853959233182,-0.3755000000000024
NASCAR_2023_5284_adventhealth_400,NASCAR,2023,5284_adventhealth_400,Kaulig Racing,0.14762154566151348,0.08949999999999747
NASCAR_2023_5284_adventhealth_400,NASCAR,2023,5284_adventhealth_400,Legacy Motor Club,0.07753953754906347,0.050499999999999545
NASCAR_2023_5284_adventhealth_400,NASCAR,2023,5284_adventhealth_400,Live Fast Motorsports,2.2598644733600306,1.1897500000000036
NASCAR_2023_5284_adventhealth_400,NASCAR,2023,5284_adventhealth_400,RFK Racing,0.1029737188780387,0.07500000000000284
NASCAR_2023_5284_adventhealth_400,NASCAR,2023,5284_adventhealth_400,Richard Childress Racing,-0.09700259699596722,-0.0800000000000054
NASCAR_2023_5284_adventhealth_400,NASCAR,2023,5284_adventhealth_400,Rick Ware Racing,0.72951506085112,0.39800000000000324
NASCAR_2023_5284_adventhealth_400,NASCAR,2023,5284_adventhealth_400,Spire Motorsports,0.4053724605697135,0.23100000000000165
NASCAR_2023_5284_adventhealth_400,NASCAR,2023,5284_adventhealth_400,Stewart-Haas Racing,0.048167061594578855,0.03949999999999676
NASCAR_2023_5284_adventhealth_400,NASCAR,2023,5284_adventhealth_400,Team Penske,-0.026626058307996327,-0.01799999999999713
NASCAR_2023_5284_adventhealth_400,NASCAR,2023,5284_adventhealth_400,Trackhouse Racing,-0.19936232291975522,-0.16075000000000017
NASCAR_2023_5284_adventhealth_400,NASCAR,2023,5284_adventhealth_400,Wood Brothers Racing,0.31021750708091356,0.20275000000000176
NASCAR_2023_5285_nascar_all_star_open,NASCAR,2023,5285_nascar_all_star_open,Front Row Motorsports,-0.020005677082957692,-0.005000000000002558
NASCAR_2023_5285_nascar_all_star_open,NASCAR,2023,5285_nascar_all_star_open,Hendrick Motorsports,-0.6644473394817302,-0.2569999999999997
NASCAR_2023_5285_nascar_all_star_open,NASCAR,2023,5285_nascar_all_star_open,Joe Gibbs Racing,-0.8322056591070843,-0.33200000000000074
NASCAR_2023_5285_nascar_all_star_open,NASCAR,2023,5285_nascar_all_star_open,Kaulig Racing,-0.14758896354560944,-0.06299999999999883
NASCAR_2023_5285_nascar_all_star_open,NASCAR,2023,5285_nascar_all_star_open,Legacy Motor Club,0.04272494204884378,0.015000000000000568
NASCAR_2023_5285_nascar_all_star_open,NASCAR,2023,5285_nascar_all_star_open,Live Fast Motorsports,0.8133859790516347,0.3274999999999988
NASCAR_2023_5285_nascar_all_star_open,NASCAR,2023,5285_nascar_all_star_open,Rick Ware Racing,0.13827097685103987,0.05525000000000091
NASCAR_2023_5285_nascar_all_star_open,NASCAR,2023,5285_nascar_all_star_open,Spire Motorsports,0.42835575181321134,0.1769999999999996
NASCAR_2023_5285_nascar_all_star_open,NASCAR,2023,5285_nascar_all_star_open,Stewart-Haas Racing,-0.3410428017966213,-0.14199999999999946
NASCAR_2023_5285_nascar_all_star_open,NASCAR,2023,5285_nascar_all_star_open,Wood Brothers Racing,0.18795704070767638,0.09250000000000114
NASCAR_2023_5286_nascar_all_star_race,NASCAR,2023,5286_nascar_all_star_race,23XI Racing,-0.3588096378298733,-0.0857499999999991
NASCAR_2023_5286_nascar_all_star_race,NASCAR,2023,5286_nascar_all_star_race,Hendrick Motorsports,-0.1758238521549392,-0.04150000000000098
NASCAR_2023_5286_nascar_all_star_race,NASCAR,2023,5286_nascar_all_star_race,JTG Daugherty Racing,1.0038895041146385,0.22500000000000142
NASCAR_2023_5286_nascar_all_star_race,NASCAR,2023,5286_nascar_all_star_race,Joe Gibbs Racing,-0.01720305933482659,-0.00575000000000081
NASCAR_2023_5286_nascar_all_star_race,NASCAR,2023,5286_nascar_all_star_race,Legacy Motor Club,0.18242757915502156,0.051499999999997215
NASCAR_2023_5286_nascar_all_star_race,NASCAR,2023,5286_nascar_all_star_race,RFK Racing,0.07901125280307396,0.021500000000001407
NASCAR_2023_5286_nascar_all_star_race,NASCAR,2023,5286_nascar_all_star_race,Richard Childress Racing,0.2965397755094096,0.0730000000000004
NASCAR_2023_5286_nascar_all_star_race,NASCAR,2023,5286_nascar_all_star_race,Stewart-Haas Racing,-0.018255003236408582,-0.0045000000000001705
NASCAR_2023_5286_nascar_all_star_race,NASCAR,2023,5286_nascar_all_star_race,Team Penske,0.0036170190319146397,0.0015000000000000568
NASCAR_2023_5286_nascar_all_star_race,NASCAR,2023,5286_nascar_all_star_race,Trackhouse Racing,-0.10401759806189466,-0.027500000000001634
NASCAR_2023_5287_coca_cola_600,NASCAR,2023,5287_coca_cola_600,23XI Racing,-0.29676371200907264,-0.1905000000000001
NASCAR_2023_5287_coca_cola_600,NASCAR,2023,5287_coca_cola_600,Front Row Motorsports,0.10986562551243313,0.0625
NASCAR_2023_5287_coca_cola_600,NASCAR,2023,5287_coca_cola_600,Hendrick Motorsports,-0.25618527456548507,-0.15700000000000003
NASCAR_2023_5287_coca_cola_600,NASCAR,2023,5287_coca_cola_600,JTG Daugherty Racing,-0.21613050426138689,-0.14000000000000057
NASCAR_2023_5287_coca_cola_600,NASCAR,2023,5287_coca_cola_600,Joe Gibbs Racing,-0.3405290579852639,-0.2267500000000009
NASCAR_2023_5287_coca_cola_600,NASCAR,2023,5287_coca_cola_600,Kaulig Racing,0.051174519327896656,0.03249999999999886
NASCAR_2023_5287_coca_cola_600,NASCAR,2023,5287_coca_cola_600,Legacy Motor Club,0.0712162336544063,0.032000000000001805
NASCAR_2023_5287_coca_cola_600,NASCAR,2023,5287_coca_cola_600,Live Fast Motorsports,1.3274460711738216,0.6099999999999994
NASCAR_2023_5287_coca_cola_600,NASCAR,2023,5287_coca_cola_600,RFK Racing,-0.1479851907754549,-0.10300000000000153
NASCAR_2023_5287_coca_cola_600,NASCAR,2023,5287_coca_cola_600,Richard Childress Racing,-0.09523712458499722,-0.05200000000000138
NASCAR_2023_5287_coca_cola_600,NASCAR,2023,5287_coca_cola_600,Rick Ware Racing,0.7377952365001329,0.37450000000000117
NASCAR_2023_5287_coca_cola_600,NASCAR,2023,5287_coca_cola_600,Spire Motorsports,0.6251012649464,0.3414999999999999
NASCAR_2023_5287_coca_cola_600,NASCAR,2023,5287_coca_cola_600,Stewart-Haas Racing,0.1627933410534693,0.09949999999999903
NASCAR_2023_5287_coca_cola_600,NASCAR,2023,5287_coca_cola_600,Team Penske,-0.10077624363808232,-0.06400000000000006
NASCAR_2023_5287_coca_cola_600,NASCAR,2023,5287_coca_cola_600,Trackhouse Racing,0.14481443921073836,0.10500000000000043
NASCAR_2023_5287_coca_cola_600,NASCAR,2023,5287_coca_cola_600,Wood Brothers Racing,0.3534016877738645,0.1789999999999985
NASCAR_2023_5288_enjoy_illinois_300,NASCAR,2023,5288_enjoy_illinois_300,23XI Racing,-0.15052843771208052,-0.08224999999999838
NASCAR_2023_5288_enjoy_illinois_300,NASCAR,2023,5288_enjoy_illinois_300,Front Row Motorsports,0.24209429607668287,0.1092499999999994
NASCAR_2023_5288_enjoy_illinois_300,NASCAR,2023,5288_enjoy_illinois_300,Hendrick Motorsports,-0.0564511586163976,-0.022000000000002018
NASCAR_2023_5288_enjoy_illinois_300,NASCAR,2023,5288_enjoy_illinois_300,JTG Daugherty Racing,-0.3527105308590227,-0.13424999999999798
NASCAR_2023_5288_enjoy_illinois_300,NASCAR,2023,5288_enjoy_illinois_300,Joe Gibbs Racing,-0.3329114881858559,-0.14949999999999974
NASCAR_2023_5288_enjoy_illinois_300,NASCAR,2023,5288_enjoy_illinois_300,Kaulig Racing,0.09223246312846303,0.03349999999999653
NASCAR_2023_5288_enjoy_illinois_300,NASCAR,2023,5288_enjoy_illinois_300,Legacy Motor Club,0.3336067101980539,0.1355000000000004
NASCAR_2023_5288_enjoy_illinois_300,NASCAR,2023,5288_enjoy_illinois_300,Live Fast Motorsports,1.1381686059394405,0.3919999999999959
NASCAR_2023_5288_enjoy_illinois_300,NASCAR,2023,5288_enjoy_illinois_300,RFK Racing,0.3495526819237169,0.16499999999999915
NASCAR_2023_5288_enjoy_illinois_300,NASCAR,2023,5288_enjoy_illinois_300,Richard Childress Racing,-0.41758345642043615,-0.23449999999999704
NASCAR_2023_5288_enjoy_illinois_300,NASCAR,2023,5288_enjoy_illinois_300,Rick Ware Racing,1.0195960414886494,0.39099999999999824
NASCAR_2023_5288_enjoy_illinois_300,NASCAR,2023,5288_enjoy_illinois_300,Spire Motorsports,0.6448257419319772,0.28350000000000364
NASCAR_2023_5288_enjoy_illinois_300,NASCAR,2023,5288_enjoy_illinois_300,Stewart-Haas Racing,0.08393467419084319,0.030999999999998806
NASCAR_2023_5288_enjoy_illinois_300,NASCAR,2023,5288_enjoy_illinois_300,Team Penske,-0.5881362584748453,-0.2985000000000042
NASCAR_2023_5288_enjoy_illinois_300,NASCAR,2023,5288_enjoy_illinois_300,Trackhouse Racing,-0.49346052621493514,-0.2150000000000034
NASCAR_2023_5288_enjoy_illinois_300,NASCAR,2023,5288_enjoy_illinois_300,Wood Brothers Racing,0.14297422853250383,0.0589999999999975
NASCAR_2023_5289_toyota_save_mart_350,NASCAR,2023,5289_toyota_save_mart_350,23XI Racing,-0.0017653724910410178,-0.0032500000000013074
NASCAR_2023_5289_toyota_save_mart_350,NASCAR,2023,5289_toyota_save_mart_350,Front Row Motorsports,-0.0254315979694347,-0.0449999999999946
NASCAR_2023_5289_toyota_save_mart_350,NASCAR,2023,5289_toyota_save_mart_350,Hendrick Motorsports,-0.23873195459523439,-0.23025000000000517
NASCAR_2023_5289_toyota_save_mart_350,NASCAR,2023,5289_toyota_save_mart_350,JTG Daugherty Racing,-0.1493981533714064,-0.15474999999999994
NASCAR_2023_5289_toyota_save_mart_350,NASCAR,2023,5289_toyota_save_mart_350,Joe Gibbs Racing,-0.48123861920894495,-0.5100000000000051
NASCAR_2023_5289_toyota_save_mart_350,NASCAR,2023,5289_toyota_save_mart_350,Kaulig Racing,-0.16916920960199405,-0.1529999999999987
NASCAR_2023_5289_toyota_save_mart_350,NASCAR,2023,5289_toyota_save_mart_350,Legacy Motor Club,0.7563492318033117,0.784000000000006
NASCAR_2023_5289_toyota_save_mart_350,NASCAR,2023,5289_toyota_save_mart_350,Live Fast Motorsports,0.3902967248854376,0.4197500000000005
NASCAR_2023_5289_toyota_save_mart_350,NASCAR,2023,5289_toyota_save_mart_350,RFK Racing,-0.2636688054481279,-0.2809999999999917
NASCAR_2023_5289_toyota_save_mart_350,NASCAR,2023,5289_toyota_save_mart_350,Richard Childress Racing,-0.22977474738535952,-0.24074999999999136
NASCAR_2023_5289_toyota_save_mart_350,NASCAR,2023,5289_toyota_save_mart_350,Rick Ware Racing,0.7249677883816302,0.704500000000003
NASCAR_2023_5289_toyota_save_mart_350,NASCAR,2023,5289_toyota_save_mart_350,Spire Motorsports,0.28071277029094077,0.2597500000000039
NASCAR_2023_5289_toyota_save_mart_350,NASCAR,2023,5289_toyota_save_mart_350,Stewart-Haas Racing,0.05097555541123246,0.04250000000000398
NASCAR_2023_5289_toyota_save_mart_350,NASCAR,2023,5289_toyota_save_mart_350,Team Penske,0.1767190041988555,0.1560000000000059
NASCAR_2023_5289_toyota_save_mart_350,NASCAR,2023,5289_toyota_save_mart_350,Trackhouse Racing,0.03297370907406528,0.023499999999998522
NASCAR_2023_5289_toyota_save_mart_350,NASCAR,2023,5289_toyota_save_mart_350,Wood Brothers Racing,0.8835791421414178,0.8160000000000025
NASCAR_2023_5290_ally_400,NASCAR,2023,5290_ally_400,23XI Racing,-0.004547811387161862,-9.999999999994458e-4
NASCAR_2023_5290_ally_400,NASCAR,2023,5290_ally_400,Front Row Motorsports,1.2613934617793119,0.33724999999999916
NASCAR_2023_5290_ally_400,NASCAR,2023,5290_ally_400,Hendrick Motorsports,-0.4640089452141196,-0.14050000000000118
NASCAR_2023_5290_ally_400,NASCAR,2023,5290_ally_400,JTG Daugherty Racing,0.015134437362841287,0.0045000000000001705
NASCAR_2023_5290_ally_400,NASCAR,2023,5290_ally_400,Joe Gibbs Racing,-0.5565926406000176,-0.15850000000000364
NASCAR_2023_5290_ally_400,NASCAR,2023,5290_ally_400,Kaulig Racing,-0.07779143539045603,-0.027999999999998693
NASCAR_2023_5290_ally_400,NASCAR,2023,5290_ally_400,Legacy Motor Club,0,0
NASCAR_2023_5290_ally_400,NASCAR,2023,5290_ally_400,Live Fast Motorsports,1.3849887521276523,0.347999999999999
NASCAR_2023_5290_ally_400,NASCAR,2023,5290_ally_400,RFK Racing,-0.11478077160843488,-0.033500000000000085
NASCAR_2023_5290_ally_400,NASCAR,2023,5290_ally_400,Richard Childress Racing,-0.07560287655188541,-0.02000000000000135
NASCAR_2023_5290_ally_400,NASCAR,2023,5290_ally_400,Rick Ware Racing,1.1490201811197356,0.3062499999999986
NASCAR_2023_5290_ally_400,NASCAR,2023,5290_ally_400,Spire Motorsports,0.3639271986566513,0.09849999999999781
NASCAR_2023_5290_ally_400,NASCAR,2023,5290_ally_400,Stewart-Haas Racing,0.2468932445254241,0.0730000000000004
NASCAR_2023_5290_ally_400,NASCAR,2023,5290_ally_400,Team Penske,0.12601796537599022,0.03500000000000014
NASCAR_2023_5290_ally_400,NASCAR,2023,5290_ally_400,Trackhouse Racing,-0.38848676812742317,-0.11399999999999721
NASCAR_2023_5290_ally_400,NASCAR,2023,5290_ally_400,Wood Brothers Racing,0.22716228496341942,0.0710000000000015
NASCAR_2023_5291_grant_park_220,NASCAR,2023,5291_grant_park_220,23XI Racing,0,0
NASCAR_2023_5291_grant_park_220,NASCAR,2023,5291_grant_park_220,Front Row Motorsports,-0.1269073826334804,-0.2609999999999957
NASCAR_2023_5291_grant_park_220,NASCAR,2023,5291_grant_park_220,Hendrick Motorsports,-0.008091181130388404,-0.012000000000000455
NASCAR_2023_5291_grant_park_220,NASCAR,2023,5291_grant_park_220,JTG Daugherty Racing,0.2376898565819749,0.3229999999999933
NASCAR_2023_5291_grant_park_220,NASCAR,2023,5291_grant_park_220,Joe Gibbs Racing,-0.169679297640216,-0.34199999999999875
NASCAR_2023_5291_grant_park_220,NASCAR,2023,5291_grant_park_220,Kaulig Racing,-0.014773896073021467,-0.016000000000005343
NASCAR_2023_5291_grant_park_220,NASCAR,2023,5291_grant_park_220,Legacy Motor Club,0,0
NASCAR_2023_5291_grant_park_220,NASCAR,2023,5291_grant_park_220,Live Fast Motorsports,0.049442362420616545,0.07475000000000165
NASCAR_2023_5291_grant_park_220,NASCAR,2023,5291_grant_park_220,RFK Racing,0.10483559888786864,0.1354999999999933
NASCAR_2023_5291_grant_park_220,NASCAR,2023,5291_grant_park_220,Richard Childress Racing,-0.09535708782103736,-0.13350000000000506
NASCAR_2023_5291_grant_park_220,NASCAR,2023,5291_grant_park_220,Rick Ware Racing,0.14630373907925037,0.2394999999999925
NASCAR_2023_5291_grant_park_220,NASCAR,2023,5291_grant_park_220,Spire Motorsports,0.03616773975427881,0.06199999999999761
NASCAR_2023_5291_grant_park_220,NASCAR,2023,5291_grant_park_220,Stewart-Haas Racing,0.026739032047180332,0.07224999999999682
NASCAR_2023_5291_grant_park_220,NASCAR,2023,5291_grant_park_220,Team Penske,0,0
NASCAR_2023_5291_grant_park_220,NASCAR,2023,5291_grant_park_220,Trackhouse Racing,-0.017153657295625433,-0.04150000000000631
NASCAR_2023_5291_grant_park_220,NASCAR,2023,5291_grant_park_220,Wood Brothers Racing,0.42982890295085374,0.7489999999999952
NASCAR_2023_5292_quaker_state_400,NASCAR,2023,5292_quaker_state_400,23XI Racing,-0.021901969523605413,-0.0065000000000008384
NASCAR_2023_5292_quaker_state_400,NASCAR,2023,5292_quaker_state_400,Beard Motorsports,0.1839082508348131,0.03850000000000087
NASCAR_2023_5292_quaker_state_400,NASCAR,2023,5292_quaker_state_400,Front Row Motorsports,-0.032421209896011896,-0.007500000000000284
NASCAR_2023_5292_quaker_state_400,NASCAR,2023,5292_quaker_state_400,Hendrick Motorsports,-0.02715971921025312,-0.006000000000000227
NASCAR_2023_5292_quaker_state_400,NASCAR,2023,5292_quaker_state_400,JTG Daugherty Racing,0.002414921261852581,4.999999999988347e-4
NASCAR_2023_5292_quaker_state_400,NASCAR,2023,5292_quaker_state_400,Joe Gibbs Racing,-0.07355028393602103,-0.01899999999999835
NASCAR_2023_5292_quaker_state_400,NASCAR,2023,5292_quaker_state_400,Kaulig Racing,-0.09757868809906994,-0.021999999999998465
NASCAR_2023_5292_quaker_state_400,NASCAR,2023,5292_quaker_state_400,Legacy Motor Club,-0.012197336012378325,-0.006000000000000227
NASCAR_2023_5292_quaker_state_400,NASCAR,2023,5292_quaker_state_400,Live Fast Motorsports,0.12760669523656976,0.0259999999999998
NASCAR_2023_5292_quaker_state_400,NASCAR,2023,5292_quaker_state_400,RFK Racing,0,0
NASCAR_2023_5292_quaker_state_400,NASCAR,2023,5292_quaker_state_400,Richard Childress Racing,0.01581800542258657,0.004750000000001364
NASCAR_2023_5292_quaker_state_400,NASCAR,2023,5292_quaker_state_400,Rick Ware Racing,0.13102063925643076,0.028500000000002856
NASCAR_2023_5292_quaker_state_400,NASCAR,2023,5292_quaker_state_400,Spire Motorsports,0.3681643713345913,0.088750000000001
NASCAR_2023_5292_quaker_state_400,NASCAR,2023,5292_quaker_state_400,Stewart-Haas Racing,0,0
NASCAR_2023_5292_quaker_state_400,NASCAR,2023,5292_quaker_state_400,Team Penske,-0.044860317739447826,-0.011000000000002785
NASCAR_2023_5292_quaker_state_400,NASCAR,2023,5292_quaker_state_400,Trackhouse Racing,0.04323354578285056,0.010749999999999815
NASCAR_2023_5292_quaker_state_400,NASCAR,2023,5292_quaker_state_400,Wood Brothers Racing,2.315811881663732,0.47949999999999804
NASCAR_2023_5293_crayon_301,NASCAR,2023,5293_crayon_301,23XI Racing,-0.3570879576942763,-0.14850000000000207
NASCAR_2023_5293_crayon_301,NASCAR,2023,5293_crayon_301,Front Row Motorsports,0.025909114871919506,0.012749999999998707
NASCAR_2023_5293_crayon_301,NASCAR,2023,5293_crayon_301,Hendrick Motorsports,-0.08223886666932215,-0.039250000000000895
NASCAR_2023_5293_crayon_301,NASCAR,2023,5293_crayon_301,JTG Daugherty Racing,0.14746158459108055,0.060000000000002274
NASCAR_2023_5293_crayon_301,NASCAR,2023,5293_crayon_301,Joe Gibbs Racing,-0.5308709242767361,-0.2259999999999991
NASCAR_2023_5293_crayon_301,NASCAR,2023,5293_crayon_301,Kaulig Racing,0.1919658306970053,0.07400000000000162
NASCAR_2023_5293_crayon_301,NASCAR,2023,5293_crayon_301,Legacy Motor Club,0.7480533346182726,0.25099999999999945
NASCAR_2023_5293_crayon_301,NASCAR,2023,5293_crayon_301,Live Fast Motorsports,1.887592521769559,0.6210000000000022
NASCAR_2023_5293_crayon_301,NASCAR,2023,5293_crayon_301,RFK Racing,-0.220972247634832,-0.08874999999999922
NASCAR_2023_5293_crayon_301,NASCAR,2023,5293_crayon_301,Richard Childress Racing,0.22526164782625963,0.08699999999999974
NASCAR_2023_5293_crayon_301,NASCAR,2023,5293_crayon_301,Rick Ware Racing,0.8499653326833354,0.2847500000000007
NASCAR_2023_5293_crayon_301,NASCAR,2023,5293_crayon_301,Spire Motorsports,0.8178919293289703,0.30200000000000315
NASCAR_2023_5293_crayon_301,NASCAR,2023,5293_crayon_301,Stewart-Haas Racing,-0.12161556429388774,-0.05249999999999844
NASCAR_2023_5293_crayon_301,NASCAR,2023,5293_crayon_301,Team Penske,-0.33117024919729987,-0.15600000000000236
NASCAR_2023_5293_crayon_301,NASCAR,2023,5293_crayon_301,Trackhouse Racing,0.10020236411793611,0.04199999999999804
NASCAR_2023_5293_crayon_301,NASCAR,2023,5293_crayon_301,Wood Brothers Racing,0.1931024405488631,0.08099999999999952
NASCAR_2023_5294_highpoint_com_400,NASCAR,2023,5294_highpoint_com_400,23XI Racing,-0.31733036959480615,-0.25900000000000034
NASCAR_2023_5294_highpoint_com_400,NASCAR,2023,5294_highpoint_com_400,Front Row Motorsports,0.16814536936124083,0.12400000000000233
NASCAR_2023_5294_highpoint_com_400,NASCAR,2023,5294_highpoint_com_400,Hendrick Motorsports,-0.3905777779476231,-0.3305000000000007
NASCAR_2023_5294_highpoint_com_400,NASCAR,2023,5294_highpoint_com_400,JTG Daugherty Racing,0.004634499476392509,0.002500000000001279
NASCAR_2023_5294_highpoint_com_400,NASCAR,2023,5294_highpoint_com_400,Joe Gibbs Racing,-0.4964729153828614,-0.3995000000000033
NASCAR_2023_5294_highpoint_com_400,NASCAR,2023,5294_highpoint_com_400,Kaulig Racing,-0.07353963818663545,-0.07249999999999801
NASCAR_2023_5294_highpoint_com_400,NASCAR,2023,5294_highpoint_com_400,Legacy Motor Club,0.16586360707351622,0.10825000000000173
NASCAR_2023_5294_highpoint_com_400,NASCAR,2023,5294_highpoint_com_400,Live Fast Motorsports,1.218506144360678,0.7652500000000018
NASCAR_2023_5294_highpoint_com_400,NASCAR,2023,5294_highpoint_com_400,RFK Racing,-0.1592706985304056,-0.14724999999999966
NASCAR_2023_5294_highpoint_com_400,NASCAR,2023,5294_highpoint_com_400,Richard Childress Racing,0.004280147792651309,0.0049999999999954525
NASCAR_2023_5294_highpoint_com_400,NASCAR,2023,5294_highpoint_com_400,Rick Ware Racing,1.199923871953173,0.7619999999999933
NASCAR_2023_5294_highpoint_com_400,NASCAR,2023,5294_highpoint_com_400,Spire Motorsports,0.5867783733569589,0.384999999999998
NASCAR_2023_5294_highpoint_com_400,NASCAR,2023,5294_highpoint_com_400,Stewart-Haas Racing,0.18803651585801034,0.12349999999999994
NASCAR_2023_5294_highpoint_com_400,NASCAR,2023,5294_highpoint_com_400,Team Penske,-0.0213453041754977,-0.019999999999999574
NASCAR_2023_5294_highpoint_com_400,NASCAR,2023,5294_highpoint_com_400,Trackhouse Racing,0.10686961492214957,0.09274999999999878
NASCAR_2023_5294_highpoint_com_400,NASCAR,2023,5294_highpoint_com_400,Wood Brothers Racing,0.5203720159629859,0.32799999999999585
NASCAR_2023_5295_verizon_200_at_the_brickyard,NASCAR,2023,5295_verizon_200_at_the_brickyard,23XI Racing,-0.08445436119563411,-0.07199999999999562
NASCAR_2023_5295_verizon_200_at_the_brickyard,NASCAR,2023,5295_verizon_200_at_the_brickyard,Front Row Motorsports,-0.12874988498440543,-0.1769999999999925
NASCAR_2023_5295_verizon_200_at_the_brickyard,NASCAR,2023,5295_verizon_200_at_the_brickyard,Hendrick Motorsports,-0.39331038801382034,-0.3400000000000034
NASCAR_2023_5295_verizon_200_at_the_brickyard,NASCAR,2023,5295_verizon_200_at_the_brickyard,JTG Daugherty Racing,0.4343186994391496,0.2704999999999984
NASCAR_2023_5295_verizon_200_at_the_brickyard,NASCAR,2023,5295_verizon_200_at_the_brickyard,Joe Gibbs Racing,-0.25024120427009644,-0.2545000000000073
NASCAR_2023_5295_verizon_200_at_the_brickyard,NASCAR,2023,5295_verizon_200_at_the_brickyard,Kaulig Racing,0.29506271548709234,0.3230000000000075
NASCAR_2023_5295_verizon_200_at_the_brickyard,NASCAR,2023,5295_verizon_200_at_the_brickyard,Legacy Motor Club,0.4185888805462584,0.5190000000000055
NASCAR_2023_5295_verizon_200_at_the_brickyard,NASCAR,2023,5295_verizon_200_at_the_brickyard,Live Fast Motorsports,0.7490157749573894,0.6364999999999981
NASCAR_2023_5295_verizon_200_at_the_brickyard,NASCAR,2023,5295_verizon_200_at_the_brickyard,RFK Racing,-0.05172680151022804,-0.060000000000002274
NASCAR_2023_5295_verizon_200_at_the_brickyard,NASCAR,2023,5295_verizon_200_at_the_brickyard,Richard Childress Racing,-0.21210582596045624,-0.21600000000000108
NASCAR_2023_5295_verizon_200_at_the_brickyard,NASCAR,2023,5295_verizon_200_at_the_brickyard,Rick Ware Racing,0.44508797018946333,0.41500000000000625
NASCAR_2023_5295_verizon_200_at_the_brickyard,NASCAR,2023,5295_verizon_200_at_the_brickyard,Spire Motorsports,0.5438742104310843,0.5534999999999997
NASCAR_2023_5295_verizon_200_at_the_brickyard,NASCAR,2023,5295_verizon_200_at_the_brickyard,Stewart-Haas Racing,0.22516215467516612,0.22299999999999898
NASCAR_2023_5295_verizon_200_at_the_brickyard,NASCAR,2023,5295_verizon_200_at_the_brickyard,Team Penske,0.10003367101092439,0.08449999999999136
NASCAR_2023_5295_verizon_200_at_the_brickyard,NASCAR,2023,5295_verizon_200_at_the_brickyard,Trackhouse Racing,-0.38430770644342066,-0.37349999999999284
NASCAR_2023_5295_verizon_200_at_the_brickyard,NASCAR,2023,5295_verizon_200_at_the_brickyard,Wood Brothers Racing,0.25447320387480343,0.2432499999999962
NASCAR_2023_5296_firekeepers_casino_400,NASCAR,2023,5296_firekeepers_casino_400,23XI Racing,-0.3277835521793672,-0.1880000000000024
NASCAR_2023_5296_firekeepers_casino_400,NASCAR,2023,5296_firekeepers_casino_400,Beard Motorsports,0.5548949799997149,0.2789999999999999
NASCAR_2023_5296_firekeepers_casino_400,NASCAR,2023,5296_firekeepers_casino_400,Front Row Motorsports,0.5035877438825116,0.2539999999999978
NASCAR_2023_5296_firekeepers_casino_400,NASCAR,2023,5296_firekeepers_casino_400,Hendrick Motorsports,-0.3582615604642247,-0.1857500000000023
NASCAR_2023_5296_firekeepers_casino_400,NASCAR,2023,5296_firekeepers_casino_400,JTG Daugherty Racing,0.07210043434672617,0.03999999999999915
NASCAR_2023_5296_firekeepers_casino_400,NASCAR,2023,5296_firekeepers_casino_400,Joe Gibbs Racing,-0.41613348804850664,-0.25900000000000034
NASCAR_2023_5296_firekeepers_casino_400,NASCAR,2023,5296_firekeepers_casino_400,Kaulig Racing,0.14347372806201908,0.07950000000000301
NASCAR_2023_5296_firekeepers_casino_400,NASCAR,2023,5296_firekeepers_casino_400,Legacy Motor Club,-0.16868870672771896,-0.08550000000000324
NASCAR_2023_5296_firekeepers_casino_400,NASCAR,2023,5296_firekeepers_casino_400,Live Fast Motorsports,1.4627788425693296,0.6660000000000004
NASCAR_2023_5296_firekeepers_casino_400,NASCAR,2023,5296_firekeepers_casino_400,RFK Racing,-0.5553342358232956,-0.3100000000000023
NASCAR_2023_5296_firekeepers_casino_400,NASCAR,2023,5296_firekeepers_casino_400,Richard Childress Racing,0.018447849581683908,0.007000000000005002
NASCAR_2023_5296_firekeepers_casino_400,NASCAR,2023,5296_firekeepers_casino_400,Rick Ware Racing,1.0706796187371874,0.5085000000000051
NASCAR_2023_5296_firekeepers_casino_400,NASCAR,2023,5296_firekeepers_casino_400,Spire Motorsports,0.19935097523871861,0.10000000000000142
NASCAR_2023_5296_firekeepers_casino_400,NASCAR,2023,5296_firekeepers_casino_400,Stewart-Haas Racing,0.14103644154853387,0.08400000000000318
NASCAR_2023_5296_firekeepers_casino_400,NASCAR,2023,5296_firekeepers_casino_400,Team Penske,-0.14441792312720067,-0.08949999999999747
NASCAR_2023_5296_firekeepers_casino_400,NASCAR,2023,5296_firekeepers_casino_400,Trackhouse Racing,-0.27017215795705957,-0.17099999999999937
NASCAR_2023_5296_firekeepers_casino_400,NASCAR,2023,5296_firekeepers_casino_400,Wood Brothers Racing,0.008307832033725954,0.005750000000002586
NASCAR_2023_5297_cook_out_400,NASCAR,2023,5297_cook_out_400,23XI Racing,-0.3764909972132703,-0.12250000000000227
NASCAR_2023_5297_cook_out_400,NASCAR,2023,5297_cook_out_400,Front Row Motorsports,0.021070364388317702,0.007500000000000284
NASCAR_2023_5297_cook_out_400,NASCAR,2023,5297_cook_out_400,Hendrick Motorsports,-0.009092674012839239,-0.00274999999999892
NASCAR_2023_5297_cook_out_400,NASCAR,2023,5297_cook_out_400,JTG Daugherty Racing,-0.12904279922794898,-0.03825000000000145
NASCAR_2023_5297_cook_out_400,NASCAR,2023,5297_cook_out_400,Joe Gibbs Racing,-0.20171276332233012,-0.06499999999999773
NASCAR_2023_5297_cook_out_400,NASCAR,2023,5297_cook_out_400,Kaulig Racing,0.2778656667580346,0.07125000000000092
NASCAR_2023_5297_cook_out_400,NASCAR,2023,5297_cook_out_400,Legacy Motor Club,0.15475990423559194,0.03824999999999967
NASCAR_2023_5297_cook_out_400,NASCAR,2023,5297_cook_out_400,Live Fast Motorsports,1.1441639458724018,0.2850000000000037
NASCAR_2023_5297_cook_out_400,NASCAR,2023,5297_cook_out_400,RFK Racing,-0.41045658021535336,-0.12150000000000105
NASCAR_2023_5297_cook_out_400,NASCAR,2023,5297_cook_out_400,Richard Childress Racing,-0.23690613870244315,-0.07649999999999935
NASCAR_2023_5297_cook_out_400,NASCAR,2023,5297_cook_out_400,Rick Ware Racing,0.5979758282718486,0.1529999999999987
NASCAR_2023_5297_cook_out_400,NASCAR,2023,5297_cook_out_400,Spire Motorsports,1.0997224309615021,0.261000000000001
NASCAR_2023_5297_cook_out_400,NASCAR,2023,5297_cook_out_400,Stewart-Haas Racing,-0.33930054761996875,-0.09674999999999834
NASCAR_2023_5297_cook_out_400,NASCAR,2023,5297_cook_out_400,Team Penske,-0.03402933800362576,-0.010500000000000398
NASCAR_2023_5297_cook_out_400,NASCAR,2023,5297_cook_out_400,Trackhouse Racing,0.2588517992154466,0.06800000000000139
NASCAR_2023_5297_cook_out_400,NASCAR,2023,5297_cook_out_400,Wood Brothers Racing,0.8017695642016205,0.20450000000000124
NASCAR_2023_5298_go_bowling_at_the_glen,NASCAR,2023,5298_go_bowling_at_the_glen,23XI Racing,-0.2624522785332282,-0.19000000000000483
NASCAR_2023_5298_go_bowling_at_the_glen,NASCAR,2023,5298_go_bowling_at_the_glen,Front Row Motorsports,-0.1714034324009204,-0.17600000000000193
NASCAR_2023_5298_go_bowling_at_the_glen,NASCAR,2023,5298_go_bowling_at_the_glen,Hendrick Motorsports,-0.19399311924562235,-0.1427499999999995
NASCAR_2023_5298_go_bowling_at_the_glen,NASCAR,2023,5298_go_bowling_at_the_glen,JTG Daugherty Racing,0.1836466099499583,0.12250000000000227
NASCAR_2023_5298_go_bowling_at_the_glen,NASCAR,2023,5298_go_bowling_at_the_glen,Joe Gibbs Racing,-0.9234060420926267,-0.5844999999999985
NASCAR_2023_5298_go_bowling_at_the_glen,NASCAR,2023,5298_go_bowling_at_the_glen,Kaulig Racing,-0.3141647486468033,-0.271250000000002
NASCAR_2023_5298_go_bowling_at_the_glen,NASCAR,2023,5298_go_bowling_at_the_glen,Legacy Motor Club,0.2537337014068874,0.18099999999998317
NASCAR_2023_5298_go_bowling_at_the_glen,NASCAR,2023,5298_go_bowling_at_the_glen,Live Fast Motorsports,0.6580626730323718,0.4235000000000042
NASCAR_2023_5298_go_bowling_at_the_glen,NASCAR,2023,5298_go_bowling_at_the_glen,RFK Racing,-0.1005885789816964,-0.125
NASCAR_2023_5298_go_bowling_at_the_glen,NASCAR,2023,5298_go_bowling_at_the_glen,Richard Childress Racing,-0.24929273468148336,-0.17799999999999727
NASCAR_2023_5298_go_bowling_at_the_glen,NASCAR,2023,5298_go_bowling_at_the_glen,Rick Ware Racing,0.5080604881211348,0.3234999999999957
NASCAR_2023_5298_go_bowling_at_the_glen,NASCAR,2023,5298_go_bowling_at_the_glen,Spire Motorsports,0.5829478803089904,0.42600000000000193
NASCAR_2023_5298_go_bowling_at_the_glen,NASCAR,2023,5298_go_bowling_at_the_glen,Stewart-Haas Racing,0.21584023816394649,0.1565000000000012
NASCAR_2023_5298_go_bowling_at_the_glen,NASCAR,2023,5298_go_bowling_at_the_glen,Team Penske,-0.018166661244563887,-0.013750000000001705
NASCAR_2023_5298_go_bowling_at_the_glen,NASCAR,2023,5298_go_bowling_at_the_glen,Trackhouse Racing,0.07826683356166719,0.06300000000000239
NASCAR_2023_5298_go_bowling_at_the_glen,NASCAR,2023,5298_go_bowling_at_the_glen,Wood Brothers Racing,1.2647895466848775,0.792500000000004
NASCAR_2023_5299_coke_zero_sugar_400,NASCAR,2023,5299_coke_zero_sugar_400,23XI Racing,0.01186381959512256,0.0030000000000001137
NASCAR_2023_5299_coke_zero_sugar_400,NASCAR,2023,5299_coke_zero_sugar_400,Beard Motorsports,-0.007093151840231375,-7.500000000000284e-4
NASCAR_2023_5299_coke_zero_sugar_400,NASCAR,2023,5299_coke_zero_sugar_400,Front Row Motorsports,-0.05722268270326461,-0.013500000000000512
NASCAR_2023_5299_coke_zero_sugar_400,NASCAR,2023,5299_coke_zero_sugar_400,Hendrick Motorsports,0.006380046394910012,0.0020000000000024443
NASCAR_2023_5299_coke_zero_sugar_400,NASCAR,2023,5299_coke_zero_sugar_400,JTG Daugherty Racing,-0.10442743531056875,-0.02500000000000213
NASCAR_2023_5299_coke_zero_sugar_400,NASCAR,2023,5299_coke_zero_sugar_400,Joe Gibbs Racing,0.04371996600547266,0.007999999999995566
NASCAR_2023_5299_coke_zero_sugar_400,NASCAR,2023,5299_coke_zero_sugar_400,Kaulig Racing,-0.006224083329461957,-0.0020000000000024443
NASCAR_2023_5299_coke_zero_sugar_400,NASCAR,2023,5299_coke_zero_sugar_400,Legacy Motor Club,0,0
NASCAR_2023_5299_coke_zero_sugar_400,NASCAR,2023,5299_coke_zero_sugar_400,Live Fast Motorsports,0.1142924712095496,0.02499999999999858
NASCAR_2023_5299_coke_zero_sugar_400,NASCAR,2023,5299_coke_zero_sugar_400,RFK Racing,-0.06764363796962557,-0.013999999999995794
NASCAR_2023_5299_coke_zero_sugar_400,NASCAR,2023,5299_coke_zero_sugar_400,Richard Childress Racing,-0.020299312843129726,-0.003750000000000142
NASCAR_2023_5299_coke_zero_sugar_400,NASCAR,2023,5299_coke_zero_sugar_400,Rick Ware Racing,0.02150031929304598,0.010499999999996845
NASCAR_2023_5299_coke_zero_sugar_400,NASCAR,2023,5299_coke_zero_sugar_400,Spire Motorsports,0,0
NASCAR_2023_5299_coke_zero_sugar_400,NASCAR,2023,5299_coke_zero_sugar_400,Stewart-Haas Racing,0,0
NASCAR_2023_5299_coke_zero_sugar_400,NASCAR,2023,5299_coke_zero_sugar_400,Team Penske,-0.008335663545549571,-0.002500000000001279
NASCAR_2023_5299_coke_zero_sugar_400,NASCAR,2023,5299_coke_zero_sugar_400,Trackhouse Racing,0.013755877810915682,0.001999999999995339
NASCAR_2023_5299_coke_zero_sugar_400,NASCAR,2023,5299_coke_zero_sugar_400,Wood Brothers Racing,0.04996773259059522,0.01099999999999568
NASCAR_2023_5300_cook_out_southern_500,NASCAR,2023,5300_cook_out_southern_500,23XI Racing,-0.31133450457617406,-0.14724999999999966
NASCAR_2023_5300_cook_out_southern_500,NASCAR,2023,5300_cook_out_southern_500,Front Row Motorsports,0.5367107619235854,0.19949999999999868
NASCAR_2023_5300_cook_out_southern_500,NASCAR,2023,5300_cook_out_southern_500,Hendrick Motorsports,-0.30543084244056806,-0.1407500000000006
NASCAR_2023_5300_cook_out_southern_500,NASCAR,2023,5300_cook_out_southern_500,JTG Daugherty Racing,0.08939371293484683,0.04649999999999821
NASCAR_2023_5300_cook_out_southern_500,NASCAR,2023,5300_cook_out_southern_500,Joe Gibbs Racing,-0.026730222712100057,-0.013499999999996959
NASCAR_2023_5300_cook_out_southern_500,NASCAR,2023,5300_cook_out_southern_500,Kaulig Racing,0.015508458538836953,0.0067499999999984794
NASCAR_2023_5300_cook_out_southern_500,NASCAR,2023,5300_cook_out_southern_500,Legacy Motor Club,-0.07657004573598436,-0.04324999999999868
NASCAR_2023_5300_cook_out_southern_500,NASCAR,2023,5300_cook_out_southern_500,Live Fast Motorsports,1.356776637390582,0.5874999999999986
NASCAR_2023_5300_cook_out_southern_500,NASCAR,2023,5300_cook_out_southern_500,RFK Racing,-0.24388551443322198,-0.11199999999999832
NASCAR_2023_5300_cook_out_southern_500,NASCAR,2023,5300_cook_out_southern_500,Richard Childress Racing,-0.021419204499857514,-0.0129999999999999
NASCAR_2023_5300_cook_out_southern_500,NASCAR,2023,5300_cook_out_southern_500,Rick Ware Racing,0.5559479322187819,0.22999999999999687
NASCAR_2023_5300_cook_out_southern_500,NASCAR,2023,5300_cook_out_southern_500,Spire Motorsports,0.3327421357615531,0.1415000000000024
NASCAR_2023_5300_cook_out_southern_500,NASCAR,2023,5300_cook_out_southern_500,Stewart-Haas Racing,0.004314179871412334,0.0020000000000024443
NASCAR_2023_5300_cook_out_southern_500,NASCAR,2023,5300_cook_out_southern_500,Team Penske,0,0
NASCAR_2023_5300_cook_out_southern_500,NASCAR,2023,5300_cook_out_southern_500,Trackhouse Racing,0.005510111882204042,0.0019999999999988916
NASCAR_2023_5300_cook_out_southern_500,NASCAR,2023,5300_cook_out_southern_500,Wood Brothers Racing,0.23844822043387137,0.09999999999999964
NASCAR_2023_5301_hollywood_casino_400,NASCAR,2023,5301_hollywood_casino_400,23XI Racing,-0.7067159104201082,-0.34850000000000136
NASCAR_2023_5301_hollywood_casino_400,NASCAR,2023,5301_hollywood_casino_400,Front Row Motorsports,0.5105826408806201,0.23724999999999774
NASCAR_2023_5301_hollywood_casino_400,NASCAR,2023,5301_hollywood_casino_400,Hendrick Motorsports,-0.2289425087069091,-0.12374999999999936
NASCAR_2023_5301_hollywood_casino_400,NASCAR,2023,5301_hollywood_casino_400,JTG Daugherty Racing,0.27047576956839353,0.11899999999999977
NASCAR_2023_5301_hollywood_casino_400,NASCAR,2023,5301_hollywood_casino_400,Joe Gibbs Racing,-0.40903546284212566,-0.2342499999999994
NASCAR_2023_5301_hollywood_casino_400,NASCAR,2023,5301_hollywood_casino_400,Kaulig Racing,0.05480499004677704,0.025000000000000355
NASCAR_2023_5301_hollywood_casino_400,NASCAR,2023,5301_hollywood_casino_400,Legacy Motor Club,-0.09379863206463711,-0.06299999999999528
NASCAR_2023_5301_hollywood_casino_400,NASCAR,2023,5301_hollywood_casino_400,Live Fast Motorsports,1.1185429826375213,0.4670000000000023
NASCAR_2023_5301_hollywood_casino_400,NASCAR,2023,5301_hollywood_casino_400,RFK Racing,-0.2434575292283136,-0.13549999999999685
NASCAR_2023_5301_hollywood_casino_400,NASCAR,2023,5301_hollywood_casino_400,Richard Childress Racing,-0.06075310416142779,-0.045999999999999375
NASCAR_2023_5301_hollywood_casino_400,NASCAR,2023,5301_hollywood_casino_400,Rick Ware Racing,0.8635352921694589,0.3879999999999981
NASCAR_2023_5301_hollywood_casino_400,NASCAR,2023,5301_hollywood_casino_400,Spire Motorsports,0.6047628743974391,0.31800000000000317
NASCAR_2023_5301_hollywood_casino_400,NASCAR,2023,5301_hollywood_casino_400,Stewart-Haas Racing,0.07179364623957839,0.03999999999999915
NASCAR_2023_5301_hollywood_casino_400,NASCAR,2023,5301_hollywood_casino_400,Team Penske,-0.030583090881178103,-0.014499999999998181
NASCAR_2023_5301_hollywood_casino_400,NASCAR,2023,5301_hollywood_casino_400,Trackhouse Racing,-0.04249932341935914,-0.02200000000000557
NASCAR_2023_5301_hollywood_casino_400,NASCAR,2023,5301_hollywood_casino_400,Wood Brothers Racing,0.46206238218300655,0.24574999999999747
NASCAR_2023_5302_bass_pro_shops_night_race,NASCAR,2023,5302_bass_pro_shops_night_race,23XI Racing,-0.10367450464159156,-0.021749999999999048
NASCAR_2023_5302_bass_pro_shops_night_race,NASCAR,2023,5302_bass_pro_shops_night_race,Front Row Motorsports,-0.2197909647553991,-0.04449999999999932
NASCAR_2023_5302_bass_pro_shops_night_race,NASCAR,2023,5302_bass_pro_shops_night_race,Hendrick Motorsports,-0.22948913028884693,-0.04625000000000057
NASCAR_2023_5302_bass_pro_shops_night_race,NASCAR,2023,5302_bass_pro_shops_night_race,JTG Daugherty Racing,-0.07759122839265464,-0.015750000000000597
NASCAR_2023_5302_bass_pro_shops_night_race,NASCAR,2023,5302_bass_pro_shops_night_race,Joe Gibbs Racing,-0.4967471694562281,-0.09600000000000009
NASCAR_2023_5302_bass_pro_shops_night_race,NASCAR,2023,5302_bass_pro_shops_night_race,Kaulig Racing,0.9083970355974,0.17700000000000138
NASCAR_2023_5302_bass_pro_shops_night_race,NASCAR,2023,5302_bass_pro_shops_night_race,Legacy Motor Club,-0.10763546661424898,-0.022000000000002018
NASCAR_2023_5302_bass_pro_shops_night_race,NASCAR,2023,5302_bass_pro_shops_night_race,Live Fast Motorsports,1.6483178739197955,0.30900000000000105
NASCAR_2023_5302_bass_pro_shops_night_race,NASCAR,2023,5302_bass_pro_shops_night_race,RFK Racing,-0.2683397789750227,-0.05624999999999858
NASCAR_2023_5302_bass_pro_shops_night_race,NASCAR,2023,5302_bass_pro_shops_night_race,Richard Childress Racing,-0.025432992291312656,-0.004000000000001336
NASCAR_2023_5302_bass_pro_shops_night_race,NASCAR,2023,5302_bass_pro_shops_night_race,Rick Ware Racing,0.6466021896360383,0.1242499999999982
NASCAR_2023_5302_bass_pro_shops_night_race,NASCAR,2023,5302_bass_pro_shops_night_race,Spire Motorsports,0.28170296809381273,0.05699999999999861
NASCAR_2023_5302_bass_pro_shops_night_race,NASCAR,2023,5302_bass_pro_shops_night_race,Stewart-Haas Racing,0.15398670072420242,0.03399999999999892
NASCAR_2023_5302_bass_pro_shops_night_race,NASCAR,2023,5302_bass_pro_shops_night_race,Team Penske,0.43296287295570546,0.08699999999999974
NASCAR_2023_5302_bass_pro_shops_night_race,NASCAR,2023,5302_bass_pro_shops_night_race,Trackhouse Racing,0.1071234401292668,0.020999999999997243
NASCAR_2023_5302_bass_pro_shops_night_race,NASCAR,2023,5302_bass_pro_shops_night_race,Wood Brothers Racing,0.5723447494222897,0.10525000000000162
NASCAR_2023_5303_autotrader_echopark_automotive_400,NASCAR,2023,5303_autotrader_echopark_automotive_400,23XI Racing,-0.35898854572307654,-0.13449999999999918
NASCAR_2023_5303_autotrader_echopark_automotive_400,NASCAR,2023,5303_autotrader_echopark_automotive_400,Front Row Motorsports,0.14142310603378969,0.06199999999999939
NASCAR_2023_5303_autotrader_echopark_automotive_400,NASCAR,2023,5303_autotrader_echopark_automotive_400,Hendrick Motorsports,-0.26414214377615675,-0.10949999999999704
NASCAR_2023_5303_autotrader_echopark_automotive_400,NASCAR,2023,5303_autotrader_echopark_automotive_400,JTG Daugherty Racing,0.3556638445642416,0.13175000000000026
NASCAR_2023_5303_autotrader_echopark_automotive_400,NASCAR,2023,5303_autotrader_echopark_automotive_400,Joe Gibbs Racing,-0.18011589044288867,-0.07624999999999815
NASCAR_2023_5303_autotrader_echopark_automotive_400,NASCAR,2023,5303_autotrader_echopark_automotive_400,Kaulig Racing,0.04659060502018004,0.022500000000000853
NASCAR_2023_5303_autotrader_echopark_automotive_400,NASCAR,2023,5303_autotrader_echopark_automotive_400,Legacy Motor Club,-0.3074429521724339,-0.13100000000000023
NASCAR_2023_5303_autotrader_echopark_automotive_400,NASCAR,2023,5303_autotrader_echopark_automotive_400,Live Fast Motorsports,1.3676568087167136,0.43200000000000216
NASCAR_2023_5303_autotrader_echopark_automotive_400,NASCAR,2023,5303_autotrader_echopark_automotive_400,RFK Racing,-0.40577303640649615,-0.1537500000000005
NASCAR_2023_5303_autotrader_echopark_automotive_400,NASCAR,2023,5303_autotrader_echopark_automotive_400,Richard Childress Racing,-0.4759918204590221,-0.15350000000000108
NASCAR_2023_5303_autotrader_echopark_automotive_400,NASCAR,2023,5303_autotrader_echopark_automotive_400,Rick Ware Racing,0.957396453788838,0.3119999999999994
NASCAR_2023_5303_autotrader_echopark_automotive_400,NASCAR,2023,5303_autotrader_echopark_automotive_400,Spire Motorsports,0.5834905815407992,0.22799999999999798
NASCAR_2023_5303_autotrader_echopark_automotive_400,NASCAR,2023,5303_autotrader_echopark_automotive_400,Stewart-Haas Racing,0.02696707689759284,0.01150000000000162
NASCAR_2023_5303_autotrader_echopark_automotive_400,NASCAR,2023,5303_autotrader_echopark_automotive_400,Team Penske,0.3844389424398051,0.14499999999999957
NASCAR_2023_5303_autotrader_echopark_automotive_400,NASCAR,2023,5303_autotrader_echopark_automotive_400,Trackhouse Racing,-0.1464251902654272,-0.06599999999999895
NASCAR_2023_5303_autotrader_echopark_automotive_400,NASCAR,2023,5303_autotrader_echopark_automotive_400,Wood Brothers Racing,0.49012899248317954,0.16400000000000148
NASCAR_2023_5304_yellawood_500,NASCAR,2023,5304_yellawood_500,23XI Racing,0,0
NASCAR_2023_5304_yellawood_500,NASCAR,2023,5304_yellawood_500,Front Row Motorsports,-0.02616247872925729,-0.006500000000002615
NASCAR_2023_5304_yellawood_500,NASCAR,2023,5304_yellawood_500,Hendrick Motorsports,0.034502484401215415,0.0045000000000001705
NASCAR_2023_5304_yellawood_500,NASCAR,2023,5304_yellawood_500,JTG Daugherty Racing,-0.0056795212679206335,-9.999999999976694e-4
NASCAR_2023_5304_yellawood_500,NASCAR,2023,5304_yellawood_500,Joe Gibbs Racing,-0.0640162760482807,-0.012750000000004036
NASCAR_2023_5304_yellawood_500,NASCAR,2023,5304_yellawood_500,Kaulig Racing,0.017355665762365427,0.0037499999999965894
NASCAR_2023_5304_yellawood_500,NASCAR,2023,5304_yellawood_500,Legacy Motor Club,-0.018687484806635114,-0.0030000000000001137
NASCAR_2023_5304_yellawood_500,NASCAR,2023,5304_yellawood_500,Live Fast Motorsports,0.03972851260774898,0.008000000000002672
NASCAR_2023_5304_yellawood_500,NASCAR,2023,5304_yellawood_500,RFK Racing,0.004860460440636364,4.99999999995282e-4
NASCAR_2023_5304_yellawood_500,NASCAR,2023,5304_yellawood_500,Richard Childress Racing,0.0014247459050201704,7.500000000000284e-4
NASCAR_2023_5304_yellawood_500,NASCAR,2023,5304_yellawood_500,Rick Ware Racing,0.011803900449258851,0.0015000000000000568
NASCAR_2023_5304_yellawood_500,NASCAR,2023,5304_yellawood_500,Spire Motorsports,-0.044166977003888115,-0.009000000000000341
NASCAR_2023_5304_yellawood_500,NASCAR,2023,5304_yellawood_500,Stewart-Haas Racing,0,0
NASCAR_2023_5304_yellawood_500,NASCAR,2023,5304_yellawood_500,Team Penske,0.002294661631136622,7.500000000000284e-4
NASCAR_2023_5304_yellawood_500,NASCAR,2023,5304_yellawood_500,Trackhouse Racing,0.02672247368427655,0.005750000000002586
NASCAR_2023_5304_yellawood_500,NASCAR,2023,5304_yellawood_500,Wood Brothers Racing,0.04196926819979658,0.009000000000003894
NASCAR_2023_5305_bank_of_america_roval_400,NASCAR,2023,5305_bank_of_america_roval_400,23XI Racing,-0.2841056106111569,-0.3680000000000092
NASCAR_2023_5305_bank_of_america_roval_400,NASCAR,2023,5305_bank_of_america_roval_400,Beard Motorsports,0.7847468999708833,0.7860000000000014
NASCAR_2023_5305_bank_of_america_roval_400,NASCAR,2023,5305_bank_of_america_roval_400,Front Row Motorsports,0.3814913363955733,0.5315000000000012
NASCAR_2023_5305_bank_of_america_roval_400,NASCAR,2023,5305_bank_of_america_roval_400,Hendrick Motorsports,-0.23552530193452603,-0.2580000000000098
NASCAR_2023_5305_bank_of_america_roval_400,NASCAR,2023,5305_bank_of_america_roval_400,JTG Daugherty Racing,0.3863074006500625,0.42500000000000426
NASCAR_2023_5305_bank_of_america_roval_400,NASCAR,2023,5305_bank_of_america_roval_400,Joe Gibbs Racing,-0.19876594786598104,-0.2217499999999859
NASCAR_2023_5305_bank_of_america_roval_400,NASCAR,2023,5305_bank_of_america_roval_400,Kaulig Racing,-0.1423749432949039,-0.17300000000000182
NASCAR_2023_5305_bank_of_america_roval_400,NASCAR,2023,5305_bank_of_america_roval_400,Legacy Motor Club,0.7606761561217865,0.7307499999999933
NASCAR_2023_5305_bank_of_america_roval_400,NASCAR,2023,5305_bank_of_america_roval_400,Live Fast Motorsports,0.46930789644217213,0.42099999999999227
NASCAR_2023_5305_bank_of_america_roval_400,NASCAR,2023,5305_bank_of_america_roval_400,RFK Racing,-0.1779119320759069,-0.20400000000000773
NASCAR_2023_5305_bank_of_america_roval_400,NASCAR,2023,5305_bank_of_america_roval_400,Richard Childress Racing,-0.17599446810119726,-0.28600000000000136
NASCAR_2023_5305_bank_of_america_roval_400,NASCAR,2023,5305_bank_of_america_roval_400,Rick Ware Racing,0.4981426259346019,0.5812499999999972
NASCAR_2023_5305_bank_of_america_roval_400,NASCAR,2023,5305_bank_of_america_roval_400,Spire Motorsports,0.4575896663987676,0.637999999999991
NASCAR_2023_5305_bank_of_america_roval_400,NASCAR,2023,5305_bank_of_america_roval_400,Stewart-Haas Racing,0.09984574585832656,0.14100000000000534
NASCAR_2023_5305_bank_of_america_roval_400,NASCAR,2023,5305_bank_of_america_roval_400,Team Penske,-0.16030585433928066,-0.20250000000000057
NASCAR_2023_5305_bank_of_america_roval_400,NASCAR,2023,5305_bank_of_america_roval_400,Trackhouse Racing,-0.1376763064329688,-0.16200000000000614
NASCAR_2023_5305_bank_of_america_roval_400,NASCAR,2023,5305_bank_of_america_roval_400,Wood Brothers Racing,0.47237192037081505,0.4519999999999982
NASCAR_2023_5306_south_point_400,NASCAR,2023,5306_south_point_400,23XI Racing,-0.3662262224315854,-0.1335000000000015
NASCAR_2023_5306_south_point_400,NASCAR,2023,5306_south_point_400,Front Row Motorsports,0.3629427199125943,0.13874999999999993
NASCAR_2023_5306_south_point_400,NASCAR,2023,5306_south_point_400,Hendrick Motorsports,-0.4624438878079534,-0.17175000000000296
NASCAR_2023_5306_south_point_400,NASCAR,2023,5306_south_point_400,JTG Daugherty Racing,0.3069051125229255,0.11549999999999727
NASCAR_2023_5306_south_point_400,NASCAR,2023,5306_south_point_400,Joe Gibbs Racing,-0.6874219557967454,-0.23999999999999844
NASCAR_2023_5306_south_point_400,NASCAR,2023,5306_south_point_400,Kaulig Racing,0.21069559886972156,0.07675000000000054
NASCAR_2023_5306_south_point_400,NASCAR,2023,5306_south_point_400,Legacy Motor Club,0.2195822900642458,0.0807500000000001
NASCAR_2023_5306_south_point_400,NASCAR,2023,5306_south_point_400,Live Fast Motorsports,1.5813016786059544,0.49924999999999997
NASCAR_2023_5306_south_point_400,NASCAR,2023,5306_south_point_400,RFK Racing,-0.5070704347081401,-0.18100000000000271
NASCAR_2023_5306_south_point_400,NASCAR,2023,5306_south_point_400,Richard Childress Racing,-0.1993913369686062,-0.0799999999999983
NASCAR_2023_5306_south_point_400,NASCAR,2023,5306_south_point_400,Rick Ware Racing,1.179595501413178,0.37299999999999756
NASCAR_2023_5306_south_point_400,NASCAR,2023,5306_south_point_400,Spire Motorsports,0.4701468421005836,0.15750000000000242
NASCAR_2023_5306_south_point_400,NASCAR,2023,5306_south_point_400,Stewart-Haas Racing,0.09439877464327848,0.03999999999999915
NASCAR_2023_5306_south_point_400,NASCAR,2023,5306_south_point_400,Team Penske,-0.2608644219360001,-0.10025000000000084
NASCAR_2023_5306_south_point_400,NASCAR,2023,5306_south_point_400,Trackhouse Racing,-0.1244349484490484,-0.044749999999998735
NASCAR_2023_5306_south_point_400,NASCAR,2023,5306_south_point_400,Wood Brothers Racing,0.4721847820130902,0.16300000000000026
NASCAR_2023_5307_4ever_400,NASCAR,2023,5307_4ever_400,23XI Racing,-0.31951610771797095,-0.13125000000000142
NASCAR_2023_5307_4ever_400,NASCAR,2023,5307_4ever_400,Front Row Motorsports,0.5154454000795685,0.19324999999999903
NASCAR_2023_5307_4ever_400,NASCAR,2023,5307_4ever_400,Hendrick Motorsports,-0.11568547907561219,-0.05900000000000105
NASCAR_2023_5307_4ever_400,NASCAR,2023,5307_4ever_400,JTG Daugherty Racing,0.460916012086303,0.15049999999999386
NASCAR_2023_5307_4ever_400,NASCAR,2023,5307_4ever_400,Joe Gibbs Racing,-0.5140733263366797,-0.21749999999999758
NASCAR_2023_5307_4ever_400,NASCAR,2023,5307_4ever_400,Kaulig Racing,0.002483940459198915,0.0015000000000000568
NASCAR_2023_5307_4ever_400,NASCAR,2023,5307_4ever_400,Legacy Motor Club,0.12794453372070458,0.04625000000000057
NASCAR_2023_5307_4ever_400,NASCAR,2023,5307_4ever_400,Live Fast Motorsports,0.8626373015406653,0.2774999999999963
NASCAR_2023_5307_4ever_400,NASCAR,2023,5307_4ever_400,RFK Racing,-0.023454268577674187,-0.012000000000000455
NASCAR_2023_5307_4ever_400,NASCAR,2023,5307_4ever_400,Richard Childress Racing,-0.12649234357187042,-0.07099999999999795
NASCAR_2023_5307_4ever_400,NASCAR,2023,5307_4ever_400,Rick Ware Racing,1.050110535573019,0.3454999999999977
NASCAR_2023_5307_4ever_400,NASCAR,2023,5307_4ever_400,Spire Motorsports,0.2552632432943042,0.10524999999999807
NASCAR_2023_5307_4ever_400,NASCAR,2023,5307_4ever_400,Stewart-Haas Racing,0.032848976733809446,0.012499999999995737
NASCAR_2023_5307_4ever_400,NASCAR,2023,5307_4ever_400,Team Penske,-0.26339532792495807,-0.11749999999999261
NASCAR_2023_5307_4ever_400,NASCAR,2023,5307_4ever_400,Trackhouse Racing,0.008688433922743393,0.006999999999997897
NASCAR_2023_5307_4ever_400,NASCAR,2023,5307_4ever_400,Wood Brothers Racing,0.28088018111254154,0.07649999999999935
NASCAR_2023_5308_xfinity_500,NASCAR,2023,5308_xfinity_500,23XI Racing,-0.02705218064067632,-0.004000000000001336
NASCAR_2023_5308_xfinity_500,NASCAR,2023,5308_xfinity_500,Front Row Motorsports,-0.01637086595260339,-0.0030000000000001137
NASCAR_2023_5308_xfinity_500,NASCAR,2023,5308_xfinity_500,Hendrick Motorsports,0,0
NASCAR_2023_5308_xfinity_500,NASCAR,2023,5308_xfinity_500,JTG Daugherty Racing,0.30409420487774835,0.05600000000000094
NASCAR_2023_5308_xfinity_500,NASCAR,2023,5308_xfinity_500,Joe Gibbs Racing,-0.4078687269353139,-0.0779999999999994
NASCAR_2023_5308_xfinity_500,NASCAR,2023,5308_xfinity_500,Kaulig Racing,0.7326717538438243,0.12899999999999778
NASCAR_2023_5308_xfinity_500,NASCAR,2023,5308_xfinity_500,Legacy Motor Club,0.4754561417354267,0.09499999999999886
NASCAR_2023_5308_xfinity_500,NASCAR,2023,5308_xfinity_500,Live Fast Motorsports,1.289543876526717,0.21499999999999986
NASCAR_2023_5308_xfinity_500,NASCAR,2023,5308_xfinity_500,RFK Racing,-0.16339756255880633,-0.03300000000000125
NASCAR_2023_5308_xfinity_500,NASCAR,2023,5308_xfinity_500,Richard Childress Racing,0.2985938229401134,0.0519999999999996
NASCAR_2023_5308_xfinity_500,NASCAR,2023,5308_xfinity_500,Rick Ware Racing,0.8677310455089283,0.15999999999999837
NASCAR_2023_5308_xfinity_500,NASCAR,2023,5308_xfinity_500,Spire Motorsports,0.3032567060515745,0.054999999999999716
NASCAR_2023_5308_xfinity_500,NASCAR,2023,5308_xfinity_500,Stewart-Haas Racing,-0.3283785815804842,-0.06799999999999962
NASCAR_2023_5308_xfinity_500,NASCAR,2023,5308_xfinity_500,Team Penske,-0.43006732457273233,-0.08225000000000016
NASCAR_2023_5308_xfinity_500,NASCAR,2023,5308_xfinity_500,Trackhouse Racing,-0.0091230396490103,-0.0019999999999988916
NASCAR_2023_5308_xfinity_500,NASCAR,2023,5308_xfinity_500,Wood Brothers Racing,0.1591921505532818,0.022999999999999687
NASCAR_2023_5309_nascar_cup_series_championship,NASCAR,2023,5309_nascar_cup_series_championship,23XI Racing,-0.13381791115300629,-0.05200000000000138
NASCAR_2023_5309_nascar_cup_series_championship,NASCAR,2023,5309_nascar_cup_series_championship,Front Row Motorsports,0.3158793408909828,0.09849999999999959
NASCAR_2023_5309_nascar_cup_series_championship,NASCAR,2023,5309_nascar_cup_series_championship,Hendrick Motorsports,-0.17473627289518123,-0.06499999999999773
NASCAR_2023_5309_nascar_cup_series_championship,NASCAR,2023,5309_nascar_cup_series_championship,JTG Daugherty Racing,0.4865281384778671,0.14699999999999847
NASCAR_2023_5309_nascar_cup_series_championship,NASCAR,2023,5309_nascar_cup_series_championship,Joe Gibbs Racing,-0.35975899317726534,-0.11850000000000094
NASCAR_2023_5309_nascar_cup_series_championship,NASCAR,2023,5309_nascar_cup_series_championship,Kaulig Racing,0.7480246140431837,0.2234999999999978
NASCAR_2023_5309_nascar_cup_series_championship,NASCAR,2023,5309_nascar_cup_series_championship,Legacy Motor Club,-0.06540864434864095,-0.021000000000000796
NASCAR_2023_5309_nascar_cup_series_championship,NASCAR,2023,5309_nascar_cup_series_championship,Live Fast Motorsports,1.4123540764789428,0.42799999999999727
NASCAR_2023_5309_nascar_cup_series_championship,NASCAR,2023,5309_nascar_cup_series_championship,RFK Racing,-0.5350921724557052,-0.17849999999999966
NASCAR_2023_5309_nascar_cup_series_championship,NASCAR,2023,5309_nascar_cup_series_championship,Richard Childress Racing,0.025366571378896894,0.007999999999999119
NASCAR_2023_5309_nascar_cup_series_championship,NASCAR,2023,5309_nascar_cup_series_championship,Rick Ware Racing,1.055154119165344,0.3180000000000014
NASCAR_2023_5309_nascar_cup_series_championship,NASCAR,2023,5309_nascar_cup_series_championship,Spire Motorsports,1.1233352794411424,0.32949999999999946
NASCAR_2023_5309_nascar_cup_series_championship,NASCAR,2023,5309_nascar_cup_series_championship,Stewart-Haas Racing,-0.08110767896458479,-0.027749999999999275
NASCAR_2023_5309_nascar_cup_series_championship,NASCAR,2023,5309_nascar_cup_series_championship,Team Penske,-0.16191368942107298,-0.057500000000000995
NASCAR_2023_5309_nascar_cup_series_championship,NASCAR,2023,5309_nascar_cup_series_championship,Trackhouse Racing,-0.41672668053343653,-0.1429999999999989
NASCAR_2023_5309_nascar_cup_series_championship,NASCAR,2023,5309_nascar_cup_series_championship,Wood Brothers Racing,0.5235817265973808,0.15975000000000072
NASCAR_2024_5376_busch_light_clash_at_the_coliseum,NASCAR,2024,5376_busch_light_clash_at_the_coliseum,23XI Racing,0,0
NASCAR_2024_5376_busch_light_clash_at_the_coliseum,NASCAR,2024,5376_busch_light_clash_at_the_coliseum,Front Row Motorsports,0.30718309538058464,0.05600000000000005
NASCAR_2024_5376_busch_light_clash_at_the_coliseum,NASCAR,2024,5376_busch_light_clash_at_the_coliseum,Hendrick Motorsports,-0.10714611094267526,-0.025000000000000355
NASCAR_2024_5376_busch_light_clash_at_the_coliseum,NASCAR,2024,5376_busch_light_clash_at_the_coliseum,JTG Daugherty Racing,0.5547048952046522,0.09899999999999842
NASCAR_2024_5376_busch_light_clash_at_the_coliseum,NASCAR,2024,5376_busch_light_clash_at_the_coliseum,Joe Gibbs Racing,-0.2461603087361085,-0.056999999999999496
NASCAR_2024_5376_busch_light_clash_at_the_coliseum,NASCAR,2024,5376_busch_light_clash_at_the_coliseum,Legacy Motor Club,0.5373110198261363,0.09500000000000064
NASCAR_2024_5376_busch_light_clash_at_the_coliseum,NASCAR,2024,5376_busch_light_clash_at_the_coliseum,RFK Racing,0.07012358970937925,0.012749999999999595
NASCAR_2024_5376_busch_light_clash_at_the_coliseum,NASCAR,2024,5376_busch_light_clash_at_the_coliseum,Richard Childress Racing,-0.313423128818288,-0.06199999999999939
NASCAR_2024_5376_busch_light_clash_at_the_coliseum,NASCAR,2024,5376_busch_light_clash_at_the_coliseum,Rick Ware Racing,-0.10741115190047186,-0.016499999999999737
NASCAR_2024_5376_busch_light_clash_at_the_coliseum,NASCAR,2024,5376_busch_light_clash_at_the_coliseum,Spire Motorsports,0.6500614936162491,0.13400000000000034
NASCAR_2024_5376_busch_light_clash_at_the_coliseum,NASCAR,2024,5376_busch_light_clash_at_the_coliseum,Stewart-Haas Racing,0.21978752504539492,0.04350000000000076
NASCAR_2024_5376_busch_light_clash_at_the_coliseum,NASCAR,2024,5376_busch_light_clash_at_the_coliseum,Team Penske,-0.33880456278728777,-0.07324999999999982
NASCAR_2024_5376_busch_light_clash_at_the_coliseum,NASCAR,2024,5376_busch_light_clash_at_the_coliseum,Trackhouse Racing,0.0771198702015736,0.0129999999999999
NASCAR_2024_5383_bluegreen_vacations_duel_1_at_daytona,NASCAR,2024,5383_bluegreen_vacations_duel_1_at_daytona,23XI Racing,-0.018682313956436988,-0.0012499999999988631
NASCAR_2024_5383_bluegreen_vacations_duel_1_at_daytona,NASCAR,2024,5383_bluegreen_vacations_duel_1_at_daytona,Beard Motorsports,1.9182770521500985,0.1515000000000022
NASCAR_2024_5383_bluegreen_vacations_duel_1_at_daytona,NASCAR,2024,5383_bluegreen_vacations_duel_1_at_daytona,Front Row Motorsports,0.04321479592856601,0.009000000000000341
NASCAR_2024_5383_bluegreen_vacations_duel_1_at_daytona,NASCAR,2024,5383_bluegreen_vacations_duel_1_at_daytona,Hendrick Motorsports,0.001026627773006071,0.0010000000000012221
NASCAR_2024_5383_bluegreen_vacations_duel_1_at_daytona,NASCAR,2024,5383_bluegreen_vacations_duel_1_at_daytona,JTG Daugherty Racing,-0.3295041516682176,-0.03399999999999892
NASCAR_2024_5383_bluegreen_vacations_duel_1_at_daytona,NASCAR,2024,5383_bluegreen_vacations_duel_1_at_daytona,Joe Gibbs Racing,-0.02901978055889421,-0.0030000000000001137
NASCAR_2024_5383_bluegreen_vacations_duel_1_at_daytona,NASCAR,2024,5383_bluegreen_vacations_duel_1_at_daytona,Kaulig Racing,-0.1399336092890106,-0.010000000000001563
NASCAR_2024_5383_bluegreen_vacations_duel_1_at_daytona,NASCAR,2024,5383_bluegreen_vacations_duel_1_at_daytona,Legacy Motor Club,-0.12825050292752485,-0.012999999999998124
NASCAR_2024_5383_bluegreen_vacations_duel_1_at_daytona,NASCAR,2024,5383_bluegreen_vacations_duel_1_at_daytona,NY Racing Team,0,0
NASCAR_2024_5383_bluegreen_vacations_duel_1_at_daytona,NASCAR,2024,5383_bluegreen_vacations_duel_1_at_daytona,RFK Racing,0.1730953110357149,0.014499999999998181
NASCAR_2024_5383_bluegreen_vacations_duel_1_at_daytona,NASCAR,2024,5383_bluegreen_vacations_duel_1_at_daytona,Richard Childress Racing,-0.025550913314833078,-9.999999999976694e-4
NASCAR_2024_5383_bluegreen_vacations_duel_1_at_daytona,NASCAR,2024,5383_bluegreen_vacations_duel_1_at_daytona,Spire Motorsports,-0.013668842205570651,-0.001999999999995339
NASCAR_2024_5383_bluegreen_vacations_duel_1_at_daytona,NASCAR,2024,5383_bluegreen_vacations_duel_1_at_daytona,Stewart-Haas Racing,0.057658612284663034,0.00999999999999801
NASCAR_2024_5383_bluegreen_vacations_duel_1_at_daytona,NASCAR,2024,5383_bluegreen_vacations_duel_1_at_daytona,Team Penske,0.07743549798361511,0.012000000000000455
NASCAR_2024_5383_bluegreen_vacations_duel_1_at_daytona,NASCAR,2024,5383_bluegreen_vacations_duel_1_at_daytona,Trackhouse Racing,0.006985780978919268,5.000000000023874e-4
NASCAR_2024_5384_bluegreen_vacations_duel_2_at_daytona,NASCAR,2024,5384_bluegreen_vacations_duel_2_at_daytona,23XI Racing,-0.23374305194770317,-0.013999999999995794
NASCAR_2024_5384_bluegreen_vacations_duel_2_at_daytona,NASCAR,2024,5384_bluegreen_vacations_duel_2_at_daytona,Front Row Motorsports,0.1154486186976218,0.016749999999994714
NASCAR_2024_5384_bluegreen_vacations_duel_2_at_daytona,NASCAR,2024,5384_bluegreen_vacations_duel_2_at_daytona,Hendrick Motorsports,0.06608600361064018,0.0030000000000001137
NASCAR_2024_5384_bluegreen_vacations_duel_2_at_daytona,NASCAR,2024,5384_bluegreen_vacations_duel_2_at_daytona,Joe Gibbs Racing,-0.013720673947216792,-0.0010000000000047748
NASCAR_2024_5384_bluegreen_vacations_duel_2_at_daytona,NASCAR,2024,5384_bluegreen_vacations_duel_2_at_daytona,Kaulig Racing,0.018418107444053766,0.0020000000000024443
NASCAR_2024_5384_bluegreen_vacations_duel_2_at_daytona,NASCAR,2024,5384_bluegreen_vacations_duel_2_at_daytona,Legacy Motor Club,-0.0017375323771285495,-5.000000000023874e-4
NASCAR_2024_5384_bluegreen_vacations_duel_2_at_daytona,NASCAR,2024,5384_bluegreen_vacations_duel_2_at_daytona,Live Fast Motorsports,-0.24850585962888355,-0.015499999999999403
NASCAR_2024_5384_bluegreen_vacations_duel_2_at_daytona,NASCAR,2024,5384_bluegreen_vacations_duel_2_at_daytona,RFK Racing,0.01984596176693517,0.002500000000001279
NASCAR_2024_5384_bluegreen_vacations_duel_2_at_daytona,NASCAR,2024,5384_bluegreen_vacations_duel_2_at_daytona,Richard Childress Racing,0.05668844086772567,0.003999999999997783
NASCAR_2024_5384_bluegreen_vacations_duel_2_at_daytona,NASCAR,2024,5384_bluegreen_vacations_duel_2_at_daytona,Rick Ware Racing,-0.06384433894418755,-0.005000000000002558
NASCAR_2024_5384_bluegreen_vacations_duel_2_at_daytona,NASCAR,2024,5384_bluegreen_vacations_duel_2_at_daytona,Spire Motorsports,-0.25197527531983516,-0.020000000000003126
NASCAR_2024_5384_bluegreen_vacations_duel_2_at_daytona,NASCAR,2024,5384_bluegreen_vacations_duel_2_at_daytona,Stewart-Haas Racing,0,0
NASCAR_2024_5384_bluegreen_vacations_duel_2_at_daytona,NASCAR,2024,5384_bluegreen_vacations_duel_2_at_daytona,Team Penske,0.039031705827355906,0.0034999999999989484
NASCAR_2024_5384_bluegreen_vacations_duel_2_at_daytona,NASCAR,2024,5384_bluegreen_vacations_duel_2_at_daytona,Wood Brothers Racing,-0.013293556410608233,-0.004999999999999005
NASCAR_2024_5385_daytona_500,NASCAR,2024,5385_daytona_500,23XI Racing,-0.03296621786143442,-0.003999999999997783
NASCAR_2024_5385_daytona_500,NASCAR,2024,5385_daytona_500,Beard Motorsports,-0.03745119963082736,-0.005000000000002558
NASCAR_2024_5385_daytona_500,NASCAR,2024,5385_daytona_500,Front Row Motorsports,-0.0059588284967181755,-5.000000000023874e-4
NASCAR_2024_5385_daytona_500,NASCAR,2024,5385_daytona_500,Hendrick Motorsports,0,0
NASCAR_2024_5385_daytona_500,NASCAR,2024,5385_daytona_500,JTG Daugherty Racing,-0.029385228281372675,-0.016000000000005343
NASCAR_2024_5385_daytona_500,NASCAR,2024,5385_daytona_500,Joe Gibbs Racing,-0.007711639975034104,-0.0020000000000024443
NASCAR_2024_5385_daytona_500,NASCAR,2024,5385_daytona_500,Kaulig Racing,0,0
NASCAR_2024_5385_daytona_500,NASCAR,2024,5385_daytona_500,Legacy Motor Club,0.007343425510415781,0.0030000000000001137
NASCAR_2024_5385_daytona_500,NASCAR,2024,5385_daytona_500,RFK Racing,0.007889265617460135,0.0020000000000024443
NASCAR_2024_5385_daytona_500,NASCAR,2024,5385_daytona_500,Richard Childress Racing,-0.024312014292244725,-0.008000000000002672
NASCAR_2024_5385_daytona_500,NASCAR,2024,5385_daytona_500,Rick Ware Racing,0.0663779931341193,0.013249999999995765
NASCAR_2024_5385_daytona_500,NASCAR,2024,5385_daytona_500,Spire Motorsports,3.1860055581210906e-4,2.49999999997641e-4
NASCAR_2024_5385_daytona_500,NASCAR,2024,5385_daytona_500,Stewart-Haas Racing,0.0023878726078060317,9.999999999976694e-4
NASCAR_2024_5385_daytona_500,NASCAR,2024,5385_daytona_500,Team Penske,0,0
NASCAR_2024_5385_daytona_500,NASCAR,2024,5385_daytona_500,Trackhouse Racing,0,0
NASCAR_2024_5385_daytona_500,NASCAR,2024,5385_daytona_500,Wood Brothers Racing,0.44126715817131806,0.07600000000000051
NASCAR_2024_5386_iowa_corn_350,NASCAR,2024,5386_iowa_corn_350,23XI Racing,-0.018038447941404134,-0.00600000000000378
NASCAR_2024_5386_iowa_corn_350,NASCAR,2024,5386_iowa_corn_350,Front Row Motorsports,-0.07404702163740037,-0.02125000000000199
NASCAR_2024_5386_iowa_corn_350,NASCAR,2024,5386_iowa_corn_350,Hendrick Motorsports,-0.6120832405673392,-0.17599999999999838
NASCAR_2024_5386_iowa_corn_350,NASCAR,2024,5386_iowa_corn_350,JTG Daugherty Racing,-0.023679444800775454,-0.005250000000000199
NASCAR_2024_5386_iowa_corn_350,NASCAR,2024,5386_iowa_corn_350,Joe Gibbs Racing,0.039201887762785534,0.015750000000000597
NASCAR_2024_5386_iowa_corn_350,NASCAR,2024,5386_iowa_corn_350,Kaulig Racing,0.9186874629465038,0.2289999999999992
NASCAR_2024_5386_iowa_corn_350,NASCAR,2024,5386_iowa_corn_350,Legacy Motor Club,0.3878266307399379,0.09850000000000136
NASCAR_2024_5386_iowa_corn_350,NASCAR,2024,5386_iowa_corn_350,RFK Racing,-0.018210839550261138,-0.0065000000000008384
NASCAR_2024_5386_iowa_corn_350,NASCAR,2024,5386_iowa_corn_350,Richard Childress Racing,0.03487453797056751,0.010499999999998622
NASCAR_2024_5386_iowa_corn_350,NASCAR,2024,5386_iowa_corn_350,Rick Ware Racing,0.31705310506927453,0.0779999999999994
NASCAR_2024_5386_iowa_corn_350,NASCAR,2024,5386_iowa_corn_350,Spire Motorsports,0.37408206050133247,0.10800000000000054
NASCAR_2024_5386_iowa_corn_350,NASCAR,2024,5386_iowa_corn_350,Stewart-Haas Racing,0,0
NASCAR_2024_5386_iowa_corn_350,NASCAR,2024,5386_iowa_corn_350,Team Penske,-0.2838429714216319,-0.09099999999999753
NASCAR_2024_5386_iowa_corn_350,NASCAR,2024,5386_iowa_corn_350,Trackhouse Racing,-0.2853792343663834,-0.08899999999999864
NASCAR_2024_5386_iowa_corn_350,NASCAR,2024,5386_iowa_corn_350,Wood Brothers Racing,0.20212465795221954,0.057500000000000995
NASCAR_2024_5387_pennzoil_400,NASCAR,2024,5387_pennzoil_400,23XI Racing,-0.4859225826455973,-0.1909999999999954
NASCAR_2024_5387_pennzoil_400,NASCAR,2024,5387_pennzoil_400,Front Row Motorsports,0.2747573883225115,0.10274999999999679
NASCAR_2024_5387_pennzoil_400,NASCAR,2024,5387_pennzoil_400,Hendrick Motorsports,-0.32648981644275515,-0.13324999999999854
NASCAR_2024_5387_pennzoil_400,NASCAR,2024,5387_pennzoil_400,JTG Daugherty Racing,0.21494722123388926,0.07474999999999987
NASCAR_2024_5387_pennzoil_400,NASCAR,2024,5387_pennzoil_400,Joe Gibbs Racing,-0.3907948238383034,-0.14550000000000196
NASCAR_2024_5387_pennzoil_400,NASCAR,2024,5387_pennzoil_400,Kaulig Racing,0.41053665603571354,0.1385000000000005
NASCAR_2024_5387_pennzoil_400,NASCAR,2024,5387_pennzoil_400,Legacy Motor Club,0.15383565560742368,0.05674999999999919
NASCAR_2024_5387_pennzoil_400,NASCAR,2024,5387_pennzoil_400,NY Racing Team,2.9629010900528296,1.0574999999999992
NASCAR_2024_5387_pennzoil_400,NASCAR,2024,5387_pennzoil_400,RFK Racing,0.010065377696383344,0.0034999999999989484
NASCAR_2024_5387_pennzoil_400,NASCAR,2024,5387_pennzoil_400,Richard Childress Racing,-0.1251410199698807,-0.061000000000003496
NASCAR_2024_5387_pennzoil_400,NASCAR,2024,5387_pennzoil_400,Rick Ware Racing,0.5678161567238755,0.1947499999999991
NASCAR_2024_5387_pennzoil_400,NASCAR,2024,5387_pennzoil_400,Spire Motorsports,-0.025555913805463307,-0.00975000000000037
NASCAR_2024_5387_pennzoil_400,NASCAR,2024,5387_pennzoil_400,Stewart-Haas Racing,0.09425410770781546,0.038000000000000256
NASCAR_2024_5387_pennzoil_400,NASCAR,2024,5387_pennzoil_400,Team Penske,-0.1925366832357362,-0.07500000000000284
NASCAR_2024_5387_pennzoil_400,NASCAR,2024,5387_pennzoil_400,Trackhouse Racing,-0.11727714345825467,-0.057500000000000995
NASCAR_2024_5387_pennzoil_400,NASCAR,2024,5387_pennzoil_400,Wood Brothers Racing,0.36275878542665474,0.14275000000000126
NASCAR_2024_5388_shriners_children_s_500,NASCAR,2024,5388_shriners_children_s_500,23XI Racing,-0.20055821148094227,-0.06900000000000261
NASCAR_2024_5388_shriners_children_s_500,NASCAR,2024,5388_shriners_children_s_500,Front Row Motorsports,0.06013200078248744,0.01600000000000179
NASCAR_2024_5388_shriners_children_s_500,NASCAR,2024,5388_shriners_children_s_500,Hendrick Motorsports,-0.14086098228193733,-0.04999999999999716
NASCAR_2024_5388_shriners_children_s_500,NASCAR,2024,5388_shriners_children_s_500,JTG Daugherty Racing,0.5881077655236497,0.1620000000000008
NASCAR_2024_5388_shriners_children_s_500,NASCAR,2024,5388_shriners_children_s_500,Joe Gibbs Racing,-0.5374488396042971,-0.17099999999999937
NASCAR_2024_5388_shriners_children_s_500,NASCAR,2024,5388_shriners_children_s_500,Kaulig Racing,0.6831586689478999,0.17474999999999952
NASCAR_2024_5388_shriners_children_s_500,NASCAR,2024,5388_shriners_children_s_500,Legacy Motor Club,0.05935915300491455,0.0235000000000003
NASCAR_2024_5388_shriners_children_s_500,NASCAR,2024,5388_shriners_children_s_500,RFK Racing,-0.2980822086827696,-0.08799999999999741
NASCAR_2024_5388_shriners_children_s_500,NASCAR,2024,5388_shriners_children_s_500,Richard Childress Racing,1.0061749126397568,0.2789999999999999
NASCAR_2024_5388_shriners_children_s_500,NASCAR,2024,5388_shriners_children_s_500,Rick Ware Racing,0.721086553038317,0.18500000000000227
NASCAR_2024_5388_shriners_children_s_500,NASCAR,2024,5388_shriners_children_s_500,Spire Motorsports,0.3568580433771769,0.08999999999999986
NASCAR_2024_5388_shriners_children_s_500,NASCAR,2024,5388_shriners_children_s_500,Stewart-Haas Racing,-0.04434144800202542,-0.01249999999999929
NASCAR_2024_5388_shriners_children_s_500,NASCAR,2024,5388_shriners_children_s_500,Team Penske,-0.17470542166828848,-0.055999999999997385
NASCAR_2024_5388_shriners_children_s_500,NASCAR,2024,5388_shriners_children_s_500,Trackhouse Racing,-0.09107809791063787,-0.02800000000000047
NASCAR_2024_5388_shriners_children_s_500,NASCAR,2024,5388_shriners_children_s_500,Wood Brothers Racing,0.6500453652796598,0.15974999999999895
NASCAR_2024_5389_ambetter_health_400,NASCAR,2024,5389_ambetter_health_400,23XI Racing,0.02596630868925754,0.012000000000000455
NASCAR_2024_5389_ambetter_health_400,NASCAR,2024,5389_ambetter_health_400,Front Row Motorsports,-0.026679683492550187,-0.013500000000007617
NASCAR_2024_5389_ambetter_health_400,NASCAR,2024,5389_ambetter_health_400,Hendrick Motorsports,-0.015850551916563645,-0.00575000000000081
NASCAR_2024_5389_ambetter_health_400,NASCAR,2024,5389_ambetter_health_400,JTG Daugherty Racing,-0.031927026251396304,-0.013500000000000512
NASCAR_2024_5389_ambetter_health_400,NASCAR,2024,5389_ambetter_health_400,Joe Gibbs Racing,0,0
NASCAR_2024_5389_ambetter_health_400,NASCAR,2024,5389_ambetter_health_400,Kaulig Racing,0.18673477925821763,0.11224999999999952
NASCAR_2024_5389_ambetter_health_400,NASCAR,2024,5389_ambetter_health_400,Legacy Motor Club,0.6342022145142829,0.23574999999999946
NASCAR_2024_5389_ambetter_health_400,NASCAR,2024,5389_ambetter_health_400,Live Fast Motorsports,0.04061043866037957,0.009000000000000341
NASCAR_2024_5389_ambetter_health_400,NASCAR,2024,5389_ambetter_health_400,RFK Racing,-0.045348372934198966,-0.02125000000000199
NASCAR_2024_5389_ambetter_health_400,NASCAR,2024,5389_ambetter_health_400,Richard Childress Racing,-6.29334996637983e-4,-2.4999999999941735e-4
NASCAR_2024_5389_ambetter_health_400,NASCAR,2024,5389_ambetter_health_400,Rick Ware Racing,0.05422670541113774,0.0389999999999997
NASCAR_2024_5389_ambetter_health_400,NASCAR,2024,5389_ambetter_health_400,Spire Motorsports,-0.0019221433236617357,-0.0015000000000000568
NASCAR_2024_5389_ambetter_health_400,NASCAR,2024,5389_ambetter_health_400,Stewart-Haas Racing,0.0011056356952184553,9.999999999976694e-4
NASCAR_2024_5389_ambetter_health_400,NASCAR,2024,5389_ambetter_health_400,Team Penske,-0.06431972117054169,-0.03424999999999656
NASCAR_2024_5389_ambetter_health_400,NASCAR,2024,5389_ambetter_health_400,Trackhouse Racing,-0.022747687262397454,-0.00725000000000442
NASCAR_2024_5389_ambetter_health_400,NASCAR,2024,5389_ambetter_health_400,Wood Brothers Racing,-0.01657248591138729,-0.019999999999999574
NASCAR_2024_5390_echopark_automotive_grand_prix,NASCAR,2024,5390_echopark_automotive_grand_prix,23XI Racing,-0.13515681833468046,-0.29049999999999443
NASCAR_2024_5390_echopark_automotive_grand_prix,NASCAR,2024,5390_echopark_automotive_grand_prix,Front Row Motorsports,0.053475185476142495,0.07050000000000978
NASCAR_2024_5390_echopark_automotive_grand_prix,NASCAR,2024,5390_echopark_automotive_grand_prix,Hendrick Motorsports,-0.1706310556976811,-0.3965000000000316
NASCAR_2024_5390_echopark_automotive_grand_prix,NASCAR,2024,5390_echopark_automotive_grand_prix,JTG Daugherty Racing,0.14713656109976259,0.4170000000000016
NASCAR_2024_5390_echopark_automotive_grand_prix,NASCAR,2024,5390_echopark_automotive_grand_prix,Joe Gibbs Racing,-0.3346746683750593,-0.6272500000000178
NASCAR_2024_5390_echopark_automotive_grand_prix,NASCAR,2024,5390_echopark_automotive_grand_prix,Kaulig Racing,0,0
NASCAR_2024_5390_echopark_automotive_grand_prix,NASCAR,2024,5390_echopark_automotive_grand_prix,Legacy Motor Club,0.44587004528386576,0.8365000000000151
NASCAR_2024_5390_echopark_automotive_grand_prix,NASCAR,2024,5390_echopark_automotive_grand_prix,Power Source,2.5961100124641048,6.49499999999999
NASCAR_2024_5390_echopark_automotive_grand_prix,NASCAR,2024,5390_echopark_automotive_grand_prix,RFK Racing,0.07639004297698067,0.15100000000001046
NASCAR_2024_5390_echopark_automotive_grand_prix,NASCAR,2024,5390_echopark_automotive_grand_prix,Richard Childress Racing,-0.02629815966127323,-0.038000000000010914
NASCAR_2024_5390_echopark_automotive_grand_prix,NASCAR,2024,5390_echopark_automotive_grand_prix,Rick Ware Racing,0.09101840722964194,0.1950000000000074
NASCAR_2024_5390_echopark_automotive_grand_prix,NASCAR,2024,5390_echopark_automotive_grand_prix,Spire Motorsports,0.07957229139871398,0.15300000000002
NASCAR_2024_5390_echopark_automotive_grand_prix,NASCAR,2024,5390_echopark_automotive_grand_prix,Stewart-Haas Racing,0.07515014131351926,0.12699999999998113
NASCAR_2024_5390_echopark_automotive_grand_prix,NASCAR,2024,5390_echopark_automotive_grand_prix,Team Penske,-0.036015814158353726,-0.069500000000005
NASCAR_2024_5390_echopark_automotive_grand_prix,NASCAR,2024,5390_echopark_automotive_grand_prix,Trackhouse Racing,-0.14583223230913844,-0.31749999999998124
NASCAR_2024_5390_echopark_automotive_grand_prix,NASCAR,2024,5390_echopark_automotive_grand_prix,Wood Brothers Racing,0.37039029549622954,0.595249999999993
NASCAR_2024_5391_toyota_owners_400,NASCAR,2024,5391_toyota_owners_400,23XI Racing,-0.3119618785767183,-0.08749999999999858
NASCAR_2024_5391_toyota_owners_400,NASCAR,2024,5391_toyota_owners_400,Front Row Motorsports,0.14768217400130898,0.04400000000000048
NASCAR_2024_5391_toyota_owners_400,NASCAR,2024,5391_toyota_owners_400,Hendrick Motorsports,-0.27006670072488553,-0.07900000000000063
NASCAR_2024_5391_toyota_owners_400,NASCAR,2024,5391_toyota_owners_400,JTG Daugherty Racing,0.7317570387693331,0.1965000000000039
NASCAR_2024_5391_toyota_owners_400,NASCAR,2024,5391_toyota_owners_400,Joe Gibbs Racing,-0.36505073322583537,-0.10725000000000229
NASCAR_2024_5391_toyota_owners_400,NASCAR,2024,5391_toyota_owners_400,Kaulig Racing,0.7612913907516521,0.17849999999999966
NASCAR_2024_5391_toyota_owners_400,NASCAR,2024,5391_toyota_owners_400,Legacy Motor Club,0.03125183209653671,0.009499999999999176
NASCAR_2024_5391_toyota_owners_400,NASCAR,2024,5391_toyota_owners_400,RFK Racing,-0.20845209448043248,-0.059499999999999886
NASCAR_2024_5391_toyota_owners_400,NASCAR,2024,5391_toyota_owners_400,Richard Childress Racing,0.19420486234665593,0.05174999999999663
NASCAR_2024_5391_toyota_owners_400,NASCAR,2024,5391_toyota_owners_400,Rick Ware Racing,0.4428037186305309,0.1144999999999996
NASCAR_2024_5391_toyota_owners_400,NASCAR,2024,5391_toyota_owners_400,Spire Motorsports,0.4782207147057661,0.12100000000000222
NASCAR_2024_5391_toyota_owners_400,NASCAR,2024,5391_toyota_owners_400,Stewart-Haas Racing,-0.039117829084702474,-0.012750000000000483
NASCAR_2024_5391_toyota_owners_400,NASCAR,2024,5391_toyota_owners_400,Team Penske,-0.29874547555985487,-0.0860000000000003
NASCAR_2024_5391_toyota_owners_400,NASCAR,2024,5391_toyota_owners_400,Trackhouse Racing,0.02499601040940834,0.008499999999997954
NASCAR_2024_5391_toyota_owners_400,NASCAR,2024,5391_toyota_owners_400,Wood Brothers Racing,0.5792646885249313,0.13699999999999868
NASCAR_2024_5392_food_city_500,NASCAR,2024,5392_food_city_500,23XI Racing,0.243583635940197,0.05150000000000077
NASCAR_2024_5392_food_city_500,NASCAR,2024,5392_food_city_500,Front Row Motorsports,0.011821790004074892,0.0039999999999995595
NASCAR_2024_5392_food_city_500,NASCAR,2024,5392_food_city_500,Hendrick Motorsports,-0.048747468446360895,-0.015499999999999403
NASCAR_2024_5392_food_city_500,NASCAR,2024,5392_food_city_500,JTG Daugherty Racing,0.36653946531140813,0.08399999999999963
NASCAR_2024_5392_food_city_500,NASCAR,2024,5392_food_city_500,Joe Gibbs Racing,-0.4146229576161019,-0.10800000000000054
NASCAR_2024_5392_food_city_500,NASCAR,2024,5392_food_city_500,Kaulig Racing,0.30536195262656274,0.06449999999999889
NASCAR_2024_5392_food_city_500,NASCAR,2024,5392_food_city_500,Legacy Motor Club,-0.09494599980003435,-0.02450000000000152
NASCAR_2024_5392_food_city_500,NASCAR,2024,5392_food_city_500,RFK Racing,-0.1716546642402456,-0.047250000000000014
NASCAR_2024_5392_food_city_500,NASCAR,2024,5392_food_city_500,Richard Childress Racing,0.11420425139469054,0.029749999999998167
NASCAR_2024_5392_food_city_500,NASCAR,2024,5392_food_city_500,Rick Ware Racing,-0.04734489279184936,-0.013999999999999346
NASCAR_2024_5392_food_city_500,NASCAR,2024,5392_food_city_500,Spire Motorsports,0.19814619382607823,0.047999999999998266
NASCAR_2024_5392_food_city_500,NASCAR,2024,5392_food_city_500,Stewart-Haas Racing,0,0
NASCAR_2024_5392_food_city_500,NASCAR,2024,5392_food_city_500,Team Penske,0.08267072832629865,0.021000000000000796
NASCAR_2024_5392_food_city_500,NASCAR,2024,5392_food_city_500,Trackhouse Racing,0.1247250155765933,0.036749999999999616
NASCAR_2024_5392_food_city_500,NASCAR,2024,5392_food_city_500,Wood Brothers Racing,0.19246690300755706,0.04625000000000057
NASCAR_2024_5397_cook_out_400,NASCAR,2024,5397_cook_out_400,23XI Racing,-0.24215924911426345,-0.05699999999999861
NASCAR_2024_5397_cook_out_400,NASCAR,2024,5397_cook_out_400,Front Row Motorsports,0.004220251193230237,4.999999999988347e-4
NASCAR_2024_5397_cook_out_400,NASCAR,2024,5397_cook_out_400,Hendrick Motorsports,-0.4199835228885819,-0.10125000000000028
NASCAR_2024_5397_cook_out_400,NASCAR,2024,5397_cook_out_400,JTG Daugherty Racing,0.2667752456644417,0.0625
NASCAR_2024_5397_cook_out_400,NASCAR,2024,5397_cook_out_400,Joe Gibbs Racing,-0.029521015352112694,-0.008000000000002672
NASCAR_2024_5397_cook_out_400,NASCAR,2024,5397_cook_out_400,Kaulig Racing,0.571243228555674,0.11600000000000321
NASCAR_2024_5397_cook_out_400,NASCAR,2024,5397_cook_out_400,Legacy Motor Club,0.0998186526841295,0.022000000000002018
NASCAR_2024_5397_cook_out_400,NASCAR,2024,5397_cook_out_400,Power Source,3.5089071970982557,0.7609999999999992
NASCAR_2024_5397_cook_out_400,NASCAR,2024,5397_cook_out_400,RFK Racing,0.026179318909957366,0.004250000000000753
NASCAR_2024_5397_cook_out_400,NASCAR,2024,5397_cook_out_400,Richard Childress Racing,0.11060717802153969,0.021750000000000824
NASCAR_2024_5397_cook_out_400,NASCAR,2024,5397_cook_out_400,Rick Ware Racing,0.45234647723706195,0.09250000000000114
NASCAR_2024_5397_cook_out_400,NASCAR,2024,5397_cook_out_400,Spire Motorsports,0.17099273695123818,0.038000000000000256
NASCAR_2024_5397_cook_out_400,NASCAR,2024,5397_cook_out_400,Stewart-Haas Racing,-0.12093132254416002,-0.028999999999999915
NASCAR_2024_5397_cook_out_400,NASCAR,2024,5397_cook_out_400,Team Penske,-0.20275085324909609,-0.04749999999999943
NASCAR_2024_5397_cook_out_400,NASCAR,2024,5397_cook_out_400,Trackhouse Racing,-0.09745463625094913,-0.022999999999999687
NASCAR_2024_5397_cook_out_400,NASCAR,2024,5397_cook_out_400,Wood Brothers Racing,0.6021644235784828,0.11099999999999888
NASCAR_2024_5398_geico_500,NASCAR,2024,5398_geico_500,23XI Racing,-0.004608774442849528,-0.0015000000000000568
NASCAR_2024_5398_geico_500,NASCAR,2024,5398_geico_500,Beard Motorsports,-0.06697245325619063,-0.012999999999998124
NASCAR_2024_5398_geico_500,NASCAR,2024,5398_geico_500,Front Row Motorsports,0.001801622187191679,4.99999999995282e-4
NASCAR_2024_5398_geico_500,NASCAR,2024,5398_geico_500,Hendrick Motorsports,0.004665997597885413,0.001999999999995339
NASCAR_2024_5398_geico_500,NASCAR,2024,5398_geico_500,JTG Daugherty Racing,0,0
NASCAR_2024_5398_geico_500,NASCAR,2024,5398_geico_500,Joe Gibbs Racing,0,0
NASCAR_2024_5398_geico_500,NASCAR,2024,5398_geico_500,Kaulig Racing,-0.050830421715039854,-0.009000000000000341
NASCAR_2024_5398_geico_500,NASCAR,2024,5398_geico_500,Legacy Motor Club,0.040856812306237875,0.011250000000000426
NASCAR_2024_5398_geico_500,NASCAR,2024,5398_geico_500,Live Fast Motorsports,-0.007387436500204333,-9.999999999976694e-4
NASCAR_2024_5398_geico_500,NASCAR,2024,5398_geico_500,RFK Racing,-0.0081571464074446,-0.0017500000000012506
NASCAR_2024_5398_geico_500,NASCAR,2024,5398_geico_500,Richard Childress Racing,0,0
NASCAR_2024_5398_geico_500,NASCAR,2024,5398_geico_500,Rick Ware Racing,-0.03625709283772913,-0.0070000000000014495
NASCAR_2024_5398_geico_500,NASCAR,2024,5398_geico_500,Spire Motorsports,-0.0041315176952504236,-9.999999999976694e-4
NASCAR_2024_5398_geico_500,NASCAR,2024,5398_geico_500,Stewart-Haas Racing,-0.013428751577115141,-0.0040000000000048885
NASCAR_2024_5398_geico_500,NASCAR,2024,5398_geico_500,Team Penske,0.014009618062961905,0.0030000000000001137
NASCAR_2024_5398_geico_500,NASCAR,2024,5398_geico_500,Trackhouse Racing,0.007584906481636481,0.0015000000000000568
NASCAR_2024_5398_geico_500,NASCAR,2024,5398_geico_500,Wood Brothers Racing,0.009230959042599872,0.00274999999999892
NASCAR_2024_5399_w_rth_400,NASCAR,2024,5399_w_rth_400,23XI Racing,-0.31133789206666235,-0.10100000000000087
NASCAR_2024_5399_w_rth_400,NASCAR,2024,5399_w_rth_400,Front Row Motorsports,0.8397918720895302,0.25975000000000037
NASCAR_2024_5399_w_rth_400,NASCAR,2024,5399_w_rth_400,Hendrick Motorsports,-0.4424822376628292,-0.14699999999999847
NASCAR_2024_5399_w_rth_400,NASCAR,2024,5399_w_rth_400,JTG Daugherty Racing,-0.2947492537059318,-0.10050000000000026
NASCAR_2024_5399_w_rth_400,NASCAR,2024,5399_w_rth_400,Joe Gibbs Racing,-0.36051250348594116,-0.11749999999999972
NASCAR_2024_5399_w_rth_400,NASCAR,2024,5399_w_rth_400,Kaulig Racing,-0.057266935204999495,-0.021250000000000213
NASCAR_2024_5399_w_rth_400,NASCAR,2024,5399_w_rth_400,Legacy Motor Club,0.40927921479402696,0.12449999999999761
NASCAR_2024_5399_w_rth_400,NASCAR,2024,5399_w_rth_400,RFK Racing,0,0
NASCAR_2024_5399_w_rth_400,NASCAR,2024,5399_w_rth_400,Richard Childress Racing,-0.04136213708191104,-0.015000000000000568
NASCAR_2024_5399_w_rth_400,NASCAR,2024,5399_w_rth_400,Rick Ware Racing,0.8447335902224684,0.2554999999999996
NASCAR_2024_5399_w_rth_400,NASCAR,2024,5399_w_rth_400,Spire Motorsports,0.41449152226778446,0.125
NASCAR_2024_5399_w_rth_400,NASCAR,2024,5399_w_rth_400,Stewart-Haas Racing,-0.029030503858338264,-0.009749999999998593
NASCAR_2024_5399_w_rth_400,NASCAR,2024,5399_w_rth_400,Team Penske,-0.050173709186229216,-0.01849999999999774
NASCAR_2024_5399_w_rth_400,NASCAR,2024,5399_w_rth_400,Trackhouse Racing,0.11018129072940752,0.038000000000000256
NASCAR_2024_5399_w_rth_400,NASCAR,2024,5399_w_rth_400,Wood Brothers Racing,0.5807988372649113,0.1767499999999984
NASCAR_2024_5400_adventhealth_400,NASCAR,2024,5400_adventhealth_400,23XI Racing,-0.1512203806988031,-0.06099999999999994
NASCAR_2024_5400_adventhealth_400,NASCAR,2024,5400_adventhealth_400,Front Row Motorsports,-0.03121060101485204,-0.009499999999999176
NASCAR_2024_5400_adventhealth_400,NASCAR,2024,5400_adventhealth_400,Hendrick Motorsports,-0.2529298902385495,-0.11324999999999719
NASCAR_2024_5400_adventhealth_400,NASCAR,2024,5400_adventhealth_400,JTG Daugherty Racing,0,0
NASCAR_2024_5400_adventhealth_400,NASCAR,2024,5400_adventhealth_400,Joe Gibbs Racing,-0.4393200560321118,-0.1670000000000016
NASCAR_2024_5400_adventhealth_400,NASCAR,2024,5400_adventhealth_400,Kaulig Racing,0.6068240843005517,0.21449999999999925
NASCAR_2024_5400_adventhealth_400,NASCAR,2024,5400_adventhealth_400,Legacy Motor Club,0.058077195408613135,0.018499999999999517
NASCAR_2024_5400_adventhealth_400,NASCAR,2024,5400_adventhealth_400,RFK Racing,-0.33300170596819934,-0.1410000000000018
NASCAR_2024_5400_adventhealth_400,NASCAR,2024,5400_adventhealth_400,Richard Childress Racing,0.0796176167063673,0.027499999999999858
NASCAR_2024_5400_adventhealth_400,NASCAR,2024,5400_adventhealth_400,Rick Ware Racing,0.39570704784382327,0.14150000000000063
NASCAR_2024_5400_adventhealth_400,NASCAR,2024,5400_adventhealth_400,Spire Motorsports,0.0897007367000209,0.0337499999999995
NASCAR_2024_5400_adventhealth_400,NASCAR,2024,5400_adventhealth_400,Stewart-Haas Racing,0.23085634427655194,0.08875000000000277
NASCAR_2024_5400_adventhealth_400,NASCAR,2024,5400_adventhealth_400,Team Penske,0.0017472345842580632,5.000000000023874e-4
NASCAR_2024_5400_adventhealth_400,NASCAR,2024,5400_adventhealth_400,Trackhouse Racing,0.14222107031645875,0.06475000000000186
NASCAR_2024_5400_adventhealth_400,NASCAR,2024,5400_adventhealth_400,Wood Brothers Racing,0.8795451772993467,0.254999999999999
NASCAR_2024_5401_goodyear_400,NASCAR,2024,5401_goodyear_400,23XI Racing,-0.652517590752673,-0.29549999999999876
NASCAR_2024_5401_goodyear_400,NASCAR,2024,5401_goodyear_400,Front Row Motorsports,-0.10921782767979385,-0.053000000000000824
NASCAR_2024_5401_goodyear_400,NASCAR,2024,5401_goodyear_400,Hendrick Motorsports,-0.24796312497095258,-0.13400000000000034
NASCAR_2024_5401_goodyear_400,NASCAR,2024,5401_goodyear_400,JTG Daugherty Racing,0.4603695540831532,0.16499999999999915
NASCAR_2024_5401_goodyear_400,NASCAR,2024,5401_goodyear_400,Joe Gibbs Racing,-0.29457214588450015,-0.16149999999999665
NASCAR_2024_5401_goodyear_400,NASCAR,2024,5401_goodyear_400,Kaulig Racing,0.8126184527492606,0.3229999999999986
NASCAR_2024_5401_goodyear_400,NASCAR,2024,5401_goodyear_400,Legacy Motor Club,0.2982159428774632,0.13100000000000023
NASCAR_2024_5401_goodyear_400,NASCAR,2024,5401_goodyear_400,RFK Racing,-0.7695001804563684,-0.3589999999999982
NASCAR_2024_5401_goodyear_400,NASCAR,2024,5401_goodyear_400,Richard Childress Racing,0.3414490350786157,0.15449999999999875
NASCAR_2024_5401_goodyear_400,NASCAR,2024,5401_goodyear_400,Rick Ware Racing,0.14578832564883967,0.07349999999999923
NASCAR_2024_5401_goodyear_400,NASCAR,2024,5401_goodyear_400,Spire Motorsports,0.3438845124697745,0.13649999999999984
NASCAR_2024_5401_goodyear_400,NASCAR,2024,5401_goodyear_400,Stewart-Haas Racing,-0.05442635855245575,-0.027000000000001023
NASCAR_2024_5401_goodyear_400,NASCAR,2024,5401_goodyear_400,Team Penske,-0.15824135234207537,-0.08850000000000158
NASCAR_2024_5401_goodyear_400,NASCAR,2024,5401_goodyear_400,Trackhouse Racing,0.26732878006359106,0.11175000000000068
NASCAR_2024_5401_goodyear_400,NASCAR,2024,5401_goodyear_400,Wood Brothers Racing,0.49118190010209684,0.17375000000000007
NASCAR_2024_5404_nascar_all_star_open,NASCAR,2024,5404_nascar_all_star_open,23XI Racing,-0.6236876085255421,-0.13625000000000043
NASCAR_2024_5404_nascar_all_star_open,NASCAR,2024,5404_nascar_all_star_open,Front Row Motorsports,0.15113084882980127,0.04150000000000098
NASCAR_2024_5404_nascar_all_star_open,NASCAR,2024,5404_nascar_all_star_open,Hendrick Motorsports,-0.4061217253956828,-0.08874999999999922
NASCAR_2024_5404_nascar_all_star_open,NASCAR,2024,5404_nascar_all_star_open,Joe Gibbs Racing,-0.7594027036056108,-0.18125000000000036
NASCAR_2024_5404_nascar_all_star_open,NASCAR,2024,5404_nascar_all_star_open,Kaulig Racing,1.6245657241679952,0.3240000000000016
NASCAR_2024_5404_nascar_all_star_open,NASCAR,2024,5404_nascar_all_star_open,Legacy Motor Club,0.32184111350773914,0.0790000000000024
NASCAR_2024_5404_nascar_all_star_open,NASCAR,2024,5404_nascar_all_star_open,Power Source,2.989048430347386,0.6355000000000022
NASCAR_2024_5404_nascar_all_star_open,NASCAR,2024,5404_nascar_all_star_open,Richard Childress Racing,-0.062202523227454315,-0.015000000000000568
NASCAR_2024_5404_nascar_all_star_open,NASCAR,2024,5404_nascar_all_star_open,Rick Ware Racing,0.027908019045929863,0.007250000000000867
NASCAR_2024_5404_nascar_all_star_open,NASCAR,2024,5404_nascar_all_star_open,Spire Motorsports,0.2072081928636259,0.03675000000000139
NASCAR_2024_5404_nascar_all_star_open,NASCAR,2024,5404_nascar_all_star_open,Stewart-Haas Racing,-0.1101797382654798,-0.028999999999999915
NASCAR_2024_5404_nascar_all_star_open,NASCAR,2024,5404_nascar_all_star_open,Team Penske,-0.3757323848341703,-0.08199999999999896
NASCAR_2024_5404_nascar_all_star_open,NASCAR,2024,5404_nascar_all_star_open,Wood Brothers Racing,0.41060337557683035,0.08200000000000074
NASCAR_2024_5405_nascar_all_star_race,NASCAR,2024,5405_nascar_all_star_race,23XI Racing,0.06051890515534347,0.007999999999999119
NASCAR_2024_5405_nascar_all_star_race,NASCAR,2024,5405_nascar_all_star_race,Front Row Motorsports,0.25723857919774257,0.04400000000000048
NASCAR_2024_5405_nascar_all_star_race,NASCAR,2024,5405_nascar_all_star_race,Hendrick Motorsports,0,0
NASCAR_2024_5405_nascar_all_star_race,NASCAR,2024,5405_nascar_all_star_race,JTG Daugherty Racing,1.7488542847118924,8.125000000000004
NASCAR_2024_5405_nascar_all_star_race,NASCAR,2024,5405_nascar_all_star_race,Joe Gibbs Racing,0,0
NASCAR_2024_5405_nascar_all_star_race,NASCAR,2024,5405_nascar_all_star_race,Kaulig Racing,1.2840847090091767,0.17449999999999832
NASCAR_2024_5405_nascar_all_star_race,NASCAR,2024,5405_nascar_all_star_race,RFK Racing,-0.5189526373177069,-0.08424999999999905
NASCAR_2024_5405_nascar_all_star_race,NASCAR,2024,5405_nascar_all_star_race,Richard Childress Racing,0.2331418836541561,0.033749999999997726
NASCAR_2024_5405_nascar_all_star_race,NASCAR,2024,5405_nascar_all_star_race,Stewart-Haas Racing,0.3441062746412261,0.049000000000001265
NASCAR_2024_5405_nascar_all_star_race,NASCAR,2024,5405_nascar_all_star_race,Team Penske,-0.9078777448587412,-0.14399999999999835
NASCAR_2024_5405_nascar_all_star_race,NASCAR,2024,5405_nascar_all_star_race,Trackhouse Racing,0.011127533453607813,0.0019999999999988916
NASCAR_2024_5406_coca_cola_600,NASCAR,2024,5406_coca_cola_600,23XI Racing,-0.4357713310553513,-0.19500000000000028
NASCAR_2024_5406_coca_cola_600,NASCAR,2024,5406_coca_cola_600,Front Row Motorsports,-0.05105058497109607,-0.02149999999999963
NASCAR_2024_5406_coca_cola_600,NASCAR,2024,5406_coca_cola_600,Hendrick Motorsports,-0.3009970547734987,-0.13725000000000165
NASCAR_2024_5406_coca_cola_600,NASCAR,2024,5406_coca_cola_600,JTG Daugherty Racing,0.3584298639525364,0.15399999999999991
NASCAR_2024_5406_coca_cola_600,NASCAR,2024,5406_coca_cola_600,Joe Gibbs Racing,-0.48905296221149125,-0.2212499999999995
NASCAR_2024_5406_coca_cola_600,NASCAR,2024,5406_coca_cola_600,Kaulig Racing,0.0542546325560421,0.022999999999992582
NASCAR_2024_5406_coca_cola_600,NASCAR,2024,5406_coca_cola_600,Legacy Motor Club,0.20967048618816114,0.10350000000000392
NASCAR_2024_5406_coca_cola_600,NASCAR,2024,5406_coca_cola_600,NY Racing Team,1.2122444971225799,0.3885000000000005
NASCAR_2024_5406_coca_cola_600,NASCAR,2024,5406_coca_cola_600,Power Source,2.5729431360782438,0.9339999999999975
NASCAR_2024_5406_coca_cola_600,NASCAR,2024,5406_coca_cola_600,RFK Racing,-0.3117091365501814,-0.15600000000000058
NASCAR_2024_5406_coca_cola_600,NASCAR,2024,5406_coca_cola_600,Richard Childress Racing,0.06229734001147592,0.039750000000001506
NASCAR_2024_5406_coca_cola_600,NASCAR,2024,5406_coca_cola_600,Rick Ware Racing,0.47685604713480934,0.21775000000000055
NASCAR_2024_5406_coca_cola_600,NASCAR,2024,5406_coca_cola_600,Spire Motorsports,0.5746933151139397,0.2345000000000006
NASCAR_2024_5406_coca_cola_600,NASCAR,2024,5406_coca_cola_600,Stewart-Haas Racing,0.032359931530506085,0.023499999999998522
NASCAR_2024_5406_coca_cola_600,NASCAR,2024,5406_coca_cola_600,Team AmeriVet,1.006195037950945,0.41575000000000095
NASCAR_2024_5406_coca_cola_600,NASCAR,2024,5406_coca_cola_600,Team Penske,0.016637532551883272,0.008500000000001506
NASCAR_2024_5406_coca_cola_600,NASCAR,2024,5406_coca_cola_600,Trackhouse Racing,-0.2814160296262933,-0.12124999999999808
NASCAR_2024_5406_coca_cola_600,NASCAR,2024,5406_coca_cola_600,Wood Brothers Racing,0.40766737894073246,0.1739999999999995
NASCAR_2024_5407_enjoy_illinois_300,NASCAR,2024,5407_enjoy_illinois_300,23XI Racing,-0.22796051243133103,-0.06950000000000145
NASCAR_2024_5407_enjoy_illinois_300,NASCAR,2024,5407_enjoy_illinois_300,Front Row Motorsports,0.27385639772090586,0.08399999999999608
NASCAR_2024_5407_enjoy_illinois_300,NASCAR,2024,5407_enjoy_illinois_300,Hendrick Motorsports,-0.19756461477293125,-0.06099999999999994
NASCAR_2024_5407_enjoy_illinois_300,NASCAR,2024,5407_enjoy_illinois_300,JTG Daugherty Racing,0.0866771501158062,0.02524999999999622
NASCAR_2024_5407_enjoy_illinois_300,NASCAR,2024,5407_enjoy_illinois_300,Joe Gibbs Racing,-0.6580002140900699,-0.20300000000000296
NASCAR_2024_5407_enjoy_illinois_300,NASCAR,2024,5407_enjoy_illinois_300,Kaulig Racing,0.5399044361429104,0.14599999999999724
NASCAR_2024_5407_enjoy_illinois_300,NASCAR,2024,5407_enjoy_illinois_300,Legacy Motor Club,0.47411972079017517,0.1525000000000034
NASCAR_2024_5407_enjoy_illinois_300,NASCAR,2024,5407_enjoy_illinois_300,RFK Racing,-0.06708671052207589,-0.02400000000000091
NASCAR_2024_5407_enjoy_illinois_300,NASCAR,2024,5407_enjoy_illinois_300,Richard Childress Racing,-0.4955145929981184,-0.16199999999999903
NASCAR_2024_5407_enjoy_illinois_300,NASCAR,2024,5407_enjoy_illinois_300,Rick Ware Racing,0.4211784205202466,0.14500000000000313
NASCAR_2024_5407_enjoy_illinois_300,NASCAR,2024,5407_enjoy_illinois_300,Spire Motorsports,0.2627323338455493,0.08850000000000335
NASCAR_2024_5407_enjoy_illinois_300,NASCAR,2024,5407_enjoy_illinois_300,Stewart-Haas Racing,0.13543972214195488,0.045999999999999375
NASCAR_2024_5407_enjoy_illinois_300,NASCAR,2024,5407_enjoy_illinois_300,Team Penske,-0.6805314884144145,-0.2035000000000018
NASCAR_2024_5407_enjoy_illinois_300,NASCAR,2024,5407_enjoy_illinois_300,Trackhouse Racing,0.14363836537779268,0.04250000000000398
NASCAR_2024_5407_enjoy_illinois_300,NASCAR,2024,5407_enjoy_illinois_300,Wood Brothers Racing,0.6863478528302966,0.19599999999999795
NASCAR_2024_5408_toyota_save_mart_350,NASCAR,2024,5408_toyota_save_mart_350,23XI Racing,0.026119674856538693,0.04100000000001103
NASCAR_2024_5408_toyota_save_mart_350,NASCAR,2024,5408_toyota_save_mart_350,Front Row Motorsports,-0.25640177528948743,-0.3299999999999983
NASCAR_2024_5408_toyota_save_mart_350,NASCAR,2024,5408_toyota_save_mart_350,Hendrick Motorsports,-0.25456224068876565,-0.2947499999999934
NASCAR_2024_5408_toyota_save_mart_350,NASCAR,2024,5408_toyota_save_mart_350,JTG Daugherty Racing,0,0
NASCAR_2024_5408_toyota_save_mart_350,NASCAR,2024,5408_toyota_save_mart_350,Joe Gibbs Racing,-0.24024160091941238,-0.2749999999999915
NASCAR_2024_5408_toyota_save_mart_350,NASCAR,2024,5408_toyota_save_mart_350,Kaulig Racing,0,0
NASCAR_2024_5408_toyota_save_mart_350,NASCAR,2024,5408_toyota_save_mart_350,Legacy Motor Club,0.5968246163688533,0.7479999999999905
NASCAR_2024_5408_toyota_save_mart_350,NASCAR,2024,5408_toyota_save_mart_350,RFK Racing,-0.0076228425088756485,-0.020999999999986585
NASCAR_2024_5408_toyota_save_mart_350,NASCAR,2024,5408_toyota_save_mart_350,Richard Childress Racing,-0.15713242543758443,-0.1529999999999916
NASCAR_2024_5408_toyota_save_mart_350,NASCAR,2024,5408_toyota_save_mart_350,Rick Ware Racing,0.4850992018129074,0.4960000000000093
NASCAR_2024_5408_toyota_save_mart_350,NASCAR,2024,5408_toyota_save_mart_350,Spire Motorsports,0,0
NASCAR_2024_5408_toyota_save_mart_350,NASCAR,2024,5408_toyota_save_mart_350,Stewart-Haas Racing,0.28719404629985607,0.32500000000000284
NASCAR_2024_5408_toyota_save_mart_350,NASCAR,2024,5408_toyota_save_mart_350,Team Penske,0.038194288841463434,0.038500000000006196
NASCAR_2024_5408_toyota_save_mart_350,NASCAR,2024,5408_toyota_save_mart_350,Trackhouse Racing,-0.29593805603619705,-0.2397499999999937
NASCAR_2024_5408_toyota_save_mart_350,NASCAR,2024,5408_toyota_save_mart_350,Wood Brothers Racing,0.36445235416677757,0.34499999999999886
NASCAR_2024_5409_ally_400,NASCAR,2024,5409_ally_400,23XI Racing,-0.21040692467268943,-0.08099999999999952
NASCAR_2024_5409_ally_400,NASCAR,2024,5409_ally_400,Front Row Motorsports,0.29454949907152733,0.1159999999999961
NASCAR_2024_5409_ally_400,NASCAR,2024,5409_ally_400,Hendrick Motorsports,-0.25350270021692545,-0.10499999999999865
NASCAR_2024_5409_ally_400,NASCAR,2024,5409_ally_400,JTG Daugherty Racing,0.6263089005404411,0.23050000000000104
NASCAR_2024_5409_ally_400,NASCAR,2024,5409_ally_400,Joe Gibbs Racing,-0.6962383636679704,-0.26250000000000284
NASCAR_2024_5409_ally_400,NASCAR,2024,5409_ally_400,Kaulig Racing,0.34923737903371554,0.12499999999999822
NASCAR_2024_5409_ally_400,NASCAR,2024,5409_ally_400,Legacy Motor Club,0.6631017633654481,0.20149999999999935
NASCAR_2024_5409_ally_400,NASCAR,2024,5409_ally_400,Power Source,4.145735217918734,1.4960000000000022
NASCAR_2024_5409_ally_400,NASCAR,2024,5409_ally_400,RFK Racing,-0.44357093664076286,-0.16924999999999812
NASCAR_2024_5409_ally_400,NASCAR,2024,5409_ally_400,Richard Childress Racing,0.03924714063074733,0.013500000000000512
NASCAR_2024_5409_ally_400,NASCAR,2024,5409_ally_400,Rick Ware Racing,0.3931856485369263,0.1332500000000003
NASCAR_2024_5409_ally_400,NASCAR,2024,5409_ally_400,Spire Motorsports,0.18672115360500394,0.06199999999999761
NASCAR_2024_5409_ally_400,NASCAR,2024,5409_ally_400,Stewart-Haas Racing,0.06199805522119933,0.025500000000002743
NASCAR_2024_5409_ally_400,NASCAR,2024,5409_ally_400,Team Penske,-0.08712752187042838,-0.04049999999999976
NASCAR_2024_5409_ally_400,NASCAR,2024,5409_ally_400,Trackhouse Racing,-0.08818057137383986,-0.028999999999999915
NASCAR_2024_5409_ally_400,NASCAR,2024,5409_ally_400,Wood Brothers Racing,0.31907685486492954,0.11500000000000021
NASCAR_2024_5410_grant_park_165,NASCAR,2024,5410_grant_park_165,23XI Racing,-0.09661402491524806,-0.5687499999999872
NASCAR_2024_5410_grant_park_165,NASCAR,2024,5410_grant_park_165,Front Row Motorsports,-0.03336093467949914,-0.2740000000000009
NASCAR_2024_5410_grant_park_165,NASCAR,2024,5410_grant_park_165,Hendrick Motorsports,-0.056650637527879,-0.15000000000000568
NASCAR_2024_5410_grant_park_165,NASCAR,2024,5410_grant_park_165,JTG Daugherty Racing,-0.1241896639584168,-0.48799999999999244
NASCAR_2024_5410_grant_park_165,NASCAR,2024,5410_grant_park_165,Joe Gibbs Racing,-0.08133506669864068,-0.3990000000000009
NASCAR_2024_5410_grant_park_165,NASCAR,2024,5410_grant_park_165,Kaulig Racing,-0.04759664914604922,-0.16549999999999443
NASCAR_2024_5410_grant_park_165,NASCAR,2024,5410_grant_park_165,Legacy Motor Club,-0.002174654792984996,-0.00824999999999676
NASCAR_2024_5410_grant_park_165,NASCAR,2024,5410_grant_park_165,Power Source,0.5773578100506902,1.954499999999996
NASCAR_2024_5410_grant_park_165,NASCAR,2024,5410_grant_park_165,RFK Racing,0,0
NASCAR_2024_5410_grant_park_165,NASCAR,2024,5410_grant_park_165,Richard Childress Racing,0.0029156472064562466,0.006749999999989598
NASCAR_2024_5410_grant_park_165,NASCAR,2024,5410_grant_park_165,Rick Ware Racing,0,0
NASCAR_2024_5410_grant_park_165,NASCAR,2024,5410_grant_park_165,Spire Motorsports,0.15008020369234296,0.6374999999999957
NASCAR_2024_5410_grant_park_165,NASCAR,2024,5410_grant_park_165,Stewart-Haas Racing,0.15327700971299665,0.7190000000000083
NASCAR_2024_5410_grant_park_165,NASCAR,2024,5410_grant_park_165,Team Penske,0.12732171541756113,0.43600000000000705
NASCAR_2024_5410_grant_park_165,NASCAR,2024,5410_grant_park_165,Trackhouse Racing,-0.07429503298850541,-0.2734999999999985
NASCAR_2024_5410_grant_park_165,NASCAR,2024,5410_grant_park_165,Wood Brothers Racing,0.33390209797834597,1.1454999999999984
NASCAR_2024_5411_quaker_state_400,NASCAR,2024,5411_quaker_state_400,23XI Racing,-0.10479548968185064,-0.020749999999999602
NASCAR_2024_5411_quaker_state_400,NASCAR,2024,5411_quaker_state_400,Front Row Motorsports,0.04162149517953523,0.008499999999997954
NASCAR_2024_5411_quaker_state_400,NASCAR,2024,5411_quaker_state_400,Hendrick Motorsports,-0.040573546109865875,-0.009499999999999176
NASCAR_2024_5411_quaker_state_400,NASCAR,2024,5411_quaker_state_400,JTG Daugherty Racing,-0.0940829166487187,-0.011499999999998067
NASCAR_2024_5411_quaker_state_400,NASCAR,2024,5411_quaker_state_400,Joe Gibbs Racing,-0.05173226924479387,-0.00999999999999801
NASCAR_2024_5411_quaker_state_400,NASCAR,2024,5411_quaker_state_400,Kaulig Racing,-0.0033628847196118124,-9.999999999976694e-4
NASCAR_2024_5411_quaker_state_400,NASCAR,2024,5411_quaker_state_400,Legacy Motor Club,-0.023788402164098933,-0.0045000000000001705
NASCAR_2024_5411_quaker_state_400,NASCAR,2024,5411_quaker_state_400,Live Fast Motorsports,0.28388471149020417,0.05649999999999977
NASCAR_2024_5411_quaker_state_400,NASCAR,2024,5411_quaker_state_400,NY Racing Team,0.5119928702268168,0.09100000000000108
NASCAR_2024_5411_quaker_state_400,NASCAR,2024,5411_quaker_state_400,RFK Racing,0.02108871621182222,0.0034999999999989484
NASCAR_2024_5411_quaker_state_400,NASCAR,2024,5411_quaker_state_400,Richard Childress Racing,-0.003435513736347434,-7.500000000018048e-4
NASCAR_2024_5411_quaker_state_400,NASCAR,2024,5411_quaker_state_400,Rick Ware Racing,0.16918825433796675,0.03324999999999889
NASCAR_2024_5411_quaker_state_400,NASCAR,2024,5411_quaker_state_400,Spire Motorsports,0.056449753411062883,0.010750000000001592
NASCAR_2024_5411_quaker_state_400,NASCAR,2024,5411_quaker_state_400,Stewart-Haas Racing,0.07656415029178146,0.01649999999999885
NASCAR_2024_5411_quaker_state_400,NASCAR,2024,5411_quaker_state_400,Team Penske,-0.04203492281547174,-0.008000000000002672
NASCAR_2024_5411_quaker_state_400,NASCAR,2024,5411_quaker_state_400,Trackhouse Racing,-0.07396420938836856,-0.011749999999999261
NASCAR_2024_5411_quaker_state_400,NASCAR,2024,5411_quaker_state_400,Wood Brothers Racing,0.01849094035796673,0.004000000000001336
NASCAR_2024_5412_usa_today_301,NASCAR,2024,5412_usa_today_301,23XI Racing,-0.2552858808075221,-0.11474999999999902
NASCAR_2024_5412_usa_today_301,NASCAR,2024,5412_usa_today_301,Front Row Motorsports,-0.07982624818592424,-0.04824999999999591
NASCAR_2024_5412_usa_today_301,NASCAR,2024,5412_usa_today_301,Hendrick Motorsports,-0.27049081342783177,-0.12449999999999939
NASCAR_2024_5412_usa_today_301,NASCAR,2024,5412_usa_today_301,JTG Daugherty Racing,0.2948273401492785,0.1269999999999989
NASCAR_2024_5412_usa_today_301,NASCAR,2024,5412_usa_today_301,Joe Gibbs Racing,-0.4185050762161984,-0.22100000000000009
NASCAR_2024_5412_usa_today_301,NASCAR,2024,5412_usa_today_301,Kaulig Racing,1.0438824011042769,0.3507499999999997
NASCAR_2024_5412_usa_today_301,NASCAR,2024,5412_usa_today_301,Legacy Motor Club,0.22771077357922548,0.10850000000000293
NASCAR_2024_5412_usa_today_301,NASCAR,2024,5412_usa_today_301,RFK Racing,-0.034891016911495126,-0.013499999999993406
NASCAR_2024_5412_usa_today_301,NASCAR,2024,5412_usa_today_301,Richard Childress Racing,0.6485516189523144,0.22875000000000156
NASCAR_2024_5412_usa_today_301,NASCAR,2024,5412_usa_today_301,Rick Ware Racing,0.09453872093037997,0.04025000000000034
NASCAR_2024_5412_usa_today_301,NASCAR,2024,5412_usa_today_301,Spire Motorsports,0.15860766162531803,0.08199999999999719
NASCAR_2024_5412_usa_today_301,NASCAR,2024,5412_usa_today_301,Stewart-Haas Racing,0.06639247349499998,0.02699999999999747
NASCAR_2024_5412_usa_today_301,NASCAR,2024,5412_usa_today_301,Team Penske,-0.2342829397040524,-0.16999999999999993
NASCAR_2024_5412_usa_today_301,NASCAR,2024,5412_usa_today_301,Trackhouse Racing,0.09268251011472461,0.04899999999999949
NASCAR_2024_5412_usa_today_301,NASCAR,2024,5412_usa_today_301,Wood Brothers Racing,0.1273790831630926,0.07600000000000051
NASCAR_2024_5413_the_great_american_getaway_400,NASCAR,2024,5413_the_great_american_getaway_400,23XI Racing,-0.08810277868995371,-0.05975000000000463
NASCAR_2024_5413_the_great_american_getaway_400,NASCAR,2024,5413_the_great_american_getaway_400,Front Row Motorsports,0.37355154717452266,0.2537499999999966
NASCAR_2024_5413_the_great_american_getaway_400,NASCAR,2024,5413_the_great_american_getaway_400,Hendrick Motorsports,-0.393474604635933,-0.26725000000000065
NASCAR_2024_5413_the_great_american_getaway_400,NASCAR,2024,5413_the_great_american_getaway_400,JTG Daugherty Racing,0.14441153017330716,0.10999999999999943
NASCAR_2024_5413_the_great_american_getaway_400,NASCAR,2024,5413_the_great_american_getaway_400,Joe Gibbs Racing,-0.6754197719751287,-0.44950000000000045
NASCAR_2024_5413_the_great_american_getaway_400,NASCAR,2024,5413_the_great_american_getaway_400,Kaulig Racing,0.6194611808184148,0.3825000000000074
NASCAR_2024_5413_the_great_american_getaway_400,NASCAR,2024,5413_the_great_american_getaway_400,Legacy Motor Club,0.04265522097431847,0.031999999999996476
NASCAR_2024_5413_the_great_american_getaway_400,NASCAR,2024,5413_the_great_american_getaway_400,NY Racing Team,1.464007710672033,0.8459999999999965
NASCAR_2024_5413_the_great_american_getaway_400,NASCAR,2024,5413_the_great_american_getaway_400,RFK Racing,-0.6409402372972597,-0.42324999999999946
NASCAR_2024_5413_the_great_american_getaway_400,NASCAR,2024,5413_the_great_american_getaway_400,Richard Childress Racing,0.5298542911293467,0.35300000000000153
NASCAR_2024_5413_the_great_american_getaway_400,NASCAR,2024,5413_the_great_american_getaway_400,Rick Ware Racing,0.7008551331714069,0.4592500000000044
NASCAR_2024_5413_the_great_american_getaway_400,NASCAR,2024,5413_the_great_american_getaway_400,Spire Motorsports,0.06092433433390466,0.04650000000000176
NASCAR_2024_5413_the_great_american_getaway_400,NASCAR,2024,5413_the_great_american_getaway_400,Stewart-Haas Racing,0.0490568376139613,0.028499999999993975
NASCAR_2024_5413_the_great_american_getaway_400,NASCAR,2024,5413_the_great_american_getaway_400,Team Penske,-0.436861268349613,-0.2940000000000005
NASCAR_2024_5413_the_great_american_getaway_400,NASCAR,2024,5413_the_great_american_getaway_400,Trackhouse Racing,0.11978602604288724,0.06349999999999767
NASCAR_2024_5413_the_great_american_getaway_400,NASCAR,2024,5413_the_great_american_getaway_400,Wood Brothers Racing,0.24743850605867337,0.15399999999999991
NASCAR_2024_5414_cook_out_400,NASCAR,2024,5414_cook_out_400,23XI Racing,-0.27154994653357933,-0.07600000000000051
NASCAR_2024_5414_cook_out_400,NASCAR,2024,5414_cook_out_400,Front Row Motorsports,0,0
NASCAR_2024_5414_cook_out_400,NASCAR,2024,5414_cook_out_400,Hendrick Motorsports,-0.06613744894198494,-0.022999999999996135
NASCAR_2024_5414_cook_out_400,NASCAR,2024,5414_cook_out_400,JTG Daugherty Racing,0.030592434825035618,0.007999999999999119
NASCAR_2024_5414_cook_out_400,NASCAR,2024,5414_cook_out_400,Joe Gibbs Racing,-0.3680261129962835,-0.1137499999999978
NASCAR_2024_5414_cook_out_400,NASCAR,2024,5414_cook_out_400,Kaulig Racing,0.3112912718012891,0.08500000000000085
NASCAR_2024_5414_cook_out_400,NASCAR,2024,5414_cook_out_400,Legacy Motor Club,0.5847326095083636,0.15600000000000058
NASCAR_2024_5414_cook_out_400,NASCAR,2024,5414_cook_out_400,Power Source,1.040363228810039,0.2789999999999999
NASCAR_2024_5414_cook_out_400,NASCAR,2024,5414_cook_out_400,RFK Racing,0.05183471457762674,0.02149999999999963
NASCAR_2024_5414_cook_out_400,NASCAR,2024,5414_cook_out_400,Richard Childress Racing,-0.2613721304761349,-0.07199999999999918
NASCAR_2024_5414_cook_out_400,NASCAR,2024,5414_cook_out_400,Rick Ware Racing,0.1836486216088616,0.05000000000000071
NASCAR_2024_5414_cook_out_400,NASCAR,2024,5414_cook_out_400,Spire Motorsports,0.07883601082223218,0.027000000000001023
NASCAR_2024_5414_cook_out_400,NASCAR,2024,5414_cook_out_400,Stewart-Haas Racing,0.1269008858129258,0.038000000000000256
NASCAR_2024_5414_cook_out_400,NASCAR,2024,5414_cook_out_400,Team Penske,-0.16363414001042076,-0.05000000000000071
NASCAR_2024_5414_cook_out_400,NASCAR,2024,5414_cook_out_400,Trackhouse Racing,-0.2382469763732683,-0.06775000000000198
NASCAR_2024_5414_cook_out_400,NASCAR,2024,5414_cook_out_400,Wood Brothers Racing,0.7153531361010865,0.17549999999999955
NASCAR_2024_5415_firekeepers_casino_400,NASCAR,2024,5415_firekeepers_casino_400,23XI Racing,-0.4334499806856031,-0.25150000000000006
NASCAR_2024_5415_firekeepers_casino_400,NASCAR,2024,5415_firekeepers_casino_400,Front Row Motorsports,0.4604156087487349,0.25900000000000034
NASCAR_2024_5415_firekeepers_casino_400,NASCAR,2024,5415_firekeepers_casino_400,Hendrick Motorsports,-0.4837690737432524,-0.27699999999999747
NASCAR_2024_5415_firekeepers_casino_400,NASCAR,2024,5415_firekeepers_casino_400,JTG Daugherty Racing,0.10812450322556255,0.07049999999999557
NASCAR_2024_5415_firekeepers_casino_400,NASCAR,2024,5415_firekeepers_casino_400,Joe Gibbs Racing,-0.3328009408084063,-0.20800000000000551
NASCAR_2024_5415_firekeepers_casino_400,NASCAR,2024,5415_firekeepers_casino_400,Kaulig Racing,0.23506999135217715,0.12324999999999875
NASCAR_2024_5415_firekeepers_casino_400,NASCAR,2024,5415_firekeepers_casino_400,Legacy Motor Club,0.4216639376493572,0.20500000000000185
NASCAR_2024_5415_firekeepers_casino_400,NASCAR,2024,5415_firekeepers_casino_400,RFK Racing,-0.3117953225923342,-0.18599999999999994
NASCAR_2024_5415_firekeepers_casino_400,NASCAR,2024,5415_firekeepers_casino_400,Richard Childress Racing,-0.08362711780868563,-0.05799999999999983
NASCAR_2024_5415_firekeepers_casino_400,NASCAR,2024,5415_firekeepers_casino_400,Rick Ware Racing,0.48579930737745347,0.2640000000000029
NASCAR_2024_5415_firekeepers_casino_400,NASCAR,2024,5415_firekeepers_casino_400,Spire Motorsports,0.03751919439322221,0.02400000000000091
NASCAR_2024_5415_firekeepers_casino_400,NASCAR,2024,5415_firekeepers_casino_400,Stewart-Haas Racing,0.3490262912844089,0.21125000000000682
NASCAR_2024_5415_firekeepers_casino_400,NASCAR,2024,5415_firekeepers_casino_400,Team Penske,-0.09809408842588827,-0.06700000000000017
NASCAR_2024_5415_firekeepers_casino_400,NASCAR,2024,5415_firekeepers_casino_400,Trackhouse Racing,-0.11495419836152884,-0.08800000000000097
NASCAR_2024_5415_firekeepers_casino_400,NASCAR,2024,5415_firekeepers_casino_400,Wood Brothers Racing,0.3163356434846796,0.16449999999999676
NASCAR_2024_5416_brickyard_400,NASCAR,2024,5416_brickyard_400,23XI Racing,-0.515950886014876,-0.3190000000000026
NASCAR_2024_5416_brickyard_400,NASCAR,2024,5416_brickyard_400,Front Row Motorsports,-0.11939620480966673,-0.07499999999999929
NASCAR_2024_5416_brickyard_400,NASCAR,2024,5416_brickyard_400,Hendrick Motorsports,-0.3591944404537048,-0.2435000000000116
NASCAR_2024_5416_brickyard_400,NASCAR,2024,5416_brickyard_400,JTG Daugherty Racing,-0.19187480622147143,-0.13100000000000023
NASCAR_2024_5416_brickyard_400,NASCAR,2024,5416_brickyard_400,Joe Gibbs Racing,-0.24965652432498198,-0.16950000000000287
NASCAR_2024_5416_brickyard_400,NASCAR,2024,5416_brickyard_400,Kaulig Racing,0.12674906444194017,0.09649999999999537
NASCAR_2024_5416_brickyard_400,NASCAR,2024,5416_brickyard_400,Legacy Motor Club,0.15100374361837343,0.08699999999999974
NASCAR_2024_5416_brickyard_400,NASCAR,2024,5416_brickyard_400,Power Source,2.9392096877622986,1.7399999999999949
NASCAR_2024_5416_brickyard_400,NASCAR,2024,5416_brickyard_400,RFK Racing,0.16901723333883456,0.08950000000000102
NASCAR_2024_5416_brickyard_400,NASCAR,2024,5416_brickyard_400,Richard Childress Racing,0.20680740135870446,0.10549999999999571
NASCAR_2024_5416_brickyard_400,NASCAR,2024,5416_brickyard_400,Rick Ware Racing,0.43683223938000487,0.20399999999999352
NASCAR_2024_5416_brickyard_400,NASCAR,2024,5416_brickyard_400,Spire Motorsports,0.03322879483950793,0.020250000000000767
NASCAR_2024_5416_brickyard_400,NASCAR,2024,5416_brickyard_400,Stewart-Haas Racing,0.1595307394199055,0.09300000000000352
NASCAR_2024_5416_brickyard_400,NASCAR,2024,5416_brickyard_400,Team Penske,-0.17017464362010792,-0.10249999999999915
NASCAR_2024_5416_brickyard_400,NASCAR,2024,5416_brickyard_400,Trackhouse Racing,0.24814194993250321,0.12100000000000222
NASCAR_2024_5416_brickyard_400,NASCAR,2024,5416_brickyard_400,Wood Brothers Racing,-0.09986605497154341,-0.051499999999997215
NASCAR_2024_5417_go_bowling_at_the_glen,NASCAR,2024,5417_go_bowling_at_the_glen,23XI Racing,0.22503921911431918,0.22999999999999687
NASCAR_2024_5417_go_bowling_at_the_glen,NASCAR,2024,5417_go_bowling_at_the_glen,Front Row Motorsports,-0.046574071607863726,-0.04899999999999949
NASCAR_2024_5417_go_bowling_at_the_glen,NASCAR,2024,5417_go_bowling_at_the_glen,Hendrick Motorsports,-0.0356006697620429,-0.050499999999999545
NASCAR_2024_5417_go_bowling_at_the_glen,NASCAR,2024,5417_go_bowling_at_the_glen,JTG Daugherty Racing,2.068470242839992,29.663999999999987
NASCAR_2024_5417_go_bowling_at_the_glen,NASCAR,2024,5417_go_bowling_at_the_glen,Joe Gibbs Racing,0.057958125683174384,0.07050000000000267
NASCAR_2024_5417_go_bowling_at_the_glen,NASCAR,2024,5417_go_bowling_at_the_glen,Kaulig Racing,-0.1877252228290287,-0.240000000000002
NASCAR_2024_5417_go_bowling_at_the_glen,NASCAR,2024,5417_go_bowling_at_the_glen,Legacy Motor Club,0.07313543443887863,0.062249999999998806
NASCAR_2024_5417_go_bowling_at_the_glen,NASCAR,2024,5417_go_bowling_at_the_glen,RFK Racing,-0.029233879631786565,-0.06400000000000716
NASCAR_2024_5417_go_bowling_at_the_glen,NASCAR,2024,5417_go_bowling_at_the_glen,Richard Childress Racing,0.5102005776784593,0.49500000000000455
NASCAR_2024_5417_go_bowling_at_the_glen,NASCAR,2024,5417_go_bowling_at_the_glen,Rick Ware Racing,0.14716418428163092,0.18200000000000216
NASCAR_2024_5417_go_bowling_at_the_glen,NASCAR,2024,5417_go_bowling_at_the_glen,Spire Motorsports,-0.07864732002178006,-0.13699999999999335
NASCAR_2024_5417_go_bowling_at_the_glen,NASCAR,2024,5417_go_bowling_at_the_glen,Stewart-Haas Racing,-0.13340474050773332,-0.14450000000000784
NASCAR_2024_5417_go_bowling_at_the_glen,NASCAR,2024,5417_go_bowling_at_the_glen,Team Penske,-0.06500367963540263,-0.07099999999999085
NASCAR_2024_5417_go_bowling_at_the_glen,NASCAR,2024,5417_go_bowling_at_the_glen,Trackhouse Racing,-0.21119971791455458,-0.27949999999999875
NASCAR_2024_5417_go_bowling_at_the_glen,NASCAR,2024,5417_go_bowling_at_the_glen,Wood Brothers Racing,0.30037878085990605,0.2599999999999909
NASCAR_2024_5418_coke_zero_sugar_400,NASCAR,2024,5418_coke_zero_sugar_400,23XI Racing,-0.04737023206747553,-0.00999999999999801
NASCAR_2024_5418_coke_zero_sugar_400,NASCAR,2024,5418_coke_zero_sugar_400,Beard Motorsports,0.18525762988704372,0.050499999999999545
NASCAR_2024_5418_coke_zero_sugar_400,NASCAR,2024,5418_coke_zero_sugar_400,Front Row Motorsports,-0.003254276629038884,-7.500000000000284e-4
NASCAR_2024_5418_coke_zero_sugar_400,NASCAR,2024,5418_coke_zero_sugar_400,Hendrick Motorsports,-0.03385054164722723,-0.009000000000000341
NASCAR_2024_5418_coke_zero_sugar_400,NASCAR,2024,5418_coke_zero_sugar_400,JTG Daugherty Racing,0.0272136345045463,0.005000000000002558
NASCAR_2024_5418_coke_zero_sugar_400,NASCAR,2024,5418_coke_zero_sugar_400,Joe Gibbs Racing,0,0
NASCAR_2024_5418_coke_zero_sugar_400,NASCAR,2024,5418_coke_zero_sugar_400,Kaulig Racing,0.052247259540162516,0.009000000000000341
NASCAR_2024_5418_coke_zero_sugar_400,NASCAR,2024,5418_coke_zero_sugar_400,Legacy Motor Club,0,0
NASCAR_2024_5418_coke_zero_sugar_400,NASCAR,2024,5418_coke_zero_sugar_400,Live Fast Motorsports,0.0024814524591475987,0.0017500000000012506
NASCAR_2024_5418_coke_zero_sugar_400,NASCAR,2024,5418_coke_zero_sugar_400,NY Racing Team,0.21256794496201398,0.08800000000000097
NASCAR_2024_5418_coke_zero_sugar_400,NASCAR,2024,5418_coke_zero_sugar_400,RFK Racing,-0.020074948932310474,-0.00549999999999784
NASCAR_2024_5418_coke_zero_sugar_400,NASCAR,2024,5418_coke_zero_sugar_400,Richard Childress Racing,0.0035842873769681037,9.999999999976694e-4
NASCAR_2024_5418_coke_zero_sugar_400,NASCAR,2024,5418_coke_zero_sugar_400,Rick Ware Racing,0,0
NASCAR_2024_5418_coke_zero_sugar_400,NASCAR,2024,5418_coke_zero_sugar_400,Spire Motorsports,0,0
NASCAR_2024_5418_coke_zero_sugar_400,NASCAR,2024,5418_coke_zero_sugar_400,Stewart-Haas Racing,0.10218222584748603,0.02400000000000091
NASCAR_2024_5418_coke_zero_sugar_400,NASCAR,2024,5418_coke_zero_sugar_400,Team Penske,0,0
NASCAR_2024_5418_coke_zero_sugar_400,NASCAR,2024,5418_coke_zero_sugar_400,Trackhouse Racing,0,0
NASCAR_2024_5418_coke_zero_sugar_400,NASCAR,2024,5418_coke_zero_sugar_400,Wood Brothers Racing,0.022612800756835638,0.0042500000000025295
NASCAR_2024_5419_cook_out_southern_500,NASCAR,2024,5419_cook_out_southern_500,23XI Racing,-0.2184942926504503,-0.12999999999999545
NASCAR_2024_5419_cook_out_southern_500,NASCAR,2024,5419_cook_out_southern_500,Front Row Motorsports,0.07666002192004052,0.042499999999996874
NASCAR_2024_5419_cook_out_southern_500,NASCAR,2024,5419_cook_out_southern_500,Hendrick Motorsports,-0.11229862177296865,-0.06799999999999784
NASCAR_2024_5419_cook_out_southern_500,NASCAR,2024,5419_cook_out_southern_500,JTG Daugherty Racing,0.5789330157224184,0.2350000000000012
NASCAR_2024_5419_cook_out_southern_500,NASCAR,2024,5419_cook_out_southern_500,Joe Gibbs Racing,-0.38842280537898294,-0.22000000000000242
NASCAR_2024_5419_cook_out_southern_500,NASCAR,2024,5419_cook_out_southern_500,Kaulig Racing,0.5634177009442908,0.2699999999999978
NASCAR_2024_5419_cook_out_southern_500,NASCAR,2024,5419_cook_out_southern_500,Legacy Motor Club,0.13194601364191835,0.06200000000000472
NASCAR_2024_5419_cook_out_southern_500,NASCAR,2024,5419_cook_out_southern_500,Power Source,2.5043958335363365,0.9224999999999994
NASCAR_2024_5419_cook_out_southern_500,NASCAR,2024,5419_cook_out_southern_500,RFK Racing,0,0
NASCAR_2024_5419_cook_out_southern_500,NASCAR,2024,5419_cook_out_southern_500,Richard Childress Racing,-0.06499508217120492,-0.03750000000000142
NASCAR_2024_5419_cook_out_southern_500,NASCAR,2024,5419_cook_out_southern_500,Rick Ware Racing,0.14118271919440128,0.06149999999999878
NASCAR_2024_5419_cook_out_southern_500,NASCAR,2024,5419_cook_out_southern_500,Spire Motorsports,0.14751514866826348,0.07049999999999912
NASCAR_2024_5419_cook_out_southern_500,NASCAR,2024,5419_cook_out_southern_500,Stewart-Haas Racing,-0.14514061500610737,-0.08800000000000097
NASCAR_2024_5419_cook_out_southern_500,NASCAR,2024,5419_cook_out_southern_500,Team Penske,0.050121977578791124,0.028250000000001663
NASCAR_2024_5419_cook_out_southern_500,NASCAR,2024,5419_cook_out_southern_500,Trackhouse Racing,0.09371754284279085,0.049999999999998934
NASCAR_2024_5419_cook_out_southern_500,NASCAR,2024,5419_cook_out_southern_500,Wood Brothers Racing,0.10993380201863151,0.04699999999999882
NASCAR_2024_5420_hollywood_casino_400,NASCAR,2024,5420_hollywood_casino_400,23XI Racing,-0.022841984468392793,-0.012000000000000455
NASCAR_2024_5420_hollywood_casino_400,NASCAR,2024,5420_hollywood_casino_400,Front Row Motorsports,0.21581758291133013,0.11149999999999949
NASCAR_2024_5420_hollywood_casino_400,NASCAR,2024,5420_hollywood_casino_400,Hendrick Motorsports,-0.2522549531340682,-0.1579999999999977
NASCAR_2024_5420_hollywood_casino_400,NASCAR,2024,5420_hollywood_casino_400,JTG Daugherty Racing,0.12255535281151997,0.10000000000000142
NASCAR_2024_5420_hollywood_casino_400,NASCAR,2024,5420_hollywood_casino_400,Joe Gibbs Racing,-0.5393240659231149,-0.30224999999999724
NASCAR_2024_5420_hollywood_casino_400,NASCAR,2024,5420_hollywood_casino_400,Kaulig Racing,0.25285102712824,0.12450000000000294
NASCAR_2024_5420_hollywood_casino_400,NASCAR,2024,5420_hollywood_casino_400,Legacy Motor Club,0.8049878701157235,0.4335000000000022
NASCAR_2024_5420_hollywood_casino_400,NASCAR,2024,5420_hollywood_casino_400,NY Racing Team,0.829248203551887,0.3739999999999952
NASCAR_2024_5420_hollywood_casino_400,NASCAR,2024,5420_hollywood_casino_400,RFK Racing,-0.08676290523829203,-0.06299999999999528
NASCAR_2024_5420_hollywood_casino_400,NASCAR,2024,5420_hollywood_casino_400,Richard Childress Racing,0.004337524092978341,0.0020000000000024443
NASCAR_2024_5420_hollywood_casino_400,NASCAR,2024,5420_hollywood_casino_400,Rick Ware Racing,0.3949982129881463,0.21100000000000207
NASCAR_2024_5420_hollywood_casino_400,NASCAR,2024,5420_hollywood_casino_400,Spire Motorsports,0.006989977228770637,0.005000000000002558
NASCAR_2024_5420_hollywood_casino_400,NASCAR,2024,5420_hollywood_casino_400,Stewart-Haas Racing,0.08867681285870908,0.05524999999999736
NASCAR_2024_5420_hollywood_casino_400,NASCAR,2024,5420_hollywood_casino_400,Team Penske,-0.3771636586339704,-0.23349999999999937
NASCAR_2024_5420_hollywood_casino_400,NASCAR,2024,5420_hollywood_casino_400,Trackhouse Racing,-0.1354521494638195,-0.0730000000000004
NASCAR_2024_5420_hollywood_casino_400,NASCAR,2024,5420_hollywood_casino_400,Wood Brothers Racing,0.3003695392493531,0.15350000000000108
NASCAR_2024_5421_bass_pro_shops_night_race,NASCAR,2024,5421_bass_pro_shops_night_race,23XI Racing,-0.0736052955035644,-0.01150000000000162
NASCAR_2024_5421_bass_pro_shops_night_race,NASCAR,2024,5421_bass_pro_shops_night_race,Front Row Motorsports,0.052835399418303924,0.007500000000003837
NASCAR_2024_5421_bass_pro_shops_night_race,NASCAR,2024,5421_bass_pro_shops_night_race,Hendrick Motorsports,-0.34748078211637334,-0.05549999999999855
NASCAR_2024_5421_bass_pro_shops_night_race,NASCAR,2024,5421_bass_pro_shops_night_race,JTG Daugherty Racing,0.3629963519939759,0.054000000000002046
NASCAR_2024_5421_bass_pro_shops_night_race,NASCAR,2024,5421_bass_pro_shops_night_race,Joe Gibbs Racing,-0.23062791762096807,-0.038000000000000256
NASCAR_2024_5421_bass_pro_shops_night_race,NASCAR,2024,5421_bass_pro_shops_night_race,Kaulig Racing,0.09022752173546486,0.014999999999997016
NASCAR_2024_5421_bass_pro_shops_night_race,NASCAR,2024,5421_bass_pro_shops_night_race,Legacy Motor Club,0.3978724310832782,0.062000000000001165
NASCAR_2024_5421_bass_pro_shops_night_race,NASCAR,2024,5421_bass_pro_shops_night_race,Power Source,4.208783689763001,0.82374999999999865
NASCAR_2024_5421_bass_pro_shops_night_race,NASCAR,2024,5421_bass_pro_shops_night_race,RFK Racing,0.07347008539782068,0.010999999999999233
NASCAR_2024_5421_bass_pro_shops_night_race,NASCAR,2024,5421_bass_pro_shops_night_race,Richard Childress Racing,0.13112356926897062,0.020999999999997243
NASCAR_2024_5421_bass_pro_shops_night_race,NASCAR,2024,5421_bass_pro_shops_night_race,Rick Ware Racing,0.3851671412939708,0.05699999999999861
NASCAR_2024_5421_bass_pro_shops_night_race,NASCAR,2024,5421_bass_pro_shops_night_race,Spire Motorsports,-0.014570976380780453,-0.0019999999999988916
NASCAR_2024_5421_bass_pro_shops_night_race,NASCAR,2024,5421_bass_pro_shops_night_race,Stewart-Haas Racing,-0.10758940333508506,-0.01799999999999713
NASCAR_2024_5421_bass_pro_shops_night_race,NASCAR,2024,5421_bass_pro_shops_night_race,Team Penske,-0.048562066730739935,-0.006999999999998785
NASCAR_2024_5421_bass_pro_shops_night_race,NASCAR,2024,5421_bass_pro_shops_night_race,Trackhouse Racing,0.09917507874915624,0.015999999999998238
NASCAR_2024_5421_bass_pro_shops_night_race,NASCAR,2024,5421_bass_pro_shops_night_race,Wood Brothers Racing,0.5971428740355315,0.09800000000000075
NASCAR_2024_5422_autotrader_echopark_automotive_400,NASCAR,2024,5422_autotrader_echopark_automotive_400,23XI Racing,-0.420686211749556,-0.17300000000000182
NASCAR_2024_5422_autotrader_echopark_automotive_400,NASCAR,2024,5422_autotrader_echopark_automotive_400,Front Row Motorsports,-0.014144557426699499,-0.006000000000000227
NASCAR_2024_5422_autotrader_echopark_automotive_400,NASCAR,2024,5422_autotrader_echopark_automotive_400,Hendrick Motorsports,-0.4416165063543488,-0.16924999999999812
NASCAR_2024_5422_autotrader_echopark_automotive_400,NASCAR,2024,5422_autotrader_echopark_automotive_400,JTG Daugherty Racing,-0.02054587065875576,-0.010000000000001563
NASCAR_2024_5422_autotrader_echopark_automotive_400,NASCAR,2024,5422_autotrader_echopark_automotive_400,Joe Gibbs Racing,-0.3617590447079492,-0.16300000000000026
NASCAR_2024_5422_autotrader_echopark_automotive_400,NASCAR,2024,5422_autotrader_echopark_automotive_400,Kaulig Racing,0.5595434379791044,0.24099999999999966
NASCAR_2024_5422_autotrader_echopark_automotive_400,NASCAR,2024,5422_autotrader_echopark_automotive_400,Legacy Motor Club,0.2621874855301937,0.11349999999999838
NASCAR_2024_5422_autotrader_echopark_automotive_400,NASCAR,2024,5422_autotrader_echopark_automotive_400,RFK Racing,0.0012829133928252202,4.999999999988347e-4
NASCAR_2024_5422_autotrader_echopark_automotive_400,NASCAR,2024,5422_autotrader_echopark_automotive_400,Richard Childress Racing,0.1694908169745415,0.08199999999999896
NASCAR_2024_5422_autotrader_echopark_automotive_400,NASCAR,2024,5422_autotrader_echopark_automotive_400,Rick Ware Racing,0.4129519039859151,0.1679999999999957
NASCAR_2024_5422_autotrader_echopark_automotive_400,NASCAR,2024,5422_autotrader_echopark_automotive_400,Spire Motorsports,0.12220688273730046,0.05699999999998795
NASCAR_2024_5422_autotrader_echopark_automotive_400,NASCAR,2024,5422_autotrader_echopark_automotive_400,Stewart-Haas Racing,-0.020492448839673303,-0.009499999999999176
NASCAR_2024_5422_autotrader_echopark_automotive_400,NASCAR,2024,5422_autotrader_echopark_automotive_400,Team Penske,-0.06614472224008076,-0.03599999999999781
NASCAR_2024_5422_autotrader_echopark_automotive_400,NASCAR,2024,5422_autotrader_echopark_automotive_400,Trackhouse Racing,-0.08227146696764143,-0.037000000000002586
NASCAR_2024_5422_autotrader_echopark_automotive_400,NASCAR,2024,5422_autotrader_echopark_automotive_400,Wood Brothers Racing,0.21160741912566905,0.07799999999999763
NASCAR_2024_5423_yellawood_500,NASCAR,2024,5423_yellawood_500,23XI Racing,-0.022709645906986504,-0.0040000000000048885
NASCAR_2024_5423_yellawood_500,NASCAR,2024,5423_yellawood_500,Beard Motorsports,0.13329029709497855,0.035000000000003695
NASCAR_2024_5423_yellawood_500,NASCAR,2024,5423_yellawood_500,Front Row Motorsports,0.06336724049668509,0.013499999999996959
NASCAR_2024_5423_yellawood_500,NASCAR,2024,5423_yellawood_500,Hendrick Motorsports,-0.011610073188326481,-0.0022500000000000853
NASCAR_2024_5423_yellawood_500,NASCAR,2024,5423_yellawood_500,JTG Daugherty Racing,-0.002090573680248523,-5.000000000023874e-4
NASCAR_2024_5423_yellawood_500,NASCAR,2024,5423_yellawood_500,Joe Gibbs Racing,0,0
NASCAR_2024_5423_yellawood_500,NASCAR,2024,5423_yellawood_500,Kaulig Racing,-0.011820052959953357,-0.003500000000002501
NASCAR_2024_5423_yellawood_500,NASCAR,2024,5423_yellawood_500,Legacy Motor Club,0.006680077092788703,0.0020000000000024443
NASCAR_2024_5423_yellawood_500,NASCAR,2024,5423_yellawood_500,Live Fast Motorsports,-0.014903187555911265,-0.0034999999999989484
NASCAR_2024_5423_yellawood_500,NASCAR,2024,5423_yellawood_500,NY Racing Team,0.15241998416228045,0.04299999999999926
NASCAR_2024_5423_yellawood_500,NASCAR,2024,5423_yellawood_500,RFK Racing,0.012352161012103735,0.0027500000000024727
NASCAR_2024_5423_yellawood_500,NASCAR,2024,5423_yellawood_500,Richard Childress Racing,0.009273478003291605,0.0015000000000000568
NASCAR_2024_5423_yellawood_500,NASCAR,2024,5423_yellawood_500,Rick Ware Racing,-0.01017887826349383,-0.00274999999999892
NASCAR_2024_5423_yellawood_500,NASCAR,2024,5423_yellawood_500,Spire Motorsports,-0.015071020650482356,-0.0040000000000048885
NASCAR_2024_5423_yellawood_500,NASCAR,2024,5423_yellawood_500,Stewart-Haas Racing,0.01184292639081031,0.001999999999995339
NASCAR_2024_5423_yellawood_500,NASCAR,2024,5423_yellawood_500,Team Penske,0,0
NASCAR_2024_5423_yellawood_500,NASCAR,2024,5423_yellawood_500,Trackhouse Racing,-0.03242993899629833,-0.012000000000000455
NASCAR_2024_5423_yellawood_500,NASCAR,2024,5423_yellawood_500,Wood Brothers Racing,0.015001185266691188,0.0015000000000000568
NASCAR_2024_5424_bank_of_america_roval_400,NASCAR,2024,5424_bank_of_america_roval_400,23XI Racing,-0.20805011480624333,-0.2635000000000005
NASCAR_2024_5424_bank_of_america_roval_400,NASCAR,2024,5424_bank_of_america_roval_400,Front Row Motorsports,0.036713170114009736,0.03950000000001097
NASCAR_2024_5424_bank_of_america_roval_400,NASCAR,2024,5424_bank_of_america_roval_400,Hendrick Motorsports,-0.3587626761745665,-0.5435000000000088
NASCAR_2024_5424_bank_of_america_roval_400,NASCAR,2024,5424_bank_of_america_roval_400,JTG Daugherty Racing,0.0083808463064586,0.014999999999993463
NASCAR_2024_5424_bank_of_america_roval_400,NASCAR,2024,5424_bank_of_america_roval_400,Joe Gibbs Racing,-0.11639834962209444,-0.14849999999999852
NASCAR_2024_5424_bank_of_america_roval_400,NASCAR,2024,5424_bank_of_america_roval_400,Kaulig Racing,-0.2808918172327789,-0.3990000000000009
NASCAR_2024_5424_bank_of_america_roval_400,NASCAR,2024,5424_bank_of_america_roval_400,Legacy Motor Club,0.6755847297115366,0.8539999999999992
NASCAR_2024_5424_bank_of_america_roval_400,NASCAR,2024,5424_bank_of_america_roval_400,Power Source,1.4458303944315993,1.616499999999995
NASCAR_2024_5424_bank_of_america_roval_400,NASCAR,2024,5424_bank_of_america_roval_400,RFK Racing,-0.07475583393419771,-0.10400000000000631
NASCAR_2024_5424_bank_of_america_roval_400,NASCAR,2024,5424_bank_of_america_roval_400,Richard Childress Racing,0,0
NASCAR_2024_5424_bank_of_america_roval_400,NASCAR,2024,5424_bank_of_america_roval_400,Rick Ware Racing,0.7373003214984264,1.0489999999999995
NASCAR_2024_5424_bank_of_america_roval_400,NASCAR,2024,5424_bank_of_america_roval_400,Spire Motorsports,0.16559081477221974,0.21299999999999386
NASCAR_2024_5424_bank_of_america_roval_400,NASCAR,2024,5424_bank_of_america_roval_400,Stewart-Haas Racing,0.46704958504951877,0.5769999999999982
NASCAR_2024_5424_bank_of_america_roval_400,NASCAR,2024,5424_bank_of_america_roval_400,Team Penske,-0.3199580687121726,-0.4100000000000037
NASCAR_2024_5424_bank_of_america_roval_400,NASCAR,2024,5424_bank_of_america_roval_400,Trackhouse Racing,0.20716041346978453,0.25850000000000506
NASCAR_2024_5424_bank_of_america_roval_400,NASCAR,2024,5424_bank_of_america_roval_400,Wood Brothers Racing,0.19331190778437052,0.2637500000000088
NASCAR_2024_5425_south_point_400,NASCAR,2024,5425_south_point_400,23XI Racing,-0.29728984520712975,-0.14649999999999963
NASCAR_2024_5425_south_point_400,NASCAR,2024,5425_south_point_400,Front Row Motorsports,0.7474763689633249,0.3349999999999973
NASCAR_2024_5425_south_point_400,NASCAR,2024,5425_south_point_400,Hendrick Motorsports,-0.5036603277505565,-0.22649999999999793
NASCAR_2024_5425_south_point_400,NASCAR,2024,5425_south_point_400,JTG Daugherty Racing,0.6501427803594263,0.2569999999999979
NASCAR_2024_5425_south_point_400,NASCAR,2024,5425_south_point_400,Joe Gibbs Racing,-0.4042554338187872,-0.19899999999999807
NASCAR_2024_5425_south_point_400,NASCAR,2024,5425_south_point_400,Kaulig Racing,0.2696909116021386,0.11800000000000033
NASCAR_2024_5425_south_point_400,NASCAR,2024,5425_south_point_400,Legacy Motor Club,0.3998940047871856,0.17800000000000082
NASCAR_2024_5425_south_point_400,NASCAR,2024,5425_south_point_400,RFK Racing,-0.452194331839494,-0.1927500000000002
NASCAR_2024_5425_south_point_400,NASCAR,2024,5425_south_point_400,Richard Childress Racing,-0.08884436079732332,-0.057500000000000995
NASCAR_2024_5425_south_point_400,NASCAR,2024,5425_south_point_400,Rick Ware Racing,0.8939476500096527,0.3897499999999994
NASCAR_2024_5425_south_point_400,NASCAR,2024,5425_south_point_400,Spire Motorsports,-0.0021891821479073903,-0.0015000000000000568
NASCAR_2024_5425_south_point_400,NASCAR,2024,5425_south_point_400,Stewart-Haas Racing,0.1887047416604736,0.0909999999999993
NASCAR_2024_5425_south_point_400,NASCAR,2024,5425_south_point_400,Team Penske,-0.1350657596470463,-0.06449999999999889
NASCAR_2024_5425_south_point_400,NASCAR,2024,5425_south_point_400,Trackhouse Racing,-0.2122138735572584,-0.08750000000000036
NASCAR_2024_5425_south_point_400,NASCAR,2024,5425_south_point_400,Wood Brothers Racing,-0.01057090343408182,-0.00549999999999784
NASCAR_2024_5426_straight_talk_wireless_400,NASCAR,2024,5426_straight_talk_wireless_400,23XI Racing,-0.3333160861315086,-0.22399999999999665
NASCAR_2024_5426_straight_talk_wireless_400,NASCAR,2024,5426_straight_talk_wireless_400,Front Row Motorsports,0.08754496907743574,0.05050000000000665
NASCAR_2024_5426_straight_talk_wireless_400,NASCAR,2024,5426_straight_talk_wireless_400,Hendrick Motorsports,-0.40503404397339615,-0.2172500000000035
NASCAR_2024_5426_straight_talk_wireless_400,NASCAR,2024,5426_straight_talk_wireless_400,JTG Daugherty Racing,0.07985129592723644,0.0449999999999946
NASCAR_2024_5426_straight_talk_wireless_400,NASCAR,2024,5426_straight_talk_wireless_400,Joe Gibbs Racing,-0.40070184730735703,-0.2082499999999996
NASCAR_2024_5426_straight_talk_wireless_400,NASCAR,2024,5426_straight_talk_wireless_400,Kaulig Racing,-0.05851831395737346,-0.024749999999997385
NASCAR_2024_5426_straight_talk_wireless_400,NASCAR,2024,5426_straight_talk_wireless_400,Legacy Motor Club,0.34288022658181044,0.15800000000000125
NASCAR_2024_5426_straight_talk_wireless_400,NASCAR,2024,5426_straight_talk_wireless_400,NY Racing Team,1.5429281242425694,0.5930000000000035
NASCAR_2024_5426_straight_talk_wireless_400,NASCAR,2024,5426_straight_talk_wireless_400,Power Source,2.9127065230162974,1.1460000000000008
NASCAR_2024_5426_straight_talk_wireless_400,NASCAR,2024,5426_straight_talk_wireless_400,RFK Racing,0.08141065490893475,0.03875000000000384
NASCAR_2024_5426_straight_talk_wireless_400,NASCAR,2024,5426_straight_talk_wireless_400,Richard Childress Racing,0.07477155115270978,0.03300000000000125
NASCAR_2024_5426_straight_talk_wireless_400,NASCAR,2024,5426_straight_talk_wireless_400,Rick Ware Racing,0.8991820272205564,0.3777499999999989
NASCAR_2024_5426_straight_talk_wireless_400,NASCAR,2024,5426_straight_talk_wireless_400,Spire Motorsports,0.015476868540476706,0.011000000000002785
NASCAR_2024_5426_straight_talk_wireless_400,NASCAR,2024,5426_straight_talk_wireless_400,Stewart-Haas Racing,-0.09927471842683763,-0.06099999999999284
NASCAR_2024_5426_straight_talk_wireless_400,NASCAR,2024,5426_straight_talk_wireless_400,Team Penske,0,0
NASCAR_2024_5426_straight_talk_wireless_400,NASCAR,2024,5426_straight_talk_wireless_400,Trackhouse Racing,0.1717172670689315,0.0934999999999988
NASCAR_2024_5426_straight_talk_wireless_400,NASCAR,2024,5426_straight_talk_wireless_400,Wood Brothers Racing,0.19435608478390726,0.10899999999999466
NASCAR_2024_5427_xfinity_500,NASCAR,2024,5427_xfinity_500,23XI Racing,0.30474337946828955,0.06700000000000017
NASCAR_2024_5427_xfinity_500,NASCAR,2024,5427_xfinity_500,Front Row Motorsports,0.07580802462246745,0.017250000000000654
NASCAR_2024_5427_xfinity_500,NASCAR,2024,5427_xfinity_500,Hendrick Motorsports,-0.48715052641265727,-0.11399999999999721
NASCAR_2024_5427_xfinity_500,NASCAR,2024,5427_xfinity_500,JTG Daugherty Racing,0.1987323194934592,0.04400000000000048
NASCAR_2024_5427_xfinity_500,NASCAR,2024,5427_xfinity_500,Joe Gibbs Racing,-0.0377888986688264,-0.009000000000000341
NASCAR_2024_5427_xfinity_500,NASCAR,2024,5427_xfinity_500,Kaulig Racing,0.1441642737300201,0.02949999999999875
NASCAR_2024_5427_xfinity_500,NASCAR,2024,5427_xfinity_500,Legacy Motor Club,0.33087421437001374,0.07850000000000179
NASCAR_2024_5427_xfinity_500,NASCAR,2024,5427_xfinity_500,Power Source,2.767762348363682,0.5100000000000016
NASCAR_2024_5427_xfinity_500,NASCAR,2024,5427_xfinity_500,RFK Racing,-0.03066228172616994,-0.012999999999998124
NASCAR_2024_5427_xfinity_500,NASCAR,2024,5427_xfinity_500,Richard Childress Racing,-0.04479647841099592,-0.009000000000000341
NASCAR_2024_5427_xfinity_500,NASCAR,2024,5427_xfinity_500,Rick Ware Racing,0.7292520402912529,0.13899999999999935
NASCAR_2024_5427_xfinity_500,NASCAR,2024,5427_xfinity_500,Spire Motorsports,0.43459538830477973,0.08900000000000219
NASCAR_2024_5427_xfinity_500,NASCAR,2024,5427_xfinity_500,Stewart-Haas Racing,-0.19845591193091244,-0.052749999999997854
NASCAR_2024_5427_xfinity_500,NASCAR,2024,5427_xfinity_500,Team Penske,-0.3148803846479542,-0.08599999999999852
NASCAR_2024_5427_xfinity_500,NASCAR,2024,5427_xfinity_500,Trackhouse Racing,-0.007322045027355848,-0.0017500000000012506
NASCAR_2024_5427_xfinity_500,NASCAR,2024,5427_xfinity_500,Wood Brothers Racing,0.020687231305954193,0.0072499999999990905
NASCAR_2024_5428_nascar_cup_series_championship,NASCAR,2024,5428_nascar_cup_series_championship,23XI Racing,-0.434485650844995,-0.1695000000000011
NASCAR_2024_5428_nascar_cup_series_championship,NASCAR,2024,5428_nascar_cup_series_championship,Front Row Motorsports,0.4458514951774938,0.17300000000000182
NASCAR_2024_5428_nascar_cup_series_championship,NASCAR,2024,5428_nascar_cup_series_championship,Hendrick Motorsports,-0.3935465140024291,-0.16600000000000037
NASCAR_2024_5428_nascar_cup_series_championship,NASCAR,2024,5428_nascar_cup_series_championship,JTG Daugherty Racing,0.57241153327847,0.2240000000000002
NASCAR_2024_5428_nascar_cup_series_championship,NASCAR,2024,5428_nascar_cup_series_championship,Joe Gibbs Racing,-0.4290204899194733,-0.18125000000000036
NASCAR_2024_5428_nascar_cup_series_championship,NASCAR,2024,5428_nascar_cup_series_championship,Kaulig Racing,0.35319667420935474,0.1407500000000006
NASCAR_2024_5428_nascar_cup_series_championship,NASCAR,2024,5428_nascar_cup_series_championship,Legacy Motor Club,0.1768306287757548,0.06825000000000081
NASCAR_2024_5428_nascar_cup_series_championship,NASCAR,2024,5428_nascar_cup_series_championship,NY Racing Team,1.417477388026126,0.5329999999999995
NASCAR_2024_5428_nascar_cup_series_championship,NASCAR,2024,5428_nascar_cup_series_championship,Power Source,2.2037526908935314,0.8439999999999994
NASCAR_2024_5428_nascar_cup_series_championship,NASCAR,2024,5428_nascar_cup_series_championship,RFK Racing,-0.1665856622961458,-0.07024999999999793
NASCAR_2024_5428_nascar_cup_series_championship,NASCAR,2024,5428_nascar_cup_series_championship,Richard Childress Racing,0.09360233664971873,0.0389999999999997
NASCAR_2024_5428_nascar_cup_series_championship,NASCAR,2024,5428_nascar_cup_series_championship,Rick Ware Racing,0.8995901716638206,0.33949999999999925
NASCAR_2024_5428_nascar_cup_series_championship,NASCAR,2024,5428_nascar_cup_series_championship,Spire Motorsports,0.04220441016663051,0.01899999999999835
NASCAR_2024_5428_nascar_cup_series_championship,NASCAR,2024,5428_nascar_cup_series_championship,Stewart-Haas Racing,0.11544797992977945,0.050499999999999545
NASCAR_2024_5428_nascar_cup_series_championship,NASCAR,2024,5428_nascar_cup_series_championship,Team AmeriVet,3.2853132262119624,1.2240000000000002
NASCAR_2024_5428_nascar_cup_series_championship,NASCAR,2024,5428_nascar_cup_series_championship,Team Penske,-0.5451938570009615,-0.22650000000000148
NASCAR_2024_5428_nascar_cup_series_championship,NASCAR,2024,5428_nascar_cup_series_championship,Trackhouse Racing,-0.08923692252353263,-0.03599999999999781
NASCAR_2024_5428_nascar_cup_series_championship,NASCAR,2024,5428_nascar_cup_series_championship,Wood Brothers Racing,-0.01905209467291695,-0.008750000000000924
NASCAR_2025_5543_cook_out_clash_at_bowman_gray,NASCAR,2025,5543_cook_out_clash_at_bowman_gray,23XI Racing,-0.3323434180142131,-0.0470000000000006
NASCAR_2025_5543_cook_out_clash_at_bowman_gray,NASCAR,2025,5543_cook_out_clash_at_bowman_gray,Front Row Motorsports,0.4003026310415557,0.054999999999999716
NASCAR_2025_5543_cook_out_clash_at_bowman_gray,NASCAR,2025,5543_cook_out_clash_at_bowman_gray,Hendrick Motorsports,0.1570191907752398,0.022499999999999076
NASCAR_2025_5543_cook_out_clash_at_bowman_gray,NASCAR,2025,5543_cook_out_clash_at_bowman_gray,Joe Gibbs Racing,-0.3411291383282881,-0.046499999999999986
NASCAR_2025_5543_cook_out_clash_at_bowman_gray,NASCAR,2025,5543_cook_out_clash_at_bowman_gray,RFK Racing,0.02468118122392199,0.0039999999999995595
NASCAR_2025_5543_cook_out_clash_at_bowman_gray,NASCAR,2025,5543_cook_out_clash_at_bowman_gray,Richard Childress Racing,0.2771299158009776,0.0365000000000002
NASCAR_2025_5543_cook_out_clash_at_bowman_gray,NASCAR,2025,5543_cook_out_clash_at_bowman_gray,Spire Motorsports,-0.046098532206517454,-0.013500000000000512
NASCAR_2025_5543_cook_out_clash_at_bowman_gray,NASCAR,2025,5543_cook_out_clash_at_bowman_gray,Team Penske,-0.2630736283517774,-0.03900000000000148
NASCAR_2025_5543_cook_out_clash_at_bowman_gray,NASCAR,2025,5543_cook_out_clash_at_bowman_gray,Trackhouse Racing,0.09162476736905151,0.011999999999998678
NASCAR_2025_5543_cook_out_clash_at_bowman_gray,NASCAR,2025,5543_cook_out_clash_at_bowman_gray,Wood Brothers Racing,0.2672290690337378,0.03449999999999953
NASCAR_2025_5544_duel_1_at_daytona,NASCAR,2025,5544_duel_1_at_daytona,23XI Racing,-0.024005421716186692,-0.003999999999997783
NASCAR_2025_5544_duel_1_at_daytona,NASCAR,2025,5544_duel_1_at_daytona,Front Row Motorsports,0.6396439312289817,0.17300000000000182
NASCAR_2025_5544_duel_1_at_daytona,NASCAR,2025,5544_duel_1_at_daytona,HYAK Motorsports,0.0054506845586676286,5.000000000023874e-4
NASCAR_2025_5544_duel_1_at_daytona,NASCAR,2025,5544_duel_1_at_daytona,Hendrick Motorsports,0.01534399381885479,0.0022500000000000853
NASCAR_2025_5544_duel_1_at_daytona,NASCAR,2025,5544_duel_1_at_daytona,JR Motorsports,-0.10625945236012951,-0.022999999999999687
NASCAR_2025_5544_duel_1_at_daytona,NASCAR,2025,5544_duel_1_at_daytona,Joe Gibbs Racing,0,0
NASCAR_2025_5544_duel_1_at_daytona,NASCAR,2025,5544_duel_1_at_daytona,Kaulig Racing,0,0
NASCAR_2025_5544_duel_1_at_daytona,NASCAR,2025,5544_duel_1_at_daytona,NY Racing Team,-0.09276675421093666,-0.010499999999996845
NASCAR_2025_5544_duel_1_at_daytona,NASCAR,2025,5544_duel_1_at_daytona,Power Source,-0.43845244054385896,-0.0660000000000025
NASCAR_2025_5544_duel_1_at_daytona,NASCAR,2025,5544_duel_1_at_daytona,RFK Racing,0.007221327011449733,0.0015000000000000568
NASCAR_2025_5544_duel_1_at_daytona,NASCAR,2025,5544_duel_1_at_daytona,Richard Childress Racing,0.05255951010037323,0.009000000000000341
NASCAR_2025_5544_duel_1_at_daytona,NASCAR,2025,5544_duel_1_at_daytona,Spire Motorsports,0.04128174670661933,0.009000000000000341
NASCAR_2025_5544_duel_1_at_daytona,NASCAR,2025,5544_duel_1_at_daytona,TRICON Garage,-0.009703834574251826,-7.500000000000284e-4
NASCAR_2025_5544_duel_1_at_daytona,NASCAR,2025,5544_duel_1_at_daytona,Trackhouse Racing,-0.02946833480866296,-0.0049999999999954525
NASCAR_2025_5544_duel_1_at_daytona,NASCAR,2025,5544_duel_1_at_daytona,Wood Brothers Racing,0.042196811276474656,0.0047499999999978115
NASCAR_2025_5545_duel_2_at_daytona,NASCAR,2025,5545_duel_2_at_daytona,23XI Racing,-0.09520667657531692,-0.007250000000002643
NASCAR_2025_5545_duel_2_at_daytona,NASCAR,2025,5545_duel_2_at_daytona,Beard Motorsports,-0.05643938067137004,-0.006249999999997868
NASCAR_2025_5545_duel_2_at_daytona,NASCAR,2025,5545_duel_2_at_daytona,Front Row Motorsports,0.072552802026206,0.005749999999995481
NASCAR_2025_5545_duel_2_at_daytona,NASCAR,2025,5545_duel_2_at_daytona,Haas Factory Team,0.07066633437595761,0.006499999999995509
NASCAR_2025_5545_duel_2_at_daytona,NASCAR,2025,5545_duel_2_at_daytona,Hendrick Motorsports,-0.022154998400359855,-0.001999999999995339
NASCAR_2025_5545_duel_2_at_daytona,NASCAR,2025,5545_duel_2_at_daytona,Joe Gibbs Racing,-0.10803744749882255,-0.010500000000000398
NASCAR_2025_5545_duel_2_at_daytona,NASCAR,2025,5545_duel_2_at_daytona,Legacy Motor Club,0.010255875772862005,0.0010000000000012221
NASCAR_2025_5545_duel_2_at_daytona,NASCAR,2025,5545_duel_2_at_daytona,Live Fast Motorsports,-0.011434184204138387,-0.0010000000000012221
NASCAR_2025_5545_duel_2_at_daytona,NASCAR,2025,5545_duel_2_at_daytona,RFK Racing,0.08766855218424154,0.007000000000005002
NASCAR_2025_5545_duel_2_at_daytona,NASCAR,2025,5545_duel_2_at_daytona,Rick Ware Racing,-0.03515608071838795,-0.0010000000000012221
NASCAR_2025_5545_duel_2_at_daytona,NASCAR,2025,5545_duel_2_at_daytona,Team Penske,0,0
NASCAR_2025_5545_duel_2_at_daytona,NASCAR,2025,5545_duel_2_at_daytona,Trackhouse Racing,0.007333885296914242,5.000000000023874e-4
NASCAR_2025_5546_daytona_500,NASCAR,2025,5546_daytona_500,23XI Racing,0,0
NASCAR_2025_5546_daytona_500,NASCAR,2025,5546_daytona_500,Front Row Motorsports,0.015327861322483463,0.0040000000000048885
NASCAR_2025_5546_daytona_500,NASCAR,2025,5546_daytona_500,HYAK Motorsports,-0.030918550816047774,-0.006499999999995509
NASCAR_2025_5546_daytona_500,NASCAR,2025,5546_daytona_500,Haas Factory Team,0,0
NASCAR_2025_5546_daytona_500,NASCAR,2025,5546_daytona_500,Hendrick Motorsports,0,0
NASCAR_2025_5546_daytona_500,NASCAR,2025,5546_daytona_500,JR Motorsports,-0.022951372715653513,-0.0030000000000001137
NASCAR_2025_5546_daytona_500,NASCAR,2025,5546_daytona_500,Joe Gibbs Racing,0,0
NASCAR_2025_5546_daytona_500,NASCAR,2025,5546_daytona_500,Kaulig Racing,0.17790746101721344,0.025249999999999773
NASCAR_2025_5546_daytona_500,NASCAR,2025,5546_daytona_500,Legacy Motor Club,0,0
NASCAR_2025_5546_daytona_500,NASCAR,2025,5546_daytona_500,RFK Racing,0,0
NASCAR_2025_5546_daytona_500,NASCAR,2025,5546_daytona_500,Richard Childress Racing,0,0
NASCAR_2025_5546_daytona_500,NASCAR,2025,5546_daytona_500,Rick Ware Racing,0.03112494434087194,0.006999999999997897
NASCAR_2025_5546_daytona_500,NASCAR,2025,5546_daytona_500,Spire Motorsports,0.07546530499439388,0.017000000000003013
NASCAR_2025_5546_daytona_500,NASCAR,2025,5546_daytona_500,TRICON Garage,-0.045983583967559305,-0.009500000000002728
NASCAR_2025_5546_daytona_500,NASCAR,2025,5546_daytona_500,Team Penske,-0.0033869678008792707,-5.000000000023874e-4
NASCAR_2025_5546_daytona_500,NASCAR,2025,5546_daytona_500,Trackhouse Racing,-0.0346359726318852,-0.006500000000002615
NASCAR_2025_5546_daytona_500,NASCAR,2025,5546_daytona_500,Wood Brothers Racing,-0.016632513163034327,-0.00274999999999892
NASCAR_2025_5547_ambetter_health_400,NASCAR,2025,5547_ambetter_health_400,23XI Racing,0,0
NASCAR_2025_5547_ambetter_health_400,NASCAR,2025,5547_ambetter_health_400,Front Row Motorsports,0,0
NASCAR_2025_5547_ambetter_health_400,NASCAR,2025,5547_ambetter_health_400,HYAK Motorsports,-0.10484980406181628,-0.04400000000000048
NASCAR_2025_5547_ambetter_health_400,NASCAR,2025,5547_ambetter_health_400,Haas Factory Team,0.23814895723787274,0.0379999999999967
NASCAR_2025_5547_ambetter_health_400,NASCAR,2025,5547_ambetter_health_400,Hendrick Motorsports,-0.00955510618289856,-0.0019999999999988916
NASCAR_2025_5547_ambetter_health_400,NASCAR,2025,5547_ambetter_health_400,Joe Gibbs Racing,-0.020645424517973354,-0.006249999999999645
NASCAR_2025_5547_ambetter_health_400,NASCAR,2025,5547_ambetter_health_400,Kaulig Racing,0.06971774336542377,0.017500000000001847
NASCAR_2025_5547_ambetter_health_400,NASCAR,2025,5547_ambetter_health_400,Legacy Motor Club,0,0
NASCAR_2025_5547_ambetter_health_400,NASCAR,2025,5547_ambetter_health_400,Live Fast Motorsports,0.46698643466072665,0.10475000000000101
NASCAR_2025_5547_ambetter_health_400,NASCAR,2025,5547_ambetter_health_400,NY Racing Team,0.32984904167121737,0.0710000000000015
NASCAR_2025_5547_ambetter_health_400,NASCAR,2025,5547_ambetter_health_400,RFK Racing,0.013060808148376067,0.0035000000000007248
NASCAR_2025_5547_ambetter_health_400,NASCAR,2025,5547_ambetter_health_400,Richard Childress Racing,0,0
NASCAR_2025_5547_ambetter_health_400,NASCAR,2025,5547_ambetter_health_400,Rick Ware Racing,0.10950923942562081,0.030999999999998806
NASCAR_2025_5547_ambetter_health_400,NASCAR,2025,5547_ambetter_health_400,Spire Motorsports,0.0065359667001076635,0.0015000000000000568
NASCAR_2025_5547_ambetter_health_400,NASCAR,2025,5547_ambetter_health_400,Team Penske,-0.060493411073614355,-0.013999999999999346
NASCAR_2025_5547_ambetter_health_400,NASCAR,2025,5547_ambetter_health_400,Trackhouse Racing,0,0
NASCAR_2025_5547_ambetter_health_400,NASCAR,2025,5547_ambetter_health_400,Wood Brothers Racing,-0.052225397891200266,-0.01699999999999946
NASCAR_2025_5548_pennzoil_400,NASCAR,2025,5548_pennzoil_400,23XI Racing,-0.029632280197482208,-0.017999999999998906
NASCAR_2025_5548_pennzoil_400,NASCAR,2025,5548_pennzoil_400,Front Row Motorsports,0.23189332983176628,0.10849999999999937
NASCAR_2025_5548_pennzoil_400,NASCAR,2025,5548_pennzoil_400,HYAK Motorsports,0,0
NASCAR_2025_5548_pennzoil_400,NASCAR,2025,5548_pennzoil_400,Haas Factory Team,0.362114295912253,0.18350000000000222
NASCAR_2025_5548_pennzoil_400,NASCAR,2025,5548_pennzoil_400,Hendrick Motorsports,-0.3128764285184562,-0.16925000000000168
NASCAR_2025_5548_pennzoil_400,NASCAR,2025,5548_pennzoil_400,Joe Gibbs Racing,0.26966417000306475,0.12600000000000122
NASCAR_2025_5548_pennzoil_400,NASCAR,2025,5548_pennzoil_400,Kaulig Racing,0.05227036692768545,0.030500000000003524
NASCAR_2025_5548_pennzoil_400,NASCAR,2025,5548_pennzoil_400,Legacy Motor Club,0.2071364772315435,0.11299999999999777
NASCAR_2025_5548_pennzoil_400,NASCAR,2025,5548_pennzoil_400,RFK Racing,0.0038813569517081913,0.0015000000000000568
NASCAR_2025_5548_pennzoil_400,NASCAR,2025,5548_pennzoil_400,Richard Childress Racing,0.006756991605495836,0.004749999999999588
NASCAR_2025_5548_pennzoil_400,NASCAR,2025,5548_pennzoil_400,Rick Ware Racing,1.9716444166123428,0.7170000000000023
NASCAR_2025_5548_pennzoil_400,NASCAR,2025,5548_pennzoil_400,Spire Motorsports,0.07412062588728821,0.03749999999999787
NASCAR_2025_5548_pennzoil_400,NASCAR,2025,5548_pennzoil_400,Team Penske,-0.26772084859594386,-0.14224999999999888
NASCAR_2025_5548_pennzoil_400,NASCAR,2025,5548_pennzoil_400,Trackhouse Racing,-0.17640262820207753,-0.08200000000000074
NASCAR_2025_5548_pennzoil_400,NASCAR,2025,5548_pennzoil_400,Wood Brothers Racing,-0.4973294730461552,-0.23000000000000043
NASCAR_2025_5549_shriners_children_s_500,NASCAR,2025,5549_shriners_children_s_500,23XI Racing,-0.11221250665462143,-0.04949999999999832
NASCAR_2025_5549_shriners_children_s_500,NASCAR,2025,5549_shriners_children_s_500,Front Row Motorsports,0.2442351938109586,0.0972500000000025
NASCAR_2025_5549_shriners_children_s_500,NASCAR,2025,5549_shriners_children_s_500,HYAK Motorsports,0.553588406784737,0.21899999999999764
NASCAR_2025_5549_shriners_children_s_500,NASCAR,2025,5549_shriners_children_s_500,Haas Factory Team,0.38423044860951705,0.15399999999999636
NASCAR_2025_5549_shriners_children_s_500,NASCAR,2025,5549_shriners_children_s_500,Hendrick Motorsports,-0.17594990579850078,-0.07000000000000028
NASCAR_2025_5549_shriners_children_s_500,NASCAR,2025,5549_shriners_children_s_500,Joe Gibbs Racing,-0.1850457377585568,-0.09399999999999409
NASCAR_2025_5549_shriners_children_s_500,NASCAR,2025,5549_shriners_children_s_500,Kaulig Racing,0.4108768915718419,0.1509999999999998
NASCAR_2025_5549_shriners_children_s_500,NASCAR,2025,5549_shriners_children_s_500,Legacy Motor Club,0.2765749123451125,0.11499999999999844
NASCAR_2025_5549_shriners_children_s_500,NASCAR,2025,5549_shriners_children_s_500,Live Fast Motorsports,2.091493804980277,0.8354999999999997
NASCAR_2025_5549_shriners_children_s_500,NASCAR,2025,5549_shriners_children_s_500,RFK Racing,-0.11045007261718097,-0.0589999999999975
NASCAR_2025_5549_shriners_children_s_500,NASCAR,2025,5549_shriners_children_s_500,Richard Childress Racing,0.03146639039192842,0.012249999999999872
NASCAR_2025_5549_shriners_children_s_500,NASCAR,2025,5549_shriners_children_s_500,Rick Ware Racing,1.2215587785680422,0.4235000000000042
NASCAR_2025_5549_shriners_children_s_500,NASCAR,2025,5549_shriners_children_s_500,Spire Motorsports,-0.05696125055538821,-0.018499999999999517
NASCAR_2025_5549_shriners_children_s_500,NASCAR,2025,5549_shriners_children_s_500,Team Penske,-0.2559374657609685,-0.11499999999999844
NASCAR_2025_5549_shriners_children_s_500,NASCAR,2025,5549_shriners_children_s_500,Trackhouse Racing,-0.02558659168007369,-0.01524999999999821
NASCAR_2025_5549_shriners_children_s_500,NASCAR,2025,5549_shriners_children_s_500,Wood Brothers Racing,-0.3362214095486067,-0.12950000000000017
NASCAR_2025_5550_food_city_500,NASCAR,2025,5550_food_city_500,23XI Racing,0,0
NASCAR_2025_5550_food_city_500,NASCAR,2025,5550_food_city_500,Front Row Motorsports,0.21475755455058407,0.037000000000002586
NASCAR_2025_5550_food_city_500,NASCAR,2025,5550_food_city_500,Garage 66,1.736270584357369,0.28300000000000125
NASCAR_2025_5550_food_city_500,NASCAR,2025,5550_food_city_500,HYAK Motorsports,-0.00519764060241353,-9.999999999994458e-4
NASCAR_2025_5550_food_city_500,NASCAR,2025,5550_food_city_500,Haas Factory Team,0.5559746192400814,0.08724999999999916
NASCAR_2025_5550_food_city_500,NASCAR,2025,5550_food_city_500,Hendrick Motorsports,-0.33229813367270233,-0.05675000000000008
NASCAR_2025_5550_food_city_500,NASCAR,2025,5550_food_city_500,Joe Gibbs Racing,-0.43168551087102003,-0.07550000000000079
NASCAR_2025_5550_food_city_500,NASCAR,2025,5550_food_city_500,Kaulig Racing,0,0
NASCAR_2025_5550_food_city_500,NASCAR,2025,5550_food_city_500,Legacy Motor Club,0.17920535667337228,0.028999999999996362
NASCAR_2025_5550_food_city_500,NASCAR,2025,5550_food_city_500,RFK Racing,0.12276830135562466,0.022000000000002018
NASCAR_2025_5550_food_city_500,NASCAR,2025,5550_food_city_500,Richard Childress Racing,0,0
NASCAR_2025_5550_food_city_500,NASCAR,2025,5550_food_city_500,Rick Ware Racing,0.6581942849179048,0.1039999999999992
NASCAR_2025_5550_food_city_500,NASCAR,2025,5550_food_city_500,Spire Motorsports,-0.09991026300789121,-0.018499999999999517
NASCAR_2025_5550_food_city_500,NASCAR,2025,5550_food_city_500,Team Penske,-0.014016433076963162,-0.0024999999999986144
NASCAR_2025_5550_food_city_500,NASCAR,2025,5550_food_city_500,Trackhouse Racing,0.18711939377700054,0.02850000000000108
NASCAR_2025_5550_food_city_500,NASCAR,2025,5550_food_city_500,Wood Brothers Racing,-0.18253429537585186,-0.034000000000000696
NASCAR_2025_5551_echopark_automotive_grand_prix,NASCAR,2025,5551_echopark_automotive_grand_prix,23XI Racing,-0.09157957970185686,-0.14800000000001035
NASCAR_2025_5551_echopark_automotive_grand_prix,NASCAR,2025,5551_echopark_automotive_grand_prix,Front Row Motorsports,0.2239341284578038,0.308250000000001
NASCAR_2025_5551_echopark_automotive_grand_prix,NASCAR,2025,5551_echopark_automotive_grand_prix,HYAK Motorsports,0.49823591884920493,0.7050000000000125
NASCAR_2025_5551_echopark_automotive_grand_prix,NASCAR,2025,5551_echopark_automotive_grand_prix,Haas Factory Team,0.23045270426168224,0.4230000000000018
NASCAR_2025_5551_echopark_automotive_grand_prix,NASCAR,2025,5551_echopark_automotive_grand_prix,Hendrick Motorsports,-0.32838131827346395,-0.444500000000005
NASCAR_2025_5551_echopark_automotive_grand_prix,NASCAR,2025,5551_echopark_automotive_grand_prix,Joe Gibbs Racing,-0.0408455280071412,-0.047999999999994714
NASCAR_2025_5551_echopark_automotive_grand_prix,NASCAR,2025,5551_echopark_automotive_grand_prix,Kaulig Racing,-0.017902782556084445,-0.01850000000000307
NASCAR_2025_5551_echopark_automotive_grand_prix,NASCAR,2025,5551_echopark_automotive_grand_prix,Legacy Motor Club,0.45561379574599936,0.6440000000000055
NASCAR_2025_5551_echopark_automotive_grand_prix,NASCAR,2025,5551_echopark_automotive_grand_prix,RFK Racing,-0.020322077496093254,-0.02199999999999136
NASCAR_2025_5551_echopark_automotive_grand_prix,NASCAR,2025,5551_echopark_automotive_grand_prix,Richard Childress Racing,-0.1098777885867261,-0.2740000000000009
NASCAR_2025_5551_echopark_automotive_grand_prix,NASCAR,2025,5551_echopark_automotive_grand_prix,Rick Ware Racing,1.0355441703375545,1.4510000000000005
NASCAR_2025_5551_echopark_automotive_grand_prix,NASCAR,2025,5551_echopark_automotive_grand_prix,Spire Motorsports,-0.10814513435237944,-0.15850000000001074
NASCAR_2025_5551_echopark_automotive_grand_prix,NASCAR,2025,5551_echopark_automotive_grand_prix,Team Penske,0.09023945956217018,0.12049999999999272
NASCAR_2025_5551_echopark_automotive_grand_prix,NASCAR,2025,5551_echopark_automotive_grand_prix,Trackhouse Racing,-0.33900331610685597,-0.5294999999999987
NASCAR_2025_5551_echopark_automotive_grand_prix,NASCAR,2025,5551_echopark_automotive_grand_prix,Wood Brothers Racing,0.4921852718088775,0.7150000000000034
NASCAR_2025_5552_viva_mexico_250,NASCAR,2025,5552_viva_mexico_250,23XI Racing,0,0
NASCAR_2025_5552_viva_mexico_250,NASCAR,2025,5552_viva_mexico_250,Front Row Motorsports,0.20739975093646246,0.36350000000000193
NASCAR_2025_5552_viva_mexico_250,NASCAR,2025,5552_viva_mexico_250,HYAK Motorsports,0.042482295579872015,0.0870000000000033
NASCAR_2025_5552_viva_mexico_250,NASCAR,2025,5552_viva_mexico_250,Haas Factory Team,-0.0061052125355057114,-0.007000000000005002
NASCAR_2025_5552_viva_mexico_250,NASCAR,2025,5552_viva_mexico_250,Hendrick Motorsports,-0.25935917018207877,-0.38750000000000284
NASCAR_2025_5552_viva_mexico_250,NASCAR,2025,5552_viva_mexico_250,Joe Gibbs Racing,-0.1777953423181892,-0.24099999999999966
NASCAR_2025_5552_viva_mexico_250,NASCAR,2025,5552_viva_mexico_250,Kaulig Racing,2.79265245309829e-4,4.99999999995282e-4
NASCAR_2025_5552_viva_mexico_250,NASCAR,2025,5552_viva_mexico_250,Legacy Motor Club,-0.008383712438987338,-0.024749999999997385
NASCAR_2025_5552_viva_mexico_250,NASCAR,2025,5552_viva_mexico_250,Live Fast Motorsports,0.6621748797528668,1.194500000000005
NASCAR_2025_5552_viva_mexico_250,NASCAR,2025,5552_viva_mexico_250,RFK Racing,0.035283449254148606,0.055499999999995
NASCAR_2025_5552_viva_mexico_250,NASCAR,2025,5552_viva_mexico_250,Richard Childress Racing,-0.010828225407413619,-0.023000000000010346
NASCAR_2025_5552_viva_mexico_250,NASCAR,2025,5552_viva_mexico_250,Rick Ware Racing,0.885101078376709,1.2654999999999959
NASCAR_2025_5552_viva_mexico_250,NASCAR,2025,5552_viva_mexico_250,Spire Motorsports,0.0011334675011642305,0.0030000000000001137
NASCAR_2025_5552_viva_mexico_250,NASCAR,2025,5552_viva_mexico_250,Team Penske,0,0
NASCAR_2025_5552_viva_mexico_250,NASCAR,2025,5552_viva_mexico_250,Trackhouse Racing,-0.10669809101033638,-0.18124999999999858
NASCAR_2025_5552_viva_mexico_250,NASCAR,2025,5552_viva_mexico_250,Wood Brothers Racing,0,0
NASCAR_2025_5553_cook_out_400,NASCAR,2025,5553_cook_out_400,23XI Racing,-0.15199751547971752,-0.04875000000000185
NASCAR_2025_5553_cook_out_400,NASCAR,2025,5553_cook_out_400,Front Row Motorsports,0.01243730338550643,0.0020000000000024443
NASCAR_2025_5553_cook_out_400,NASCAR,2025,5553_cook_out_400,Garage 66,2.11905525865243,0.5147499999999994
NASCAR_2025_5553_cook_out_400,NASCAR,2025,5553_cook_out_400,HYAK Motorsports,0.5298208333864949,0.11700000000000088
NASCAR_2025_5553_cook_out_400,NASCAR,2025,5553_cook_out_400,Haas Factory Team,0.36472470133876395,0.08300000000000196
NASCAR_2025_5553_cook_out_400,NASCAR,2025,5553_cook_out_400,Hendrick Motorsports,-0.29580492520583546,-0.08299999999999841
NASCAR_2025_5553_cook_out_400,NASCAR,2025,5553_cook_out_400,Joe Gibbs Racing,-0.469288007771255,-0.12750000000000306
NASCAR_2025_5553_cook_out_400,NASCAR,2025,5553_cook_out_400,Kaulig Racing,0.04114818655197538,0.01249999999999929
NASCAR_2025_5553_cook_out_400,NASCAR,2025,5553_cook_out_400,Legacy Motor Club,0.45990567067536203,0.11175000000000068
NASCAR_2025_5553_cook_out_400,NASCAR,2025,5553_cook_out_400,RFK Racing,0.14400752914427356,0.036999999999999034
NASCAR_2025_5553_cook_out_400,NASCAR,2025,5553_cook_out_400,Richard Childress Racing,-0.005119363023509404,-0.0012500000000006395
NASCAR_2025_5553_cook_out_400,NASCAR,2025,5553_cook_out_400,Rick Ware Racing,0.718207262455703,0.1700000000000017
NASCAR_2025_5553_cook_out_400,NASCAR,2025,5553_cook_out_400,Spire Motorsports,0.049530514996619104,0.013000000000001677
NASCAR_2025_5553_cook_out_400,NASCAR,2025,5553_cook_out_400,Team AmeriVet,1.26876954930714,0.3504999999999985
NASCAR_2025_5553_cook_out_400,NASCAR,2025,5553_cook_out_400,Team Penske,-0.1877041846228359,-0.05100000000000193
NASCAR_2025_5553_cook_out_400,NASCAR,2025,5553_cook_out_400,Trackhouse Racing,-0.007074260483426413,-0.0019999999999988916
NASCAR_2025_5553_cook_out_400,NASCAR,2025,5553_cook_out_400,Wood Brothers Racing,-0.09289097225138657,-0.02224999999999966
NASCAR_2025_5554_w_rth_400,NASCAR,2025,5554_w_rth_400,23XI Racing,-0.1916756998680328,-0.10274999999999856
NASCAR_2025_5554_w_rth_400,NASCAR,2025,5554_w_rth_400,Beard Motorsports,0.8914365021278603,0.3764999999999983
NASCAR_2025_5554_w_rth_400,NASCAR,2025,5554_w_rth_400,Front Row Motorsports,0.200815911391926,0.09249999999999936
NASCAR_2025_5554_w_rth_400,NASCAR,2025,5554_w_rth_400,Garage 66,2.2052506486980086,1.0047499999999996
NASCAR_2025_5554_w_rth_400,NASCAR,2025,5554_w_rth_400,HYAK Motorsports,0.1261833066572973,0.04899999999999949
NASCAR_2025_5554_w_rth_400,NASCAR,2025,5554_w_rth_400,Haas Factory Team,0.32845246661183003,0.1582499999999989
NASCAR_2025_5554_w_rth_400,NASCAR,2025,5554_w_rth_400,Hendrick Motorsports,-0.35959549519067985,-0.19450000000000145
NASCAR_2025_5554_w_rth_400,NASCAR,2025,5554_w_rth_400,Joe Gibbs Racing,-0.10715292558994942,-0.05099999999999838
NASCAR_2025_5554_w_rth_400,NASCAR,2025,5554_w_rth_400,Kaulig Racing,0.23138801004285367,0.10299999999999798
NASCAR_2025_5554_w_rth_400,NASCAR,2025,5554_w_rth_400,Legacy Motor Club,-0.09763254529087573,-0.06175000000000175
NASCAR_2025_5554_w_rth_400,NASCAR,2025,5554_w_rth_400,RFK Racing,-0.1313626822273618,-0.060750000000000526
NASCAR_2025_5554_w_rth_400,NASCAR,2025,5554_w_rth_400,Richard Childress Racing,0.011597920221469618,0.006250000000001421
NASCAR_2025_5554_w_rth_400,NASCAR,2025,5554_w_rth_400,Rick Ware Racing,0.7373559036222228,0.30850000000000044
NASCAR_2025_5554_w_rth_400,NASCAR,2025,5554_w_rth_400,Spire Motorsports,-0.07418062460540578,-0.04899999999999949
NASCAR_2025_5554_w_rth_400,NASCAR,2025,5554_w_rth_400,Team Penske,-0.24554456535081787,-0.13149999999999906
NASCAR_2025_5554_w_rth_400,NASCAR,2025,5554_w_rth_400,Trackhouse Racing,0.300700237920056,0.13599999999999923
NASCAR_2025_5554_w_rth_400,NASCAR,2025,5554_w_rth_400,Wood Brothers Racing,-0.8154255581456336,-0.3172499999999996
NASCAR_2025_5555_jack_link_s_500,NASCAR,2025,5555_jack_link_s_500,23XI Racing,-0.040071808130757086,-0.009250000000001535
NASCAR_2025_5555_jack_link_s_500,NASCAR,2025,5555_jack_link_s_500,Beard Motorsports,0.019805764665467938,0.002500000000001279
NASCAR_2025_5555_jack_link_s_500,NASCAR,2025,5555_jack_link_s_500,Front Row Motorsports,0,0
NASCAR_2025_5555_jack_link_s_500,NASCAR,2025,5555_jack_link_s_500,HYAK Motorsports,0.008251942339890087,9.999999999976694e-4
NASCAR_2025_5555_jack_link_s_500,NASCAR,2025,5555_jack_link_s_500,Haas Factory Team,-0.01996751507269665,-0.005250000000000199
NASCAR_2025_5555_jack_link_s_500,NASCAR,2025,5555_jack_link_s_500,Hendrick Motorsports,0,0
NASCAR_2025_5555_jack_link_s_500,NASCAR,2025,5555_jack_link_s_500,Joe Gibbs Racing,-0.009294179638971473,-0.0010000000000047748
NASCAR_2025_5555_jack_link_s_500,NASCAR,2025,5555_jack_link_s_500,Kaulig Racing,0,0
NASCAR_2025_5555_jack_link_s_500,NASCAR,2025,5555_jack_link_s_500,Legacy Motor Club,0,0
NASCAR_2025_5555_jack_link_s_500,NASCAR,2025,5555_jack_link_s_500,Live Fast Motorsports,0.06165849189195871,0.006999999999997897
NASCAR_2025_5555_jack_link_s_500,NASCAR,2025,5555_jack_link_s_500,NY Racing Team,0.2705507434388011,0.04299999999999926
NASCAR_2025_5555_jack_link_s_500,NASCAR,2025,5555_jack_link_s_500,RFK Racing,-0.028171946024368566,-0.006249999999997868
NASCAR_2025_5555_jack_link_s_500,NASCAR,2025,5555_jack_link_s_500,Richard Childress Racing,0.02699810455974873,0.0030000000000001137
NASCAR_2025_5555_jack_link_s_500,NASCAR,2025,5555_jack_link_s_500,Rick Ware Racing,0.011969397617575282,0.0020000000000024443
NASCAR_2025_5555_jack_link_s_500,NASCAR,2025,5555_jack_link_s_500,Spire Motorsports,-0.011629880575806474,-0.0030000000000001137
NASCAR_2025_5555_jack_link_s_500,NASCAR,2025,5555_jack_link_s_500,Team Penske,0.018000621144074185,0.0030000000000001137
NASCAR_2025_5555_jack_link_s_500,NASCAR,2025,5555_jack_link_s_500,Trackhouse Racing,0,0
NASCAR_2025_5555_jack_link_s_500,NASCAR,2025,5555_jack_link_s_500,Wood Brothers Racing,0,0
NASCAR_2025_5556_autotrader_echopark_automotive_400,NASCAR,2025,5556_autotrader_echopark_automotive_400,23XI Racing,-0.057763508940072615,-0.01899999999999835
NASCAR_2025_5556_autotrader_echopark_automotive_400,NASCAR,2025,5556_autotrader_echopark_automotive_400,Front Row Motorsports,0.1990710592653178,0.05900000000000105
NASCAR_2025_5556_autotrader_echopark_automotive_400,NASCAR,2025,5556_autotrader_echopark_automotive_400,HYAK Motorsports,0.5458235775799697,0.12600000000000122
NASCAR_2025_5556_autotrader_echopark_automotive_400,NASCAR,2025,5556_autotrader_echopark_automotive_400,Haas Factory Team,0.8555385049790898,0.20149999999999935
NASCAR_2025_5556_autotrader_echopark_automotive_400,NASCAR,2025,5556_autotrader_echopark_automotive_400,Hendrick Motorsports,-0.48220671310756597,-0.13700000000000045
NASCAR_2025_5556_autotrader_echopark_automotive_400,NASCAR,2025,5556_autotrader_echopark_automotive_400,Joe Gibbs Racing,-0.40833314160156003,-0.11599999999999966
NASCAR_2025_5556_autotrader_echopark_automotive_400,NASCAR,2025,5556_autotrader_echopark_automotive_400,Kaulig Racing,0.11041876604608418,0.023500000000002075
NASCAR_2025_5556_autotrader_echopark_automotive_400,NASCAR,2025,5556_autotrader_echopark_automotive_400,Legacy Motor Club,0.23028460046683863,0.061500000000000554
NASCAR_2025_5556_autotrader_echopark_automotive_400,NASCAR,2025,5556_autotrader_echopark_automotive_400,NY Racing Team,1.6964928418761513,0.384999999999998
NASCAR_2025_5556_autotrader_echopark_automotive_400,NASCAR,2025,5556_autotrader_echopark_automotive_400,RFK Racing,0.012534794221190446,0.003999999999997783
NASCAR_2025_5556_autotrader_echopark_automotive_400,NASCAR,2025,5556_autotrader_echopark_automotive_400,Richard Childress Racing,-0.00857357840454758,-0.0020000000000024443
NASCAR_2025_5556_autotrader_echopark_automotive_400,NASCAR,2025,5556_autotrader_echopark_automotive_400,Rick Ware Racing,2.433346962608943,0.6380000000000017
NASCAR_2025_5556_autotrader_echopark_automotive_400,NASCAR,2025,5556_autotrader_echopark_automotive_400,Spire Motorsports,0.013079697434537555,0.006000000000000227
NASCAR_2025_5556_autotrader_echopark_automotive_400,NASCAR,2025,5556_autotrader_echopark_automotive_400,Team Penske,-0.1540417181366841,-0.043000000000002814
NASCAR_2025_5556_autotrader_echopark_automotive_400,NASCAR,2025,5556_autotrader_echopark_automotive_400,Trackhouse Racing,0.34501421943043437,0.08899999999999864
NASCAR_2025_5556_autotrader_echopark_automotive_400,NASCAR,2025,5556_autotrader_echopark_automotive_400,Wood Brothers Racing,0.16051603463487435,0.04100000000000037
NASCAR_2025_5557_adventhealth_400,NASCAR,2025,5557_adventhealth_400,23XI Racing,0.1134633257703917,0.07249999999999979
NASCAR_2025_5557_adventhealth_400,NASCAR,2025,5557_adventhealth_400,Front Row Motorsports,0.002640621548538436,0.0015000000000000568
NASCAR_2025_5557_adventhealth_400,NASCAR,2025,5557_adventhealth_400,HYAK Motorsports,0.2849267129934524,0.13599999999999568
NASCAR_2025_5557_adventhealth_400,NASCAR,2025,5557_adventhealth_400,Haas Factory Team,0.4720767477105021,0.2255000000000038
NASCAR_2025_5557_adventhealth_400,NASCAR,2025,5557_adventhealth_400,Hendrick Motorsports,-0.46866872045235375,-0.26600000000000534
NASCAR_2025_5557_adventhealth_400,NASCAR,2025,5557_adventhealth_400,Joe Gibbs Racing,-0.23345812425210113,-0.14499999999999957
NASCAR_2025_5557_adventhealth_400,NASCAR,2025,5557_adventhealth_400,Kaulig Racing,0.6644262189355324,0.3100000000000005
NASCAR_2025_5557_adventhealth_400,NASCAR,2025,5557_adventhealth_400,Legacy Motor Club,0.07600157959431866,0.04200000000000159
NASCAR_2025_5557_adventhealth_400,NASCAR,2025,5557_adventhealth_400,RFK Racing,-0.22768038257797707,-0.1255000000000006
NASCAR_2025_5557_adventhealth_400,NASCAR,2025,5557_adventhealth_400,Richard Childress Racing,0.2427735184548903,0.11449999999999783
NASCAR_2025_5557_adventhealth_400,NASCAR,2025,5557_adventhealth_400,Rick Ware Racing,1.5069566420101168,0.6540000000000035
NASCAR_2025_5557_adventhealth_400,NASCAR,2025,5557_adventhealth_400,Spire Motorsports,0.08179996379579717,0.0519999999999996
NASCAR_2025_5557_adventhealth_400,NASCAR,2025,5557_adventhealth_400,Team Penske,-0.2961030087063993,-0.16799999999999926
NASCAR_2025_5557_adventhealth_400,NASCAR,2025,5557_adventhealth_400,Trackhouse Racing,0.28984969376259473,0.15449999999999875
NASCAR_2025_5557_adventhealth_400,NASCAR,2025,5557_adventhealth_400,Wood Brothers Racing,-0.26307571487974085,-0.1590000000000007
NASCAR_2025_5558_goodyear_400,NASCAR,2025,5558_goodyear_400,23XI Racing,-0.1424979631030558,-0.07649999999999935
NASCAR_2025_5558_goodyear_400,NASCAR,2025,5558_goodyear_400,Front Row Motorsports,-0.043423662343215624,-0.02499999999999858
NASCAR_2025_5558_goodyear_400,NASCAR,2025,5558_goodyear_400,HYAK Motorsports,0.5688264812758026,0.2134999999999998
NASCAR_2025_5558_goodyear_400,NASCAR,2025,5558_goodyear_400,Haas Factory Team,0.37930066232310533,0.14400000000000546
NASCAR_2025_5558_goodyear_400,NASCAR,2025,5558_goodyear_400,Hendrick Motorsports,-0.2239057845977041,-0.11999999999999922
NASCAR_2025_5558_goodyear_400,NASCAR,2025,5558_goodyear_400,Joe Gibbs Racing,-0.10977566339445483,-0.05299999999999905
NASCAR_2025_5558_goodyear_400,NASCAR,2025,5558_goodyear_400,Kaulig Racing,-0.034457378872404576,-0.015499999999999403
NASCAR_2025_5558_goodyear_400,NASCAR,2025,5558_goodyear_400,Legacy Motor Club,0.23709773268922724,0.11050000000000182
NASCAR_2025_5558_goodyear_400,NASCAR,2025,5558_goodyear_400,NY Racing Team,1.1259690043143353,0.5530000000000008
NASCAR_2025_5558_goodyear_400,NASCAR,2025,5558_goodyear_400,RFK Racing,-0.20558192804589492,-0.11699999999999733
NASCAR_2025_5558_goodyear_400,NASCAR,2025,5558_goodyear_400,Richard Childress Racing,0.07315660912901198,0.041999999999994486
NASCAR_2025_5558_goodyear_400,NASCAR,2025,5558_goodyear_400,Rick Ware Racing,0.9187904550114242,0.3860000000000028
NASCAR_2025_5558_goodyear_400,NASCAR,2025,5558_goodyear_400,Spire Motorsports,0.36143549969819366,0.15449999999999875
NASCAR_2025_5558_goodyear_400,NASCAR,2025,5558_goodyear_400,Team Penske,-0.3388526223835327,-0.16799999999999926
NASCAR_2025_5558_goodyear_400,NASCAR,2025,5558_goodyear_400,Trackhouse Racing,0.04846360463196795,0.02850000000000108
NASCAR_2025_5558_goodyear_400,NASCAR,2025,5558_goodyear_400,Wood Brothers Racing,-0.24344700046901466,-0.09725000000000072
NASCAR_2025_5561_nascar_all_star_open,NASCAR,2025,5561_nascar_all_star_open,23XI Racing,0.005053699384074287,0.003500000000002501
NASCAR_2025_5561_nascar_all_star_open,NASCAR,2025,5561_nascar_all_star_open,Front Row Motorsports,0.1524491778983042,0.027499999999999858
NASCAR_2025_5561_nascar_all_star_open,NASCAR,2025,5561_nascar_all_star_open,Garage 66,2.070077531849524,0.3410000000000011
NASCAR_2025_5561_nascar_all_star_open,NASCAR,2025,5561_nascar_all_star_open,Haas Factory Team,0.39083836528703497,0.0702499999999997
NASCAR_2025_5561_nascar_all_star_open,NASCAR,2025,5561_nascar_all_star_open,Joe Gibbs Racing,-0.25194544474735203,-0.04150000000000098
NASCAR_2025_5561_nascar_all_star_open,NASCAR,2025,5561_nascar_all_star_open,Kaulig Racing,-0.10770056755707991,-0.024250000000000327
NASCAR_2025_5561_nascar_all_star_open,NASCAR,2025,5561_nascar_all_star_open,Legacy Motor Club,-0.01767740855637013,-0.002500000000001279
NASCAR_2025_5561_nascar_all_star_open,NASCAR,2025,5561_nascar_all_star_open,RFK Racing,-0.34928464828097733,-0.07699999999999818
NASCAR_2025_5561_nascar_all_star_open,NASCAR,2025,5561_nascar_all_star_open,Rick Ware Racing,0.736085659015371,0.12174999999999869
NASCAR_2025_5561_nascar_all_star_open,NASCAR,2025,5561_nascar_all_star_open,Spire Motorsports,-0.2589498633524988,-0.05375000000000085
NASCAR_2025_5561_nascar_all_star_open,NASCAR,2025,5561_nascar_all_star_open,Trackhouse Racing,-0.5486663535873368,-0.10725000000000229
NASCAR_2025_5562_nascar_all_star_race,NASCAR,2025,5562_nascar_all_star_race,23XI Racing,0.05481263871563634,0.008999999999998565
NASCAR_2025_5562_nascar_all_star_race,NASCAR,2025,5562_nascar_all_star_race,Front Row Motorsports,0.2746696083889886,0.045249999999999346
NASCAR_2025_5562_nascar_all_star_race,NASCAR,2025,5562_nascar_all_star_race,HYAK Motorsports,0.6790966412243613,0.0962499999999995
NASCAR_2025_5562_nascar_all_star_race,NASCAR,2025,5562_nascar_all_star_race,Hendrick Motorsports,-0.41195748344731736,-0.06300000000000239
NASCAR_2025_5562_nascar_all_star_race,NASCAR,2025,5562_nascar_all_star_race,Joe Gibbs Racing,-0.0021510760093922266,-2.500000000011937e-4
NASCAR_2025_5562_nascar_all_star_race,NASCAR,2025,5562_nascar_all_star_race,Legacy Motor Club,1.270550772308227,0.1777500000000014
NASCAR_2025_5562_nascar_all_star_race,NASCAR,2025,5562_nascar_all_star_race,RFK Racing,0.017201029998297222,0.0024999999999995026
NASCAR_2025_5562_nascar_all_star_race,NASCAR,2025,5562_nascar_all_star_race,Richard Childress Racing,-0.12958822525433908,-0.02075000000000138
NASCAR_2025_5562_nascar_all_star_race,NASCAR,2025,5562_nascar_all_star_race,Rick Ware Racing,1.0823979183961658,0.15500000000000114
NASCAR_2025_5562_nascar_all_star_race,NASCAR,2025,5562_nascar_all_star_race,Spire Motorsports,0.2518057399449866,0.0417500000000004
NASCAR_2025_5562_nascar_all_star_race,NASCAR,2025,5562_nascar_all_star_race,Team Penske,-0.5866549137340895,-0.0940000000000012
NASCAR_2025_5562_nascar_all_star_race,NASCAR,2025,5562_nascar_all_star_race,Trackhouse Racing,-0.00893671931057612,-0.0010000000000012221
NASCAR_2025_5562_nascar_all_star_race,NASCAR,2025,5562_nascar_all_star_race,Wood Brothers Racing,0.041981937374000064,0.007500000000000284
NASCAR_2025_5563_coca_cola_600,NASCAR,2025,5563_coca_cola_600,23XI Racing,0.1132614066790614,0.053500000000001435
NASCAR_2025_5563_coca_cola_600,NASCAR,2025,5563_coca_cola_600,Front Row Motorsports,-0.012795813580784413,-0.007500000000000284
NASCAR_2025_5563_coca_cola_600,NASCAR,2025,5563_coca_cola_600,Garage 66,3.132174268270577,1.5212499999999984
NASCAR_2025_5563_coca_cola_600,NASCAR,2025,5563_coca_cola_600,HYAK Motorsports,0.06770601533630421,0.0400000000000027
NASCAR_2025_5563_coca_cola_600,NASCAR,2025,5563_coca_cola_600,Haas Factory Team,0.44240344208725313,0.2044999999999959
NASCAR_2025_5563_coca_cola_600,NASCAR,2025,5563_coca_cola_600,Hendrick Motorsports,-0.2664411419495468,-0.13225000000000087
NASCAR_2025_5563_coca_cola_600,NASCAR,2025,5563_coca_cola_600,Joe Gibbs Racing,-0.20106754662799436,-0.11050000000000004
NASCAR_2025_5563_coca_cola_600,NASCAR,2025,5563_coca_cola_600,Kaulig Racing,-0.07520792301065043,-0.03625000000000078
NASCAR_2025_5563_coca_cola_600,NASCAR,2025,5563_coca_cola_600,Legacy Motor Club,-0.007682084604431422,-0.005250000000000199
NASCAR_2025_5563_coca_cola_600,NASCAR,2025,5563_coca_cola_600,NY Racing Team,3.1617476891811545,1.5840000000000032
NASCAR_2025_5563_coca_cola_600,NASCAR,2025,5563_coca_cola_600,RFK Racing,-0.07479837883612493,-0.04149999999999565
NASCAR_2025_5563_coca_cola_600,NASCAR,2025,5563_coca_cola_600,Richard Childress Racing,0,0
NASCAR_2025_5563_coca_cola_600,NASCAR,2025,5563_coca_cola_600,Rick Ware Racing,0.6266924631963983,0.28200000000000003
NASCAR_2025_5563_coca_cola_600,NASCAR,2025,5563_coca_cola_600,Spire Motorsports,-0.06249565005135646,-0.04100000000000037
NASCAR_2025_5563_coca_cola_600,NASCAR,2025,5563_coca_cola_600,Team Penske,0.15468943298659446,0.07000000000000028
NASCAR_2025_5563_coca_cola_600,NASCAR,2025,5563_coca_cola_600,Trackhouse Racing,0.087890718696983,0.04200000000000159
NASCAR_2025_5563_coca_cola_600,NASCAR,2025,5563_coca_cola_600,Wood Brothers Racing,0.11921264785821702,0.057000000000000384
NASCAR_2025_5564_enjoy_illinois_300,NASCAR,2025,5564_enjoy_illinois_300,23XI Racing,-0.04312070100263425,-0.01600000000000179
NASCAR_2025_5564_enjoy_illinois_300,NASCAR,2025,5564_enjoy_illinois_300,Front Row Motorsports,0.32735079271768597,0.1112499999999983
NASCAR_2025_5564_enjoy_illinois_300,NASCAR,2025,5564_enjoy_illinois_300,HYAK Motorsports,0.4563162963890308,0.16350000000000264
NASCAR_2025_5564_enjoy_illinois_300,NASCAR,2025,5564_enjoy_illinois_300,Haas Factory Team,0.6685538009828584,0.20199999999999463
NASCAR_2025_5564_enjoy_illinois_300,NASCAR,2025,5564_enjoy_illinois_300,Hendrick Motorsports,-0.4173095727525416,-0.14499999999999602
NASCAR_2025_5564_enjoy_illinois_300,NASCAR,2025,5564_enjoy_illinois_300,Joe Gibbs Racing,-0.7329668923608836,-0.24799999999999756
NASCAR_2025_5564_enjoy_illinois_300,NASCAR,2025,5564_enjoy_illinois_300,Kaulig Racing,0.7092273928247889,0.240000000000002
NASCAR_2025_5564_enjoy_illinois_300,NASCAR,2025,5564_enjoy_illinois_300,Legacy Motor Club,-0.062287960676551846,-0.031999999999996476
NASCAR_2025_5564_enjoy_illinois_300,NASCAR,2025,5564_enjoy_illinois_300,RFK Racing,-0.06870089408555963,-0.027000000000001023
NASCAR_2025_5564_enjoy_illinois_300,NASCAR,2025,5564_enjoy_illinois_300,Richard Childress Racing,0.34649515324656244,0.1147500000000008
NASCAR_2025_5564_enjoy_illinois_300,NASCAR,2025,5564_enjoy_illinois_300,Rick Ware Racing,1.1315266482195487,0.34149999999999636
NASCAR_2025_5564_enjoy_illinois_300,NASCAR,2025,5564_enjoy_illinois_300,Spire Motorsports,0.34349206414125183,0.10449999999999449
NASCAR_2025_5564_enjoy_illinois_300,NASCAR,2025,5564_enjoy_illinois_300,Team Penske,-0.5412155313859054,-0.1869999999999976
NASCAR_2025_5564_enjoy_illinois_300,NASCAR,2025,5564_enjoy_illinois_300,Trackhouse Racing,0.11853880558461645,0.04899999999999949
NASCAR_2025_5564_enjoy_illinois_300,NASCAR,2025,5564_enjoy_illinois_300,Wood Brothers Racing,-0.3818701327606533,-0.12650000000000006
NASCAR_2025_5565_toyota_save_mart_350,NASCAR,2025,5565_toyota_save_mart_350,23XI Racing,-0.0056929551245164505,-0.006499999999995509
NASCAR_2025_5565_toyota_save_mart_350,NASCAR,2025,5565_toyota_save_mart_350,Front Row Motorsports,0.2059499466351692,0.22050000000000125
NASCAR_2025_5565_toyota_save_mart_350,NASCAR,2025,5565_toyota_save_mart_350,HYAK Motorsports,0.017016863045572116,0.02674999999999983
NASCAR_2025_5565_toyota_save_mart_350,NASCAR,2025,5565_toyota_save_mart_350,Haas Factory Team,0.018155680611315835,0.04099999999999682
NASCAR_2025_5565_toyota_save_mart_350,NASCAR,2025,5565_toyota_save_mart_350,Hendrick Motorsports,-0.2866856104355571,-0.2920000000000016
NASCAR_2025_5565_toyota_save_mart_350,NASCAR,2025,5565_toyota_save_mart_350,Joe Gibbs Racing,-0.2932665879802806,-0.39000000000000057
NASCAR_2025_5565_toyota_save_mart_350,NASCAR,2025,5565_toyota_save_mart_350,Kaulig Racing,0.08810013846545141,0.0870000000000033
NASCAR_2025_5565_toyota_save_mart_350,NASCAR,2025,5565_toyota_save_mart_350,Legacy Motor Club,0.35409247356548734,0.3984999999999985
NASCAR_2025_5565_toyota_save_mart_350,NASCAR,2025,5565_toyota_save_mart_350,Live Fast Motorsports,1.2413195707697902,1.2120000000000033
NASCAR_2025_5565_toyota_save_mart_350,NASCAR,2025,5565_toyota_save_mart_350,RFK Racing,-0.31920305272629523,-0.3849999999999909
NASCAR_2025_5565_toyota_save_mart_350,NASCAR,2025,5565_toyota_save_mart_350,Richard Childress Racing,0.06492358422946123,0.0589999999999975
NASCAR_2025_5565_toyota_save_mart_350,NASCAR,2025,5565_toyota_save_mart_350,Rick Ware Racing,1.0045896672759518,1.081000000000003
NASCAR_2025_5565_toyota_save_mart_350,NASCAR,2025,5565_toyota_save_mart_350,Spire Motorsports,0.10112007564478251,0.11399999999999011
NASCAR_2025_5565_toyota_save_mart_350,NASCAR,2025,5565_toyota_save_mart_350,Team Penske,-0.01635501012012484,-0.017250000000004206
NASCAR_2025_5565_toyota_save_mart_350,NASCAR,2025,5565_toyota_save_mart_350,Trackhouse Racing,-0.22310287508039678,-0.25175000000000125
NASCAR_2025_5565_toyota_save_mart_350,NASCAR,2025,5565_toyota_save_mart_350,Wood Brothers Racing,0.2774539860782349,0.2560000000000002
NASCAR_2025_5566_iowa_corn_350,NASCAR,2025,5566_iowa_corn_350,23XI Racing,0,0
NASCAR_2025_5566_iowa_corn_350,NASCAR,2025,5566_iowa_corn_350,Front Row Motorsports,0.4312593707669853,0.120000000000001
NASCAR_2025_5566_iowa_corn_350,NASCAR,2025,5566_iowa_corn_350,Garage 66,2.9368385101975303,0.9939999999999998
NASCAR_2025_5566_iowa_corn_350,NASCAR,2025,5566_iowa_corn_350,HYAK Motorsports,0.9150076380940269,0.26775000000000126
NASCAR_2025_5566_iowa_corn_350,NASCAR,2025,5566_iowa_corn_350,Haas Factory Team,0.18508309751406077,0.06549999999999834
NASCAR_2025_5566_iowa_corn_350,NASCAR,2025,5566_iowa_corn_350,Hendrick Motorsports,-0.22942673344508657,-0.09399999999999764
NASCAR_2025_5566_iowa_corn_350,NASCAR,2025,5566_iowa_corn_350,Joe Gibbs Racing,-0.17676768482933347,-0.06300000000000239
NASCAR_2025_5566_iowa_corn_350,NASCAR,2025,5566_iowa_corn_350,Kaulig Racing,0.0152056249393128,0.006000000000000227
NASCAR_2025_5566_iowa_corn_350,NASCAR,2025,5566_iowa_corn_350,Legacy Motor Club,0,0
NASCAR_2025_5566_iowa_corn_350,NASCAR,2025,5566_iowa_corn_350,RFK Racing,-0.008582922601715464,-0.002500000000001279
NASCAR_2025_5566_iowa_corn_350,NASCAR,2025,5566_iowa_corn_350,Richard Childress Racing,-0.03662907656498309,-0.015999999999998238
NASCAR_2025_5566_iowa_corn_350,NASCAR,2025,5566_iowa_corn_350,Rick Ware Racing,0.7450606415236523,0.21799999999999997
NASCAR_2025_5566_iowa_corn_350,NASCAR,2025,5566_iowa_corn_350,Spire Motorsports,-0.11714839688111445,-0.040000000000000924
NASCAR_2025_5566_iowa_corn_350,NASCAR,2025,5566_iowa_corn_350,Team Penske,-0.25547302901280833,-0.08749999999999858
NASCAR_2025_5566_iowa_corn_350,NASCAR,2025,5566_iowa_corn_350,Trackhouse Racing,0.12010153503283624,0.042500000000000426
NASCAR_2025_5566_iowa_corn_350,NASCAR,2025,5566_iowa_corn_350,Wood Brothers Racing,-0.27545786852184645,-0.08200000000000074
NASCAR_2025_5567_mobil_1_301,NASCAR,2025,5567_mobil_1_301,23XI Racing,0.13937435234837942,0.04749999999999943
NASCAR_2025_5567_mobil_1_301,NASCAR,2025,5567_mobil_1_301,Front Row Motorsports,0.16504763185374088,0.05799999999999983
NASCAR_2025_5567_mobil_1_301,NASCAR,2025,5567_mobil_1_301,HYAK Motorsports,0.5747294538150249,0.1875
NASCAR_2025_5567_mobil_1_301,NASCAR,2025,5567_mobil_1_301,Haas Factory Team,0.7356561540223079,0.22399999999999842
NASCAR_2025_5567_mobil_1_301,NASCAR,2025,5567_mobil_1_301,Hendrick Motorsports,-0.536685050573692,-0.1982500000000016
NASCAR_2025_5567_mobil_1_301,NASCAR,2025,5567_mobil_1_301,Joe Gibbs Racing,-0.3309038779783868,-0.12100000000000222
NASCAR_2025_5567_mobil_1_301,NASCAR,2025,5567_mobil_1_301,Kaulig Racing,0.23856626759926775,0.08174999999999955
NASCAR_2025_5567_mobil_1_301,NASCAR,2025,5567_mobil_1_301,Legacy Motor Club,0.7487311312022787,0.24075000000000024
NASCAR_2025_5567_mobil_1_301,NASCAR,2025,5567_mobil_1_301,RFK Racing,0.12350827180769075,0.04224999999999923
NASCAR_2025_5567_mobil_1_301,NASCAR,2025,5567_mobil_1_301,Richard Childress Racing,0.5877151042598561,0.1944999999999979
NASCAR_2025_5567_mobil_1_301,NASCAR,2025,5567_mobil_1_301,Rick Ware Racing,1.4298791946111908,0.4039999999999999
NASCAR_2025_5567_mobil_1_301,NASCAR,2025,5567_mobil_1_301,Spire Motorsports,-0.26750817480190364,-0.09550000000000125
NASCAR_2025_5567_mobil_1_301,NASCAR,2025,5567_mobil_1_301,Team Penske,-0.6442289552216482,-0.26175000000000104
NASCAR_2025_5567_mobil_1_301,NASCAR,2025,5567_mobil_1_301,Trackhouse Racing,-0.1454597808782908,-0.05900000000000105
NASCAR_2025_5567_mobil_1_301,NASCAR,2025,5567_mobil_1_301,Wood Brothers Racing,-0.7525018212138945,-0.26200000000000045
NASCAR_2025_5568_cracker_barrel_400,NASCAR,2025,5568_cracker_barrel_400,23XI Racing,-0.057713543442808116,-0.01699999999999946
NASCAR_2025_5568_cracker_barrel_400,NASCAR,2025,5568_cracker_barrel_400,Front Row Motorsports,0.11223589431704803,0.0417500000000004
NASCAR_2025_5568_cracker_barrel_400,NASCAR,2025,5568_cracker_barrel_400,Garage 66,3.3554604202096985,1.2119999999999997
NASCAR_2025_5568_cracker_barrel_400,NASCAR,2025,5568_cracker_barrel_400,HYAK Motorsports,0.06848280381301276,0.028999999999999915
NASCAR_2025_5568_cracker_barrel_400,NASCAR,2025,5568_cracker_barrel_400,Haas Factory Team,0.061648636076076506,0.022999999999999687
NASCAR_2025_5568_cracker_barrel_400,NASCAR,2025,5568_cracker_barrel_400,Hendrick Motorsports,-0.16434687265053932,-0.06325000000000003
NASCAR_2025_5568_cracker_barrel_400,NASCAR,2025,5568_cracker_barrel_400,Joe Gibbs Racing,-0.27104266252100484,-0.09825000000000195
NASCAR_2025_5568_cracker_barrel_400,NASCAR,2025,5568_cracker_barrel_400,Kaulig Racing,0.2564708623500143,0.08600000000000207
NASCAR_2025_5568_cracker_barrel_400,NASCAR,2025,5568_cracker_barrel_400,Legacy Motor Club,0.002493155712051091,0.0012499999999988631
NASCAR_2025_5568_cracker_barrel_400,NASCAR,2025,5568_cracker_barrel_400,NY Racing Team,2.121347841420477,0.6090000000000018
NASCAR_2025_5568_cracker_barrel_400,NASCAR,2025,5568_cracker_barrel_400,RFK Racing,-0.0030104704640400892,-9.999999999976694e-4
NASCAR_2025_5568_cracker_barrel_400,NASCAR,2025,5568_cracker_barrel_400,Richard Childress Racing,0.04866800093451442,0.01699999999999946
NASCAR_2025_5568_cracker_barrel_400,NASCAR,2025,5568_cracker_barrel_400,Rick Ware Racing,0.8623420575933065,0.2665000000000006
NASCAR_2025_5568_cracker_barrel_400,NASCAR,2025,5568_cracker_barrel_400,Spire Motorsports,0,0
NASCAR_2025_5568_cracker_barrel_400,NASCAR,2025,5568_cracker_barrel_400,Team Penske,-0.41046583748102294,-0.14749999999999908
NASCAR_2025_5568_cracker_barrel_400,NASCAR,2025,5568_cracker_barrel_400,Trackhouse Racing,0.03233183766037857,0.012000000000000455
NASCAR_2025_5568_cracker_barrel_400,NASCAR,2025,5568_cracker_barrel_400,Wood Brothers Racing,0.042690339503001384,0.013000000000001677
NASCAR_2025_5569_grant_park_165,NASCAR,2025,5569_grant_park_165,23XI Racing,-0.05371757535152563,-0.06299999999999528
NASCAR_2025_5569_grant_park_165,NASCAR,2025,5569_grant_park_165,Front Row Motorsports,0.006534464333014696,0.007999999999995566
NASCAR_2025_5569_grant_park_165,NASCAR,2025,5569_grant_park_165,Garage 66,0.8586995909590707,2.1259999999999977
NASCAR_2025_5569_grant_park_165,NASCAR,2025,5569_grant_park_165,HYAK Motorsports,0.10979150697430494,0.2572499999999991
NASCAR_2025_5569_grant_park_165,NASCAR,2025,5569_grant_park_165,Haas Factory Team,0.29764639035866325,0.5095000000000027
NASCAR_2025_5569_grant_park_165,NASCAR,2025,5569_grant_park_165,Hendrick Motorsports,0.0018254516039916172,0.006500000000002615
NASCAR_2025_5569_grant_park_165,NASCAR,2025,5569_grant_park_165,Joe Gibbs Racing,-0.18105521250925366,-0.2775000000000034
NASCAR_2025_5569_grant_park_165,NASCAR,2025,5569_grant_park_165,Kaulig Racing,0,0
NASCAR_2025_5569_grant_park_165,NASCAR,2025,5569_grant_park_165,Legacy Motor Club,0.011990247532124947,0.03274999999999295
NASCAR_2025_5569_grant_park_165,NASCAR,2025,5569_grant_park_165,Live Fast Motorsports,0.4245883810793142,1.1304999999999978
NASCAR_2025_5569_grant_park_165,NASCAR,2025,5569_grant_park_165,RFK Racing,0.095817340212678,0.16599999999999682
NASCAR_2025_5569_grant_park_165,NASCAR,2025,5569_grant_park_165,Richard Childress Racing,-0.07304819674791294,-0.18675000000001063
NASCAR_2025_5569_grant_park_165,NASCAR,2025,5569_grant_park_165,Rick Ware Racing,0.3347240667641899,0.9069999999999965
NASCAR_2025_5569_grant_park_165,NASCAR,2025,5569_grant_park_165,Spire Motorsports,-0.14207739949384696,-0.18499999999998806
NASCAR_2025_5569_grant_park_165,NASCAR,2025,5569_grant_park_165,Team Penske,-0.018050058456170446,-0.04599999999999227
NASCAR_2025_5569_grant_park_165,NASCAR,2025,5569_grant_park_165,Trackhouse Racing,-0.08832495271217845,-0.20600000000000307
NASCAR_2025_5569_grant_park_165,NASCAR,2025,5569_grant_park_165,Wood Brothers Racing,-0.018885883197935903,-0.030500000000003524
NASCAR_2025_5570_the_great_american_getaway_400,NASCAR,2025,5570_the_great_american_getaway_400,23XI Racing,0.08034405718993602,0.054000000000002046
NASCAR_2025_5570_the_great_american_getaway_400,NASCAR,2025,5570_the_great_american_getaway_400,Front Row Motorsports,0.34306581538906056,0.22449999999999903
NASCAR_2025_5570_the_great_american_getaway_400,NASCAR,2025,5570_the_great_american_getaway_400,HYAK Motorsports,0.4760057078585571,0.33099999999999596
NASCAR_2025_5570_the_great_american_getaway_400,NASCAR,2025,5570_the_great_american_getaway_400,Haas Factory Team,0.16174167298800424,0.09300000000000352
NASCAR_2025_5570_the_great_american_getaway_400,NASCAR,2025,5570_the_great_american_getaway_400,Hendrick Motorsports,-0.21613204011495094,-0.17850000000000676
NASCAR_2025_5570_the_great_american_getaway_400,NASCAR,2025,5570_the_great_american_getaway_400,Joe Gibbs Racing,-0.4222458201275099,-0.3265000000000029
NASCAR_2025_5570_the_great_american_getaway_400,NASCAR,2025,5570_the_great_american_getaway_400,Kaulig Racing,0.499456019636747,0.2819999999999965
NASCAR_2025_5570_the_great_american_getaway_400,NASCAR,2025,5570_the_great_american_getaway_400,Legacy Motor Club,-0.27147025520440693,-0.151250000000001
NASCAR_2025_5570_the_great_american_getaway_400,NASCAR,2025,5570_the_great_american_getaway_400,NY Racing Team,1.4286094492124017,0.895500000000002
NASCAR_2025_5570_the_great_american_getaway_400,NASCAR,2025,5570_the_great_american_getaway_400,RFK Racing,-0.495783935116794,-0.3365000000000009
NASCAR_2025_5570_the_great_american_getaway_400,NASCAR,2025,5570_the_great_american_getaway_400,Richard Childress Racing,0.22497365173607894,0.11850000000000094
NASCAR_2025_5570_the_great_american_getaway_400,NASCAR,2025,5570_the_great_american_getaway_400,Rick Ware Racing,0.9947715114104627,0.661999999999999
NASCAR_2025_5570_the_great_american_getaway_400,NASCAR,2025,5570_the_great_american_getaway_400,Spire Motorsports,0.09806313719292836,0.056749999999997414
NASCAR_2025_5570_the_great_american_getaway_400,NASCAR,2025,5570_the_great_american_getaway_400,Team Penske,-0.18119147334359834,-0.16899999999999693
NASCAR_2025_5570_the_great_american_getaway_400,NASCAR,2025,5570_the_great_american_getaway_400,Trackhouse Racing,0.17139344456486466,0.14099999999999824
NASCAR_2025_5570_the_great_american_getaway_400,NASCAR,2025,5570_the_great_american_getaway_400,Wood Brothers Racing,-0.18845323712120018,-0.13249999999999673
NASCAR_2025_5571_brickyard_400,NASCAR,2025,5571_brickyard_400,23XI Racing,-0.029726921855840437,-0.031999999999996476
NASCAR_2025_5571_brickyard_400,NASCAR,2025,5571_brickyard_400,Beard Motorsports,0.3644228281237234,0.2629999999999981
NASCAR_2025_5571_brickyard_400,NASCAR,2025,5571_brickyard_400,Front Row Motorsports,0.08029916681394315,0.08300000000000551
NASCAR_2025_5571_brickyard_400,NASCAR,2025,5571_brickyard_400,Garage 66,2.603361884575995,2.054750000000002
NASCAR_2025_5571_brickyard_400,NASCAR,2025,5571_brickyard_400,HYAK Motorsports,0.4789967006613338,0.4370000000000047
NASCAR_2025_5571_brickyard_400,NASCAR,2025,5571_brickyard_400,Haas Factory Team,0.19125511577868481,0.14450000000000074
NASCAR_2025_5571_brickyard_400,NASCAR,2025,5571_brickyard_400,Hendrick Motorsports,-0.1437546390695551,-0.15500000000000114
NASCAR_2025_5571_brickyard_400,NASCAR,2025,5571_brickyard_400,Joe Gibbs Racing,-0.09220177226525599,-0.09600000000000364
NASCAR_2025_5571_brickyard_400,NASCAR,2025,5571_brickyard_400,Kaulig Racing,0.6399558464907704,0.6784999999999997
NASCAR_2025_5571_brickyard_400,NASCAR,2025,5571_brickyard_400,Legacy Motor Club,-0.06542154123836244,-0.08550000000000324
NASCAR_2025_5571_brickyard_400,NASCAR,2025,5571_brickyard_400,Live Fast Motorsports,0.9161359793207726,0.760749999999998
NASCAR_2025_5571_brickyard_400,NASCAR,2025,5571_brickyard_400,RFK Racing,-0.10413130978279547,-0.10600000000000165
NASCAR_2025_5571_brickyard_400,NASCAR,2025,5571_brickyard_400,Richard Childress Racing,0.017895936765104033,0.00999999999999801
NASCAR_2025_5571_brickyard_400,NASCAR,2025,5571_brickyard_400,Rick Ware Racing,0.632642537119348,0.46750000000000114
NASCAR_2025_5571_brickyard_400,NASCAR,2025,5571_brickyard_400,Spire Motorsports,-0.003347395809060204,-0.0024999999999977263
NASCAR_2025_5571_brickyard_400,NASCAR,2025,5571_brickyard_400,Team Penske,-0.11427182214733995,-0.11899999999999977
NASCAR_2025_5571_brickyard_400,NASCAR,2025,5571_brickyard_400,Trackhouse Racing,0.24102251471638894,0.30699999999999505
NASCAR_2025_5571_brickyard_400,NASCAR,2025,5571_brickyard_400,Wood Brothers Racing,-0.19223370916914967,-0.19550000000000267
NASCAR_2025_5572_cook_out_400,NASCAR,2025,5572_cook_out_400,23XI Racing,-0.07026001676314839,-0.030250000000000554
NASCAR_2025_5572_cook_out_400,NASCAR,2025,5572_cook_out_400,Front Row Motorsports,0.14848789526876258,0.06099999999999994
NASCAR_2025_5572_cook_out_400,NASCAR,2025,5572_cook_out_400,HYAK Motorsports,0.18908945582709027,0.07699999999999996
NASCAR_2025_5572_cook_out_400,NASCAR,2025,5572_cook_out_400,Haas Factory Team,0.135295686169134,0.05649999999999977
NASCAR_2025_5572_cook_out_400,NASCAR,2025,5572_cook_out_400,Hendrick Motorsports,-0.1423645430718042,-0.05950000000000344
NASCAR_2025_5572_cook_out_400,NASCAR,2025,5572_cook_out_400,Joe Gibbs Racing,-0.0867007839206772,-0.0400000000000027
NASCAR_2025_5572_cook_out_400,NASCAR,2025,5572_cook_out_400,Kaulig Racing,0.2029926603477967,0.09049999999999869
NASCAR_2025_5572_cook_out_400,NASCAR,2025,5572_cook_out_400,Legacy Motor Club,0.38059810127430915,0.15199999999999747
NASCAR_2025_5572_cook_out_400,NASCAR,2025,5572_cook_out_400,RFK Racing,0.03405366363357886,0.018499999999999517
NASCAR_2025_5572_cook_out_400,NASCAR,2025,5572_cook_out_400,Richard Childress Racing,-0.017578050856644767,-0.007500000000002061
NASCAR_2025_5572_cook_out_400,NASCAR,2025,5572_cook_out_400,Rick Ware Racing,0.41293178113214385,0.1675000000000022
NASCAR_2025_5572_cook_out_400,NASCAR,2025,5572_cook_out_400,Spire Motorsports,0.19326730077584714,0.0772499999999976
NASCAR_2025_5572_cook_out_400,NASCAR,2025,5572_cook_out_400,Team Penske,-0.30468290148680155,-0.12250000000000227
NASCAR_2025_5572_cook_out_400,NASCAR,2025,5572_cook_out_400,Trackhouse Racing,-0.004708060723504902,-0.0019999999999988916
NASCAR_2025_5572_cook_out_400,NASCAR,2025,5572_cook_out_400,Wood Brothers Racing,-0.13620869565115432,-0.06274999999999942
NASCAR_2025_5573_firekeepers_casino_400,NASCAR,2025,5573_firekeepers_casino_400,23XI Racing,-0.06357112366896095,-0.027499999999996305
NASCAR_2025_5573_firekeepers_casino_400,NASCAR,2025,5573_firekeepers_casino_400,Front Row Motorsports,0.044982255286801644,0.019999999999999574
NASCAR_2025_5573_firekeepers_casino_400,NASCAR,2025,5573_firekeepers_casino_400,HYAK Motorsports,0.3917393568260893,0.15399999999999991
NASCAR_2025_5573_firekeepers_casino_400,NASCAR,2025,5573_firekeepers_casino_400,Haas Factory Team,0.6753834801539564,0.3069999999999986
NASCAR_2025_5573_firekeepers_casino_400,NASCAR,2025,5573_firekeepers_casino_400,Hendrick Motorsports,-0.319746908771736,-0.12124999999999986
NASCAR_2025_5573_firekeepers_casino_400,NASCAR,2025,5573_firekeepers_casino_400,Joe Gibbs Racing,-0.11482970213148114,-0.059499999999999886
NASCAR_2025_5573_firekeepers_casino_400,NASCAR,2025,5573_firekeepers_casino_400,Kaulig Racing,0.14244614623027102,0.060000000000002274
NASCAR_2025_5573_firekeepers_casino_400,NASCAR,2025,5573_firekeepers_casino_400,Legacy Motor Club,-0.10387640295499244,-0.04749999999999943
NASCAR_2025_5573_firekeepers_casino_400,NASCAR,2025,5573_firekeepers_casino_400,RFK Racing,-0.269201242704418,-0.11150000000000304
NASCAR_2025_5573_firekeepers_casino_400,NASCAR,2025,5573_firekeepers_casino_400,Richard Childress Racing,0.014263464447998527,0.003750000000000142
NASCAR_2025_5573_firekeepers_casino_400,NASCAR,2025,5573_firekeepers_casino_400,Rick Ware Racing,0.9239502740755794,0.32299999999999685
NASCAR_2025_5573_firekeepers_casino_400,NASCAR,2025,5573_firekeepers_casino_400,Spire Motorsports,0.138874365476631,0.052000000000003155
NASCAR_2025_5573_firekeepers_casino_400,NASCAR,2025,5573_firekeepers_casino_400,Team Penske,0.03316280881626461,0.015000000000000568
NASCAR_2025_5573_firekeepers_casino_400,NASCAR,2025,5573_firekeepers_casino_400,Trackhouse Racing,0.06504597097493327,0.030750000000001165
NASCAR_2025_5573_firekeepers_casino_400,NASCAR,2025,5573_firekeepers_casino_400,Wood Brothers Racing,-0.19000831543796634,-0.08899999999999864
NASCAR_2025_5574_coke_zero_sugar_400,NASCAR,2025,5574_coke_zero_sugar_400,23XI Racing,-0.014478064209117894,-0.004999999999999005
NASCAR_2025_5574_coke_zero_sugar_400,NASCAR,2025,5574_coke_zero_sugar_400,Front Row Motorsports,-0.06907389156497276,-0.027000000000001023
NASCAR_2025_5574_coke_zero_sugar_400,NASCAR,2025,5574_coke_zero_sugar_400,Garage 66,0.4536521512796129,0.13500000000000156
NASCAR_2025_5574_coke_zero_sugar_400,NASCAR,2025,5574_coke_zero_sugar_400,HYAK Motorsports,-0.2627668758955632,-0.08375000000000199
NASCAR_2025_5574_coke_zero_sugar_400,NASCAR,2025,5574_coke_zero_sugar_400,Haas Factory Team,0.04467419580473062,0.012000000000000455
NASCAR_2025_5574_coke_zero_sugar_400,NASCAR,2025,5574_coke_zero_sugar_400,Hendrick Motorsports,0,0
NASCAR_2025_5574_coke_zero_sugar_400,NASCAR,2025,5574_coke_zero_sugar_400,Joe Gibbs Racing,0,0
NASCAR_2025_5574_coke_zero_sugar_400,NASCAR,2025,5574_coke_zero_sugar_400,Kaulig Racing,-0.015879676981654336,-0.0045000000000001705
NASCAR_2025_5574_coke_zero_sugar_400,NASCAR,2025,5574_coke_zero_sugar_400,Legacy Motor Club,-0.00781544654818523,-0.0024999999999977263
NASCAR_2025_5574_coke_zero_sugar_400,NASCAR,2025,5574_coke_zero_sugar_400,Live Fast Motorsports,0.0017250947826261338,2.49999999997641e-4
NASCAR_2025_5574_coke_zero_sugar_400,NASCAR,2025,5574_coke_zero_sugar_400,NY Racing Team,0.0413612239928605,0.015750000000000597
NASCAR_2025_5574_coke_zero_sugar_400,NASCAR,2025,5574_coke_zero_sugar_400,RFK Racing,0,0
NASCAR_2025_5574_coke_zero_sugar_400,NASCAR,2025,5574_coke_zero_sugar_400,Richard Childress Racing,0,0
NASCAR_2025_5574_coke_zero_sugar_400,NASCAR,2025,5574_coke_zero_sugar_400,Rick Ware Racing,0.04467419580473062,0.01200000000000756
NASCAR_2025_5574_coke_zero_sugar_400,NASCAR,2025,5574_coke_zero_sugar_400,Spire Motorsports,0.006309089347381747,9.999999999976694e-4
NASCAR_2025_5574_coke_zero_sugar_400,NASCAR,2025,5574_coke_zero_sugar_400,Team Penske,-0.007839384457073509,-0.002500000000001279
NASCAR_2025_5574_coke_zero_sugar_400,NASCAR,2025,5574_coke_zero_sugar_400,Trackhouse Racing,-0.0011756367317095927,-2.500000000011937e-4
NASCAR_2025_5574_coke_zero_sugar_400,NASCAR,2025,5574_coke_zero_sugar_400,Wood Brothers Racing,0.036235056578814,0.01300000000000523
NASCAR_2025_5575_cook_out_southern_500,NASCAR,2025,5575_cook_out_southern_500,23XI Racing,-0.22816585158764296,-0.13400000000000034
NASCAR_2025_5575_cook_out_southern_500,NASCAR,2025,5575_cook_out_southern_500,Front Row Motorsports,0.09293505483631052,0.04899999999999949
NASCAR_2025_5575_cook_out_southern_500,NASCAR,2025,5575_cook_out_southern_500,Garage 66,2.8658113320006633,1.3892500000000023
NASCAR_2025_5575_cook_out_southern_500,NASCAR,2025,5575_cook_out_southern_500,HYAK Motorsports,0.47427734329866844,0.24374999999999858
NASCAR_2025_5575_cook_out_southern_500,NASCAR,2025,5575_cook_out_southern_500,Haas Factory Team,0.0657588120604529,0.03499999999999659
NASCAR_2025_5575_cook_out_southern_500,NASCAR,2025,5575_cook_out_southern_500,Hendrick Motorsports,0,0
NASCAR_2025_5575_cook_out_southern_500,NASCAR,2025,5575_cook_out_southern_500,Joe Gibbs Racing,-0.23758381813719365,-0.12750000000000128
NASCAR_2025_5575_cook_out_southern_500,NASCAR,2025,5575_cook_out_southern_500,Kaulig Racing,-0.009487779177781064,-0.0049999999999954525
NASCAR_2025_5575_cook_out_southern_500,NASCAR,2025,5575_cook_out_southern_500,Legacy Motor Club,-0.39234761735570634,-0.21424999999999983
NASCAR_2025_5575_cook_out_southern_500,NASCAR,2025,5575_cook_out_southern_500,NY Racing Team,1.8285048318435189,0.7457499999999992
NASCAR_2025_5575_cook_out_southern_500,NASCAR,2025,5575_cook_out_southern_500,RFK Racing,0,0
NASCAR_2025_5575_cook_out_southern_500,NASCAR,2025,5575_cook_out_southern_500,Richard Childress Racing,-0.010417231756064124,-0.008500000000001506
NASCAR_2025_5575_cook_out_southern_500,NASCAR,2025,5575_cook_out_southern_500,Rick Ware Racing,0.6288949521540816,0.28049999999999997
NASCAR_2025_5575_cook_out_southern_500,NASCAR,2025,5575_cook_out_southern_500,Spire Motorsports,0.03118607605330863,0.016250000000001208
NASCAR_2025_5575_cook_out_southern_500,NASCAR,2025,5575_cook_out_southern_500,Team Penske,-0.025912675797502796,-0.017499999999998295
NASCAR_2025_5575_cook_out_southern_500,NASCAR,2025,5575_cook_out_southern_500,Trackhouse Racing,0.060424191034315636,0.0442499999999999
NASCAR_2025_5575_cook_out_southern_500,NASCAR,2025,5575_cook_out_southern_500,Wood Brothers Racing,0.36955194944318315,0.1515000000000022
NASCAR_2025_5576_quaker_state_400,NASCAR,2025,5576_quaker_state_400,23XI Racing,-0.016255694267868114,-0.0065000000000008384
NASCAR_2025_5576_quaker_state_400,NASCAR,2025,5576_quaker_state_400,Front Row Motorsports,0,0
NASCAR_2025_5576_quaker_state_400,NASCAR,2025,5576_quaker_state_400,Garage 66,3.09097344763972,1.5764999999999958
NASCAR_2025_5576_quaker_state_400,NASCAR,2025,5576_quaker_state_400,HYAK Motorsports,-6.870057382714885e-4,-2.4999999999941735e-4
NASCAR_2025_5576_quaker_state_400,NASCAR,2025,5576_quaker_state_400,Haas Factory Team,0.5693235110764501,0.25175000000000125
NASCAR_2025_5576_quaker_state_400,NASCAR,2025,5576_quaker_state_400,Hendrick Motorsports,-0.037074982831295546,-0.02499999999999858
NASCAR_2025_5576_quaker_state_400,NASCAR,2025,5576_quaker_state_400,Joe Gibbs Racing,0,0
NASCAR_2025_5576_quaker_state_400,NASCAR,2025,5576_quaker_state_400,Kaulig Racing,-0.02676574911758274,-0.0182500000000001
NASCAR_2025_5576_quaker_state_400,NASCAR,2025,5576_quaker_state_400,Legacy Motor Club,-0.08266295489609407,-0.03849999999999909
NASCAR_2025_5576_quaker_state_400,NASCAR,2025,5576_quaker_state_400,Live Fast Motorsports,0.023507972451413537,0.011499999999998067
NASCAR_2025_5576_quaker_state_400,NASCAR,2025,5576_quaker_state_400,RFK Racing,-0.048860388508867446,-0.024250000000000327
NASCAR_2025_5576_quaker_state_400,NASCAR,2025,5576_quaker_state_400,Richard Childress Racing,0.5919188806260957,0.28249999999999886
NASCAR_2025_5576_quaker_state_400,NASCAR,2025,5576_quaker_state_400,Rick Ware Racing,0.06543493550186988,0.03249999999999886
NASCAR_2025_5576_quaker_state_400,NASCAR,2025,5576_quaker_state_400,Spire Motorsports,0.022947450178121442,0.013000000000001677
NASCAR_2025_5576_quaker_state_400,NASCAR,2025,5576_quaker_state_400,Team Penske,-0.047015944902827074,-0.01150000000000162
NASCAR_2025_5576_quaker_state_400,NASCAR,2025,5576_quaker_state_400,Trackhouse Racing,-0.019322632194139773,-0.009499999999999176
NASCAR_2025_5576_quaker_state_400,NASCAR,2025,5576_quaker_state_400,Wood Brothers Racing,-0.009531524412314089,-0.006249999999999645
NASCAR_2025_5577_go_bowling_at_the_glen,NASCAR,2025,5577_go_bowling_at_the_glen,23XI Racing,0.06157317367614998,0.05574999999999619
NASCAR_2025_5577_go_bowling_at_the_glen,NASCAR,2025,5577_go_bowling_at_the_glen,Front Row Motorsports,0.1914850948629614,0.16275000000000972
NASCAR_2025_5577_go_bowling_at_the_glen,NASCAR,2025,5577_go_bowling_at_the_glen,Garage 66,1.417459822744718,1.4945000000000022
NASCAR_2025_5577_go_bowling_at_the_glen,NASCAR,2025,5577_go_bowling_at_the_glen,HYAK Motorsports,0.1207974804083675,0.10599999999999454
NASCAR_2025_5577_go_bowling_at_the_glen,NASCAR,2025,5577_go_bowling_at_the_glen,Haas Factory Team,0.3672622988642804,0.4975000000000094
NASCAR_2025_5577_go_bowling_at_the_glen,NASCAR,2025,5577_go_bowling_at_the_glen,Hendrick Motorsports,0,0
NASCAR_2025_5577_go_bowling_at_the_glen,NASCAR,2025,5577_go_bowling_at_the_glen,Joe Gibbs Racing,-0.18580494856900423,-0.20349999999999113
NASCAR_2025_5577_go_bowling_at_the_glen,NASCAR,2025,5577_go_bowling_at_the_glen,Kaulig Racing,-0.027646077617121467,-0.024999999999991473
NASCAR_2025_5577_go_bowling_at_the_glen,NASCAR,2025,5577_go_bowling_at_the_glen,Legacy Motor Club,0.008928496449467162,0.009000000000000341
NASCAR_2025_5577_go_bowling_at_the_glen,NASCAR,2025,5577_go_bowling_at_the_glen,Live Fast Motorsports,1.0255013430491162,1.0405000000000086
NASCAR_2025_5577_go_bowling_at_the_glen,NASCAR,2025,5577_go_bowling_at_the_glen,NY Racing Team,1.107561450748857,1.0379999999999967
NASCAR_2025_5577_go_bowling_at_the_glen,NASCAR,2025,5577_go_bowling_at_the_glen,RFK Racing,-0.06545753253503941,-0.0870000000000033
NASCAR_2025_5577_go_bowling_at_the_glen,NASCAR,2025,5577_go_bowling_at_the_glen,Richard Childress Racing,-0.01549858888242811,-0.01099999999999568
NASCAR_2025_5577_go_bowling_at_the_glen,NASCAR,2025,5577_go_bowling_at_the_glen,Rick Ware Racing,0.4314468921329405,0.3372499999999974
NASCAR_2025_5577_go_bowling_at_the_glen,NASCAR,2025,5577_go_bowling_at_the_glen,Spire Motorsports,-0.027973442796711077,-0.03699999999999193
NASCAR_2025_5577_go_bowling_at_the_glen,NASCAR,2025,5577_go_bowling_at_the_glen,Team Penske,-0.23557290793343022,-0.2079999999999984
NASCAR_2025_5577_go_bowling_at_the_glen,NASCAR,2025,5577_go_bowling_at_the_glen,Trackhouse Racing,-0.3406792732461776,-0.38700000000000045
NASCAR_2025_5577_go_bowling_at_the_glen,NASCAR,2025,5577_go_bowling_at_the_glen,Wood Brothers Racing,0.022616682855768653,0.018999999999991246
NASCAR_2025_5578_bass_pro_shops_night_race,NASCAR,2025,5578_bass_pro_shops_night_race,23XI Racing,0.002453296286615163,0.0020000000000024443
NASCAR_2025_5578_bass_pro_shops_night_race,NASCAR,2025,5578_bass_pro_shops_night_race,Front Row Motorsports,0.0501802937228362,0.028999999999999915
NASCAR_2025_5578_bass_pro_shops_night_race,NASCAR,2025,5578_bass_pro_shops_night_race,Garage 66,0.6562202907877459,0.21050000000000146
NASCAR_2025_5578_bass_pro_shops_night_race,NASCAR,2025,5578_bass_pro_shops_night_race,HYAK Motorsports,0,0
NASCAR_2025_5578_bass_pro_shops_night_race,NASCAR,2025,5578_bass_pro_shops_night_race,Haas Factory Team,0.42017908181715113,0.18100000000000094
NASCAR_2025_5578_bass_pro_shops_night_race,NASCAR,2025,5578_bass_pro_shops_night_race,Hendrick Motorsports,-0.02942588477479169,-0.019999999999999574
NASCAR_2025_5578_bass_pro_shops_night_race,NASCAR,2025,5578_bass_pro_shops_night_race,Joe Gibbs Racing,-0.10027326272361343,-0.05600000000000094
NASCAR_2025_5578_bass_pro_shops_night_race,NASCAR,2025,5578_bass_pro_shops_night_race,Kaulig Racing,0.06810585110621625,0.038000000000000256
NASCAR_2025_5578_bass_pro_shops_night_race,NASCAR,2025,5578_bass_pro_shops_night_race,Legacy Motor Club,0,0
NASCAR_2025_5578_bass_pro_shops_night_race,NASCAR,2025,5578_bass_pro_shops_night_race,RFK Racing,-0.11052021089104579,-0.05100000000000193
NASCAR_2025_5578_bass_pro_shops_night_race,NASCAR,2025,5578_bass_pro_shops_night_race,Richard Childress Racing,0.19899375542672149,0.0779999999999994
NASCAR_2025_5578_bass_pro_shops_night_race,NASCAR,2025,5578_bass_pro_shops_night_race,Rick Ware Racing,0.23624125863020623,0.09000000000000341
NASCAR_2025_5578_bass_pro_shops_night_race,NASCAR,2025,5578_bass_pro_shops_night_race,Spire Motorsports,8.511935267883642e-4,9.999999999994458e-4
NASCAR_2025_5578_bass_pro_shops_night_race,NASCAR,2025,5578_bass_pro_shops_night_race,Team Penske,-0.06733090054898606,-0.03900000000000148
NASCAR_2025_5578_bass_pro_shops_night_race,NASCAR,2025,5578_bass_pro_shops_night_race,Trackhouse Racing,0.031356296880614455,0.015999999999998238
NASCAR_2025_5578_bass_pro_shops_night_race,NASCAR,2025,5578_bass_pro_shops_night_race,Wood Brothers Racing,-0.6097503907501403,-0.18650000000000055
NASCAR_2025_5579_hollywood_casino_400,NASCAR,2025,5579_hollywood_casino_400,23XI Racing,-0.04859920834038012,-0.028999999999996362
NASCAR_2025_5579_hollywood_casino_400,NASCAR,2025,5579_hollywood_casino_400,Front Row Motorsports,0.09530437185249208,0.05600000000000094
NASCAR_2025_5579_hollywood_casino_400,NASCAR,2025,5579_hollywood_casino_400,HYAK Motorsports,0.04193533854230788,0.016750000000000043
NASCAR_2025_5579_hollywood_casino_400,NASCAR,2025,5579_hollywood_casino_400,Haas Factory Team,0.5344676261845951,0.22149999999999892
NASCAR_2025_5579_hollywood_casino_400,NASCAR,2025,5579_hollywood_casino_400,Hendrick Motorsports,-0.3236266208304371,-0.1717499999999994
NASCAR_2025_5579_hollywood_casino_400,NASCAR,2025,5579_hollywood_casino_400,Joe Gibbs Racing,-0.6327530089326395,-0.3007500000000025
NASCAR_2025_5579_hollywood_casino_400,NASCAR,2025,5579_hollywood_casino_400,Kaulig Racing,0.1341213299421905,0.07150000000000034
NASCAR_2025_5579_hollywood_casino_400,NASCAR,2025,5579_hollywood_casino_400,Legacy Motor Club,0.15774516720411194,0.08500000000000085
NASCAR_2025_5579_hollywood_casino_400,NASCAR,2025,5579_hollywood_casino_400,NY Racing Team,1.825829651916428,0.6445000000000007
NASCAR_2025_5579_hollywood_casino_400,NASCAR,2025,5579_hollywood_casino_400,RFK Racing,0.006559174755783005,0.003750000000000142
NASCAR_2025_5579_hollywood_casino_400,NASCAR,2025,5579_hollywood_casino_400,Richard Childress Racing,0.5077077333019502,0.20300000000000296
NASCAR_2025_5579_hollywood_casino_400,NASCAR,2025,5579_hollywood_casino_400,Rick Ware Racing,1.4222310271359928,0.5060000000000002
NASCAR_2025_5579_hollywood_casino_400,NASCAR,2025,5579_hollywood_casino_400,Spire Motorsports,0.05965990799114988,0.03100000000000591
NASCAR_2025_5579_hollywood_casino_400,NASCAR,2025,5579_hollywood_casino_400,Team Penske,-0.08682557487436943,-0.05249999999999844
NASCAR_2025_5579_hollywood_casino_400,NASCAR,2025,5579_hollywood_casino_400,Trackhouse Racing,0.007639052995053154,0.008000000000009777
NASCAR_2025_5579_hollywood_casino_400,NASCAR,2025,5579_hollywood_casino_400,Wood Brothers Racing,-0.002910827542074359,-0.0017499999999976978
NASCAR_2025_5580_yellawood_500,NASCAR,2025,5580_yellawood_500,23XI Racing,0.007923072585447008,0.0030000000000001137
NASCAR_2025_5580_yellawood_500,NASCAR,2025,5580_yellawood_500,Beard Motorsports,0.011152024341684278,0.008000000000002672
NASCAR_2025_5580_yellawood_500,NASCAR,2025,5580_yellawood_500,Front Row Motorsports,0.006618887880799033,0.0017500000000012506
NASCAR_2025_5580_yellawood_500,NASCAR,2025,5580_yellawood_500,Garage 66,-0.05948246941943122,-0.010000000000005116
NASCAR_2025_5580_yellawood_500,NASCAR,2025,5580_yellawood_500,HYAK Motorsports,-0.08058032842478313,-0.013500000000007617
NASCAR_2025_5580_yellawood_500,NASCAR,2025,5580_yellawood_500,Haas Factory Team,0.10000696823674372,0.03499999999999659
NASCAR_2025_5580_yellawood_500,NASCAR,2025,5580_yellawood_500,Hendrick Motorsports,-0.018735596052336986,-0.00549999999999784
NASCAR_2025_5580_yellawood_500,NASCAR,2025,5580_yellawood_500,Joe Gibbs Racing,0,0
NASCAR_2025_5580_yellawood_500,NASCAR,2025,5580_yellawood_500,Kaulig Racing,0.014481303772883435,0.0032500000000013074
NASCAR_2025_5580_yellawood_500,NASCAR,2025,5580_yellawood_500,Legacy Motor Club,-0.005812104885747616,-0.0015000000000000568
NASCAR_2025_5580_yellawood_500,NASCAR,2025,5580_yellawood_500,Live Fast Motorsports,-0.06755326773231689,-0.01624999999999943
NASCAR_2025_5580_yellawood_500,NASCAR,2025,5580_yellawood_500,RFK Racing,0,0
NASCAR_2025_5580_yellawood_500,NASCAR,2025,5580_yellawood_500,Richard Childress Racing,-0.006077972573732768,-0.0010000000000012221
NASCAR_2025_5580_yellawood_500,NASCAR,2025,5580_yellawood_500,Rick Ware Racing,-0.009549483699559515,-0.0030000000000001137
NASCAR_2025_5580_yellawood_500,NASCAR,2025,5580_yellawood_500,Spire Motorsports,-0.022851543674138344,-0.007500000000000284
NASCAR_2025_5580_yellawood_500,NASCAR,2025,5580_yellawood_500,Team Penske,0.002843570189820763,5.000000000023874e-4
NASCAR_2025_5580_yellawood_500,NASCAR,2025,5580_yellawood_500,Trackhouse Racing,-0.004296620944588848,-0.0015000000000000568
NASCAR_2025_5580_yellawood_500,NASCAR,2025,5580_yellawood_500,Wood Brothers Racing,0.012278850157739326,0.006499999999999062
NASCAR_2025_5581_bank_of_america_roval_400,NASCAR,2025,5581_bank_of_america_roval_400,23XI Racing,-0.02984424905311818,-0.048500000000004206
NASCAR_2025_5581_bank_of_america_roval_400,NASCAR,2025,5581_bank_of_america_roval_400,Front Row Motorsports,0.19872843556574446,0.32100000000001216
NASCAR_2025_5581_bank_of_america_roval_400,NASCAR,2025,5581_bank_of_america_roval_400,Garage 66,0.9936834000781088,1.8430000000000035
NASCAR_2025_5581_bank_of_america_roval_400,NASCAR,2025,5581_bank_of_america_roval_400,HYAK Motorsports,0.10213329420468459,0.16850000000000165
NASCAR_2025_5581_bank_of_america_roval_400,NASCAR,2025,5581_bank_of_america_roval_400,Haas Factory Team,0.0018059302200915726,0.0020000000000024443
NASCAR_2025_5581_bank_of_america_roval_400,NASCAR,2025,5581_bank_of_america_roval_400,Hendrick Motorsports,-0.1459741360067803,-0.2914999999999992
NASCAR_2025_5581_bank_of_america_roval_400,NASCAR,2025,5581_bank_of_america_roval_400,Joe Gibbs Racing,-0.09502320690370379,-0.19249999999998124
NASCAR_2025_5581_bank_of_america_roval_400,NASCAR,2025,5581_bank_of_america_roval_400,Kaulig Racing,-0.14317321294058347,-0.30449999999999733
NASCAR_2025_5581_bank_of_america_roval_400,NASCAR,2025,5581_bank_of_america_roval_400,Legacy Motor Club,0.4102469009623443,0.585000000000008
NASCAR_2025_5581_bank_of_america_roval_400,NASCAR,2025,5581_bank_of_america_roval_400,RFK Racing,-0.11870721642028692,-0.21050000000000324
NASCAR_2025_5581_bank_of_america_roval_400,NASCAR,2025,5581_bank_of_america_roval_400,Richard Childress Racing,0.38120282428251184,0.6659999999999968
NASCAR_2025_5581_bank_of_america_roval_400,NASCAR,2025,5581_bank_of_america_roval_400,Rick Ware Racing,0.5937700940892193,1.195999999999998
NASCAR_2025_5581_bank_of_america_roval_400,NASCAR,2025,5581_bank_of_america_roval_400,Spire Motorsports,0.0280276286873463,0.0762500000000017
NASCAR_2025_5581_bank_of_america_roval_400,NASCAR,2025,5581_bank_of_america_roval_400,Team Penske,-0.05156481869868798,-0.08400000000000318
NASCAR_2025_5581_bank_of_america_roval_400,NASCAR,2025,5581_bank_of_america_roval_400,Trackhouse Racing,-0.19697190013991536,-0.4679999999999893
NASCAR_2025_5581_bank_of_america_roval_400,NASCAR,2025,5581_bank_of_america_roval_400,Wood Brothers Racing,0.1190753481253073,0.25900000000000034
NASCAR_2025_5582_south_point_400,NASCAR,2025,5582_south_point_400,23XI Racing,-0.06436242445965194,-0.027999999999998693
NASCAR_2025_5582_south_point_400,NASCAR,2025,5582_south_point_400,Front Row Motorsports,0.12599877584553854,0.05799999999999983
NASCAR_2025_5582_south_point_400,NASCAR,2025,5582_south_point_400,HYAK Motorsports,0.14629978260952636,0.05599999999999916
NASCAR_2025_5582_south_point_400,NASCAR,2025,5582_south_point_400,Haas Factory Team,0.5217265016064737,0.19149999999999956
NASCAR_2025_5582_south_point_400,NASCAR,2025,5582_south_point_400,Hendrick Motorsports,-0.535683443596991,-0.20975000000000144
NASCAR_2025_5582_south_point_400,NASCAR,2025,5582_south_point_400,Joe Gibbs Racing,-0.4645007337289099,-0.1844999999999999
NASCAR_2025_5582_south_point_400,NASCAR,2025,5582_south_point_400,Kaulig Racing,0.3523793475467062,0.18499999999999872
NASCAR_2025_5582_south_point_400,NASCAR,2025,5582_south_point_400,Legacy Motor Club,0.13707710478518997,0.054999999999999716
NASCAR_2025_5582_south_point_400,NASCAR,2025,5582_south_point_400,Live Fast Motorsports,1.9581300547725977,0.6327499999999997
NASCAR_2025_5582_south_point_400,NASCAR,2025,5582_south_point_400,NY Racing Team,1.533206007525571,0.4969999999999999
NASCAR_2025_5582_south_point_400,NASCAR,2025,5582_south_point_400,RFK Racing,-0.16187116582342315,-0.0730000000000004
NASCAR_2025_5582_south_point_400,NASCAR,2025,5582_south_point_400,Richard Childress Racing,0.036447804773017116,0.015000000000000568
NASCAR_2025_5582_south_point_400,NASCAR,2025,5582_south_point_400,Rick Ware Racing,1.1228667247654496,0.37625000000000064
NASCAR_2025_5582_south_point_400,NASCAR,2025,5582_south_point_400,Spire Motorsports,0.020335122749226577,0.008500000000001506
NASCAR_2025_5582_south_point_400,NASCAR,2025,5582_south_point_400,Team Penske,-0.0572001429102704,-0.023499999999998522
NASCAR_2025_5582_south_point_400,NASCAR,2025,5582_south_point_400,Trackhouse Racing,0.06374539755971848,0.025249999999999773
NASCAR_2025_5582_south_point_400,NASCAR,2025,5582_south_point_400,Wood Brothers Racing,0.3959903034844203,0.14999999999999858
NASCAR_2025_5583_straight_talk_wireless_400,NASCAR,2025,5583_straight_talk_wireless_400,23XI Racing,-0.1018709255230785,-0.046999999999997044
NASCAR_2025_5583_straight_talk_wireless_400,NASCAR,2025,5583_straight_talk_wireless_400,Front Row Motorsports,-0.00853635780294185,-0.0030000000000001137
NASCAR_2025_5583_straight_talk_wireless_400,NASCAR,2025,5583_straight_talk_wireless_400,HYAK Motorsports,0.1512982678579638,0.0899999999999963
NASCAR_2025_5583_straight_talk_wireless_400,NASCAR,2025,5583_straight_talk_wireless_400,Haas Factory Team,0.6861170614038348,0.2364999999999995
NASCAR_2025_5583_straight_talk_wireless_400,NASCAR,2025,5583_straight_talk_wireless_400,Hendrick Motorsports,-0.4057737373820486,-0.16424999999999912
NASCAR_2025_5583_straight_talk_wireless_400,NASCAR,2025,5583_straight_talk_wireless_400,Joe Gibbs Racing,-0.1626831365569345,-0.06599999999999895
NASCAR_2025_5583_straight_talk_wireless_400,NASCAR,2025,5583_straight_talk_wireless_400,Kaulig Racing,-0.08191597488232553,-0.04099999999999682
NASCAR_2025_5583_straight_talk_wireless_400,NASCAR,2025,5583_straight_talk_wireless_400,Legacy Motor Club,0.12187769790737524,0.04899999999999949
NASCAR_2025_5583_straight_talk_wireless_400,NASCAR,2025,5583_straight_talk_wireless_400,NY Racing Team,1.8387478759514646,0.5560000000000009
NASCAR_2025_5583_straight_talk_wireless_400,NASCAR,2025,5583_straight_talk_wireless_400,RFK Racing,-0.004221142478274983,-0.001999999999995339
NASCAR_2025_5583_straight_talk_wireless_400,NASCAR,2025,5583_straight_talk_wireless_400,Richard Childress Racing,0.18320642574668386,0.07800000000000296
NASCAR_2025_5583_straight_talk_wireless_400,NASCAR,2025,5583_straight_talk_wireless_400,Rick Ware Racing,0.7298837821040813,0.30400000000000205
NASCAR_2025_5583_straight_talk_wireless_400,NASCAR,2025,5583_straight_talk_wireless_400,Spire Motorsports,0.013890430380154762,0.012000000000000455
NASCAR_2025_5583_straight_talk_wireless_400,NASCAR,2025,5583_straight_talk_wireless_400,Team Penske,-0.24565183060058024,-0.11299999999999955
NASCAR_2025_5583_straight_talk_wireless_400,NASCAR,2025,5583_straight_talk_wireless_400,Trackhouse Racing,0.3672393956107783,0.14999999999999858
NASCAR_2025_5583_straight_talk_wireless_400,NASCAR,2025,5583_straight_talk_wireless_400,Wood Brothers Racing,-0.13220457293100715,-0.06050000000000111
NASCAR_2025_5584_xfinity_500,NASCAR,2025,5584_xfinity_500,23XI Racing,0.07578182494138777,0.020999999999997243
NASCAR_2025_5584_xfinity_500,NASCAR,2025,5584_xfinity_500,Front Row Motorsports,0.04398916301947994,0.013749999999999929
NASCAR_2025_5584_xfinity_500,NASCAR,2025,5584_xfinity_500,Garage 66,1.2506560401242306,0.23849999999999838
NASCAR_2025_5584_xfinity_500,NASCAR,2025,5584_xfinity_500,HYAK Motorsports,0.4922884799921834,0.1137499999999978
NASCAR_2025_5584_xfinity_500,NASCAR,2025,5584_xfinity_500,Haas Factory Team,0.10591537788601159,0.02949999999999875
NASCAR_2025_5584_xfinity_500,NASCAR,2025,5584_xfinity_500,Hendrick Motorsports,-0.5178179057052447,-0.12399999999999878
NASCAR_2025_5584_xfinity_500,NASCAR,2025,5584_xfinity_500,Joe Gibbs Racing,-0.4131887196452406,-0.09500000000000064
NASCAR_2025_5584_xfinity_500,NASCAR,2025,5584_xfinity_500,Kaulig Racing,0.42580005319139647,0.08999999999999808
NASCAR_2025_5584_xfinity_500,NASCAR,2025,5584_xfinity_500,Legacy Motor Club,0.2740637026616277,0.06700000000000017
NASCAR_2025_5584_xfinity_500,NASCAR,2025,5584_xfinity_500,RFK Racing,0,0
NASCAR_2025_5584_xfinity_500,NASCAR,2025,5584_xfinity_500,Richard Childress Racing,0,0
NASCAR_2025_5584_xfinity_500,NASCAR,2025,5584_xfinity_500,Rick Ware Racing,1.1094103077479427,0.2140000000000004
NASCAR_2025_5584_xfinity_500,NASCAR,2025,5584_xfinity_500,Spire Motorsports,0.3078592322360029,0.07000000000000028
NASCAR_2025_5584_xfinity_500,NASCAR,2025,5584_xfinity_500,Team Penske,-0.5113239946792665,-0.12300000000000111
NASCAR_2025_5584_xfinity_500,NASCAR,2025,5584_xfinity_500,Trackhouse Racing,0,0
NASCAR_2025_5584_xfinity_500,NASCAR,2025,5584_xfinity_500,Wood Brothers Racing,-0.061007289677948516,-0.013500000000000512
NASCAR_2025_5585_nascar_cup_series_championship,NASCAR,2025,5585_nascar_cup_series_championship,23XI Racing,0.05481626101525137,0.023749999999999716
NASCAR_2025_5585_nascar_cup_series_championship,NASCAR,2025,5585_nascar_cup_series_championship,Front Row Motorsports,0,0
NASCAR_2025_5585_nascar_cup_series_championship,NASCAR,2025,5585_nascar_cup_series_championship,Garage 66,1.14343560825118,0.33800000000000097
NASCAR_2025_5585_nascar_cup_series_championship,NASCAR,2025,5585_nascar_cup_series_championship,HYAK Motorsports,0.0784522219087559,0.03399999999999892
NASCAR_2025_5585_nascar_cup_series_championship,NASCAR,2025,5585_nascar_cup_series_championship,Haas Factory Team,0.4901548682812615,0.1559999999999988
NASCAR_2025_5585_nascar_cup_series_championship,NASCAR,2025,5585_nascar_cup_series_championship,Hendrick Motorsports,-0.5369567209212212,-0.2110000000000003
NASCAR_2025_5585_nascar_cup_series_championship,NASCAR,2025,5585_nascar_cup_series_championship,Joe Gibbs Racing,-0.39795368039552187,-0.17175000000000118
NASCAR_2025_5585_nascar_cup_series_championship,NASCAR,2025,5585_nascar_cup_series_championship,Kaulig Racing,0.715381755019595,0.20700000000000074
NASCAR_2025_5585_nascar_cup_series_championship,NASCAR,2025,5585_nascar_cup_series_championship,Legacy Motor Club,0.3769148487888574,0.11924999999999919
NASCAR_2025_5585_nascar_cup_series_championship,NASCAR,2025,5585_nascar_cup_series_championship,NY Racing Team,1.205639366807692,0.3304999999999989
NASCAR_2025_5585_nascar_cup_series_championship,NASCAR,2025,5585_nascar_cup_series_championship,RFK Racing,-0.014554784222680459,-0.0045000000000001705
NASCAR_2025_5585_nascar_cup_series_championship,NASCAR,2025,5585_nascar_cup_series_championship,Richard Childress Racing,0.2626671163253759,0.0857499999999991
NASCAR_2025_5585_nascar_cup_series_championship,NASCAR,2025,5585_nascar_cup_series_championship,Rick Ware Racing,1.143032810146345,0.3269999999999982
NASCAR_2025_5585_nascar_cup_series_championship,NASCAR,2025,5585_nascar_cup_series_championship,Spire Motorsports,0.1816884048356836,0.07324999999999982
NASCAR_2025_5585_nascar_cup_series_championship,NASCAR,2025,5585_nascar_cup_series_championship,Team Penske,-0.6568589228056692,-0.2264999999999997
NASCAR_2025_5585_nascar_cup_series_championship,NASCAR,2025,5585_nascar_cup_series_championship,Trackhouse Racing,0.13561394857543232,0.049000000000001265
NASCAR_2025_5585_nascar_cup_series_championship,NASCAR,2025,5585_nascar_cup_series_championship,Wood Brothers Racing,-0.4738417820962091,-0.1720000000000006
NASCAR_2026_5593_cook_out_clash_at_bowman_gray,NASCAR,2026,5593_cook_out_clash_at_bowman_gray,23XI Racing,0.08462208145046296,0.019000000000000128
NASCAR_2026_5593_cook_out_clash_at_bowman_gray,NASCAR,2026,5593_cook_out_clash_at_bowman_gray,Hendrick Motorsports,-0.07677946500568118,-0.01499999999999968
NASCAR_2026_5593_cook_out_clash_at_bowman_gray,NASCAR,2026,5593_cook_out_clash_at_bowman_gray,Joe Gibbs Racing,-0.24818302447500093,-0.04924999999999713
NASCAR_2026_5593_cook_out_clash_at_bowman_gray,NASCAR,2026,5593_cook_out_clash_at_bowman_gray,RFK Racing,-0.11853862892103652,-0.019999999999999574
NASCAR_2026_5593_cook_out_clash_at_bowman_gray,NASCAR,2026,5593_cook_out_clash_at_bowman_gray,Richard Childress Racing,0.385673284171059,0.07499999999999929
NASCAR_2026_5593_cook_out_clash_at_bowman_gray,NASCAR,2026,5593_cook_out_clash_at_bowman_gray,Spire Motorsports,-0.16097813005925424,-0.026999999999999247
NASCAR_2026_5593_cook_out_clash_at_bowman_gray,NASCAR,2026,5593_cook_out_clash_at_bowman_gray,Team Penske,0.016130284630817608,0.00274999999999892
NASCAR_2026_5593_cook_out_clash_at_bowman_gray,NASCAR,2026,5593_cook_out_clash_at_bowman_gray,Trackhouse Racing,0.14184893058118278,0.02999999999999936
NASCAR_2026_5593_cook_out_clash_at_bowman_gray,NASCAR,2026,5593_cook_out_clash_at_bowman_gray,Wood Brothers Racing,0.30007380860120336,0.0470000000000006
NASCAR_2026_5594_america_250_florida_duel_at_daytona,NASCAR,2026,5594_america_250_florida_duel_at_daytona,23XI Racing,0,0
NASCAR_2026_5594_america_250_florida_duel_at_daytona,NASCAR,2026,5594_america_250_florida_duel_at_daytona,Front Row Motorsports,-0.03664977759187982,-0.0049999999999954525
NASCAR_2026_5594_america_250_florida_duel_at_daytona,NASCAR,2026,5594_america_250_florida_duel_at_daytona,Garage 66,-0.04798297627410428,-0.006000000000000227
NASCAR_2026_5594_america_250_florida_duel_at_daytona,NASCAR,2026,5594_america_250_florida_duel_at_daytona,Haas Factory Team,0,0
NASCAR_2026_5594_america_250_florida_duel_at_daytona,NASCAR,2026,5594_america_250_florida_duel_at_daytona,Hendrick Motorsports,0,0
NASCAR_2026_5594_america_250_florida_duel_at_daytona,NASCAR,2026,5594_america_250_florida_duel_at_daytona,Kaulig Racing,0,0
NASCAR_2026_5594_america_250_florida_duel_at_daytona,NASCAR,2026,5594_america_250_florida_duel_at_daytona,Legacy Motor Club,0.047661285543133335,0.0030000000000001137
NASCAR_2026_5594_america_250_florida_duel_at_daytona,NASCAR,2026,5594_america_250_florida_duel_at_daytona,RFK Racing,-0.01800772946599057,-0.0030000000000001137
NASCAR_2026_5594_america_250_florida_duel_at_daytona,NASCAR,2026,5594_america_250_florida_duel_at_daytona,Richard Childress Racing,0.022092693319774575,0.0017500000000012506
NASCAR_2026_5594_america_250_florida_duel_at_daytona,NASCAR,2026,5594_america_250_florida_duel_at_daytona,Rick Ware Racing,0.09993992875335524,0.01850000000000307
NASCAR_2026_5594_america_250_florida_duel_at_daytona,NASCAR,2026,5594_america_250_florida_duel_at_daytona,Spire Motorsports,-0.01373228179064274,-0.001999999999995339
NASCAR_2026_5594_america_250_florida_duel_at_daytona,NASCAR,2026,5594_america_250_florida_duel_at_daytona,Team Penske,0,0
NASCAR_2026_5594_america_250_florida_duel_at_daytona,NASCAR,2026,5594_america_250_florida_duel_at_daytona,Trackhouse Racing,0,0
NASCAR_2026_5595_america_250_florida_duel_at_daytona,NASCAR,2026,5595_america_250_florida_duel_at_daytona,23XI Racing,-0.05156746033450071,-0.0037499999999965894
NASCAR_2026_5595_america_250_florida_duel_at_daytona,NASCAR,2026,5595_america_250_florida_duel_at_daytona,Beard Motorsports,-0.05159502066249917,-0.0032499999999977547
NASCAR_2026_5595_america_250_florida_duel_at_daytona,NASCAR,2026,5595_america_250_florida_duel_at_daytona,Front Row Motorsports,-0.007943764881355243,-5.000000000023874e-4
NASCAR_2026_5595_america_250_florida_duel_at_daytona,NASCAR,2026,5595_america_250_florida_duel_at_daytona,HYAK Motorsports,-0.004802200736120283,-9.999999999976694e-4
NASCAR_2026_5595_america_250_florida_duel_at_daytona,NASCAR,2026,5595_america_250_florida_duel_at_daytona,Hendrick Motorsports,0,0
NASCAR_2026_5595_america_250_florida_duel_at_daytona,NASCAR,2026,5595_america_250_florida_duel_at_daytona,JR Motorsports,0.2930745523124113,0.021499999999996078
NASCAR_2026_5595_america_250_florida_duel_at_daytona,NASCAR,2026,5595_america_250_florida_duel_at_daytona,Joe Gibbs Racing,0.07827593224144114,0.0072499999999990905
NASCAR_2026_5595_america_250_florida_duel_at_daytona,NASCAR,2026,5595_america_250_florida_duel_at_daytona,Kaulig Racing,-0.06618784294477419,-0.006000000000000227
NASCAR_2026_5595_america_250_florida_duel_at_daytona,NASCAR,2026,5595_america_250_florida_duel_at_daytona,Legacy Motor Club,0.07270935676664828,0.002999999999996561
NASCAR_2026_5595_america_250_florida_duel_at_daytona,NASCAR,2026,5595_america_250_florida_duel_at_daytona,Live Fast Motorsports,-0.061138135100131906,-0.006499999999999062
NASCAR_2026_5595_america_250_florida_duel_at_daytona,NASCAR,2026,5595_america_250_florida_duel_at_daytona,NY Racing Team,0.2434927276762887,0.021000000000000796
NASCAR_2026_5595_america_250_florida_duel_at_daytona,NASCAR,2026,5595_america_250_florida_duel_at_daytona,Spire Motorsports,-0.03652174281252761,-0.0030000000000001137
NASCAR_2026_5595_america_250_florida_duel_at_daytona,NASCAR,2026,5595_america_250_florida_duel_at_daytona,Team Penske,0.029454422609753346,0.002500000000001279
NASCAR_2026_5595_america_250_florida_duel_at_daytona,NASCAR,2026,5595_america_250_florida_duel_at_daytona,Trackhouse Racing,-0.11260852912556624,-0.011499999999998067
NASCAR_2026_5595_america_250_florida_duel_at_daytona,NASCAR,2026,5595_america_250_florida_duel_at_daytona,Wood Brothers Racing,-0.048062578321446975,-0.004999999999999005
NASCAR_2026_5596_daytona_500,NASCAR,2026,5596_daytona_500,23XI Racing,-0.018348008013191464,-0.003999999999997783
NASCAR_2026_5596_daytona_500,NASCAR,2026,5596_daytona_500,Front Row Motorsports,-0.00976799450087263,-0.0020000000000024443
NASCAR_2026_5596_daytona_500,NASCAR,2026,5596_daytona_500,Garage 66,0.7920116041810243,0.33200000000000074
NASCAR_2026_5596_daytona_500,NASCAR,2026,5596_daytona_500,HYAK Motorsports,0,0
NASCAR_2026_5596_daytona_500,NASCAR,2026,5596_daytona_500,Haas Factory Team,0,0
NASCAR_2026_5596_daytona_500,NASCAR,2026,5596_daytona_500,Hendrick Motorsports,-0.0025638763427471493,-7.500000000000284e-4
NASCAR_2026_5596_daytona_500,NASCAR,2026,5596_daytona_500,JR Motorsports,-0.07989092333724553,-0.018000000000000682
NASCAR_2026_5596_daytona_500,NASCAR,2026,5596_daytona_500,Joe Gibbs Racing,-0.01754089856408189,-0.0045000000000001705
NASCAR_2026_5596_daytona_500,NASCAR,2026,5596_daytona_500,Kaulig Racing,0.012419715727794984,0.002250000000003638
NASCAR_2026_5596_daytona_500,NASCAR,2026,5596_daytona_500,Legacy Motor Club,0.009443345807479523,0.0030000000000001137
NASCAR_2026_5596_daytona_500,NASCAR,2026,5596_daytona_500,Live Fast Motorsports,-0.5176194753066324,-0.2052499999999995
NASCAR_2026_5596_daytona_500,NASCAR,2026,5596_daytona_500,RFK Racing,0,0
NASCAR_2026_5596_daytona_500,NASCAR,2026,5596_daytona_500,Richard Childress Racing,0,0
NASCAR_2026_5596_daytona_500,NASCAR,2026,5596_daytona_500,Rick Ware Racing,0.06618957277586823,0.013749999999998153
NASCAR_2026_5596_daytona_500,NASCAR,2026,5596_daytona_500,Spire Motorsports,0.058354479695161623,0.012000000000000455
NASCAR_2026_5596_daytona_500,NASCAR,2026,5596_daytona_500,Team Penske,0.004348252807716148,5.000000000023874e-4
NASCAR_2026_5596_daytona_500,NASCAR,2026,5596_daytona_500,Trackhouse Racing,0.0032791082501218423,9.999999999976694e-4
NASCAR_2026_5596_daytona_500,NASCAR,2026,5596_daytona_500,Wood Brothers Racing,-0.0034855340161334958,-0.0022500000000000853
NASCAR_2026_5597_autotrader_400,NASCAR,2026,5597_autotrader_400,23XI Racing,-0.040197191392006615,-0.010249999999999204
NASCAR_2026_5597_autotrader_400,NASCAR,2026,5597_autotrader_400,Front Row Motorsports,-0.0039798926765992945,-4.999999999988347e-4
NASCAR_2026_5597_autotrader_400,NASCAR,2026,5597_autotrader_400,HYAK Motorsports,0.0338293070703829,0.00575000000000081
NASCAR_2026_5597_autotrader_400,NASCAR,2026,5597_autotrader_400,Haas Factory Team,0.16537844245435396,0.03149999999999942
NASCAR_2026_5597_autotrader_400,NASCAR,2026,5597_autotrader_400,Hendrick Motorsports,-0.04472078872598048,-0.011499999999999844
NASCAR_2026_5597_autotrader_400,NASCAR,2026,5597_autotrader_400,Joe Gibbs Racing,-0.039568229134389815,-0.00849999999999973
NASCAR_2026_5597_autotrader_400,NASCAR,2026,5597_autotrader_400,Kaulig Racing,0,0
NASCAR_2026_5597_autotrader_400,NASCAR,2026,5597_autotrader_400,Legacy Motor Club,0.20540954941635164,0.04225000000000101
NASCAR_2026_5597_autotrader_400,NASCAR,2026,5597_autotrader_400,Live Fast Motorsports,0.16391679088660915,0.033500000000000085
NASCAR_2026_5597_autotrader_400,NASCAR,2026,5597_autotrader_400,NY Racing Team,0.2874476112908612,0.06650000000000134
NASCAR_2026_5597_autotrader_400,NASCAR,2026,5597_autotrader_400,RFK Racing,0.05131404198219003,0.015000000000000568
NASCAR_2026_5597_autotrader_400,NASCAR,2026,5597_autotrader_400,Richard Childress Racing,0,0
NASCAR_2026_5597_autotrader_400,NASCAR,2026,5597_autotrader_400,Rick Ware Racing,0.1103670825531908,0.028999999999999915
NASCAR_2026_5597_autotrader_400,NASCAR,2026,5597_autotrader_400,Spire Motorsports,0.017837834285294563,0.0045000000000001705
NASCAR_2026_5597_autotrader_400,NASCAR,2026,5597_autotrader_400,Team Penske,-0.053658655903244354,-0.010749999999999815
NASCAR_2026_5597_autotrader_400,NASCAR,2026,5597_autotrader_400,Trackhouse Racing,-0.023675119641022035,-0.007500000000000284
NASCAR_2026_5597_autotrader_400,NASCAR,2026,5597_autotrader_400,Wood Brothers Racing,-0.0514643485177904,-0.015000000000000568
NASCAR_2026_5598_duramax_texas_grand_prix,NASCAR,2026,5598_duramax_texas_grand_prix,23XI Racing,-0.06505832601158434,-0.06700000000000728
NASCAR_2026_5598_duramax_texas_grand_prix,NASCAR,2026,5598_duramax_texas_grand_prix,Front Row Motorsports,0.10989795238510881,0.1460000000000079
NASCAR_2026_5598_duramax_texas_grand_prix,NASCAR,2026,5598_duramax_texas_grand_prix,HYAK Motorsports,0.5294546974770652,0.6430000000000007
NASCAR_2026_5598_duramax_texas_grand_prix,NASCAR,2026,5598_duramax_texas_grand_prix,Haas Factory Team,0.30338841201907507,0.43199999999999505
NASCAR_2026_5598_duramax_texas_grand_prix,NASCAR,2026,5598_duramax_texas_grand_prix,Hendrick Motorsports,-0.13451738899992846,-0.1494999999999962
NASCAR_2026_5598_duramax_texas_grand_prix,NASCAR,2026,5598_duramax_texas_grand_prix,Joe Gibbs Racing,-0.2654039500445662,-0.3824999999999932
NASCAR_2026_5598_duramax_texas_grand_prix,NASCAR,2026,5598_duramax_texas_grand_prix,Kaulig Racing,-0.029645118685789954,-0.056000000000011596
NASCAR_2026_5598_duramax_texas_grand_prix,NASCAR,2026,5598_duramax_texas_grand_prix,Legacy Motor Club,0.4060248381566947,0.48399999999999466
NASCAR_2026_5598_duramax_texas_grand_prix,NASCAR,2026,5598_duramax_texas_grand_prix,RFK Racing,0.060462802172619234,0.05749999999999034
NASCAR_2026_5598_duramax_texas_grand_prix,NASCAR,2026,5598_duramax_texas_grand_prix,Richard Childress Racing,0.02012691772787293,0.02025000000000432
NASCAR_2026_5598_duramax_texas_grand_prix,NASCAR,2026,5598_duramax_texas_grand_prix,Rick Ware Racing,0.9293245670048728,1.1020000000000039
NASCAR_2026_5598_duramax_texas_grand_prix,NASCAR,2026,5598_duramax_texas_grand_prix,Spire Motorsports,-0.012900219099823893,-0.012250000000001648
NASCAR_2026_5598_duramax_texas_grand_prix,NASCAR,2026,5598_duramax_texas_grand_prix,Team Penske,-0.12565680698046816,-0.1944999999999979
NASCAR_2026_5598_duramax_texas_grand_prix,NASCAR,2026,5598_duramax_texas_grand_prix,Trackhouse Racing,-0.4341949612625264,-0.5230000000000032
NASCAR_2026_5598_duramax_texas_grand_prix,NASCAR,2026,5598_duramax_texas_grand_prix,Wood Brothers Racing,0.347137141431757,0.41500000000000625
NASCAR_2026_5599_straight_talk_wireless_500,NASCAR,2026,5599_straight_talk_wireless_500,23XI Racing,-0.1746312968314149,-0.09025000000000105
NASCAR_2026_5599_straight_talk_wireless_500,NASCAR,2026,5599_straight_talk_wireless_500,Front Row Motorsports,0.21418490304723475,0.07800000000000118
NASCAR_2026_5599_straight_talk_wireless_500,NASCAR,2026,5599_straight_talk_wireless_500,HYAK Motorsports,0.569357140849858,0.18600000000000172
NASCAR_2026_5599_straight_talk_wireless_500,NASCAR,2026,5599_straight_talk_wireless_500,Haas Factory Team,0.7571340456441732,0.20399999999999707
NASCAR_2026_5599_straight_talk_wireless_500,NASCAR,2026,5599_straight_talk_wireless_500,Hendrick Motorsports,-0.06073766034302205,-0.030000000000001137
NASCAR_2026_5599_straight_talk_wireless_500,NASCAR,2026,5599_straight_talk_wireless_500,Joe Gibbs Racing,-1.0246694091902049,-0.3520000000000003
NASCAR_2026_5599_straight_talk_wireless_500,NASCAR,2026,5599_straight_talk_wireless_500,Kaulig Racing,0.27162330473268753,0.10449999999999982
NASCAR_2026_5599_straight_talk_wireless_500,NASCAR,2026,5599_straight_talk_wireless_500,Legacy Motor Club,0.10874529655875988,0.05100000000000193
NASCAR_2026_5599_straight_talk_wireless_500,NASCAR,2026,5599_straight_talk_wireless_500,RFK Racing,0,0
NASCAR_2026_5599_straight_talk_wireless_500,NASCAR,2026,5599_straight_talk_wireless_500,Richard Childress Racing,0.4521538464215157,0.14124999999999943
NASCAR_2026_5599_straight_talk_wireless_500,NASCAR,2026,5599_straight_talk_wireless_500,Rick Ware Racing,1.0767061039072638,0.3099999999999987
NASCAR_2026_5599_straight_talk_wireless_500,NASCAR,2026,5599_straight_talk_wireless_500,Spire Motorsports,-0.08274714461640689,-0.03500000000000014
NASCAR_2026_5599_straight_talk_wireless_500,NASCAR,2026,5599_straight_talk_wireless_500,Team Penske,-0.9498014433768106,-0.3269999999999982
NASCAR_2026_5599_straight_talk_wireless_500,NASCAR,2026,5599_straight_talk_wireless_500,Trackhouse Racing,0.07904975261426264,0.030000000000001137
NASCAR_2026_5599_straight_talk_wireless_500,NASCAR,2026,5599_straight_talk_wireless_500,Wood Brothers Racing,-0.05380324208253319,-0.02400000000000091
NASCAR_2026_5600_pennzoil_400,NASCAR,2026,5600_pennzoil_400,23XI Racing,-0.09594706782716288,-0.0329999999999977
NASCAR_2026_5600_pennzoil_400,NASCAR,2026,5600_pennzoil_400,Front Row Motorsports,0.13324935184794837,0.045999999999999375
NASCAR_2026_5600_pennzoil_400,NASCAR,2026,5600_pennzoil_400,HYAK Motorsports,0.5656391854921691,0.17999999999999972
NASCAR_2026_5600_pennzoil_400,NASCAR,2026,5600_pennzoil_400,Haas Factory Team,0.5496425068922317,0.17200000000000237
NASCAR_2026_5600_pennzoil_400,NASCAR,2026,5600_pennzoil_400,Hendrick Motorsports,-0.5671514435886301,-0.18850000000000122
NASCAR_2026_5600_pennzoil_400,NASCAR,2026,5600_pennzoil_400,Joe Gibbs Racing,-0.6067513631245645,-0.20749999999999957
NASCAR_2026_5600_pennzoil_400,NASCAR,2026,5600_pennzoil_400,Kaulig Racing,0.5734472582397647,0.1899999999999995
NASCAR_2026_5600_pennzoil_400,NASCAR,2026,5600_pennzoil_400,Legacy Motor Club,0.25225045367959104,0.09299999999999997
NASCAR_2026_5600_pennzoil_400,NASCAR,2026,5600_pennzoil_400,RFK Racing,-0.3821871137963005,-0.13100000000000023
NASCAR_2026_5600_pennzoil_400,NASCAR,2026,5600_pennzoil_400,Richard Childress Racing,0.23027368901006778,0.07400000000000162
NASCAR_2026_5600_pennzoil_400,NASCAR,2026,5600_pennzoil_400,Rick Ware Racing,0.6342813989611309,0.24099999999999966
NASCAR_2026_5600_pennzoil_400,NASCAR,2026,5600_pennzoil_400,Spire Motorsports,0.017215487037006146,0.009500000000002728
NASCAR_2026_5600_pennzoil_400,NASCAR,2026,5600_pennzoil_400,Team Penske,-0.1628566799214158,-0.0625
NASCAR_2026_5600_pennzoil_400,NASCAR,2026,5600_pennzoil_400,Trackhouse Racing,0.6251010050268231,0.21750000000000114
NASCAR_2026_5600_pennzoil_400,NASCAR,2026,5600_pennzoil_400,Wood Brothers Racing,0.3767102003364628,0.120000000000001
NASCAR_2026_5602_cook_out_400,NASCAR,2026,5602_cook_out_400,23XI Racing,0,0
NASCAR_2026_5602_cook_out_400,NASCAR,2026,5602_cook_out_400,Front Row Motorsports,0.24879715124792212,0.0519999999999996
NASCAR_2026_5602_cook_out_400,NASCAR,2026,5602_cook_out_400,HYAK Motorsports,0.6391665606591377,0.11700000000000088
NASCAR_2026_5602_cook_out_400,NASCAR,2026,5602_cook_out_400,Haas Factory Team,0.6315380061830599,0.129999999999999
NASCAR_2026_5602_cook_out_400,NASCAR,2026,5602_cook_out_400,Hendrick Motorsports,-0.2893380805305985,-0.07250000000000156
NASCAR_2026_5602_cook_out_400,NASCAR,2026,5602_cook_out_400,Joe Gibbs Racing,-0.4340815123973394,-0.1039999999999992
NASCAR_2026_5602_cook_out_400,NASCAR,2026,5602_cook_out_400,Kaulig Racing,0.5643093807383546,0.10800000000000054
NASCAR_2026_5602_cook_out_400,NASCAR,2026,5602_cook_out_400,Legacy Motor Club,0.3359645479324798,0.0799999999999983
NASCAR_2026_5602_cook_out_400,NASCAR,2026,5602_cook_out_400,RFK Racing,-0.1589323245535892,-0.03849999999999909
NASCAR_2026_5602_cook_out_400,NASCAR,2026,5602_cook_out_400,Richard Childress Racing,0.502027146769301,0.09700000000000131
NASCAR_2026_5602_cook_out_400,NASCAR,2026,5602_cook_out_400,Rick Ware Racing,1.1446352225681942,0.2240000000000002
NASCAR_2026_5602_cook_out_400,NASCAR,2026,5602_cook_out_400,Spire Motorsports,0.028676868924517044,0.006000000000000227
NASCAR_2026_5602_cook_out_400,NASCAR,2026,5602_cook_out_400,Team Penske,-0.6390468156414486,-0.1385000000000005
NASCAR_2026_5602_cook_out_400,NASCAR,2026,5602_cook_out_400,Trackhouse Racing,0,0
NASCAR_2026_5602_cook_out_400,NASCAR,2026,5602_cook_out_400,Wood Brothers Racing,-0.44469386360126406,-0.10474999999999923
NASCAR_2026_5603_goodyear_400,NASCAR,2026,5603_goodyear_400,23XI Racing,-0.1504947667339233,-0.08350000000000435
NASCAR_2026_5603_goodyear_400,NASCAR,2026,5603_goodyear_400,Front Row Motorsports,0.30589089269391356,0.1232500000000023
NASCAR_2026_5603_goodyear_400,NASCAR,2026,5603_goodyear_400,Garage 66,3.1126324482305687,1.6545000000000005
NASCAR_2026_5603_goodyear_400,NASCAR,2026,5603_goodyear_400,HYAK Motorsports,0.6487154545492031,0.26249999999999574
NASCAR_2026_5603_goodyear_400,NASCAR,2026,5603_goodyear_400,Haas Factory Team,0.7894582886034562,0.30299999999999727
NASCAR_2026_5603_goodyear_400,NASCAR,2026,5603_goodyear_400,Hendrick Motorsports,-0.12507736741340636,-0.0660000000000025
NASCAR_2026_5603_goodyear_400,NASCAR,2026,5603_goodyear_400,Joe Gibbs Racing,-0.18407751655440638,-0.09199999999999875
NASCAR_2026_5603_goodyear_400,NASCAR,2026,5603_goodyear_400,Kaulig Racing,0.6901378074594435,0.2850000000000037
NASCAR_2026_5603_goodyear_400,NASCAR,2026,5603_goodyear_400,Legacy Motor Club,0.00877226519170939,0.0045000000000001705
NASCAR_2026_5603_goodyear_400,NASCAR,2026,5603_goodyear_400,RFK Racing,-0.3803527747897504,-0.18200000000000216
NASCAR_2026_5603_goodyear_400,NASCAR,2026,5603_goodyear_400,Richard Childress Racing,0.17110293484106343,0.08250000000000313
NASCAR_2026_5603_goodyear_400,NASCAR,2026,5603_goodyear_400,Rick Ware Racing,1.2950935171737488,0.44249999999999545
NASCAR_2026_5603_goodyear_400,NASCAR,2026,5603_goodyear_400,Spire Motorsports,-0.1428571731827467,-0.07499999999999929
NASCAR_2026_5603_goodyear_400,NASCAR,2026,5603_goodyear_400,Team Penske,-0.14193378925657135,-0.06800000000000139
NASCAR_2026_5603_goodyear_400,NASCAR,2026,5603_goodyear_400,Trackhouse Racing,0.013778740882301877,0.006999999999997897
NASCAR_2026_5603_goodyear_400,NASCAR,2026,5603_goodyear_400,Wood Brothers Racing,0.05414031520290047,0.033749999999997726
NASCAR_2026_5604_food_city_500,NASCAR,2026,5604_food_city_500,23XI Racing,-0.13809952882412863,-0.03500000000000014
NASCAR_2026_5604_food_city_500,NASCAR,2026,5604_food_city_500,Front Row Motorsports,0.0065953687669408866,0.0024999999999977263
NASCAR_2026_5604_food_city_500,NASCAR,2026,5604_food_city_500,Garage 66,2.612509575481592,0.49549999999999983
NASCAR_2026_5604_food_city_500,NASCAR,2026,5604_food_city_500,HYAK Motorsports,0.08138238263369663,0.018000000000000682
NASCAR_2026_5604_food_city_500,NASCAR,2026,5604_food_city_500,Haas Factory Team,0.6842015029809415,0.12800000000000367
NASCAR_2026_5604_food_city_500,NASCAR,2026,5604_food_city_500,Hendrick Motorsports,0,0
NASCAR_2026_5604_food_city_500,NASCAR,2026,5604_food_city_500,Joe Gibbs Racing,-0.3785770508703533,-0.07975000000000243
NASCAR_2026_5604_food_city_500,NASCAR,2026,5604_food_city_500,Kaulig Racing,0.24078766863461468,0.054999999999999716
NASCAR_2026_5604_food_city_500,NASCAR,2026,5604_food_city_500,Legacy Motor Club,0.2402685521934858,0.05274999999999963
NASCAR_2026_5604_food_city_500,NASCAR,2026,5604_food_city_500,RFK Racing,-0.13277520064782522,-0.03300000000000125
NASCAR_2026_5604_food_city_500,NASCAR,2026,5604_food_city_500,Richard Childress Racing,0.16179675490431158,0.03399999999999892
NASCAR_2026_5604_food_city_500,NASCAR,2026,5604_food_city_500,Rick Ware Racing,0.8175202770760517,0.15550000000000175
NASCAR_2026_5604_food_city_500,NASCAR,2026,5604_food_city_500,Spire Motorsports,0,0
NASCAR_2026_5604_food_city_500,NASCAR,2026,5604_food_city_500,Team Penske,-0.30243679372922544,-0.07099999999999795
NASCAR_2026_5604_food_city_500,NASCAR,2026,5604_food_city_500,Trackhouse Racing,0.4917394587495538,0.1039999999999992
NASCAR_2026_5604_food_city_500,NASCAR,2026,5604_food_city_500,Wood Brothers Racing,-0.0015161380111131909,-2.4999999999941735e-4
NASCAR_2026_5605_jack_link_s_500,NASCAR,2026,5605_jack_link_s_500,23XI Racing,0.0671720968406445,0.023499999999998522
NASCAR_2026_5605_jack_link_s_500,NASCAR,2026,5605_jack_link_s_500,Front Row Motorsports,0.035798914114893284,0.015500000000002956
NASCAR_2026_5605_jack_link_s_500,NASCAR,2026,5605_jack_link_s_500,Garage 66,-0.03240056058748121,-0.015000000000000568
NASCAR_2026_5605_jack_link_s_500,NASCAR,2026,5605_jack_link_s_500,HYAK Motorsports,-0.023408433612988215,-0.008000000000002672
NASCAR_2026_5605_jack_link_s_500,NASCAR,2026,5605_jack_link_s_500,Haas Factory Team,-0.15750665136531258,-0.0555000000000021
NASCAR_2026_5605_jack_link_s_500,NASCAR,2026,5605_jack_link_s_500,Hendrick Motorsports,-0.0019210944727493197,-9.999999999976694e-4
NASCAR_2026_5605_jack_link_s_500,NASCAR,2026,5605_jack_link_s_500,Joe Gibbs Racing,-0.016639561863852785,-0.008500000000001506
NASCAR_2026_5605_jack_link_s_500,NASCAR,2026,5605_jack_link_s_500,Kaulig Racing,0.044342205312559446,0.02400000000000091
NASCAR_2026_5605_jack_link_s_500,NASCAR,2026,5605_jack_link_s_500,Legacy Motor Club,-0.022720571756924123,-0.010500000000000398
NASCAR_2026_5605_jack_link_s_500,NASCAR,2026,5605_jack_link_s_500,Live Fast Motorsports,0.12615727363254875,0.07149999999999679
NASCAR_2026_5605_jack_link_s_500,NASCAR,2026,5605_jack_link_s_500,NY Racing Team,0.18618796003357868,0.051250000000003126
NASCAR_2026_5605_jack_link_s_500,NASCAR,2026,5605_jack_link_s_500,RFK Racing,0.0279813576149648,0.013500000000000512
NASCAR_2026_5605_jack_link_s_500,NASCAR,2026,5605_jack_link_s_500,Richard Childress Racing,-0.09093347026158718,-0.027999999999998693
NASCAR_2026_5605_jack_link_s_500,NASCAR,2026,5605_jack_link_s_500,Rick Ware Racing,-0.0036253972348537205,-0.0020000000000024443
NASCAR_2026_5605_jack_link_s_500,NASCAR,2026,5605_jack_link_s_500,Spire Motorsports,-0.013060023693535205,-0.003750000000000142
NASCAR_2026_5605_jack_link_s_500,NASCAR,2026,5605_jack_link_s_500,Team Penske,0.01453613497881547,0.0029999999999930083
NASCAR_2026_5605_jack_link_s_500,NASCAR,2026,5605_jack_link_s_500,Trackhouse Racing,-0.035048088469434274,-0.018499999999995964
NASCAR_2026_5605_jack_link_s_500,NASCAR,2026,5605_jack_link_s_500,Wood Brothers Racing,0.04662530374656704,0.01624999999999943
NASCAR_2026_5606_w_rth_400,NASCAR,2026,5606_w_rth_400,23XI Racing,-0.16275591915692278,-0.07150000000000034
NASCAR_2026_5606_w_rth_400,NASCAR,2026,5606_w_rth_400,Front Row Motorsports,0.4547671852248824,0.1739999999999995
NASCAR_2026_5606_w_rth_400,NASCAR,2026,5606_w_rth_400,Garage 66,3.2443040551983007,1.4040000000000035
NASCAR_2026_5606_w_rth_400,NASCAR,2026,5606_w_rth_400,HYAK Motorsports,-0.022449493024971158,-0.008250000000000313
NASCAR_2026_5606_w_rth_400,NASCAR,2026,5606_w_rth_400,Haas Factory Team,0.6814803556578595,0.25099999999999767
NASCAR_2026_5606_w_rth_400,NASCAR,2026,5606_w_rth_400,Hendrick Motorsports,-0.25630898293911,-0.10650000000000048
NASCAR_2026_5606_w_rth_400,NASCAR,2026,5606_w_rth_400,Joe Gibbs Racing,-0.5196452570074453,-0.21499999999999986
NASCAR_2026_5606_w_rth_400,NASCAR,2026,5606_w_rth_400,Kaulig Racing,0.3526285299376636,0.13874999999999993
NASCAR_2026_5606_w_rth_400,NASCAR,2026,5606_w_rth_400,Legacy Motor Club,-0.004521564311102698,-0.002000000000000668
NASCAR_2026_5606_w_rth_400,NASCAR,2026,5606_w_rth_400,RFK Racing,-0.1878065987130832,-0.07499999999999929
NASCAR_2026_5606_w_rth_400,NASCAR,2026,5606_w_rth_400,Richard Childress Racing,-0.026404278633481576,-0.00849999999999973
NASCAR_2026_5606_w_rth_400,NASCAR,2026,5606_w_rth_400,Rick Ware Racing,0.8029773699443987,0.3309999999999995
NASCAR_2026_5606_w_rth_400,NASCAR,2026,5606_w_rth_400,Spire Motorsports,0.03335523620057244,0.01624999999999943
NASCAR_2026_5606_w_rth_400,NASCAR,2026,5606_w_rth_400,Team Penske,-0.06266163619750709,-0.0259999999999998
NASCAR_2026_5606_w_rth_400,NASCAR,2026,5606_w_rth_400,Trackhouse Racing,0.10237039676352909,0.03999999999999915
NASCAR_2026_5606_w_rth_400,NASCAR,2026,5606_w_rth_400,Wood Brothers Racing,0.25620567461835925,0.10999999999999943
NASCAR_2026_5607_adventhealth_400,NASCAR,2026,5607_adventhealth_400,23XI Racing,-0.35475403457686744,-0.16000000000000014
NASCAR_2026_5607_adventhealth_400,NASCAR,2026,5607_adventhealth_400,Front Row Motorsports,0.26102546679939886,0.10449999999999804
NASCAR_2026_5607_adventhealth_400,NASCAR,2026,5607_adventhealth_400,HYAK Motorsports,0.2665849554463232,0.087749999999998
NASCAR_2026_5607_adventhealth_400,NASCAR,2026,5607_adventhealth_400,Haas Factory Team,0.6032634602839164,0.24774999999999636
NASCAR_2026_5607_adventhealth_400,NASCAR,2026,5607_adventhealth_400,Hendrick Motorsports,-0.29623339854492137,-0.13599999999999923
NASCAR_2026_5607_adventhealth_400,NASCAR,2026,5607_adventhealth_400,Joe Gibbs Racing,-0.4274463004613196,-0.19599999999999795
NASCAR_2026_5607_adventhealth_400,NASCAR,2026,5607_adventhealth_400,Kaulig Racing,0.619843133253979,0.2579999999999991
NASCAR_2026_5607_adventhealth_400,NASCAR,2026,5607_adventhealth_400,Legacy Motor Club,0.2564979044427876,0.10199999999999676
NASCAR_2026_5607_adventhealth_400,NASCAR,2026,5607_adventhealth_400,RFK Racing,-0.22188448611313186,-0.10549999999999926
NASCAR_2026_5607_adventhealth_400,NASCAR,2026,5607_adventhealth_400,Richard Childress Racing,0.1577175459286945,0.05650000000000155
NASCAR_2026_5607_adventhealth_400,NASCAR,2026,5607_adventhealth_400,Rick Ware Racing,1.3376305114192983,0.5030000000000001
NASCAR_2026_5607_adventhealth_400,NASCAR,2026,5607_adventhealth_400,Spire Motorsports,0.06301652419361968,0.034000000000000696
NASCAR_2026_5607_adventhealth_400,NASCAR,2026,5607_adventhealth_400,Team Penske,0.05470817628166277,0.025500000000000966
NASCAR_2026_5607_adventhealth_400,NASCAR,2026,5607_adventhealth_400,Trackhouse Racing,0.6491471974207722,0.2394999999999996
NASCAR_2026_5607_adventhealth_400,NASCAR,2026,5607_adventhealth_400,Wood Brothers Racing,0.14742556143310256,0.06099999999999994
NASCAR_2026_5609_nascar_all_star_race,NASCAR,2026,5609_nascar_all_star_race,23XI Racing,0.03473089414292857,0.0129999999999999
NASCAR_2026_5609_nascar_all_star_race,NASCAR,2026,5609_nascar_all_star_race,Front Row Motorsports,0.0793215616013088,0.022999999999999687
NASCAR_2026_5609_nascar_all_star_race,NASCAR,2026,5609_nascar_all_star_race,HYAK Motorsports,0.22799204219245864,0.0519999999999996
NASCAR_2026_5609_nascar_all_star_race,NASCAR,2026,5609_nascar_all_star_race,Hendrick Motorsports,-0.01660170234379095,-0.004000000000001336
NASCAR_2026_5609_nascar_all_star_race,NASCAR,2026,5609_nascar_all_star_race,Joe Gibbs Racing,-0.42908688043626975,-0.10799999999999876
NASCAR_2026_5609_nascar_all_star_race,NASCAR,2026,5609_nascar_all_star_race,Kaulig Racing,0.06696237035895214,0.02075000000000138
NASCAR_2026_5609_nascar_all_star_race,NASCAR,2026,5609_nascar_all_star_race,Legacy Motor Club,-0.5460422855403466,-0.1355000000000004
NASCAR_2026_5609_nascar_all_star_race,NASCAR,2026,5609_nascar_all_star_race,RFK Racing,0,0
NASCAR_2026_5609_nascar_all_star_race,NASCAR,2026,5609_nascar_all_star_race,Richard Childress Racing,-0.00732828682250774,-0.0015000000000000568
NASCAR_2026_5609_nascar_all_star_race,NASCAR,2026,5609_nascar_all_star_race,Spire Motorsports,0.0899721866453649,0.022999999999999687
NASCAR_2026_5609_nascar_all_star_race,NASCAR,2026,5609_nascar_all_star_race,Team Penske,0,0
NASCAR_2026_5609_nascar_all_star_race,NASCAR,2026,5609_nascar_all_star_race,Trackhouse Racing,-0.022930286079217467,-0.004999999999999005
NASCAR_2026_5609_nascar_all_star_race,NASCAR,2026,5609_nascar_all_star_race,Wood Brothers Racing,0.2733159480136737,0.07949999999999946
NASCAR_2026_5610_coca_cola_600,NASCAR,2026,5610_coca_cola_600,23XI Racing,0.030816914667223187,0.014499999999998181
NASCAR_2026_5610_coca_cola_600,NASCAR,2026,5610_coca_cola_600,Front Row Motorsports,0.1111903411855245,0.07349999999999923
NASCAR_2026_5610_coca_cola_600,NASCAR,2026,5610_coca_cola_600,Garage 66,3.1783663603669146,1.3550000000000004
NASCAR_2026_5610_coca_cola_600,NASCAR,2026,5610_coca_cola_600,HYAK Motorsports,-0.14199049506149067,-0.08699999999999974
NASCAR_2026_5610_coca_cola_600,NASCAR,2026,5610_coca_cola_600,Haas Factory Team,0.029471866430097724,0.034000000000006025
NASCAR_2026_5610_coca_cola_600,NASCAR,2026,5610_coca_cola_600,Hendrick Motorsports,0,0
NASCAR_2026_5610_coca_cola_600,NASCAR,2026,5610_coca_cola_600,Joe Gibbs Racing,-0.43921798011260443,-0.24099999999999966
NASCAR_2026_5610_coca_cola_600,NASCAR,2026,5610_coca_cola_600,Kaulig Racing,0.26288904855655176,0.13149999999999906
NASCAR_2026_5610_coca_cola_600,NASCAR,2026,5610_coca_cola_600,Legacy Motor Club,0.02057318698257748,0.01150000000000162
NASCAR_2026_5610_coca_cola_600,NASCAR,2026,5610_coca_cola_600,Live Fast Motorsports,1.8405359424023597,0.7249999999999979
NASCAR_2026_5610_coca_cola_600,NASCAR,2026,5610_coca_cola_600,RFK Racing,-0.18330013043385743,-0.11150000000000304
NASCAR_2026_5610_coca_cola_600,NASCAR,2026,5610_coca_cola_600,Richard Childress Racing,0.25373244391027383,0.11650000000000027
NASCAR_2026_5610_coca_cola_600,NASCAR,2026,5610_coca_cola_600,Rick Ware Racing,0.8697166074498878,0.34949999999999903
NASCAR_2026_5610_coca_cola_600,NASCAR,2026,5610_coca_cola_600,Spire Motorsports,0.0062019634255566555,0.003500000000002501
NASCAR_2026_5610_coca_cola_600,NASCAR,2026,5610_coca_cola_600,Team Penske,-0.16247416720911584,-0.10400000000000098
NASCAR_2026_5610_coca_cola_600,NASCAR,2026,5610_coca_cola_600,Trackhouse Racing,-0.07794790163104036,-0.04800000000000182
NASCAR_2026_5610_coca_cola_600,NASCAR,2026,5610_coca_cola_600,Wood Brothers Racing,0.14614584153831633,0.10000000000000142
NASCAR_2026_5611_cracker_barrel_400,NASCAR,2026,5611_cracker_barrel_400,23XI Racing,-0.10654064822175295,-0.05925000000000047
NASCAR_2026_5611_cracker_barrel_400,NASCAR,2026,5611_cracker_barrel_400,Front Row Motorsports,0.14480857983062928,0.07075000000000031
NASCAR_2026_5611_cracker_barrel_400,NASCAR,2026,5611_cracker_barrel_400,Garage 66,2.6436998555970996,0.8222499999999986
NASCAR_2026_5611_cracker_barrel_400,NASCAR,2026,5611_cracker_barrel_400,HYAK Motorsports,0.10801653725887092,0.05224999999999902
NASCAR_2026_5611_cracker_barrel_400,NASCAR,2026,5611_cracker_barrel_400,Haas Factory Team,0.3528741713988037,0.12725000000000009
NASCAR_2026_5611_cracker_barrel_400,NASCAR,2026,5611_cracker_barrel_400,Hendrick Motorsports,-0.24622300413027454,-0.13100000000000023
NASCAR_2026_5611_cracker_barrel_400,NASCAR,2026,5611_cracker_barrel_400,Joe Gibbs Racing,-0.47714693537719055,-0.23424999999999763
NASCAR_2026_5611_cracker_barrel_400,NASCAR,2026,5611_cracker_barrel_400,Kaulig Racing,0.09964165663386834,0.03524999999999956
NASCAR_2026_5611_cracker_barrel_400,NASCAR,2026,5611_cracker_barrel_400,Legacy Motor Club,-0.008408849680360785,-0.0030000000000001137
NASCAR_2026_5611_cracker_barrel_400,NASCAR,2026,5611_cracker_barrel_400,RFK Racing,0.11488758888385726,0.04649999999999821
NASCAR_2026_5611_cracker_barrel_400,NASCAR,2026,5611_cracker_barrel_400,Richard Childress Racing,0.29322722995786304,0.11700000000000443
NASCAR_2026_5611_cracker_barrel_400,NASCAR,2026,5611_cracker_barrel_400,Rick Ware Racing,1.018408557967477,0.3522499999999962
NASCAR_2026_5611_cracker_barrel_400,NASCAR,2026,5611_cracker_barrel_400,Spire Motorsports,-0.034201242810704836,-0.015499999999999403
NASCAR_2026_5611_cracker_barrel_400,NASCAR,2026,5611_cracker_barrel_400,Team Penske,-0.015664126007672204,-0.006750000000000256
NASCAR_2026_5611_cracker_barrel_400,NASCAR,2026,5611_cracker_barrel_400,Trackhouse Racing,-0.1261606113219314,-0.0710000000000015
NASCAR_2026_5611_cracker_barrel_400,NASCAR,2026,5611_cracker_barrel_400,Wood Brothers Racing,0.23000772579900608,0.08774999999999977
NASCAR_2026_5612_firekeepers_casino_400,NASCAR,2026,5612_firekeepers_casino_400,23XI Racing,-0.4428596931485665,-0.27300000000000324
NASCAR_2026_5612_firekeepers_casino_400,NASCAR,2026,5612_firekeepers_casino_400,Front Row Motorsports,0.03149615114153028,0.02949999999999875
NASCAR_2026_5612_firekeepers_casino_400,NASCAR,2026,5612_firekeepers_casino_400,HYAK Motorsports,0.1330418327224292,0.08275000000000077
NASCAR_2026_5612_firekeepers_casino_400,NASCAR,2026,5612_firekeepers_casino_400,Haas Factory Team,0.05299204283527917,0.029749999999999943
NASCAR_2026_5612_firekeepers_casino_400,NASCAR,2026,5612_firekeepers_casino_400,Hendrick Motorsports,-0.21677131171817798,-0.14850000000000563
NASCAR_2026_5612_firekeepers_casino_400,NASCAR,2026,5612_firekeepers_casino_400,Joe Gibbs Racing,-0.08760767562200719,-0.04349999999999454
NASCAR_2026_5612_firekeepers_casino_400,NASCAR,2026,5612_firekeepers_casino_400,Kaulig Racing,0.0630092046040332,0.04899999999999949
NASCAR_2026_5612_firekeepers_casino_400,NASCAR,2026,5612_firekeepers_casino_400,Legacy Motor Club,-0.19739381517861077,-0.14300000000000068
NASCAR_2026_5612_firekeepers_casino_400,NASCAR,2026,5612_firekeepers_casino_400,NY Racing Team,1.1757469812409456,0.5985000000000014
NASCAR_2026_5612_firekeepers_casino_400,NASCAR,2026,5612_firekeepers_casino_400,RFK Racing,0,0
NASCAR_2026_5612_firekeepers_casino_400,NASCAR,2026,5612_firekeepers_casino_400,Richard Childress Racing,0.27745402627599863,0.14400000000000546
NASCAR_2026_5612_firekeepers_casino_400,NASCAR,2026,5612_firekeepers_casino_400,Rick Ware Racing,0.741821223226788,0.4269999999999996
NASCAR_2026_5612_firekeepers_casino_400,NASCAR,2026,5612_firekeepers_casino_400,Spire Motorsports,-0.266716090194181,-0.19299999999999784
NASCAR_2026_5612_firekeepers_casino_400,NASCAR,2026,5612_firekeepers_casino_400,Team Penske,-0.05306061629571515,-0.038750000000000284
NASCAR_2026_5612_firekeepers_casino_400,NASCAR,2026,5612_firekeepers_casino_400,Trackhouse Racing,0.2755794207382616,0.20249999999999346
NASCAR_2026_5612_firekeepers_casino_400,NASCAR,2026,5612_firekeepers_casino_400,Wood Brothers Racing,0.2061475604123056,0.13725000000000165
NASCAR_2026_5613_anduril_250,NASCAR,2026,5613_anduril_250,23XI Racing,-0.18641639940107751,-0.6462500000000091
NASCAR_2026_5613_anduril_250,NASCAR,2026,5613_anduril_250,Front Row Motorsports,-0.08761245007028173,-0.40500000000000114
NASCAR_2026_5613_anduril_250,NASCAR,2026,5613_anduril_250,HYAK Motorsports,0.5956619310436946,1.7369999999999948
NASCAR_2026_5613_anduril_250,NASCAR,2026,5613_anduril_250,Haas Factory Team,0.1584262471800532,0.3359999999999843
NASCAR_2026_5613_anduril_250,NASCAR,2026,5613_anduril_250,Hendrick Motorsports,-0.03258521070852537,-0.08100000000001728
NASCAR_2026_5613_anduril_250,NASCAR,2026,5613_anduril_250,Joe Gibbs Racing,0,0
NASCAR_2026_5613_anduril_250,NASCAR,2026,5613_anduril_250,Kaulig Racing,0.03996791539561204,0.17899999999998784
NASCAR_2026_5613_anduril_250,NASCAR,2026,5613_anduril_250,Legacy Motor Club,0.22245920625088753,0.9274999999999949
NASCAR_2026_5613_anduril_250,NASCAR,2026,5613_anduril_250,RFK Racing,-0.23938916009322336,-0.6955000000000098
NASCAR_2026_5613_anduril_250,NASCAR,2026,5613_anduril_250,Richard Childress Racing,-0.10456977350544984,-0.31799999999999784
NASCAR_2026_5613_anduril_250,NASCAR,2026,5613_anduril_250,Rick Ware Racing,0.7382431356053676,2.0190000000000055
NASCAR_2026_5613_anduril_250,NASCAR,2026,5613_anduril_250,Spire Motorsports,-0.10883006771316389,-0.4370000000000118
NASCAR_2026_5613_anduril_250,NASCAR,2026,5613_anduril_250,Team Penske,0.013397591923789368,0.09525000000000716
NASCAR_2026_5613_anduril_250,NASCAR,2026,5613_anduril_250,Trackhouse Racing,-0.017602724575402927,-0.07049999999999557
NASCAR_2026_5613_anduril_250,NASCAR,2026,5613_anduril_250,Wood Brothers Racing,0.4968933487542171,1.3340000000000032
NASCAR_2026_5614_great_american_getaway_400,NASCAR,2026,5614_great_american_getaway_400,23XI Racing,0,0
NASCAR_2026_5614_great_american_getaway_400,NASCAR,2026,5614_great_american_getaway_400,Beard Motorsports,1.507901925740708,1.014000000000003
NASCAR_2026_5614_great_american_getaway_400,NASCAR,2026,5614_great_american_getaway_400,Front Row Motorsports,0.18262765148256235,0.15575000000000117
NASCAR_2026_5614_great_american_getaway_400,NASCAR,2026,5614_great_american_getaway_400,HYAK Motorsports,0.1382034469280434,0.10099999999999909
NASCAR_2026_5614_great_american_getaway_400,NASCAR,2026,5614_great_american_getaway_400,Haas Factory Team,0.05497728104345315,0.05799999999999983
NASCAR_2026_5614_great_american_getaway_400,NASCAR,2026,5614_great_american_getaway_400,Hendrick Motorsports,-0.30891903189225356,-0.2295000000000016
NASCAR_2026_5614_great_american_getaway_400,NASCAR,2026,5614_great_american_getaway_400,Joe Gibbs Racing,-0.25989029912788303,-0.21525000000000105
NASCAR_2026_5614_great_american_getaway_400,NASCAR,2026,5614_great_american_getaway_400,Kaulig Racing,0.4076559465836219,0.28650000000000375
NASCAR_2026_5614_great_american_getaway_400,NASCAR,2026,5614_great_american_getaway_400,Legacy Motor Club,-0.5640871243459096,-0.4037500000000023
NASCAR_2026_5614_great_american_getaway_400,NASCAR,2026,5614_great_american_getaway_400,Live Fast Motorsports,0.8349368175067491,0.5860000000000056
NASCAR_2026_5614_great_american_getaway_400,NASCAR,2026,5614_great_american_getaway_400,RFK Racing,-0.04556558035088579,-0.04550000000000409
NASCAR_2026_5614_great_american_getaway_400,NASCAR,2026,5614_great_american_getaway_400,Richard Childress Racing,0.07015431390275159,0.059000000000004604
NASCAR_2026_5614_great_american_getaway_400,NASCAR,2026,5614_great_american_getaway_400,Rick Ware Racing,0.799820596170473,0.5495000000000019
NASCAR_2026_5614_great_american_getaway_400,NASCAR,2026,5614_great_american_getaway_400,Spire Motorsports,-0.048483997076535085,-0.041499999999999204
NASCAR_2026_5614_great_american_getaway_400,NASCAR,2026,5614_great_american_getaway_400,Team Penske,-0.05360504654197577,-0.038999999999997925
NASCAR_2026_5614_great_american_getaway_400,NASCAR,2026,5614_great_american_getaway_400,Trackhouse Racing,0.20389353234247726,0.13774999999999693
NASCAR_2026_5614_great_american_getaway_400,NASCAR,2026,5614_great_american_getaway_400,Wood Brothers Racing,0.7835570027437849,0.6144999999999996
NASCAR_2026_5615_quaker_state_400,NASCAR,2026,5615_quaker_state_400,23XI Racing,-0.15496290291026266,-0.05749999999999744
NASCAR_2026_5615_quaker_state_400,NASCAR,2026,5615_quaker_state_400,Front Row Motorsports,0.31522256363901674,0.08549999999999969
NASCAR_2026_5615_quaker_state_400,NASCAR,2026,5615_quaker_state_400,Garage 66,2.2194336260832106,0.7049999999999983
NASCAR_2026_5615_quaker_state_400,NASCAR,2026,5615_quaker_state_400,HYAK Motorsports,0.2746627530176575,0.0815000000000019
NASCAR_2026_5615_quaker_state_400,NASCAR,2026,5615_quaker_state_400,Haas Factory Team,0.3513097451227023,0.11500000000000199
NASCAR_2026_5615_quaker_state_400,NASCAR,2026,5615_quaker_state_400,Hendrick Motorsports,-0.10142224823265754,-0.03425000000000189
NASCAR_2026_5615_quaker_state_400,NASCAR,2026,5615_quaker_state_400,Joe Gibbs Racing,-0.11391717953657597,-0.04100000000000037
NASCAR_2026_5615_quaker_state_400,NASCAR,2026,5615_quaker_state_400,Kaulig Racing,0.11513094687836513,0.038999999999997925
NASCAR_2026_5615_quaker_state_400,NASCAR,2026,5615_quaker_state_400,Legacy Motor Club,-0.07110157875098558,-0.024750000000002714
NASCAR_2026_5615_quaker_state_400,NASCAR,2026,5615_quaker_state_400,Live Fast Motorsports,2.641284647419138,1.0869999999999997
NASCAR_2026_5615_quaker_state_400,NASCAR,2026,5615_quaker_state_400,RFK Racing,0.17496021843838308,0.04899999999999949
NASCAR_2026_5615_quaker_state_400,NASCAR,2026,5615_quaker_state_400,Richard Childress Racing,-0.00549466346894904,-0.0024999999999977263
NASCAR_2026_5615_quaker_state_400,NASCAR,2026,5615_quaker_state_400,Rick Ware Racing,0.7350380292521228,0.1565000000000012
NASCAR_2026_5615_quaker_state_400,NASCAR,2026,5615_quaker_state_400,Spire Motorsports,-0.08631094349396125,-0.028249999999999886
NASCAR_2026_5615_quaker_state_400,NASCAR,2026,5615_quaker_state_400,Team Penske,-0.16761782243844492,-0.06550000000000011
NASCAR_2026_5615_quaker_state_400,NASCAR,2026,5615_quaker_state_400,Trackhouse Racing,0,0
NASCAR_2026_5615_quaker_state_400,NASCAR,2026,5615_quaker_state_400,Wood Brothers Racing,0.005230768186215401,0.0019999999999988916
NASCAR_2026_5616_eero_400,NASCAR,2026,5616_eero_400,23XI Racing,-0.47593333968739404,-0.19425000000000026
NASCAR_2026_5616_eero_400,NASCAR,2026,5616_eero_400,Front Row Motorsports,0.4378772104559823,0.15850000000000009
NASCAR_2026_5616_eero_400,NASCAR,2026,5616_eero_400,HYAK Motorsports,0.3286322212571986,0.13599999999999568
NASCAR_2026_5616_eero_400,NASCAR,2026,5616_eero_400,Haas Factory Team,0.5638396145674001,0.20149999999999935
NASCAR_2026_5616_eero_400,NASCAR,2026,5616_eero_400,Hendrick Motorsports,-0.4388381076973054,-0.17999999999999972
NASCAR_2026_5616_eero_400,NASCAR,2026,5616_eero_400,Joe Gibbs Racing,-0.7558630778183527,-0.2870000000000026
NASCAR_2026_5616_eero_400,NASCAR,2026,5616_eero_400,Kaulig Racing,0.20593520479423588,0.08000000000000007
NASCAR_2026_5616_eero_400,NASCAR,2026,5616_eero_400,Legacy Motor Club,-0.08265665440961295,-0.039750000000001506
NASCAR_2026_5616_eero_400,NASCAR,2026,5616_eero_400,NY Racing Team,1.7392753416787623,0.5875000000000021
NASCAR_2026_5616_eero_400,NASCAR,2026,5616_eero_400,RFK Racing,0.13833247904066673,0.04974999999999952
NASCAR_2026_5616_eero_400,NASCAR,2026,5616_eero_400,Richard Childress Racing,0.22658255454805057,0.09450000000000003
NASCAR_2026_5616_eero_400,NASCAR,2026,5616_eero_400,Rick Ware Racing,0.9500801816915381,0.3404999999999987
NASCAR_2026_5616_eero_400,NASCAR,2026,5616_eero_400,Spire Motorsports,0.11323142217981272,0.04650000000000176
NASCAR_2026_5616_eero_400,NASCAR,2026,5616_eero_400,Team Penske,-0.19079154706032453,-0.07675000000000232
NASCAR_2026_5616_eero_400,NASCAR,2026,5616_eero_400,Trackhouse Racing,0.24860089416030132,0.09899999999999842
NASCAR_2026_5616_eero_400,NASCAR,2026,5616_eero_400,Wood Brothers Racing,0.4462442628126586,0.2029999999999994
NASCAR_2026_5617_toyota_save_mart_350,NASCAR,2026,5617_toyota_save_mart_350,23XI Racing,0.22971177762835107,0.2677499999999995
NASCAR_2026_5617_toyota_save_mart_350,NASCAR,2026,5617_toyota_save_mart_350,Front Row Motorsports,0.24024619761204538,0.26900000000000546
NASCAR_2026_5617_toyota_save_mart_350,NASCAR,2026,5617_toyota_save_mart_350,HYAK Motorsports,0.17703567941442408,0.23000000000000398
NASCAR_2026_5617_toyota_save_mart_350,NASCAR,2026,5617_toyota_save_mart_350,Haas Factory Team,0.2839375649090575,0.27950000000001296
NASCAR_2026_5617_toyota_save_mart_350,NASCAR,2026,5617_toyota_save_mart_350,Hendrick Motorsports,-0.20574538002994658,-0.22450000000000614
NASCAR_2026_5617_toyota_save_mart_350,NASCAR,2026,5617_toyota_save_mart_350,Joe Gibbs Racing,-0.6151562391415091,-0.576749999999997
NASCAR_2026_5617_toyota_save_mart_350,NASCAR,2026,5617_toyota_save_mart_350,Kaulig Racing,0.07712862943114622,0.09200000000001296
NASCAR_2026_5617_toyota_save_mart_350,NASCAR,2026,5617_toyota_save_mart_350,Legacy Motor Club,0.14468959938270795,0.1279999999999859
NASCAR_2026_5617_toyota_save_mart_350,NASCAR,2026,5617_toyota_save_mart_350,RFK Racing,0,0
NASCAR_2026_5617_toyota_save_mart_350,NASCAR,2026,5617_toyota_save_mart_350,Richard Childress Racing,0.2853116015977947,0.24450000000000216
NASCAR_2026_5617_toyota_save_mart_350,NASCAR,2026,5617_toyota_save_mart_350,Rick Ware Racing,0.9318728276658484,0.8780000000000001
NASCAR_2026_5617_toyota_save_mart_350,NASCAR,2026,5617_toyota_save_mart_350,Spire Motorsports,-0.06264083609728612,-0.07250000000000512
NASCAR_2026_5617_toyota_save_mart_350,NASCAR,2026,5617_toyota_save_mart_350,Team Penske,-0.08241323101320829,-0.0870000000000033
NASCAR_2026_5617_toyota_save_mart_350,NASCAR,2026,5617_toyota_save_mart_350,Trackhouse Racing,-0.4162815314835502,-0.44599999999999795
NASCAR_2026_5617_toyota_save_mart_350,NASCAR,2026,5617_toyota_save_mart_350,Wood Brothers Racing,0.3495647979587775,0.3509999999999991
NASCAR_2026_5618_window_world_450,NASCAR,2026,5618_window_world_450,23XI Racing,-0.059605903038131826,-0.01699999999999946
NASCAR_2026_5618_window_world_450,NASCAR,2026,5618_window_world_450,Front Row Motorsports,0.08226196071115552,0.01950000000000074
NASCAR_2026_5618_window_world_450,NASCAR,2026,5618_window_world_450,Garage 66,3.235660566085633,0.597999999999999
NASCAR_2026_5618_window_world_450,NASCAR,2026,5618_window_world_450,HYAK Motorsports,0.35311132941929907,0.07700000000000173
NASCAR_2026_5618_window_world_450,NASCAR,2026,5618_window_world_450,Haas Factory Team,0.4461284613169098,0.11200000000000188
NASCAR_2026_5618_window_world_450,NASCAR,2026,5618_window_world_450,Hendrick Motorsports,0.0032242933594139604,9.999999999976694e-4
NASCAR_2026_5618_window_world_450,NASCAR,2026,5618_window_world_450,Joe Gibbs Racing,-0.4720521643324302,-0.11049999999999827
NASCAR_2026_5618_window_world_450,NASCAR,2026,5618_window_world_450,Kaulig Racing,0.26087588190628586,0.05900000000000105
NASCAR_2026_5618_window_world_450,NASCAR,2026,5618_window_world_450,Legacy Motor Club,0.22412322121188202,0.045000000000001705
NASCAR_2026_5618_window_world_450,NASCAR,2026,5618_window_world_450,RFK Racing,-0.07396202358734559,-0.016500000000000625
NASCAR_2026_5618_window_world_450,NASCAR,2026,5618_window_world_450,Richard Childress Racing,0.15441065451659,0.03725000000000023
NASCAR_2026_5618_window_world_450,NASCAR,2026,5618_window_world_450,Rick Ware Racing,0.9798187291781857,0.2170000000000023
NASCAR_2026_5618_window_world_450,NASCAR,2026,5618_window_world_450,Spire Motorsports,0,0
NASCAR_2026_5618_window_world_450,NASCAR,2026,5618_window_world_450,Team Penske,-0.4867432794820247,-0.10900000000000176
NASCAR_2026_5618_window_world_450,NASCAR,2026,5618_window_world_450,Trackhouse Racing,0.17694628560441325,0.038000000000000256
NASCAR_2026_5618_window_world_450,NASCAR,2026,5618_window_world_450,Wood Brothers Racing,-0.09551166170210537,-0.020999999999997243
NASCAR_2026_5619_brickyard_400,NASCAR,2026,5619_brickyard_400,23XI Racing,-0.1794332512999926,-0.09600000000000364
NASCAR_2026_5619_brickyard_400,NASCAR,2026,5619_brickyard_400,Beard Motorsports,1.4318029867886108,0.5889999999999986
NASCAR_2026_5619_brickyard_400,NASCAR,2026,5619_brickyard_400,Front Row Motorsports,0.3330038826172086,0.15749999999999886
NASCAR_2026_5619_brickyard_400,NASCAR,2026,5619_brickyard_400,HYAK Motorsports,0.21071973752553458,0.09799999999999898
NASCAR_2026_5619_brickyard_400,NASCAR,2026,5619_brickyard_400,Haas Factory Team,-0.14862781451299345,-0.08375000000000199
NASCAR_2026_5619_brickyard_400,NASCAR,2026,5619_brickyard_400,Hendrick Motorsports,-0.062347202190074745,-0.0379999999999967
NASCAR_2026_5619_brickyard_400,NASCAR,2026,5619_brickyard_400,Joe Gibbs Racing,-0.3561420421376775,-0.17450000000000188
NASCAR_2026_5619_brickyard_400,NASCAR,2026,5619_brickyard_400,Kaulig Racing,0.40600787475889916,0.2272500000000015
NASCAR_2026_5619_brickyard_400,NASCAR,2026,5619_brickyard_400,Legacy Motor Club,-0.02897645243681489,-0.02599999999999625
NASCAR_2026_5619_brickyard_400,NASCAR,2026,5619_brickyard_400,Live Fast Motorsports,1.6843425655326292,0.7002500000000005
NASCAR_2026_5619_brickyard_400,NASCAR,2026,5619_brickyard_400,RFK Racing,-0.2188365324787255,-0.10875000000000057
NASCAR_2026_5619_brickyard_400,NASCAR,2026,5619_brickyard_400,Richard Childress Racing,0.7071087428090156,0.4070000000000036
NASCAR_2026_5619_brickyard_400,NASCAR,2026,5619_brickyard_400,Rick Ware Racing,1.3929200502927452,0.5319999999999965
NASCAR_2026_5619_brickyard_400,NASCAR,2026,5619_brickyard_400,Spire Motorsports,-0.3013327888592085,-0.16675000000000395
NASCAR_2026_5619_brickyard_400,NASCAR,2026,5619_brickyard_400,Team Penske,-0.015355304763294109,-0.012000000000000455
NASCAR_2026_5619_brickyard_400,NASCAR,2026,5619_brickyard_400,Trackhouse Racing,0.2223245135166242,0.11499999999999488
NASCAR_2026_5619_brickyard_400,NASCAR,2026,5619_brickyard_400,Wood Brothers Racing,-0.05143997005591865,-0.01899999999999835
NASCAR_2026_5621_go_bowling_at_the_glen,NASCAR,2026,5621_go_bowling_at_the_glen,23XI Racing,-0.04493091595522424,-0.054500000000004434
NASCAR_2026_5621_go_bowling_at_the_glen,NASCAR,2026,5621_go_bowling_at_the_glen,Front Row Motorsports,0.05047027920669542,0.0625
NASCAR_2026_5621_go_bowling_at_the_glen,NASCAR,2026,5621_go_bowling_at_the_glen,Garage 66,1.0847293853634008,1.0054999999999978
NASCAR_2026_5621_go_bowling_at_the_glen,NASCAR,2026,5621_go_bowling_at_the_glen,HYAK Motorsports,0.8347328416891853,0.9629999999999939
NASCAR_2026_5621_go_bowling_at_the_glen,NASCAR,2026,5621_go_bowling_at_the_glen,Haas Factory Team,-0.012590455806415709,-0.01100000000000989
NASCAR_2026_5621_go_bowling_at_the_glen,NASCAR,2026,5621_go_bowling_at_the_glen,Hendrick Motorsports,0.1084184845013173,0.13674999999999926
NASCAR_2026_5621_go_bowling_at_the_glen,NASCAR,2026,5621_go_bowling_at_the_glen,Joe Gibbs Racing,-0.035356139285989525,-0.0694999999999979
NASCAR_2026_5621_go_bowling_at_the_glen,NASCAR,2026,5621_go_bowling_at_the_glen,Kaulig Racing,0.03932918076890229,0.05149999999999011
NASCAR_2026_5621_go_bowling_at_the_glen,NASCAR,2026,5621_go_bowling_at_the_glen,Legacy Motor Club,-0.08498997626155727,-0.07775000000000176
NASCAR_2026_5621_go_bowling_at_the_glen,NASCAR,2026,5621_go_bowling_at_the_glen,Live Fast Motorsports,1.1335045473980938,1.271499999999996
NASCAR_2026_5621_go_bowling_at_the_glen,NASCAR,2026,5621_go_bowling_at_the_glen,RFK Racing,-0.06439762937415892,-0.06449999999999534
NASCAR_2026_5621_go_bowling_at_the_glen,NASCAR,2026,5621_go_bowling_at_the_glen,Richard Childress Racing,-0.045841011740281254,-0.047000000000011255
NASCAR_2026_5621_go_bowling_at_the_glen,NASCAR,2026,5621_go_bowling_at_the_glen,Rick Ware Racing,0.639815220240463,0.6717499999999959
NASCAR_2026_5621_go_bowling_at_the_glen,NASCAR,2026,5621_go_bowling_at_the_glen,Spire Motorsports,-0.11678093291595061,-0.11899999999999977
NASCAR_2026_5621_go_bowling_at_the_glen,NASCAR,2026,5621_go_bowling_at_the_glen,Team Penske,-0.23105607288692276,-0.23375000000000057
NASCAR_2026_5621_go_bowling_at_the_glen,NASCAR,2026,5621_go_bowling_at_the_glen,Trackhouse Racing,-0.6440483236720875,-0.7664999999999935
NASCAR_2026_5621_go_bowling_at_the_glen,NASCAR,2026,5621_go_bowling_at_the_glen,Wood Brothers Racing,0.2031218996889751,0.19024999999999892
